:020000040800F2
:1000000008A90120C10100082D9D000811850008E4
:10001000299D0008AD1B0008950A0108000000009A
:10002000000000000000000000000000E1CA00081D
:10003000912000080000000035A1000815CD00083F
:10004000DB010008DB010008DB010008DB01000820
:10005000DB010008DB010008DB010008DB01000810
:10006000DB010008DB010008DB010008DB01000800
:10007000DB010008DB010008DB010008DB010008F0
:10008000DB010008DB010008DB010008DB010008E0
:10009000DB010008DB010008DB010008DB010008D0
:1000A000DB010008DB010008DB010008DB010008C0
:1000B000DB010008DB010008DB010008DB010008B0
:1000C000DB010008DB010008DB010008DB010008A0
:1000D000DB01000895D30008A5D30008DB01000868
:1000E00035230008DB010008DB010008DB01000804
:1000F000DB010008DB010008DB010008DB01000870
:10010000DB01000815BE0008DB010008DB01000868
:10011000DB010008DB010008DB010008DB0100084F
:10012000DB010008DB010008DB010008D91E000824
:10013000DB010008DB010008DB010008DB0100082F
:10014000DB010008DB010008DB010008DB0100081F
:10015000DB010008E91E0008DB010008B5D3000838
:10016000DB010008DB010008DB010008DB010008FF
:10017000DB0100089D9D0008DB0100080000000075
:10018000DB010008DB010008DB010008DB010008DF
:1001900041C60008DB010008DB010008DB010008A4
:1001A000DB010008DB010008DB010008DFF80CD0F0
:1001B00000F088FF00480047F152010808A901201B
:1001C0000648804706480047FEE7FEE7FEE7FEE7F1
:1001D000FEE7FEE7FEE7FEE7FEE7FEE7E9CD000803
:1001E000AD0100082DE9F05F0546002092469B46D0
:1001F00088460646814640241BE02846414647463D
:10020000224600F097F953465A46C01A914110D33E
:1002100011461846224600F07EF92D1A67EB0108B8
:100220004F4622460120002100F075F917EB000926
:100230004E41201EA4F10104DFDC484631462A4627
:100240004346BDE8F09F40EA01039B0703D009E065
:1002500008C9121F08C0042AFAD203E011F8013BB2
:1002600000F8013B521EF9D27047D2B201E000F80B
:10027000012B491EFBD270470022F6E710B513464A
:100280000A4604461946FFF7F0FF204610BD30B578
:1002900005462A460B4612F8010B13F8014B08B12C
:1002A000A042F8D01CB1002802D06D1CF1E728460E
:1002B00030BD10B5044604E00B7800F8013B03B1F3
:1002C000491C521EF8D2204610BD421C10F8011BDA
:1002D0000029FBD1801A704710B5002200E0521CA3
:1002E000835C8C5CA34201D1002BF8D1D8B2E1B27F
:1002F000401A10BD30B505460020034600E05B1CE7
:10030000934205D2EC5CC85C201A01D1002CF6D1D6
:1003100030BD000070B50F4D00B92868002412E010
:100320000A4602E09E4203D0521C1378002BF9D1FA
:10033000DAB2224305D02BB124B1002100F8011B11
:1003400004E00446401C0678002EE9D128602046CF
:1003500070BD00000000002030B50546002008E018
:100360000A4602E0A34207D0521C1378002BF9D1B1
:10037000401C2C5C002CF3D130BD00000FB400B544
:100380008DB010A909900B9000914FF0FF300A90AA
:1003900000200C9005480690054807906A4609A879
:1003A0000F9900F04FFC0DB05DF814FB610C0008D4
:1003B0007F0C000870B5064615F098FC04680546E9
:1003C0000A220021304600F06BFC2C6070BD2DE944
:1003D000FE4F81EA030404F0004421F00041009440
:1003E0004FF0000B23F0004350EA01045ED052EAC4
:1003F00003045BD0C3F30A54C1F30A552C44A4F29E
:10040000F3340194A0FB0254C1F3130141F48011B1
:10041000C3F3130343F4801301FB024400FB034EB8
:10042000840A970A44EA815447EA8357A4FB076881
:1004300002958D0A05FB07854FEA932C04FB0C54AB
:100440002705029D4FEA065847EA1637B5EB08051F
:100450006EEB070C870E920E47EA811742EA831271
:10046000A7FB0201B6EB0B0164EB00042B0D43EA82
:100470000C335E1844EB1C50DA465146E7FB020190
:10048000C5F313044FEA0B3343EA14534FEA043223
:10049000019C43EA0603A4F10C040294009CCDE9FC
:1004A00000B400F07BFC03B0BDE8F08F00200146F3
:1004B000F9E701F0004330B421F0004150EA0102B5
:1004C00006D00A0DA2F56072C1F31301002A02DC06
:1004D00030BC00207047440F44EAC104C100E0185A
:1004E00030BC00EBC25000F013BC30B50B460146E7
:1004F00000202022012409E021FA02F59D4205D3C3
:1005000003FA02F5491B04FA02F52844151EA2F16C
:100510000102F1DC30BD202A04DB203A00FA02F1AE
:10052000002070479140C2F1200320FA03F31943E1
:1005300090407047202A04DB203A21FA02F0002183
:10054000704721FA02F3D040C2F1200291400843E3
:10055000194670472DE9FF4F1C4681B00021D4E9B0
:10056000016791464FF0FF358A468846A1696D1CA8
:1005700002988847216A834688470028F6D1BBF154
:10058000FF3F0CD026F4C066002F1ADD700615D58B
:10059000BBF12B0F0AD0BBF12D0F0FD104E04FF0B0
:1005A000FF3005B0BDE8F08F46F48066A1696D1C90
:1005B000029888477F1E8346002F02DDBBF1300F73
:1005C00003D0B9F1000F2AD025E0A1696D1C46F4D3
:1005D00000767F1E029888478346002F05DDBBF119
:1005E000780F06D0BBF1580F03D0B9F1000F10D02F
:1005F00011E0B9F1000F02D0B9F1100F0BD1A169D0
:100600006D1C26F400767F1E0298884783461020D2
:1006100000E0082081464FEAE970009017E00A20C8
:10062000F8E74346AAFB092803FB0980DDF800C070
:100630007F1E0AFB0C0112EB0B0A41EBEB78A16960
:1006400046F4007605F10105029888478346002F9D
:1006500006DD4946584600F066FD5FEA000BE0D52E
:10066000E16902988847B00502D46FF0010098E76D
:10067000F00718D1700610D57005514605D5002336
:10068000D1EB030163EB080200E042462068031D42
:1006900023600068C0E9001205E02068011D2160A8
:1006A0000068C0E900A828467BE72DE9FF5F1D46EA
:1006B0004FF0FF3BD5E9014691465F464FF00008F9
:1006C000A9697F1C01988847296A824688470028C3
:1006D000F6D1BAF1FF3F0CD024F4C064002E19DD2E
:1006E000600614D5BAF12B0F09D0BAF12D0F0ED137
:1006F00003E0584604B0BDE8F09F44F48064A96963
:100700007F1C01988847761E8246002E02DDBAF1D2
:10071000300F03D0B9F1000F26D032E0A969761E60
:1007200044F400747F1C019888478246002E05DD42
:10073000BAF1780F06D0BAF1580F03D0B9F1000F13
:1007400010D01EE0B9F1000F02D0B9F1100F18D18E
:10075000A969761E24F400747F1C0198884782469C
:10076000102002E0082000E00A20814609E008FB92
:100770000908A969761E44F400747F1C0198884713
:100780008246002E05DD4946504600F0CCFC00288C
:10079000EDDAE96901988847A00502D46FF00100FD
:1007A000A8E7E00725D1600613D5600502D5C8F19A
:1007B000000000E0404629680A1D2A6009682205F9
:1007C00001D5087015E0220701D5088011E0086006
:1007D0000FE02868011D29600068210502D580F816
:1007E000008006E0210702D5A0F8008001E0C0F8F3
:1007F000008038467EE72DE9FF5FD2E901A74FF080
:100800000008916999461446DDF838B046460198CB
:100810008847054659EA0B0005D009E0A169761C16
:10082000019888470546216A284688470028F5D15F
:10083000681C03D05FEACA7005D015E04FF0FF30A6
:1008400004B0BDE8F09F2068011D2160D0F8008051
:100850000AE05FEACA7001D108F8015BA169761C61
:100860007F1E019888470546002F1ADD681C18D0A6
:10087000B9F1000F0DD0E81705EBD060421120F060
:100880001F0059F822102A1A012090400142E0D19D
:1008900007E0BBF1000FDCD1216A28468847002819
:1008A000D7D0E16901988847BBF1000F07D1002E2E
:1008B00005DD5FEACA7002D1002188F80010A06847
:1008C000B84203DDBBF1000F03D017B16FF0010098
:1008D000B6E73046B4E700002DE9FF4F087883B053
:1008E0009946FF2805D0491C2D2804D0002400205B
:1008F00008E000200BE00124F9E700EB800003EBA7
:100900004000491C0B78FF2BF7D104B14042002373
:100910000293147819461D462D2C01D02B2C04D19E
:10092000521C2D2C13D000240294AA461478FF2CBC
:100930000FD00A25A3FB057801FB05814FF0000CC1
:1009400003FB0C11521CE3194AEB0101EEE70124F1
:10095000EAE7814453EA010002D019F5C87F06DABC
:1009600003980021C0E9001107B0BDE8F08F002511
:10097000AE4E2F46DFF8B882184600F0C8FDCDE92C
:100980000001B9F1000002DAC9F1000400E00446F8
:100990000023A74A1AEB030B42EB045A12E0E007CC
:1009A00007D02A46334638464146FFF710FD074632
:1009B00088462A46334610461946FFF708FD054685
:1009C0000E466410002CEAD1DDE90001B9F1000FF8
:1009D0005A46534606DA00F0D6FA3A46434600F045
:1009E000D2FA05E0FFF7F3FC3A464346FFF7EFFC87
:1009F000029A0AB181F00041039AC2E90001B3E70B
:100A00002DE9FF4F1F468DB0D7E901464FF0FF3863
:100A10002E2045464FF000090B90B9696D1C0E98C9
:100A20008847396A824688470028F6D1BAF1FF3FE5
:100A30000AD024F4D064002E11DDBAF12B0F08D0B7
:100A4000BAF12D0F0BD102E0404611B08DE744F40E
:100A50008064B9696D1C0E9888478246761E694687
:100A6000600501D52D2000E02B208DF8000001F15C
:100A7000010B0DF1200809E0B9696D1C0E9888473B
:100A800082460F9844F40074761E0560002E02DD45
:100A9000BAF1300FF0D00B998A453ED144F0800472
:100AA00006E00F99681CA9F1010944F4007408607C
:100AB000B9696D1C761E0E98884782463028F0D0A2
:100AC0002BE00B998A4505D1200603D444F080041D
:100AD000761E18E0504615F0DFF908B30DF1130249
:100AE000761EAAF1300044F40074934506D20BF848
:100AF000010B200607D5A9F1010003E0200602D46E
:100B000009F101008146A00502D50F99681C086013
:100B1000B9696D1C0E9888478246002ED1DC53E0DF
:100B2000002E51DDBAF1650F02D0BAF1450F4BD15D
:100B3000A00549D5B9696D1C24F44074761E0E9841
:100B400088478246002E0CDD2B2804D0BAF12D0FE9
:100B500007D144F48074B9696D1C0E9888478246A9
:100B6000761EE00501D52D2100E02B2108F8011BA0
:100B7000CDF82C8021E00DF12901761E44F400749B
:100B800088450CD2AAF1300010F0FF0088F8000070
:100B900002D10B99884509D908F1010806E0E00562
:100BA00001D5244801E042F20F708146B9696D1CFD
:100BB0000E98884782460F980560002E04DD504647
:100BC00015F06AF90028D6D1F9690E988847FF20F8
:100BD0008BF8000088F800000020069007904B4634
:100BE0006A4608A906A8FFF777FEA00502D46FF0B1
:100BF00001002AE714F0240F0AD0E00714D1DDE940
:100C000006123868031D3B600068C0E900120BE063
:100C1000DDE90601FFF74DFC0146E00704D1386825
:100C2000021D3A600068016028460EE7000014408B
:100C30000000F03FF1D8FFFF026811441378016013
:100C400018467047D160044951610449116200217E
:100C50001161114600F076BA390C00081511000830
:100C6000426842B1016811F8013B23B1521EC0E94C
:100C70000012184670470121C160881E7047426803
:100C80005AB1C368016843B983688B4205D0491ED5
:100C9000521CC0E90012002070474FF0FF3070472F
:100CA0002DE9F04791460F4680460446002614F889
:100CB000015B2DB100F02AFA0068405DC007F6D153
:100CC0002B2D02D02D2D18D0641E4A4639462046C1
:100CD00000F0CEFB27B13968A14201D1C7F80080EE
:100CE00071054FF002040BD54042002803DD14F0DB
:100CF000FDFF0460A007BDE8F08746F48066E4E7E6
:100D00000028F8DA14F0F2FF04606FF00040F2E718
:100D10000029A8BF7047401C490008BF20F001000F
:100D2000704710B4B0FA80FC00FA0CF050EA0104ED
:100D300004BF10BC704749B1CCF1200421FA04F47F
:100D400011FA0CF118BF012121430843A3EB0C0158
:100D5000CB1D4FEA00614FEA102042BF002010BCBB
:100D6000704700EBC35010440029A4BF10BC70476B
:100D7000401C490008BF20F0010010BC704710B5AE
:100D8000141E73F1000408DA401C41F100019218AE
:100D90005B411A4301D120F0010010BD2DE9F04D57
:100DA00092469B4611B1B1FA81F202E0B0FA80F2AC
:100DB00020329046FFF7AFFB04460F4640EA0A0098
:100DC00041EA0B0153465A46084313D0114653EAF1
:100DD000010019D0C8F140025046FFF7ABFB0546B1
:100DE0000E46504659464246FFF795FB084305D04C
:100DF000012004E020463946BDE8F08D002005437F
:100E000046EAE0762C4337430A986305E40AA0EBF0
:100E100008000022FD0A44EA47540A3002D50020A7
:100E20000146E9E7010510196941DDE908450019A6
:100E30006941BDE8F04DA2E72DE9FE4F804681EA09
:100E40000300C00F0C46009021F0004123F0004544
:100E5000B8EB0200A94105D24046214690461C4607
:100E60000B46024623F00040104347D0270DC7F33E
:100E70000A00C3F30A510290401A019040286BDA2D
:100E8000C3F3130040F4801B0098924620B1002366
:100E9000D2EB030A63EB0B0B01985946C0F14002F9
:100EA0005046FFF738FB06460D4650465946019A14
:100EB00000F01AF910EB08006141002487EA115292
:100EC00084EAE7731A4340D0009A62B3019A012A78
:100ED0004FEA075215DC001B61EB02014FF00042A4
:100EE00002EA0752CDE90042001C41F5801132466A
:100EF0002B46FFF753FF03B0BDE8F08F4046214675
:100F0000F9E7001B61EB0201001C41F5801300189A
:100F10005B412018A2F5001747EB030140EAD570AA
:100F2000B6196D4111E06D084FEA360645EAC07505
:100F30004FEA0752001B61EB0201001C41F58011D2
:100F400049084FEA30000019514132462B4603B0A0
:100F5000BDE8F04FFFF713BF0098012240000023C7
:100F6000D0EB020263EBE073009821464FEAE07495
:100F7000B8EB000061EB0401E9E783F000435BE7B5
:100F800081F0004158E72DE9F04D81EA030404F0B7
:100F9000004B21F0004514464FF0000A23F00041B9
:100FA00050EA050220D054EA01021DD0C5F30A57C9
:100FB0000246C5F31303C1F31300C1F30A5640F40C
:100FC000801543F48013A7EB0608101BD64608F2E1
:100FD000FD3873EB050002D308F1010801E0921817
:100FE0005B41B8F1000F03DA00200146BDE8F08D47
:100FF00000204FF48011064684460EE0171B73EB69
:10100000050705D3121B63EB050306434CEA010CED
:1010100049084FEA300092185B4150EA0107EDD1D0
:1010200052EA030012D082EA040083EA0501084371
:1010300005D0101BAB4106D20122002306E000229E
:101040004FF0004302E06FF0010253101AEB06006C
:101050004CEB085110EB0A0041EB0B01BDE8F04DE1
:10106000FFF78DBEC1F30A52C1F3130140F2FF3303
:1010700041F480119A4202DA00200146704740F2A2
:1010800033439A42A2F2334202DC5242FFF752BA91
:10109000FFF741BA30B5041E71F1000404DB4FF0D4
:1010A0000044404264EB0101141E73F1000405DBAF
:1010B0001C464FF00043524263EB0403994208BFC1
:1010C000904230BD064C074D06E0E06840F0010359
:1010D00094E8070098471034AC42F6D3FFF76AF85B
:1010E000941E0408B41E0408202A06DBCB17203AFD
:1010F00041FA02F043EAE07306E041FA02F3D0401D
:10110000C2F12002914008431946704700487047D9
:101110007066010810B50446FFF7F8FF0068005D2F
:1011200000F0010010BD3A2800D2303820F0200233
:10113000412A01D3A2F13700884201D34FF0FF309A
:10114000704700002DE9F34F8BB04FF0000801F11C
:101150000C000C464FF0010B46460DF1080A0190B9
:101160006269012101989047051E2DD0252D2CD0B4
:10117000216A8847C0B16269012101989047216ABC
:1011800088470028F7D1411E62690198904700E026
:10119000761CA1690B988847216A88470028F7D1F7
:1011A000E1690B988847DBE7A1690B9888470746F8
:1011B000A84201D1761CD3E7E1690B9888477F1CD0
:1011C00002D1B8F1000F6FD046E1002762693D46B9
:1011D0003946019890472A2804D162690121019873
:1011E00090470125DFF884926269012101989047B8
:1011F000A0F130010A290AD24F45E5DC07EB87014F
:1012000000EB4107303FDFD445F01005ECE7E9067D
:1012100001D46FF000476C280AD04C2814D06828FD
:1012200015D06A280DD074281CD07A281AD01DE059
:1012300062690121019890476C2802D045F00405AD
:1012400014E045F002050DE045F020050AE0626972
:10125000012101989047682802D045F0080505E073
:1012600045F400656269012101989047C4E901577E
:1012700065283DD019DC58287AD00CDC452837D0B9
:1012800004DC252826D0412831D131E046282FD052
:1012900047282CD12CE05B2877D0612828D0632800
:1012A0007CD0642823D15AE0D0E06F2848D008DCF5
:1012B00066281DD067281BD0692821D06E2816D13A
:1012C00027E0702845D0732868D0752847D0782843
:1012D0000DD14DE0A1690B988847054625283FF4BC
:1012E00069AFE1690B9888476D1C3FF46AAFB3E0C2
:1012F00023466A466FF001000B99FFF781FB9EE0E1
:1013000045F040006060A80723464FF0000236D445
:101310003EE0E8077FF447AF2068011D21600068C8
:10132000290501D506701BE7290701D5068017E7B7
:10133000A90703D5F117C0E9006111E706600FE7BF
:1013400045F040006060A80723464FF0080216D41D
:101350001EE040F60E0125EA0100606016E045F04F
:1013600040006060A80723464FF00A0207D40FE050
:1013700045F040006060A80708D5234610226FF0B2
:1013800001000B99FFF7E6F859E007E02346102229
:101390006FF001000B99FFF788F950E04FF000095A
:1013A0004F464B46632802D05B2806D040E0E80653
:1013B00001D40120A06001273AE06269012101986F
:1013C00090475E2805D14FF00109626949460198AE
:1013D0009047216939B900210A46534643F8212034
:1013E000491C0829FADBB0B3216969B9C11700EBC0
:1013F000D16253110AEB830122F01F02821A0120ED
:101400000B68904003430B6062690121019890478B
:101410005D28E8D1B9F1000F09D00020514651F8FC
:101420002020D24341F82020401C0828F7DB02ABE3
:10143000224600976FF001000B99FFF7DCF90028B6
:101440000CDA401C08D1BBF1000F05D04FF0FF3083
:101450000DB0BDE8F08FFFE74046F9E7E90701D19D
:1014600008F1010806444FF0000B79E6CCCCCC0C17
:101470002DE9F05F82460078002715468B460AF179
:101480000104B946302801D09DB113E014F8010BD6
:101490000127782803D0582801D045B10AE00DB1C2
:1014A000102D07D10027102514F8010B02E00825A4
:1014B00000E00A250026B0460EE005FB080005FB0B
:1014C00006F1012701EB10461FFA80F8B6F5803FC0
:1014D00000D3B94614F8010B2946FFF724FE002873
:1014E000EBDABBF1000F05D00FB1641E00E05446EB
:1014F000CBF80040B9F1000F06D014F0F7FB022141
:101500000160C81EBDE8F09F48EA0640FAE70EB544
:1015100040F2334202920022CDE900221346FFF747
:101520003DFC03B000BD30B58C1810F8012B12F053
:101530000F0301D110F8013B120906D110F8012B5D
:1015400003E010F8015B01F8015B5B1EF9D101E0DB
:1015500001F8013B521EFBD1A142E6D3002030BD71
:1015600080B58AB0089000228DF81C200692422097
:101570008DF818008DF8192048208DF81A00089968
:101580004868098901F03EFF0898006806A903220F
:101590004FF47A7306F000F858B1FFE708994868ED
:1015A00009890122059201F02DFF05988DF8270089
:1015B00088E00899486809890122049201F022FF15
:1015C000022001F0A1FC60208DF8180008994868FD
:1015D0000989002201F016FF049A0898006806A9FC
:1015E0004FF47A7305F0D8FF58B1FFE708994868BF
:1015F00009890122039201F005FF03988DF8270065
:1016000060E0089948680989012201F0FBFE0FF0AB
:1016100043FA42208DF8180000228DF81920482046
:101620008DF81A0008994868098901F0EBFE0898BE
:10163000006806A903224FF47A7305F0ADFF58B194
:10164000FFE70899486809890122029201F0DAFE51
:1016500002988DF8270035E0089948680989012229
:10166000019201F0CFFE022001F04EFC61208DF8C6
:101670001800089948680989002201F0C3FE019A00
:101680000898006806A94FF47A7305F085FF58B1F1
:10169000FFE70899486809890122009201F0B2FE2B
:1016A00000988DF827000DE0089948680989012203
:1016B00001F0A8FE0FF0F0F9089800F0C1F98DF8DC
:1016C0002700FFE79DF827000AB080BD80B58AB0EB
:1016D0000990099949F29010C2F201000860099935
:1016E00041F20000C4F20200486009994FF4006022
:1016F0000881099940F60040C4F20200C860099AC6
:101700004FF48051118209994861099A4FF40051B0
:10171000118300210391089107910691059104918D
:101720004FF48042049201220092059206910791A3
:1017300004A9019101F042FC009A099948680989BD
:1017400001F060FE009A01990398099B1B8B04939A
:101750000592069007900998406901F02FFC039AC2
:1017600009994869098B01F04DFE01990398099A7E
:10177000128A04924FF40412059206900998C068E8
:1017800001F01CFC039A28200290114602F084FF0D
:10179000029802F077FF03980AB080BD80B586B04A
:1017A000049003910FF078F920B1FFE701208DF844
:1017B000170029E00022029204994868098901F083
:1017C00021FE0498006802A904224FF47A7305F000
:1017D000BBFD58B1FFE704994868098901220192CD
:1017E00001F010FE01988DF817000DE0049948688B
:1017F0000989012201F006FE029800BA03990860E7
:1018000000208DF81700FFE79DF8170006B080BD97
:1018100080B584B0039040F60040C4F2020000900E
:101820004FF480410191002201F0ECFD0120029073
:1018300001F06AFB00980199029A01F0E3FD029819
:1018400001F062FB0FF028F904B080BD80B582B0D2
:1018500000900098FFF73AFF20B1FFE701208DF8D4
:10186000070015E00098FFF7D3FF20B1FFE7012044
:101870008DF807000CE00098FFF772FE20B1FFE73B
:1018800001208DF8070003E000208DF80700FFE736
:101890009DF8070002B080BD80B584B000200390A1
:1018A00048F63010C2F2010003A9FFF777FF08B134
:1018B000FFE7C2E040F6A862C2F2000247F21870E9
:1018C000C0F20100105C47F6085110FB01200290A5
:1018D000029847F604514058B0F5FA5FC0F0968080
:1018E000FFE702994FF4FA420120885440F6404144
:1018F000C2F2000108680130086040F6A860C2F238
:10190000000047F21871C0F20101405C01304AF654
:10191000AB21CAF6AA21A0FB011202F0FE0101EBE5
:101920005201401A8DF807009DF807008DF8060057
:1019300000208DF80500FFE79DF8070040F6A8623B
:10194000C2F2000247F6085110FB01204FF4FA41A1
:10195000405CC007A0B9FFE79DF8070040F6A86209
:10196000C2F2000247F6085110FB012047F6015170
:10197000405CC00720B9FFE701208DF8050016E0A4
:101980009DF8070001304AF6AB21CAF6AA21A0FB58
:101990000121490801EB4101401A8DF80700FFE7DA
:1019A0009DF807009DF806108842C5D1FFE79DF815
:1019B000050098B9FFE740F6A861C2F2000147F2BE
:1019C0002072C0F2010288580130885040F644412C
:1019D000C2F200010868013008602EE09DF807009F
:1019E00040F6A862C2F2000247F21871C0F201018B
:1019F00050549DF8070047F6085110FB0120029053
:101A0000029947F6045200208850FFE70398029994
:101A100047F604528B5841F8230002998858013048
:101A2000885040F6A861C2F2000147F21C72C0F271
:101A30000102885801308850FFE704B080BD0000E3
:101A400080B586B0049000208DF80C0002904021F3
:101A50008DF8081002218DF809108DF80A0040F267
:101A60001C10C2F200000088014601917D280ED0B2
:101A7000FFE70198FA280ED0FFE70198B0F57A7FCA
:101A80000DD0FFE70198B0F5FA6F0CD00FE00220FF
:101A90008DF80B001AE00A208DF80B0016E01A20D2
:101AA0008DF80B0012E022208DF80B000EE02220B2
:101AB0008DF80B0040F21C10C2F2000001884CF2BD
:101AC000D540C0F6020014F0E7F8FFE70F208DF8CC
:101AD0000C00049948680989002201F093FC0498DD
:101AE000006802A905224FF47A7305F055FD58B13C
:101AF000FFE70499486809890122009201F082FCFD
:101B000000988DF8170009E00499486809890122B6
:101B100001F078FC00208DF81700FFE79DF8170012
:101B200006B080BD80B582B040F6A860C2F2000069
:101B300047F22871C0F20101FEF79EFB00200190E0
:101B4000FFE70198022820DCFFE7019840F6A86330
:101B5000C2F2000347F6085200FB02314FF4FA4C80
:101B6000002001F80C00019901FB023147F6015CED
:101B700001F80C00019901FB023147F6045288502C
:101B8000FFE7019801300190DBE740F6A861C2F25F
:101B9000000147F21872C0F201020020885447F297
:101BA0001972C0F20102885402B080BDFFE7FEE75F
:101BB00080B5ADF5147D49F27010C2F201000190BC
:101BC0008FA90022009204F069FF009A01988EA963
:101BD00004F028FF40F21910C2F2000000789DF8CE
:101BE0003C1288420AD1FFE740F21810C2F200000E
:101BF00000789DF83A12884242D0FFE74CF6820006
:101C0000C0F6020014F048F80AF088FF38B9FFE780
:101C10004CF2C760C0F6020014F03EF830E040F627
:101C20007041C2F200010020087002A800F098FB89
:101C3000F0B1FFE749F2C820C2F2010002A94FF457
:101C40000C72FEF700FB40F67041C2F20001012069
:101C500008709DF83C0240F21911C2F200010870B0
:101C60009DF83A0240F21811C2F20001087006E035
:101C70004CF63B00C0F6020014F00EF8FFE7FFE759
:101C80000DF5147D80BD000080B58CB04CF2F930AC
:101C9000C0F602000AA90BAA10F048FB8DF8230039
:101CA0009DF8230048B1FFE79DF823104BF6A7707D
:101CB000C0F6020013F0F0FF97E00B98806902383D
:101CC00009900B984089039009980399A0FB011093
:101CD000400240EAD1504902069107900A980399C0
:101CE000A0FB0110400240EAD15049020491059046
:101CF00006990798090D41EA0032030D04980599E9
:101D0000000D40EA01304FEA115C6946C1F804C099
:101D100008604BF65970C0F6020013F0BDFF049A3C
:101D2000059840F21C11C2F200014968B2EB015261
:101D300070EB113059D2FFE74BF62170C0F602006C
:101D400013F0AAFFFFE7049A059840F21C11C2F2B3
:101D500000014968B2EB015270EB113044D2FFE749
:101D600000F098F98DF823009DF82300B0B1FFE74B
:101D70009DF82300042807D1FFE74CF2E430C0F6B9
:101D8000020013F089FF08E09DF823104BF6BE70A7
:101D9000C0F6020013F080FFFFE725E04CF2F930B7
:101DA000C0F602000AA90BAA10F0C0FA8DF82300B1
:101DB0009DF8230008B1FFE716E00A980399A0FBFD
:101DC0000110400240EAD150490204910590049963
:101DD0000598090D41EA0032030D4BF63F70C0F63D
:101DE000020013F059FFAEE7FFE70CB080BD000022
:101DF00080B5ADF5127D4CF25441C0F6020106A843
:101E0000012211F08FFB8DF817009DF8170050B9D3
:101E1000FFE706A810F03AFA4CF2D410C0F6020020
:101E200013F03AFF55E04BF6DD60C0F6020013F008
:101E300033FF4CF25441C0F6020106A80A2211F009
:101E400071FB8DF817009DF8170048B1FFE79DF86A
:101E500017104CF23D00C0F6020013F01DFF38E0F1
:101E60004CF2F110C0F60200049000200390049898
:101E70000290FEF72AFA0299024606A803AB12F076
:101E800059F88DF817009DF8170088B9FFE70398F7
:101E900001900498FEF719FA01460198884207D18B
:101EA000FFE74CF2BB10C0F6020013F0F5FE08E0AD
:101EB0009DF817104CF25C00C0F6020013F0ECFE27
:101EC000FFE706A8009011F01DFF009810F0DEF962
:101ED000FFE70DF5127D80BD80B548F6AC10C2F26B
:101EE000010000F067FD80BD80B548F64C10C2F2DD
:101EF000010000F05FFD80BD82B001900198007884
:101F000010384AF6AB21CAF6AA21A0FB011000093D
:101F10000090009946F2BC60C0F60100405C019957
:101F2000C8650098042807D3FFE7019908680422D0
:101F300062F30900886506E00199086840F2FF3203
:101F400090438865FFE70198806D02B070470000FC
:101F500086B0059000208DF813000598806A0390E4
:101F60000598806910BBFFE70398029003281BD8EF
:101F70000299DFE801F0020D0218059890F82F0091
:101F8000C00720B1FFE701208DF81300FFE70CE048
:101F90000598C06AB0F1C07F04D1FFE701208DF839
:101FA0001300FFE701E000E0FFE745E005988069E6
:101FB000B0F5005F25D1FFE70398019003281ED8F4
:101FC0000199DFE801F00206021101208DF81300EB
:101FD00016E0059890F82F00C00720B1FFE7012018
:101FE0008DF81300FFE70BE00598C06AB0F1C07FE1
:101FF00004D1FFE701208DF81300FFE700E0FFE7C1
:1020000019E003980090032804D3FFE70098032801
:1020100004D00EE001208DF813000BE0059890F835
:102020002F00C00720B1FFE701208DF81300FFE764
:1020300000E0FFE7FFE7FFE79DF8130006B07047F9
:1020400084B003900291019200930398016808689C
:1020500020F480200860009803990968486003987C
:102060008068402809D1FFE70198039909688860D2
:10207000029803990968C86008E002980399096802
:102080008860019803990968C860FFE704B0704749
:102090007047000080B5ADF5527D38A84FF48C71C3
:1020A000FEF7EAF808A88021FEF7E6F840F21C10D7
:1020B000C2F20000037A4CF26242C0F6020228A883
:1020C0000690402113F0F8FD0699C4A811F000FC19
:1020D0008DF81F009DF81F0070B1FFE79DF81F20CD
:1020E0004BF6A160C0F6020028A913F0D5FD9DF8BB
:1020F0001F008DF84703A0E0FFE7C4A87EA911F0F8
:10210000B7FD8DF81F009DF81F0020B9FFE79DF86F
:102110000E0208B9FFE777E09DF80E022E2801D1E4
:10212000FFE7EAE77EA816304CF28C41C0F60201C8
:10213000FEF7ADF858B9FFE77EA816304CF24841DB
:10214000C0F60201FEF7A3F808B9FFE7D5E79DF84E
:10215000F61001200590B9B3FFE7BDF8FC11BDF8FA
:10216000E4200120914205902EDBFFE7BDF8FC0141
:10217000BDF8E410884209D1FFE7BDF8FE11BDF8B3
:10218000E6200120914205901EDBFFE7BDF8FC111F
:10219000BDF8E42000209142049012D1FFE7BDF881
:1021A000FE11BDF8E62000209142049009D1FFE71E
:1021B0007EA8163038A91631FEF78EF8C00F0490AD
:1021C000FFE704980590FFE7059800F001008DF8FF
:1021D0001E009DF81E00C007A8B1FFE738A87EA921
:1021E00003914FF48C72FEF72EF80398163069466F
:1021F00008604CF24E42C0F6020208A8802128ABCB
:1022000013F05AFDFFE778E7C4A810F069F89DF8CD
:10221000200070B1FFE74CF2E700C0F6020008A909
:10222000029113F039FD029811F0E0FD8DF847039B
:1022300003E004208DF84703FFE79DF847030DF501
:10224000527D80BD80B582B00190019948F60C2086
:10225000C2F2010001F07AFC02B080BD80B584B00A
:102260000290019100920299019A009B48F60C207D
:10227000C2F2010002F004F820B1FFE701208DF85E
:102280000F0009E0FFE700F00BF808B1FFE7FAE7FD
:1022900000208DF80F00FFE79DF80F0004B080BD0F
:1022A00080B582B04FF6FF70ADF80400FFE7BDF8CF
:1022B0000400411EADF8041088B1FFE748F60C2079
:1022C000C2F2010001F064FC042804D1FFE7002001
:1022D0008DF8070007E0012000F016FEE7E7012077
:1022E0008DF80700FFE79DF8070002B080BD0000F1
:1022F00080B584B00290019100920299019A009BEE
:1023000048F60C20C2F2010002F0AAF820B1FFE763
:1023100001208DF80F0009E0FFE7FFF7C1FF08B1CA
:10232000FFE7FAE700208DF80F00FFE79DF80F00A8
:1023300004B080BD80B54FF4805000F023FE80BD16
:1023400080B540F24810C2F2000001684BF65960B7
:10235000C0F6020013F0A0FC72B60AF0ADFC80BD1E
:1023600010B5ACB02A902A9850B9FFE74CF2C330B0
:10237000C0F6020013F090FC00208DF8AF00C6E01C
:1023800049F27010C2F2010009900CA900220892D3
:1023900004F084FB089A09980BA904F043FB9DF80C
:1023A0002F0040F21B11C2F2000108709DF82D00B1
:1023B00040F21A11C2F2000108709DF82E0040F29E
:1023C0001811C2F2000108709DF8300040F2191196
:1023D000C2F20001087040F21C10C2F20000037A41
:1023E0004CF26242C0F602020DF147000A90202131
:1023F00013F062FC0A9810F0B7FA8DF8A7009DF868
:10240000A70098B1FFE79DF8A70008280ED0FFE7C6
:102410009DF8A7204BF6F870C0F602000DF14701B9
:1024200013F03AFC00208DF8AF0070E09DF82D20ED
:102430009DF82E309DF82F0000F5FA609DF830C011
:102440009DF831E09DF8324069464C61C1F810E0DA
:10245000C1F80CC08B604A6008604CF27142C0F653
:1024600002020DF16700079040210DF1470313F0C0
:1024700023FC07992A98122211F054F88DF8A7002E
:102480009DF8A70070B1FFE79DF8A7204BF6D1702B
:10249000C0F602000DF1670113F0FEFB00208DF87D
:1024A000AF0034E02A98C16810F03AF88DF8A70020
:1024B0009DF8A70078B1FFE79DF8A7104BF688704C
:1024C000C0F6020013F0E8FB2A980FF0DFFE0020B0
:1024D0008DF8AF001BE02A98C06848B9FFE74CF2BE
:1024E000CA00C0F602000DF1670113F0D5FB0AE047
:1024F0002A9882694CF26D10C0F602000DF1670156
:1025000013F0CAFBFFE701208DF8AF00FFE79DF84D
:10251000AF002CB010BD000080B582B001900091DA
:1025200001980099002200F003F802B080BD00007D
:1025300084B0039002918DF8072001208DF80600E9
:1025400000208DF8050040F64840C2F20000407AB5
:10255000002827DCFFE740F64843C2F2000300935F
:10256000597A0020585403995A7A03EB8202516039
:102570009DF807105A7A1A441172597A4A1C5A72F5
:102580008DF805109DF805103031029A1170029AED
:102590003A215170029A2F2191700299C8708DF8DA
:1025A0000600FFE79DF8060004B0704780B584B0D0
:1025B0004CF2D441C0F6020102910022104610F004
:1025C0005FFF029940F67440C2F20000012210F051
:1025D00057FF014649F2F840C2F20100017000784D
:1025E00048B9FFE74CF2A810C0F6020013F054FB04
:1025F0000020039076E049F2F840C2F20100007832
:102600000D2860D1FFE74BF6BD60C0F6020013F065
:1026100043FB69464FF4007008604CF2F930C0F695
:10262000020049F20473C2F201030321002210F0F8
:102630009FFA014649F2F840C2F2010001700078A9
:1026400090BBFFE74BF60370C0F6020013F024FBCB
:1026500040F67440C2F200004CF2D441C0F60201D0
:10266000012210F00DFF014649F2F840C2F20100CC
:102670000170007848B9FFE74CF29F10C0F60200E5
:1026800013F00AFB002003902CE049F2F840C2F25C
:10269000010001784CF29200C0F6020013F0FCFA3F
:1026A0004FF0FF3003901DE049F2F840C2F2010004
:1026B00001784CF27B00C0F6020013F0EDFA4FF007
:1026C000FF3003900EE049F2F840C2F201000178B9
:1026D0004CF2AF00C0F6020013F0DEFA4FF0FF300C
:1026E0000390FFE7039804B080BD000080B588B078
:1026F0008DF81F009DF81F0040F6A862C2F200028C
:1027000047F6085110FB01200690069847F6045141
:1027100040588000049000200290FFE702980128B2
:1027200027DCFFE70699049A49F2C820C2F20100AB
:1027300005AB11F0FFFB8DF80F009DF80F0030B9CD
:10274000FFE705980499884201D1FFE711E002985C
:10275000411C9DF80F204CF6C600C0F6020013F095
:102760009BFA022000F0D0FBFFE7029801300290B4
:10277000D4E79DF80F0028B9FFE70598049988422F
:1027800023D0FFE70499059A9DF80F304CF61210FC
:10279000C0F6020013F080FA9DF80F0007280AD057
:1027A000FFE79DF80F00022805D0FFE79DF80F0016
:1027B000092809D1FFE74CF69B00C0F6020013F090
:1027C0006BFA0AF079FAFFE7FFE740F2A411C2F2D0
:1027D0000001087801300870C0B20A281CDBFFE74E
:1027E00049F2C820C2F2010011F08CFA8DF80700FE
:1027F0009DF8070048B1FFE79DF807104CF6F1007F
:10280000C0F6020013F048FAFFE740F2A411C2F24A
:10281000000100200870FFE708B080BD80B584B0DB
:1028200047F61020C1F6FF700068039047F61420A9
:10283000C1F6FF700068029047F61820C1F6FF70DD
:10284000006801900199039808440390039888B1A7
:10285000FFE7039840F2E801C2F200010091023163
:10286000082205F057FE009902981231042205F063
:1028700051FEFFE704B080BD80B584B0029002989D
:10288000806D019000F0D6FD0090029890F8350020
:1028900002280DD0FFE7029980204865FFE70299E2
:1028A000002081F83400FFE701208DF80F0055E08B
:1028B00002980168086820F0160008600298016814
:1028C000486920F0800048610298006C20B9FFE759
:1028D0000298806C38B1FFE702980168086820F020
:1028E00008000860FFE702980168086820F001000E
:1028F0000860FFE7029800680068C007C8B1FFE7FA
:1029000000F098FD0099401A062811D3FFE70299BC
:10291000202048650299032081F83500FFE70299DD
:10292000002081F83400FFE703208DF80F0015E048
:10293000E0E70298C16D3F208840019988600299C4
:10294000012081F83500FFE70299002081F834006A
:10295000FFE7FFE700208DF80F00FFE79DF80F006D
:1029600004B080BD82B00090009890F83500022835
:1029700007D0FFE700998020486501208DF8070007
:102980000EE00099052081F835000098016808687C
:1029900020F001000860FFE700208DF80700FFE746
:1029A0009DF8070002B0704781B000900098406D1C
:1029B00001B0704780B586B005900020039040F2CA
:1029C0004800C2F20000006848F2B511C1F64E316D
:1029D000A0FB0110800A02900598806D019001987B
:1029E0000068049004980599C96DC8400007002844
:1029F0001AD5FFE70598006800684007002812D53F
:102A0000FFE705980168086820F004000860059851
:102A1000C16D08208840019988600599486D40F093
:102A200001004865FFE7FFE704980599C96DC840B4
:102A3000C007A0B1FFE705980068406900060028BC
:102A40000CD5FFE70598C16D012088400199886089
:102A50000599486D40F002004865FFE7FFE70498DC
:102A60000599C96DC8404007002814D5FFE70598AF
:102A700000680068800700280CD5FFE70598C16D45
:102A800004208840019988600599486D40F0040051
:102A90004865FFE7FFE704980599C96DC840C0067F
:102AA000002847D5FFE70598006800680007002860
:102AB0003FD5FFE70598C16D1020884001998860D7
:102AC000059800680068400300281AD5FFE70598BC
:102AD000006800680003002809D4FFE70598006C2F
:102AE00020B1FFE70598016C8847FFE708E00598EB
:102AF000806C20B1FFE70598816C8847FFE7FFE70E
:102B000016E0059800680068C005002807D4FFE7B4
:102B100005980168086820F008000860FFE705983C
:102B2000006C20B1FFE70598016C8847FFE7FFE7DD
:102B3000FFE7FFE704980599C96DC84080060028A3
:102B400040F18D80FFE7059800680068C006002806
:102B500040F18480FFE70598C16D202088400199ED
:102B60008860059890F83500052834D1FFE705986E
:102B70000168086820F01600086005980168486937
:102B800020F0800048610598006C20B9FFE70598A7
:102B9000806C38B1FFE705980168086820F00800EC
:102BA0000860FFE70598C16D3F2088400199886063
:102BB0000599012081F83500FFE70599002081F88B
:102BC0003400FFE70598006D20B1FFE70598016D1F
:102BD0008847FFE77BE0059800680068400300280D
:102BE0001AD5FFE70598006800680003002809D49B
:102BF000FFE70598406C20B1FFE70598416C8847D6
:102C0000FFE708E00598C06B20B1FFE70598C16BAE
:102C10008847FFE7FFE720E0059800680068C005E7
:102C2000002811D4FFE705980168086820F010001B
:102C300008600599012081F83500FFE7059900201B
:102C400081F83400FFE7FFE70598C06B20B1FFE78C
:102C50000598C16B8847FFE7FFE7FFE7FFE70598A7
:102C6000406DA0B3FFE70598406DC00730B3FFE7A4
:102C70000599052081F8350005980168086820F05D
:102C800001000860FFE70398013003900299884231
:102C900001D9FFE707E0FFE7059800680068C00773
:102CA0000028F0D1FFE70599012081F83500FFE702
:102CB0000599002081F83400FFE7FFE70598C06C14
:102CC00020B1FFE70598C16C8847FFE7FFE706B032
:102CD00080BD000080B586B004900020039000F015
:102CE000A9FB0290049820B9FFE701208DF8170096
:102CF000A3E00498406A08B1FFE7FFE704990220C7
:102D000081F83500FFE70499002081F83400FFE7DF
:102D100004980168086820F001000860FFE7049843
:102D200000680068C00790B1FFE700F083FB0299DC
:102D3000401A06280AD3FFE7049920204865049921
:102D4000032081F835008DF8170076E0E7E7049856
:102D5000006800680390039848F23F01CFF2100129
:102D600008400390049900914868D1F808C0CB68E6
:102D70000A6940EA0C00184310434A6910438A6903
:102D80001043CA691043096A01430398084303903A
:102D90000498406A042808D1FFE70499C86A096BBF
:102DA0000143039808430390FFE7039804990968D7
:102DB00008600498006840690390039820F00700B9
:102DC00003900498416A0398084303900498406A6A
:102DD00004281AD1FFE70498816A039808430390F6
:102DE0000498C06A80B1FFE70498FFF7B1F850B1CA
:102DF000FFE70499402048650499012081F83500D7
:102E00008DF8170019E0FFE7FFE7039804990968B8
:102E100048610498FFF770F801900498C16D3F2055
:102E2000884001998860049900204865049A01212E
:102E300082F835108DF81700FFE79DF8170006B0EF
:102E400080BD000080B588B0069005910492039380
:102E500000208DF80B000698806D0190FFE7069822
:102E600090F83400012804D1FFE702208DF81F00FC
:102E700045E00699012081F83400FFE7FFE7069856
:102E800090F8350001282BD1FFE70699022081F840
:102E9000350006990020486506980599049A039B19
:102EA000FFF7CEF80698C16D3F20884001998860F1
:102EB00006980168086840F0160008600698006CE3
:102EC00038B1FFE706980168086840F0080008601C
:102ED000FFE706980168086840F00100086009E013
:102EE000FFE70699002081F83400FFE702208DF803
:102EF0000B00FFE79DF80B008DF81F00FFE79DF822
:102F00001F0008B080BD000080B584B0039000F0C1
:102F100091FA0290039801900198013048B1FFE7BF
:102F200040F25B10C2F20000017801980844019061
:102F3000FFE7FFE700F07EFA0299401A0199884204
:102F400001D2FFE7F6E704B080BD000080B582B093
:102F5000ADF80600BDF8060048F63011C2F20101D6
:102F6000098A88420CD1FFE740F63C40C2F20000DB
:102F70000078042803D1FFE7FEF78EFCFFE7FFE7A8
:102F800002B080BD80B582B0ADF8060043F61440B3
:102F9000C4F201000068BDF8061008420CD0FFE73B
:102FA000BDF8060043F61441C4F201010860BDF803
:102FB0000600FFF7CBFFFFE702B080BD90B00F9097
:102FC0000E9100200C900B900A900D90FFE70D9849
:102FD0000F2800F2E881FFE70D99012088400C904E
:102FE0000E9800680C9908400B900B980C99884239
:102FF00040F0D481FFE70E98406800F003000128FC
:1030000007D0FFE70E98406800F0030002282FD198
:10301000FFE70F9880680A900D984100032000FA9E
:1030200001F10A9888430A900E98C0680D994900EA
:1030300000FA01F10A9808430A900A980F998860EB
:103040000F9840680A900D99012000FA01F10A9842
:1030500088430A900E984068C0F300100D9900FA5A
:1030600001F10A9808430A900A980F994860FFE70F
:103070000E98406800F00300032818D0FFE70F986F
:10308000C0680A900D984100032000FA01F10A98E7
:1030900088430A900E9880680D99490000FA01F162
:1030A0000A9808430A900A980F99C860FFE70E989B
:1030B000406800F00300022826D1FFE70F980D9921
:1030C0006FF0030202EA51010844006A0A900D9869
:1030D00000F0070081000F2000FA01F10A988843F0
:1030E0000A900E9800690D9901F00701890000FA15
:1030F00001F10A9808430A900A980F990D9B02EA79
:10310000530211440862FFE70F9800680A900D9877
:103110004100032000FA01F10A9888430A900E98B2
:10312000406800F003000D99490000FA01F10A9887
:1031300008430A900A980F9908600E9880798007D2
:10314000002800F02A81FFE7FFE70020099043F6FE
:103150004400C4F20200016841F48041016000684B
:1031600000F4804009900998FFE70D9820F00300D3
:1031700043F60801C4F2010140580A900D9800F08E
:10318000030081000F2000FA01F10A9888430A9099
:103190000F980021C4F20201884203D1FFE700200A
:1031A00008907AE00F9840F20041C4F20201884290
:1031B00003D1FFE7012007906CE00F9840F6000173
:1031C000C4F20201884203D1FFE7022006905EE0CC
:1031D0000F9840F60041C4F20201884203D1FFE794
:1031E0000320059050E00F9841F20001C4F2020163
:1031F000884203D1FFE70420049042E00F9841F297
:103200000041C4F20201884203D1FFE70520039088
:1032100034E00F9841F60001C4F20201884203D164
:10322000FFE70620029026E00F9841F60041C4F225
:103230000201884203D1FFE70720019018E00F98B0
:1032400042F20001C4F20201884203D1FFE70820E4
:1032500000900AE00F9942F20042C4F202020A20F2
:10326000914208BF09200090FFE700980190FFE716
:1032700001980290FFE702980390FFE703980490FB
:10328000FFE704980590FFE705980690FFE706988A
:103290000790FFE707980890FFE70898C0B20D99DC
:1032A00001F00301890000FA01F10A9808430A902D
:1032B0000A980D9921F0030143F60802C4F20102B5
:1032C000885043F60840C4F2010000680A900B9948
:1032D0000A9888430A900E988079C006002805D580
:1032E000FFE70B990A9808430A90FFE70A9843F60C
:1032F0000841C4F20101086043F60C40C4F2010029
:1033000000680A900B990A9888430A900E98807971
:103310008006002805D5FFE70B990A9808430A9014
:10332000FFE70A9843F60C41C4F20101086043F636
:103330000440C4F2010000680A900B990A9888437F
:103340000A900E9880798007002805D5FFE70B9931
:103350000A9808430A90FFE70A9843F60441C4F22A
:103360000101086043F60040C4F2010000680A90C1
:103370000B990A9888430A900E988079C00728B163
:10338000FFE70B990A9808430A90FFE70A9843F66B
:103390000041C4F201010860FFE7FFE7FFE70D9875
:1033A00001300D9013E610B07047000082B001901C
:1033B000ADF8021001980069BDF80210084204D06F
:1033C000FFE701208DF8010003E000208DF80100E7
:1033D000FFE79DF8010002B07047000083B0029043
:1033E000ADF80610029840690090009ABDF80600FA
:1033F00002EA0001904340EA01400299886103B06B
:103400007047000082B00190ADF802108DF80120E5
:103410009DF8010028B1FFE7BDF80200019988611D
:1034200005E0BDF80200000401998861FFE702B0E1
:103430007047000049F20070C2F201000068704756
:1034400040F25B10C2F20000027849F20071C2F251
:1034500001010868104408607047000080B543F619
:103460000041C4F20201086840F400700860086876
:1034700040F480600860086840F4807008600320B1
:1034800001F024F90F2000F005F801F0D5F8002034
:1034900080BD000080B582B0009040F24800C2F2CA
:1034A0000000006840F25B11C2F200010A784FF49C
:1034B0007A71B1FBF2F1B0FBF1F004F091FB20B1B5
:1034C000FFE701208DF8070018E000980F280DD8BD
:1034D000FFE700994FF0FF30002201F0DDF800987F
:1034E00040F25C11C2F20001086003E001208DF897
:1034F000070003E000208DF80700FFE79DF80700B4
:1035000002B080BD81B0009001B07047B0B590B0FE
:103510000E900D91002004900E99032081F8340044
:103520000E980D9905F06AFB05900598002840F06B
:10353000A780FFE70D98B0F5805F0AD1FFE70E98EE
:10354000006840F20021C0F2B73108F02FFE05906C
:1035500020E00D98B0F5006F0AD1FFE70E980068E3
:1035600040F20011C0F2B73108F020FE059010E0E3
:103570000D9848B9FFE70E9800680021C0F2B731F6
:1035800008F014FE059003E04FF000600590FFE79F
:10359000FFE7FFE70598002871D1FFE74FF6FF70BE
:1035A0000C90FFE70E990868C96C090408F0A0FDAB
:1035B0000590059808B1FFE71BE00E980068002110
:1035C00008F01CFC04900C9801380C90FFE70020D8
:1035D0009DF81110C907039031B9FFE70C98002836
:1035E00018BF01200390FFE70398C0070028D9D136
:1035F000FFE70C98C8B3FFE70598B0BBFFE79DF85D
:1036000010000006002804D5FFE74FF48030059035
:103610002AE0DDF838E0DEF80400DEF80810DEF815
:103620000C20DEF81030DEF814C0DEF818E0CDF81B
:103630002CE0CDF828C009930892079106900D98C8
:1036400009900E9800680699079A089BDDF824C037
:103650000A9C0B9DEE46CEF80850CEF80440CEF8FA
:1036600000C008F0DFFBFFE708E00C9820B9FFE797
:103670004FF00040059000E0FFE7FFE7FFE7FFE7BE
:103680000E99012081F83400059880B1FFE70E986B
:10369000016840F2FF50C0F240008863059A0E991D
:1036A000886B1043886301208DF83F0003E0002001
:1036B0008DF83F00FFE79DF83F0010B0B0BD00005F
:1036C00081B0009001B0704780B584B00290019144
:1036D000002000900299096E890F019A11700299D9
:1036E000096EC1F38361019A51700299096EC1F3A9
:1036F0000161019A91700299B1F86210019AD1703A
:103700000299096E090A019A11710299096E019ACA
:1037100051710299496E090D019AD1800299496E41
:10372000C1F30341019A11720299B1F86410C90BF7
:10373000019A51720299496EC1F38031019A9172D6
:103740000299496EC1F34031019AD1720299496ED2
:10375000C1F30031019A1173019948730299486EBF
:10376000896E6FF39F20800040EA91700199086193
:103770000298806EC0F3C260019908750298806E4D
:10378000C0F30260019948750298806EC0F3425000
:10379000019988750298806EC0F382400199C875BE
:1037A0000298806EC0F3C23001990876029869468B
:1037B000D4226FF0704305F0BDFA20B1FFE701207D
:1037C0008DF80F00C0E00298406C18BBFFE701982D
:1037D00000690130029908650198007E00F0070039
:1037E000811C012000FA01F3029A116D5943116501
:1037F0000199097A01F00F01884002994865029900
:10380000086D4A6D520A5043886502994FF4007062
:10381000C86526E00298406C01280ED1FFE70098A9
:10382000029908650299086D886502994FF4007045
:1038300048650299486DC86512E00298016840F237
:10384000FF50C0F2400088630299886B40F08050BE
:1038500088630299012081F834008DF80F0073E02D
:10386000FFE70298806EC0F3803001994876029895
:10387000806EC0F3C610019988760298806E00F0C1
:103880007F000199C8760298C06EC00F0199087731
:103890000298C06EC0F34170019948770298C06EDB
:1038A000C0F38260019988770298C06EC0F383509C
:1038B0000199C8770298C06EC0F34050019981F811
:1038C00020000199002081F821000299C96EC1F3FE
:1038D0000041019A82F822100299B1F86C10C90BCC
:1038E000019A82F823100299C96EC1F38031019ABE
:1038F00082F824100299C96EC1F34031019A82F80E
:1039000025100299C96EC1F30031019A82F8261080
:103910000299C96EC1F38121019A82F82710029998
:10392000C96EC1F30121019A82F82810029991F819
:103930006C104908019A82F82910019A012182F835
:103940002A108DF80F00FFE79DF80F0004B080BD2E
:1039500080B590B00E900D910C92FFF76BFD049026
:103960000D9848B9FFE70E99886B40F000608863B6
:1039700001208DF83F00E5E00E9890F83400012812
:1039800040F0DC80FFE70E990020019088630E9ADA
:10399000032182F834100E990968C8620D990291CA
:1039A0004FF0FF3106914FF400710791902108917B
:1039B000022109910A9001200B900E98006806A937
:1039C00008F0E8F901990E98006808F073FB05907B
:1039D000059898B1FFE70E98016840F2FF50C0F2D9
:1039E00040008863059A0E99886B104388630E998E
:1039F000012081F834008DF83F00A3E0FFE70E9826
:103A00000068406B10F4957F3DD1FFE70E98006889
:103A1000406B0004002816D5FFE700200390FFE765
:103A2000039807280ED8FFE70E98006808F030FAD0
:103A300002990860029804300290FFE70398013071
:103A40000390EDE7FFE7FFF7F5FC0499401A0C99A6
:103A5000884203D2FFE70C98A0B9FFE70E980168EF
:103A600040F2FF50C0F2400088630E99886B40F02E
:103A7000004088630E99012081F8340003208DF8FE
:103A80003F005FE0BBE70E980068406B000700282E
:103A900013D5FFE70E98016840F2FF50C0F24000D6
:103AA00088630E99886B40F0080088630E990120A6
:103AB00081F834008DF83F0044E00E980068406BB8
:103AC0008007002813D5FFE70E98016840F2FF50E9
:103AD000C0F2400088630E99886B40F00200886352
:103AE0000E99012081F834008DF83F002AE00E98ED
:103AF0000068406B8006002813D5FFE70E98016828
:103B000040F2FF50C0F2400088630E99886B40F08D
:103B1000200088630E99012081F834008DF83F0061
:103B200010E0FFE7FFE7FFE70E98016840F23A5028
:103B300088630E99012081F83400FFE700208DF89A
:103B40003F00FFE79DF83F0010B080BD82B00190BC
:103B500000910198406C009908600198806C009970
:103B600048600198C06C009988600198006D0099C8
:103B7000C8600198406D009908610198806D0099B6
:103B800048610198C06D00998861002002B07047BB
:103B900080B584B00390002000900398694605F03A
:103BA000C5F90190019830B1FFE7019A0399886B3C
:103BB00010438863FFE70098C0F343200290029807
:103BC00004B080BD81B00090009890F8340001B03E
:103BD0007047000080B584B003900398006B01909B
:103BE00003980068406B81B20020B0EBD13F0AD04F
:103BF000FFE79DF804000007002804D5FFE70398BD
:103C000005F046F970E103980068406B00F480719C
:103C10000020B0EB112F00F08F80FFE703980168C0
:103C20004FF48070886303980168C86B40F23A32A1
:103C30009043C86303980168C86A20F00100C86215
:103C40009DF804000006002832D5FFE79DF8040027
:103C50008006002812D5FFE70398006808F088FA6C
:103C60000290029848B1FFE7029A0399886B1043CB
:103C700088630398FFF724FDFFE7FFE79DF8040042
:103C8000C007A0B9FFE79DF80400800700280ED404
:103C9000FFE703980168C86A20F00800C86203992A
:103CA000012081F83400039800F0D6FBFFE742E0E2
:103CB0009DF80400000700283BD5FFE79DF80400AD
:103CC0008007002806D4FFE79DF80400800600283E
:103CD00012D5FFE70398006808F04AFA02900298AC
:103CE00048B1FFE7029A0399886B104388630398F1
:103CF000FFF7E6FCFFE7FFE70398016840F23A5060
:103D000088630399012081F834009DF80400C007FE
:103D100030B9FFE79DF804008007002804D5FFE7CD
:103D2000039800F095FB03E0039800F095FBFFE794
:103D300000E0FFE7FFE7D6E003980068406B00F47F
:103D400080410020B0EB913F0AD0FFE79DF80400CE
:103D50000007002804D5FFE7039805F00FF9C1E03C
:103D600003980068406B40F23A21084200F0B880A6
:103D7000FFE703980068406B00F002010020B0EB01
:103D8000510F06D0FFE70399886B40F0020088636B
:103D9000FFE703980068406B00F008010020B0EBDB
:103DA000D10F06D0FFE70399886B40F008008863C5
:103DB000FFE703980068406B00F020010020B0EBA3
:103DC000511F06D0FFE70399886B40F020008863FD
:103DD000FFE703980068406B00F010010020B0EB93
:103DE000111F06D0FFE70399886B40F0100088632D
:103DF000FFE703980068406B00F400710020B0EB0F
:103E0000512F06D0FFE70399886B40F008008863C4
:103E1000FFE70398016840F23A70886303980168ED
:103E2000C86B40F23A329043C8630398006808F0C8
:103E30009FF902460399886B104388639DF804003C
:103E40000007002808D5FFE70399012081F8340016
:103E50000398FFF735FC42E09DF8040000060028B7
:103E60003BD5FFE70398006C98B1FFE70398016C1E
:103E700048F6F100C0F6000008650398006CFEF7F4
:103E800071FD28B1FFE70398006C04F031FDFFE7F6
:103E900022E00398C06B98B1FFE70398C16B48F626
:103EA0005900C0F6000008650398C06BFEF75AFD84
:103EB00028B1FFE70398C06B04F0CEFCFFE70AE0EF
:103EC0000399002088630399012081F83400039846
:103ED000FFF718FBFFE7FFE700E0FFE7FFE700E081
:103EE000FFE7FFE7FFE7FFE704B080BD80B582B0E2
:103EF0000090009820B9FFE701208DF8070035E019
:103F0000009890F8340038B9FFE70099002008774E
:103F1000009800F0C1F8FFE70099032081F8340011
:103F2000009800F027F8012804D1FFE701208DF860
:103F300007001BE00099002088630099086300993E
:103F4000012081F834000098006958B1FFE700981B
:103F50000169FFF7DBFA20B1FFE701208DF80700C8
:103F600004E0FFE700208DF80700FFE79DF8070059
:103F700002B080BDB0B58EB00C90002005900690C8
:103F800007900890099076200A900C98006805998F
:103F9000069A079BDDF820C0099C0A9DEE46CEF8E4
:103FA0000850CEF80440CEF800C007F03BFF8DF873
:103FB00013009DF81300012804D1FFE701208DF8BC
:103FC000370064E048F2A001C4F225210020086017
:103FD0000C98006807F054FF8DF813009DF813004B
:103FE000012804D1FFE701208DF837004FE048F2A7
:103FF000A001C4F22521012008600220FEF784FF01
:104000000C9804F0A5FD0B900B9860B1FFE70C999C
:10401000012081F834000B9B0C9A916B194391633A
:104020008DF8370033E00C9804F0A0FC0B900B984F
:1040300060B1FFE70C99012081F834000B9B0C9ACA
:10404000916B194391638DF8370020E00C9800685C
:104050004FF4007107F052FF0B900B9898B1FFE7F7
:104060000C98016840F2FF50C0F2400088630B9A40
:104070000C99886B104388630C99012081F83400F7
:104080008DF8370003E000208DF83700FFE79DF83A
:1040900037000EB0B0BD000080B592B01190002086
:1040A00010900F900E900D900C901198006842F6B1
:1040B0000041C4F20101884240F0DF80FFE7FFE7E2
:1040C00000200B9043F64400C4F20200016841F462
:1040D00000610160006800F400600B900B98FFE73E
:1040E000FFE700200A9043F63000C4F202000168A6
:1040F00041F004010160006800F004000A900A9891
:10410000FFE7FFE70020099043F63000C4F2020009
:10411000016841F008010160006800F008000990A2
:104120000998FFE74FF4F8500C90022002900D9090
:10413000012003900E90032007900F900C20049014
:10414000109040F60000C4F202000CA90591FEF7A1
:1041500035FFDDF808C0039B04980599079A4FF0D6
:10416000040ECDF818E0CDF830E0CDF834C00E9351
:104170000F92109040F60040C4F20200FEF71EFFBE
:10418000069A079948F6AC10C2F20100089046F270
:104190005843C4F2020303604FF0006343604023BE
:1041A00083600023C3604FF4806303614FF4805346
:1041B00043614FF4804383612023C3614FF4003394
:1041C0000362426281624FF40001C1624FF4001148
:1041D0000163FEF77FFD18B1FFE7FEF7B1F8FFE7D7
:1041E000FFE7119848F6AC11C2F201010164119881
:1041F0008863FFE748F64C10C2F20100019046F2D6
:10420000A041C4F2020101604FF000614160002151
:104210008160C1604FF4806101614FF48051416160
:104220004FF4804181612021C1614FF4003101626E
:1042300004214162032181624FF40001C1624FF405
:1042400000110163FEF746FD18B1FFE7FEF778F8AD
:10425000FFE7FFE7119848F64C11C2F20101C16374
:1042600011988863FFE7312000900521002200F0BB
:1042700013FA009800F006FAFFE712B080BD0000C4
:1042800080B58EB00C900B910A9209930A98019018
:104290000B9848B9FFE70C99886B40F00060886381
:1042A00001208DF83700CEE00C9890F834000128FA
:1042B00040F0C580FFE70C99002088630A980999AF
:1042C00008440C99896D884209D9FFE70C99886BDD
:1042D00040F00070886301208DF83700B3E00C993E
:1042E000032081F834000C9801680020C8620C9902
:1042F0000A68D16B40F22A331943D1630C99CA6B17
:1043000048F2F571C0F60001D1630C99CA6B48F20E
:104310005571C0F60001D1640C99C96B08650C9801
:10432000406C012804D0FFE7019840020190FFE7AC
:104330000C98C16B002088600C98C06B0068006806
:1043400020F0C0000C99CA6B116892681043086095
:104350000C980168C06B80310B9ADDF824C04FF6D1
:104360008073C3F6FF7303EACC13FEF76BFDC0B195
:10437000FFE70C980168C86B20F49570C8630C982F
:10438000016840F2FF50C0F2400088630C994FF082
:10439000804088630C99012081F834008DF8370043
:1043A00051E048F28C51C4F22521012008604FF001
:1043B000FF3103910999490204919021059102214D
:1043C00006910021079108900C98006803A907F056
:1043D000E1FC099802280AD3FFE70C9982200863C0
:1043E0000C980068019907F0D7FD029009E00C993C
:1043F000812008630C980068019907F0EBFD02909A
:10440000FFE70298B8B1FFE70C98016840F2FF504F
:10441000C0F2400088630C980168C86B20F4957066
:10442000C86302980C9988630C99012081F83400C4
:104430008DF8370007E000208DF8370003E00220F8
:104440008DF83700FFE79DF837000EB080BD000003
:1044500081B0009001B0704781B0009001B070470A
:1044600080B58EB00C900B910A9209930A98019036
:104470000B9848B9FFE70C99886B40F0006088639F
:1044800001208DF83700D2E00C9890F83400012814
:1044900040F0C980FFE70C99002088630A980999C9
:1044A00008440C99896D884209D9FFE70C99886BFB
:1044B00040F00070886301208DF83700B7E00C9958
:1044C000032081F834000C9801680020C8620C9920
:1044D0000A68D16B40F21A231943D1630C990A6C14
:1044E00048F6D501C0F60001D1630C990A6C48F278
:1044F0005571C0F60001D1640C99096C08650C98DF
:10450000406C012804D0FFE7019840020190FFE7CA
:10451000099802280AD3FFE70C99A02008630C9899
:104520000068019907F060FE029009E00C99902064
:1045300008630C980068019907F074FE0290FFE789
:104540000298C8B1FFE70C98016840F2FF50C0F232
:10455000400088630C980168C86B20F48D70C863B4
:10456000029A0C99886B104388630C99012081F89A
:1045700034008DF837005AE048F28C51C4F22521FE
:10458000012008600C98016C402088600C98006C39
:104590000068006820F0C0000C990A6C11689268ED
:1045A000104308600C980268006C0B998032DDF8AB
:1045B00024C04FF68073C3F6FF7303EACC13FEF7F3
:1045C00041FCC8B1FFE70C980168C86B20F48D70FE
:1045D000C8630C98016840F2FF50C0F24000886345
:1045E0000C99886B40F0804088630C99012081F819
:1045F00034008DF837001AE04FF0FF30039009982F
:1046000040020490902005900020009006900790B2
:10461000012008900C98006803A907F0BBFB0098E4
:104620008DF8370003E002208DF83700FFE79DF892
:1046300037000EB080BD000082B0FFE7002001907F
:1046400043F64400C4F20200016841F48041016075
:10465000006800F4804001900198FFE7FFE7002028
:10466000009043F64000C4F20200016841F080511E
:104670000160006800F0805000900098FFE702B0F1
:104680007047000080B582B08DF807009DF90700E3
:104690000CF026FA02B080BD80B586B08DF8170008
:1046A00004910392002002900CF032FA02909DF9DE
:1046B0001700019002980499039A05F039FB01460E
:1046C00001980CF02DFA06B080BD000080B582B0D4
:1046D000019001980CF046FA02B080BD0CF060FA2F
:1046E00082B001908DF8031002B0704782B0019043
:1046F000ADF80210BDF80200019909684862002077
:1047000002B0704784B003908DF80B10ADF808200C
:1047100003980068406A00909DF80B0048B9FFE7D5
:10472000BDF80810009840EA0140039909688862C2
:1047300033E003980068816A009800EB1140009014
:1047400000208DF80700FFE79DF807009DF80B108B
:104750000139884213D2FFE7039800689DF80710DB
:1047600000EB8100D0F80411009800EB114000909C
:10477000FFE79DF8070001308DF80700E4E7BDF87A
:104780000810009840EA0140039909689DF80B2041
:1047900001EB8201C1F80001FFE7002004B070477F
:1047A00080B582B001900198D0F8E00409F04EFC89
:1047B00002B080BD80B582B001908DF80310019ADF
:1047C000D2F8E0049DF8031001EBC10302EB830271
:1047D000126A09F099FA02B080BD000080B582B07B
:1047E00001908DF80310019AD2F8E0049DF80310AF
:1047F00001EBC10302EB8302D2F8602209F04CFB0B
:1048000002B080BD80B582B001900198D0F8E0047C
:1048100009F022FC02B080BD80B584B003908DF811
:104820000B109DF80B00000600280CD5FFE703983D
:104830009DF80B1001F00F0101EBC10100EB8100AD
:10484000143001900CE003989DF80B1001F00F015B
:1048500001EBC10100EB810000F515700190FFE74D
:104860000398006801990BF045FC8DF80A009DF84B
:104870000A0004B080BD000080B584B002908DF8BD
:1048800007109DF80700000600280FD5FFE70298E3
:104890009DF8071001F00F0101EBC10100EB810051
:1048A000143000900099012048700FE002989DF8A4
:1048B000071001F00F0101EBC10100EB810000F5D1
:1048C00015700090009900204870FFE79DF80700E0
:1048D00000F00F0000990870FFE7029890F8940428
:1048E000012804D1FFE702208DF80F0014E002999F
:1048F000012081F89404FFE7FFE70298006800991F
:104900000AF0E8FEFFE70299002081F89404FFE72F
:1049100000208DF80F00FFE79DF80F0004B080BD68
:1049200080B584B002908DF807109DF8070000F064
:104930000F0002990979884204D9FFE701208DF818
:104940000F004DE09DF80700000600280FD5FFE797
:1049500002989DF8071001F00F0101EBC10100EB77
:104960008100143000900099012048700FE00298F7
:104970009DF8071001F00F0101EBC10100EB810070
:1049800000F515700090009900204870FFE700992D
:10499000002088709DF8070000F00F000099087053
:1049A000FFE7029890F89404012804D1FFE7022061
:1049B0008DF80F0014E00299012081F89404FFE7BC
:1049C000FFE70298006800990BF0F4F8FFE70299FE
:1049D000002081F89404FFE700208DF80F00FFE726
:1049E0009DF80F0004B080BD80B584B002908DF8B2
:1049F0000710FFE7029890F89404012804D1FFE71C
:104A000002208DF80F0023E00299012081F8940420
:104A1000FFE7FFE79DF807000006002809D5FFE73C
:104A2000029800689DF8071001F00F010BF034FCAC
:104A300004E0029800680BF0F5FBFFE7FFE702993E
:104A4000002081F89404FFE700208DF80F00FFE7B5
:104A50009DF80F0004B080BD82B001908DF8031066
:104A600001989DF8031001F00F0101EBC10100EB6B
:104A70008100D0F8680202B07047000080B586B0AF
:104A800004908DF80F10ADF80C208DF80B3000203D
:104A90008DF80A009DF80F00000600280FD5FFE7EB
:104AA00004989DF80F1001F00F0101EBC10100EB1C
:104AB0008100143001900199012048700FE00498A2
:104AC0009DF80F1001F00F0101EBC10100EB810017
:104AD00000F515700190019900204870FFE79DF8DE
:104AE0000F0000F00F0001990870BDF80C006FF383
:104AF000DF20019988609DF80B00019908710198E9
:104B0000407820B1FFE7019908784883FFE79DF8D6
:104B10000B00022804D1FFE7019900204871FFE74C
:104B2000FFE7049890F89404012804D1FFE70220DD
:104B30008DF8170015E00499012081F89404FFE72F
:104B4000FFE70498006801990AF096FCFFE70499D2
:104B5000002081F89404FFE79DF80A008DF8170003
:104B6000FFE79DF8170006B080BD000080B586B055
:104B700005908DF813100392029305989DF8131079
:104B800001F00F0101EBC10100EB810000F5157090
:104B9000019003980199C8600298019908610199F0
:104BA00000204861019948709DF8130000F00F0043
:104BB0000199087005988079012804D1FFE70398CE
:104BC0000199C861FFE7059A1068019992790BF085
:104BD00095F8002006B080BD80B584B002908DF8B5
:104BE00007109DF8070000F00F000299097988422C
:104BF00004D9FFE701208DF80F0058E09DF8070069
:104C0000000600280FD5FFE702989DF8071001F075
:104C10000F0101EBC10100EB8100143000900099FD
:104C2000012048700DE002989DF8071001EBC101CA
:104C300000EB810000F5157000900099002048708D
:104C4000FFE70099012088709DF8070000F00F0031
:104C500000990870FFE7029890F89404012804D1A5
:104C6000FFE702208DF80F0021E00299012081F872
:104C70009404FFE7FFE70298006800990AF0EAFF52
:104C80009DF80700000740B9FFE7029A1068917984
:104C900002F29C420AF03EFFFFE7FFE70299002084
:104CA00081F89404FFE700208DF80F00FFE79DF8DE
:104CB0000F0004B080BD000080B586B005908DF86F
:104CC00013100392029305989DF8131001F00F0141
:104CD00001EBC10100EB81001430019003980199B0
:104CE000C860029801990861019900204861019902
:104CF000012048709DF8130000F00F000199087022
:104D000005988079012804D1FFE703980199C861CB
:104D1000FFE7059A1068019992790AF0EFFF0020E9
:104D200006B080BD80B58CB00B900B9800680A90DF
:104D30000A9809900B9800680BF012FB002840F0CD
:104D40000B84FFE70B9800680BF076FB10B9FFE7C8
:104D500000F002BC0998D0F80808C0F30D200B99A8
:104D6000C1F8D4040B9800680BF066FB800700289C
:104D700007D5FFE70B980168486900F00200486119
:104D8000FFE70B9800680BF057FBC006002862D5C0
:104D9000FFE70B980168886920F0100088610A9885
:104DA000006A02900B98029901F00F0101EBC1011A
:104DB00000EB810000F515700890029800F4F011E6
:104DC0000220B0EB514F23D1FFE7BDF8080047F6B2
:104DD000F07108421BD0FFE70A980899C968029A47
:104DE000C2F30A120BF036FB029847F6F07100EAA4
:104DF0000103089AD06800EB1310D060029800EA13
:104E000001020899486900EB12104861FFE71BE0B6
:104E1000029800F4F0110620B0EB514F12D1FFE7D9
:104E20000A980B9901F29C4108220BF013FB02989F
:104E300047F6F07100EA01020899486900EB121088
:104E4000486100E0FFE7FFE70B980168886940F0E0
:104E500010008861FFE70B9800680BF0EDFA000383
:104E6000002840F1A680FFE7002004900B9800681E
:104E70000BF090FA0690FFE70698002800F0988063
:104E8000FFE79DF81800C007002800F08A80FFE7C0
:104E90000B9800689DF810100BF0B6FA05909DF87D
:104EA0001400C00760B1FFE70998049900EB4111B5
:104EB0000120C1F8080B0B98049904F0BDFFFFE72F
:104EC0009DF81400000700280CD5FFE70998049905
:104ED00000EB41110820C1F8080B0B98049904F06D
:104EE00065FFFFE79DF81400C006002808D5FFE71E
:104EF0000998049900EB41111020C1F8080BFFE755
:104F00009DF81400800700282DD5FFE70A98406916
:104F10000006002808D5FFE70999D1F8040840F4F5
:104F20008060C1F80408FFE70B98049901EBC10108
:104F300000EB810000F5157008900898C0780128F2
:104F400009D1FFE708990020C8700B989DF8101050
:104F500000F012FBFFE70998049900EB41110220D1
:104F6000C1F8080BFFE79DF814008006002808D55B
:104F7000FFE70998049900EB41112020C1F8080BC4
:104F8000FFE79DF815008006002809D5FFE709987E
:104F9000049900EB41114FF40050C1F8080BFFE7F2
:104FA000FFE704980130049006984008069063E7F4
:104FB000FFE70B9800680BF03FFA4003002840F130
:104FC000C680FFE70B9800680BF0D2F9069000202E
:104FD0000490FFE70698002800F0B880FFE79DF8EE
:104FE0001800C007002800F0AA80FFE70B980068AF
:104FF0009DF810100BF0E0F905909DF81400C00723
:1050000000283ED0FFE7049800F00F01012000FACD
:1050100001F10391039B099AD2F834189943C2F81D
:1050200034180999049A01EB4211C1F808090B9848
:10503000807901281FD1FFE70B98049901EBC1018A
:1050400000EB8101CA69086A10440862049888B9B3
:10505000FFE70B98049901EBC10100EB8100406A66
:1050600040B9FFE70B99086801F29C4201210AF060
:1050700051FDFFE7FFE70B989DF81010FFF79AFB33
:10508000FFE79DF814000007002808D5FFE70998FE
:10509000049900EB41110820C1F80809FFE79DF8C9
:1050A0001400C006002808D5FFE70998049900EB12
:1050B00041111020C1F80809FFE79DF814004006CF
:1050C000002808D5FFE70998049900EB411140201A
:1050D000C1F80809FFE79DF814008007002822D5D1
:1050E000FFE70A9804990BF0D7F80B98049901EBA5
:1050F000C10100EB8100143008900898C0780128A5
:1051000009D1FFE708990020C8700B989DF810108E
:1051100000F024FAFFE70998049900EB41110220FE
:10512000C1F80809FFE79DF814000006002805D51E
:10513000FFE70B98049904F063FFFFE7FFE704988B
:105140000130049006984008069043E7FFE70B986B
:1051500000680BF071F9C00F00B3FFE70999D1F8AF
:10516000040820F00100C1F804080B9890F8CC0462
:10517000012808D1FFE70B98002180F8CC140B9888
:10518000FFF7AEFA03E00B9800F002FCFFE70B9884
:105190000168486900F000404861FFE70B9800682B
:1051A0000BF04AF90005002811D5FFE70998D0F85F
:1051B0000808C00720B1FFE70B9800F075FCFFE777
:1051C0000B980168486900F400604861FFE70B989C
:1051D00000680BF031F9C004002840F18680FFE739
:1051E0000999D1F8040820F00100C1F804080B98CF
:1051F000006810210BF050F800200790FFE7079897
:105200000B990979884231D2FFE70998079900EB99
:1052100041114FF67F30C1F808090999079A01EB4F
:105220004212D2F8001921F40011C2F800190999AC
:10523000079A01EB4211C1F8080B0998079900EB96
:105240004111D1F8000B20F40010C1F8000B0998AF
:10525000079900EB4111D1F8000B40F00060C1F854
:10526000000BFFE7079801300790C8E70999D1F8CC
:105270001C0840F00110C1F81C080B98C07B78B1E5
:10528000FFE70999D1F8840840F00B00C1F88408C1
:105290000999D1F8440840F00B00C1F844080FE028
:1052A0000999D1F8140842F22B021043C1F81408EE
:1052B0000999D1F8100840F00B00C1F81008FFE779
:1052C0000999D1F8000820F4FE60C1F800080B9A93
:1052D0001068917902F29C420AF01CFC0B9801685C
:1052E000486900F480504861FFE70B9800680BF0B4
:1052F000A3F8800400281FD5FFE70B9800680AF088
:105300002BF90B9800680BF005F80B99C8710B98F6
:105310000068019000F088FF014601980B9AD2794D
:105320000BF090F90B9800F009FB0B9801684869A5
:1053300000F400504861FFE70B9800680BF07CF820
:10534000000700280AD5FFE70B9800F02BFB0B980D
:105350000168486900F008004861FFE70B980068A1
:105360000BF06AF80006002825D5FFE70A9988693E
:1053700020F08000886101200490FFE704980B99D9
:105380000979884216D2FFE70B98049901EBC10115
:1053900000EB810090F85702012806D1FFE70B9837
:1053A0009DF81010FFF738FAFFE7FFE70498013087
:1053B0000490E3E7FFE70B9800680BF03DF8C002AC
:1053C00000283CD5FFE701200490FFE704980B99E3
:1053D000097988422CD2FFE70998049900EB411023
:1053E000D0F8000902900B98049901EBC10100EB81
:1053F0008100007E012816D1FFE79DF80B00000612
:10540000002810D5FFE70B98049901EBC10100EBD0
:1054100081010120C8750B989DF8101041F08001A2
:10542000FFF7FAF9FFE7FFE7049801300490CDE7B2
:105430000B980168486900F480104861FFE70B98F9
:1054400000680AF0F9FF8002002855D5FFE7012027
:105450000490FFE704980B990979884245D2FFE749
:105460000998049900EB4110D0F8000B02900B98BA
:10547000049901EBC10100EB810090F8580201286A
:105480002ED1FFE79DF80B000006002828D5FFE786
:10549000029800F480300B99D1F8D41401F0010186
:1054A00088421DD1FFE70B98049901EBC10100EB85
:1054B0008101012081F857020A99886940F0800033
:1054C00088610A9840690006002808D4FFE7099916
:1054D000D1F8040840F40070C1F8040805E0FFE7C3
:1054E000FFE7049801300490B4E70B98016848691D
:1054F00000F400104861FFE70B9800680AF09CFF79
:10550000400000280AD5FFE70B98FFF749F90B98F0
:105510000168486900F080404861FFE70B98006827
:105520000AF08AFF4007002815D5FFE70B980068AE
:10553000406802909DF808004007002804D5FFE766
:105540000B98FFF75FF9FFE7029A0B98016848682C
:1055500010434860FFE7FFE70CB080BD80B582B024
:1055600001908DF803100198D0F8E0049DF8031025
:1055700008F030FE02B080BD80B582B001908DF899
:1055800003100198D0F8E0049DF8031008F05AFECB
:1055900002B080BD80B58EB00C900C9820B9FFE7AA
:1055A00001208DF8370012E10C9800680B900C98E0
:1055B00090F8950440B9FFE70C99002081F8940415
:1055C0000C9800F009F9FFE70C99032081F8950485
:1055D0000B98B0F1A04F04D1FFE70C99002088711F
:1055E000FFE70C9800680AF08BFA0C9B1868197C8E
:1055F0008DF8241059689A68DB6808930792069121
:105600000699079A089BDDF824C0EE46CEF800C044
:1056100009F0B8FF40B1FFE70C99022081F895042A
:1056200001208DF83700D2E00C98006800210AF0C4
:105630006BFF40B1FFE70C99022081F8950401202F
:105640008DF83700C3E000208DF82B00FFE79DF8B0
:105650002B000C990979884241DAFFE70C989DF8F4
:105660002B1001EBC10100EB8101012048759DF871
:105670002B000C9900EBC00201EB820108759DF82C
:105680002B000C9900EBC00201EB8201C8850C983D
:105690009DF82B1001EBC10100EB81010020087681
:1056A0000C999DF82B2002EBC20201EB8201C8612C
:1056B0000C999DF82B2002EBC20201EB82010862DB
:1056C0000C999DF82B2002EBC20201EB820148628B
:1056D000FFE79DF82B0001308DF82B00B7E7002085
:1056E0008DF82B00FFE79DF82B000C990979884273
:1056F0003EDAFFE70C989DF82B1001EBC10100EB9F
:105700008101002081F855029DF82B100C9A01EBC5
:10571000C10302EB830282F854120C999DF82B20EE
:1057200002EBC20201EB820181F858020C999DF84C
:105730002B2002EBC20201EB8201C1F85C020C9942
:105740009DF82B2002EBC20201EB8201C1F860023E
:105750000C999DF82B2002EBC20201EB8201C1F8EB
:105760006402FFE79DF82B0001308DF82B00BAE7AB
:105770000C9B1868197C8DF8141059689A68DB68BE
:105780000493039202910299039A049BDDF814C0DA
:10579000EE46CEF800C00AF065F840B1FFE70C997C
:1057A000022081F8950401208DF837000FE00C9954
:1057B0000020019048740C99012081F895040C9800
:1057C00000680AF039F801988DF83700FFE79DF876
:1057D00037000EB080BD000080B592B0119000205F
:1057E00010900F900E900D900C9011980068002171
:1057F000C4F20401884240F09F80FFE7FFE70020E9
:105800000B9043F63000C4F20200016841F004013D
:105810000160006800F004000B900B98FFE7FFE7C1
:1058200000200A9043F63000C4F20200016841F003
:1058300001010160006800F001000A900A98FFE78A
:10584000FFE70020099043F63000C4F2020001682F
:1058500041F002010160006800F00200099009981F
:10586000FFE70D200C90022002900D900020039085
:105870000E90032004900F900A200590109040F69F
:105880000000C4F202000CA90691FDF797FBDDF8B9
:1058900008C0039B049A059806994FF0280ECDF88E
:1058A00030E0CDF834C00E930F9210900020C4F277
:1058B0000200FDF783FBDDF808C0039B049A0598FE
:1058C000069943F6234ECDF830E0CDF834C00E9360
:1058D0000F92109040F20040C4F20200FDF76EFB00
:1058E000FFE70020089043F63000C4F20200016890
:1058F00041F000510160006800F0005008900898E5
:10590000FFE7FFE70020079043F63000C4F20200F3
:10591000016841F080410160006800F0804007901C
:105920000798FFE74D20019007210022FEF7B4FE03
:105930000198FEF7A7FEFFE712B080BD80B582B0E8
:10594000019001208DF803000198C07920B9FFE78C
:1059500000208DF803000CE00198C079022804D1E2
:10596000FFE701208DF8030002E0FCF7E9FCFFE708
:10597000FFE70198D0F8E0049DF8031008F062FDFD
:105980000198D0F8E00408F0DDFC02B080BD000012
:1059900080B582B001900198D0F8E00408F020FDB5
:1059A00002B080BD80B582B001900198D0F8E004CB
:1059B00008F028FD02B080BD80B584B002908DF85B
:1059C0000710FFE7029890F89404012804D1FFE73C
:1059D00002208DF80F0019E00299012081F894044B
:1059E000FFE7FFE79DF807000299487402980068F6
:1059F0009DF807100AF0F8FDFFE70299002081F8F2
:105A00009404FFE700208DF80F00FFE79DF80F00DA
:105A100004B080BD80B582B001900199D1F8E00456
:105A200001F29C4108F038FD02B080BD80B584B021
:105A30000290029800680190FFE7029890F89404A1
:105A4000012804D1FFE702208DF80F0028E0029919
:105A5000012081F89404FFE7FFE70198C068400641
:105A600000280BD5FFE70298407B012806D1FFE70D
:105A70000199886B40F480308863FFE702980068E2
:105A80000AF0C6FB0298006809F0C0FEFFE7029921
:105A9000002081F89404FFE700208DF80F00FFE755
:105AA0009DF80F0004B080BD80B582B001900198D0
:105AB000D0F8E00408F072FD01980168D1F8000EFA
:105AC00040F00100C1F8000E0198C07A48B1FFE72C
:105AD0004EF61051CEF20001086840F00600086052
:105AE000FFE702B080BD000080B584B000200290C6
:105AF000FFE70020019043F64000C4F20200016875
:105B000041F080510160006800F0805001900198E0
:105B1000FFE74021C4F20E2101200860FDF78AFC56
:105B20000290FFE747F20400C4F20000006800F4AE
:105B30008030B0F5803F0DD0FFE7FDF77BFC029988
:105B4000401AB0F57A7F04D9FFE703208DF80F00E3
:105B500025E0E7E74421C4F20E2101200860FDF7AB
:105B600069FC0290FFE747F20400C4F200000068FD
:105B700000F40030B0F5003F0DD0FFE7FDF75AFC10
:105B80000299401AB0F57A7F04D9FFE703208DF817
:105B90000F0004E0E7E700208DF80F00FFE79DF815
:105BA0000F0004B080BD000080B586B004900020D6
:105BB0000390029004980078C00770B9FFE704983A
:105BC000006800F00200022807D0FFE70498007880
:105BD0004006002840F18F80FFE76821C4F247218A
:105BE00000200860FDF726FC0390FFE743F6000065
:105BF000C4F20200006800F000610020B0EBD16F39
:105C00000CD0FFE7FDF716FC0399401A032804D3D4
:105C1000FFE703208DF81700D0E1E7E7049800784C
:105C2000C00760B1FFE7049948688968800140EACD
:105C3000017043F68401C4F202010860FFE7049892
:105C40000078800700281FD5FFE743F68401C4F2DF
:105C500002010868C0F302700290049A5068D2688A
:105C6000800140EA0260029A40EA0270086043F64E
:105C70008C01C4F20201086820F01F00049AD26966
:105C8000013A10430860FFE70498007840060028B6
:105C90000FD5FFE7049A50689168D268800140EA06
:105CA000026040EA017043F68401C4F20201086018
:105CB000FFE76821C4F2472101200860FDF7BAFB25
:105CC0000390FFE743F60000C4F20200006800F012
:105CD00000610020B0EBD16F0CD1FFE7FDF7AAFB0C
:105CE0000399401A032804D3FFE703208DF8170017
:105CF00064E1E7E7FFE70498006800F00400042887
:105D000007D0FFE7049800780007002840F1908052
:105D1000FFE77021C4F2472100200860FDF78AFBED
:105D20000390FFE743F60000C4F20200006800F0B1
:105D300000510020B0EB517F0CD0FFE7FDF77AFB5C
:105D40000399401A032804D3FFE703208DF81700B6
:105D500034E1E7E7049800784007002822D5FFE700
:105D600043F68801C4F202010868C0F30270029091
:105D7000049A10695269800140EA0260029A40EA7E
:105D80000270086043F68C01C4F20201086820F436
:105D9000F850049A136A6FF0FF0202EB03221043DB
:105DA0000860FFE704980078000700281ED5FFE789
:105DB00043F68801C4F202010868C0F30360029050
:105DC000049A106992698001029B40EA036040EAEC
:105DD0000270086043F68C01C4F20201086820F4E6
:105DE0004030049A526A10430860FFE77021C4F201
:105DF000472101200860FDF71DFB0390FFE743F6F4
:105E00000000C4F20200006800F000510020B0EB76
:105E1000517F0CD1FFE7FDF70DFB0399401A0328D2
:105E200004D3FFE703208DF81700C7E0E7E7FFE79B
:105E3000049800788006002840F1AD80FFE7FFE776
:105E40000020019043F64000C4F20200016841F0D6
:105E500080510160006800F0805001900198FFE7D8
:105E600047F20001C4F20001086840F48070086045
:105E7000FDF7E0FA0390FFE747F20000C4F20000EC
:105E80000068C00500280CD4FFE7FDF7D3FA03999A
:105E9000401A032804D3FFE703208DF817008DE094
:105EA000EAE743F67000C4F20200006800F44070B4
:105EB0000290029800283ED0FFE702980499896A70
:105EC00001F44071884236D0FFE743F67000C4F217
:105ED0000200016821F44071029140F64062C4F270
:105EE00047220121116000211160029901600068C0
:105EF000C007F8B1FFE7FDF79DFA0390FFE743F60F
:105F00007000C4F20200006800F002010020B0EB53
:105F1000510F0ED1FFE7FDF78DFA0399401A41F2B8
:105F20008931884204D3FFE703208DF8170045E04C
:105F3000E5E7FFE7FFE7FFE70498806A00F44070B9
:105F4000B0F5407F11D1FFE743F60801C4F202012A
:105F5000086820F4F810049A926A4FF6FF43C0F6DE
:105F6000FF731A401043086008E043F60801C4F2CA
:105F70000201086820F4F8100860FFE70498826ABC
:105F80006FF31F3243F67001C4F202010868104338
:105F90000860FFE7FFE704980078C006002809D5ED
:105FA000FFE7049890F82C0041F2E011C4F2472179
:105FB0000860FFE700208DF81700FFE79DF8170045
:105FC00006B080BD80B584B002900191029820B9DE
:105FD000FFE701208DF80F0021E1019843F6004111
:105FE000C4F20201096801F00F01884212D9FFE7EB
:105FF000019943F60040C4F202000170006800F00D
:106000000F000199884204D0FFE701208DF80F00AE
:1060100005E1FFE702980078800700282AD5FFE70E
:10602000029800784007002809D5FFE743F60801E9
:10603000C4F20201086840F4E0500860FFE70298EB
:1060400000780007002809D5FFE743F60801C4F2ED
:106050000201086840F460400860FFE743F6080169
:10606000C4F20201086820F0F000029A926810431E
:106070000860FFE702980078C00700286ED0FFE7AD
:1060800002984068012811D1FFE743F60000C4F2EE
:106090000200006800F400310020B0EB514F04D141
:1060A000FFE701208DF80F00B9E02CE0029840686E
:1060B000022805D0FFE702984068032811D1FFE7C6
:1060C00043F60000C4F20200006800F000710020F6
:1060D000B0EB516F04D1FFE701208DF80F009EE077
:1060E00010E043F60000C4F20200006800F0020174
:1060F0000020B0EB510F04D1FFE701208DF80F0015
:106100008DE0FFE7FFE743F60801C4F202010868EB
:1061100020F00300029A526810430860FDF78AF9E4
:106120000090FFE743F60800C4F20200006800F0A8
:106130000C0002994968B0EB810F0ED0FFE7FDF724
:1061400079F90099401A41F28931884204D3FFE776
:1061500003208DF80F0062E0E4E7FFE7019843F6C3
:106160000041C4F20201096801F00F01884212D215
:10617000FFE7019943F60040C4F202000170006895
:1061800000F00F000199884204D0FFE701208DF84C
:106190000F0044E0FFE702980078400700280CD584
:1061A000FFE743F60801C4F20201086820F4E0505A
:1061B000029AD26810430860FFE70298007800074F
:1061C00000280DD5FFE743F60801C4F20201086874
:1061D00020F46040029A126940EAC2000860FFE7BA
:1061E00000F04CF843F60801C4F202010968C9B294
:1061F0000A0946F2A461C0F60101895CC84040F278
:106200004801C2F20001086040F25C10C2F20000D6
:106210000068FDF73FF900208DF80F00FFE79DF8BB
:106220000F0004B080BD000040F24800C2F2000040
:106230000068704780B5FFF7F7FF43F60801C4F226
:1062400002010968C1F3822246F2B461C0F601017D
:10625000895CC84080BD000080B5FFF7E5FF43F6CC
:106260000801C4F20201096889B24A0B46F2B4611E
:10627000C0F60101895CC84080BD000080B586B0D1
:106280000020059004900390029043F60800C4F2A9
:106290000200006800F00C000146019140B1FFE7E8
:1062A000019804280AD0FFE7019808280CD04FE095
:1062B00042F20040C0F2F40002904FE047F6400086
:1062C000C0F27D10029049E043F60400C4F20200DF
:1062D000016801F03F01059100684002002813D5D4
:1062E000FFE743F60400C4F202000068C0F3881020
:1062F00047F64001C0F27D11A0FB0101059A002381
:10630000F9F770FF049012E043F60400C4F20200B3
:106310000068C0F3881042F20041C0F2F401A0FB13
:106320000101059A0023F9F75DFF0490FFE743F6AA
:106330000400C4F20200006800F44031022000EBC7
:10634000D130039004980399B0FBF1F0029005E07E
:1063500042F20040C0F2F4000290FFE7029806B05B
:1063600080BD000080B586B00490049820B9FFE796
:1063700001208DF8170050E304980078C00700282A
:1063800000F0A580FFE743F60800C4F202000068B1
:1063900000F00C00042813D0FFE743F60800C4F215
:1063A0000200006800F00C0008281ED1FFE743F649
:1063B0000400C4F2020000684002002815D5FFE77F
:1063C00043F60000C4F20200006800F4003100202F
:1063D000B0EB514F08D0FFE70498406820B9FFE7C1
:1063E00001208DF8170018E370E0FFE7049840687B
:1063F000B0F5803F09D1FFE743F60001C4F2020186
:10640000086840F48030086020E004984068B0F5E7
:10641000A02F0DD1FFE743F60001C4F20201086886
:1064200040F480200860086840F4803008600CE088
:1064300043F60001C4F20201086820F480300860CD
:10644000086820F480200860FFE7FFE7FFE7049872
:106450004068E8B1FFE7FCF7EDFF0390FFE743F684
:106460000000C4F20200006800F400310020B0EB2C
:10647000514F0CD1FFE7FCF7DDFF0399401A652867
:1064800004D3FFE703208DF81700C6E2E7E71CE01E
:10649000FCF7D0FF0390FFE743F60000C4F20200D0
:1064A000006800F400310020B0EB514F0CD0FFE742
:1064B000FCF7C0FF0399401A652804D3FFE70320C7
:1064C0008DF81700A9E2E7E7FFE7FFE7FFE7049889
:1064D00000788007002840F19680FFE743F6080027
:1064E000C4F20200006810F00C0F13D0FFE743F66F
:1064F0000800C4F20200006800F00C0008282CD14B
:10650000FFE743F60400C4F20200006840020028DE
:1065100023D4FFE743F60000C4F20200006800F055
:1065200002010020B0EB510F09D0FFE70498C068CA
:10653000012804D0FFE701208DF817006DE243F633
:106540000001C4F20201086820F0F800049A126900
:1065500040EAC2000860FFE754E00498C06870B3E6
:10656000FFE70021C4F2472101200860FCF762FF29
:106570000390FFE743F60000C4F20200006800F059
:1065800002010020B0EB510F0CD1FFE7FCF752FFE6
:106590000399401A032804D3FFE703208DF817005E
:1065A0003BE2E7E743F60001C4F20201086820F08D
:1065B000F800049A126940EAC200086021E0002154
:1065C000C4F2472100200860FCF734FF0390FFE786
:1065D00043F60000C4F20200006800F0020100204F
:1065E000B0EB510F0CD0FFE7FCF724FF0399401AE2
:1065F000032804D3FFE703208DF817000DE2E7E737
:10660000FFE7FFE7FFE704980078000700284BD575
:10661000FFE70498406918B3FFE740F68061C4F2D1
:10662000472101200860FCF705FF0390FFE743F6D0
:106630007400C4F20200006800F002010020B0EB18
:10664000510F0CD1FFE7FCF7F5FE0399401A032820
:1066500004D3FFE703208DF81700DEE1E7E722E02F
:1066600040F68061C4F2472100200860FCF7E2FE9A
:106670000390FFE743F67400C4F20200006800F0E4
:1066800002010020B0EB510F0CD0FFE7FCF7D2FE67
:106690000399401A032804D3FFE703208DF817005D
:1066A000BBE1E7E7FFE7FFE7049800784007002831
:1066B00040F1CE80FFE700208DF8070043F6400050
:1066C000C4F202000068C000002815D4FFE7FFE70D
:1066D0000020009043F64000C4F20200016841F03F
:1066E00080510160006800F0805000900098FFE742
:1066F00001208DF80700FFE747F20000C4F2000018
:106700000068C005002822D4FFE747F20001C4F268
:106710000001086840F480700860FCF78BFE03906D
:10672000FFE747F20000C4F200000068C00500283F
:106730000CD4FFE7FCF77EFE0399401A032804D32C
:10674000FFE703208DF8170067E1EAE7FFE7FFE7BF
:1067500004988068012809D1FFE743F67001C4F26C
:106760000201086840F0010008601FE0049880689A
:1067700005280DD1FFE743F67001C4F20201086855
:1067800040F004000860086840F0010008600CE078
:1067900043F67001C4F20201086820F001000860AD
:1067A000086820F004000860FFE7FFE7FFE70498AF
:1067B0008068F8B1FFE7FCF73DFE0390FFE743F682
:1067C0007000C4F20200006800F002010020B0EB8B
:1067D000510F0ED1FFE7FCF72DFE0399401A41F24D
:1067E0008931884204D3FFE703208DF8170014E1B4
:1067F000E5E71EE0FCF71EFE0390FFE743F670009E
:10680000C4F20200006800F002010020B0EB510F5A
:106810000ED0FFE7FCF70EFE0399401A41F28931D2
:10682000884204D3FFE703208DF81700F5E0E5E781
:10683000FFE79DF80700012809D1FFE743F6400173
:10684000C4F20201086820F080500860FFE7FFE70B
:1068500004988069002800F0DC80FFE743F6080018
:10686000C4F20200006800F00C00082800F08580E7
:10687000FFE70498806902285CD1FFE76021C4F239
:10688000472100200860FCF7D5FD0390FFE743F6A1
:106890000000C4F20200006800F000710020B0EBBC
:1068A000516F0CD0FFE7FCF7C5FD0399401A032890
:1068B00004D3FFE703208DF81700AEE0E7E7049963
:1068C000C869D1F820C04B6A8A6A40EA0C0040EAE5
:1068D0008310D2034FF6FF739A43A2F58032104320
:1068E000C96A40EA016043F60401C4F2020108608B
:1068F0006021C4F2472101200860FCF79BFD039052
:10690000FFE743F60000C4F20200006800F00071E7
:106910000020B0EB516F0CD1FFE7FCF78BFD039922
:10692000401A032804D3FFE703208DF8170074E012
:10693000E7E721E06021C4F2472100200860FCF76E
:1069400079FD0390FFE743F60000C4F202000068FF
:1069500000F000710020B0EB516F0CD0FFE7FCF7A6
:1069600069FD0399401A032804D3FFE703208DF83B
:10697000170052E0E7E7FFE74AE004988069012842
:1069800004D1FFE701208DF8170046E043F604002C
:10699000C4F202000068029004988069012831D096
:1069A000FFE7029800F480000499C969884229D160
:1069B000FFE7029800F03F000499096A884221D15C
:1069C000FFE7029847F6C07108400499496AB0EBA6
:1069D000811F17D1FFE7029800F440300499896ABB
:1069E000C9034FF6FF729143A1F58031884209D166
:1069F000FFE7029800F070600499C96AB0EB016F7C
:106A000004D0FFE701208DF8170006E0FFE7FFE75D
:106A1000FFE700208DF81700FFE79DF8170006B08C
:106A200080BD000080B584B00390029101920020E7
:106A300000900398006840684FF63F71C0F2FF0174
:106A400008400090BDF802000299C8700098C0F399
:106A5000042002994870009800F03F000299887065
:106A6000BDF80000400B02990870019898B9FFE743
:106A70000298C07803F0F4FE0299C870029840783A
:106A800003F0EEFE029948700298807803F0E8FE69
:106A900002998870FFE7002004B080BD80B584B003
:106AA0000390029101920020009003980068806A90
:106AB000029948600398006800696FF3DF3002991B
:106AC000886003980068006847F67F71C0F27F0114
:106AD000084000900098C0F30540029908700098A3
:106AE000C0F3062002994870009800F07F000299D8
:106AF00088700098C0F380500299C870019898B9C6
:106B0000FFE70298007803F0ABFE02990870029844
:106B1000407803F0A5FE029948700298807803F04F
:106B20009FFE02998870FFE7002004B080BD00003E
:106B300080B584B0029001208DF80700029820B93A
:106B4000FFE701208DF80F0077E00298407F38B909
:106B5000FFE7029900200877029800F073F8FFE73A
:106B600002990220487702980068C06800F010017E
:106B70000020B0EB111F4FD1FFE7FFE7029801683B
:106B8000CA2048620298016853204862FFE70298D1
:106B900003F09AFE8DF807009DF8070020BBFFE781
:106BA0000298016888684FF6BF72CFF68F72104066
:106BB0008860029A11685068136952691843024349
:106BC00088681043886002980168C068086102986C
:106BD00001688268086940EA02400861029803F08F
:106BE000B5FE8DF80700FFE79DF8070068B9FFE7DD
:106BF00002980168086C20F48020086402980168FB
:106C00008269086C10430864FFE7FFE70298016897
:106C1000FF204862FFE703E000208DF80700FFE750
:106C20009DF8070020B9FFE7029901204877FFE7A8
:106C30009DF807008DF80F00FFE79DF80F0004B0E6
:106C400080BD000080B58EB00D9001A83021F9F70D
:106C500013FB0D98006842F60001C4F2000188425F
:106C600014D1FFE7202001904FF480700B9001A811
:106C7000FEF79AFF18B1FFE7FBF762FBFFE740F66C
:106C80003C61C4F2472101200860FFE70EB080BDDF
:106C900080B588B006900591049200200390FFE72C
:106CA0000698007F012804D1FFE702208DF81F001D
:106CB0007DE0069901200877FFE7FFE706990220AB
:106CC0004877049868B9FFE705984078C00600281F
:106CD00007D5FFE70599487800F0EF000A304870C3
:106CE000FFE70498E0B9FFE70598C07803F0CEFD10
:106CF000000400900598407803F0C8FD0146009814
:106D000040EA012001900598807803F0BFFD01461C
:106D1000019808440599097840EA413003900CE055
:106D20000598017843788278C078000440EA03200F
:106D3000104440EA41300390FFE7FFE706980168FE
:106D4000CA2048620698016853204862FFE7069807
:106D500003F0BAFD8DF80B009DF80B0078B9FFE742
:106D600003984FF63F71C0F2FF0108400699096889
:106D70004860069803F0EAFD8DF80B00FFE79DF8E8
:106D80000B0020B9FFE7069901204877FFE7FFE7EE
:106D900006980168FF204862FFE7FFE70699002098
:106DA0000877FFE79DF80B008DF81F00FFE79DF8BF
:106DB0001F0008B080BD000080B588B00690059126
:106DC000049200200390FFE70698007F012804D179
:106DD000FFE702208DF81F0095E006990120087753
:106DE000FFE7FFE7069902204877049840BBFFE7DA
:106DF0000698006880684006002801D5FFE703E098
:106E000005990020C870FFE70598007803F03EFD63
:106E1000000400900598407803F038FD0146009882
:106E200040EA012001900598807803F02FFD01468B
:106E3000019808440599C97840EA8150039018E008
:106E40000698006880684006002801D5FFE703E047
:106E500005990020C870FFE7059908784B788A7873
:106E6000C978000440EA0320104440EA81500390AE
:106E7000FFE7FFE706980168CA20486206980168A4
:106E800053204862FFE7069803F01EFD8DF80B00C3
:106E90009DF80B00F8B9FFE7039847F67F71C0F241
:106EA0007F010840069909680860069801688868AB
:106EB00020F4802088600599C868096940EA0102C9
:106EC00006980168886810438860069803F03EFDC4
:106ED0008DF80B00FFE79DF80B0020B9FFE706993E
:106EE00001204877FFE7FFE706980168FF20486226
:106EF000FFE7FFE7069900200877FFE79DF80B0002
:106F00008DF81F00FFE79DF81F0008B080BD00004E
:106F100080B584B00290002001900298016847F685
:106F20005F70C0F20100C860FCF784FA0190FFE7CF
:106F300002980068C068800600280DD4FFE7FCF7BF
:106F400079FA0199401AB0F57A7F04D9FFE7032056
:106F50008DF80F0004E0EBE700208DF80F00FFE74D
:106F60009DF80F0004B080BD81B0009001B0704763
:106F700080B588B007900798006840680690079829
:106F80000068806805909DF8140000F04001002022
:106F9000B0EB911F11D1FFE70598C00768B1FFE77B
:106FA0009DF8180000F040010020B0EB911F04D0C4
:106FB000FFE70798016C8847F0E09DF8140000F0A7
:106FC00002010020B0EB510F0BD0FFE79DF8181025
:106FD0000020B0EBD11F04D0FFE70798416C884731
:106FE000DCE09DF8140000F020010020B0EB511F00
:106FF00010D1FFE79DF8140000F040010020B0EB35
:10700000911F07D1FFE79DF81500C007002800F089
:10701000C580FFE79DF8180000F020010020B0EBCC
:10702000511F00F0BB80FFE79DF8140000F0400105
:107030000020B0EB911F28D0FFE7079890F851008F
:10704000032813D0FFE70799486D40F00400486516
:10705000FFE70020049007980068C0680490079834
:107060000068806804900498FFE70DE0FFE70020C7
:10707000039007980068C0680390079800688068CC
:1070800003900398FFE789E0FFE79DF8140000F004
:1070900020010020B0EB511F15D0FFE70799486D84
:1070A00040F001004865FFE7002002900798006863
:1070B0008068029007980168086820F04000086026
:1070C0000298FFE7FFE79DF81500C00778B1FFE7DA
:1070D0000799486D40F008004865FFE700200190DF
:1070E00007980068806801900198FFE7FFE707981C
:1070F000406D002851D0FFE707980168486820F0EC
:10710000E00048600799012081F85100069800F0DE
:107110000200022805D0FFE79DF81800C007B8B3A9
:10712000FFE707980168486820F003004860079867
:10713000C06CA0B1FFE70798C16C4CF25160C0F67B
:10714000000008650798C06CFBF70CFC30B1FFE746
:107150000799486D40F040004865FFE7FFE7079852
:10716000806CA0B1FFE70798816C4CF25160C0F6CB
:10717000000008650798806CFBF7F4FB30B1FFE76F
:107180000799486D40F040004865FFE7FFE703E0DE
:107190000798FFF7E9FEFFE7FFE7FFE708B080BDCC
:1071A00080B584B00290029820B9FFE701208DF8E5
:1071B0000F0071E00298406A60B9FFE702984068EA
:1071C000B0F5827F01D1FFE703E002990020C8619A
:1071D000FFE705E002990020086102994861FFE796
:1071E000029900208862029890F8510040B9FFE7A8
:1071F0000299002081F85000029800F051F8FFE752
:107200000299022081F8510002980168086820F074
:1072100040000860029A019211685068D2F808C0D4
:10722000D36800F482700CF4044C604403F40063EF
:107230001844136903F002031844536903F001036F
:107240001844936903F400731844D36903F03803B6
:107250001844136A03F080031843926A02F4005240
:1072600010430860029A508B00F004001168526AC3
:1072700002F010021044486002980168C86920F4C6
:107280000060C861029900204865029A012182F8D5
:1072900051108DF80F00FFE79DF80F0004B080BD7E
:1072A00080B58AB00990002008900790069005905C
:1072B00004900998006843F20041C4F20101884239
:1072C0003FD1FFE7FFE70020039043F64400C4F2FC
:1072D0000200016841F400510160006800F40050B0
:1072E00003900398FFE7FFE70020029043F6300089
:1072F000C4F20200016841F010010160006800F072
:10730000100002900298FFE74FF4E0400490022042
:10731000059000200090069003200790052008901B
:1073200041F20000C4F2020004A9FBF747FE009AF4
:10733000542001901146FDF7AFF90198FDF7A2F92D
:10734000FFE70AB080BD000080B588B006900591C7
:10735000ADF812200393069890F85100012804D04C
:10736000FFE702208DF81F0011E106984068B0F594
:10737000827F16D1FFE70698806890B9FFE70699EB
:10738000042081F851000698059ABDF8123003993F
:10739000EC46CCF80010114600F050FA8DF81F00B2
:1073A000F5E0FCF747F80290059820B1FFE7BDF83B
:1073B000120020B9FFE701208DF81F00E7E0FFE78A
:1073C000069890F85000012804D1FFE702208DF8BC
:1073D0001F00DCE00699012081F85000FFE7FFE77D
:1073E0000699042081F85100069900204865059906
:1073F000069A9163BDF81210069A9187BDF8121093
:10740000069AD18706990863069988860699C886E0
:10741000069908640699486406988068B0F5004F9C
:107420000DD1FFE706980168086820F04000086069
:1074300006980168086820F480400860FFE7069815
:107440000068006800F04000402807D0FFE7069879
:107450000168086840F040000860FFE70698C068CF
:10746000D0BBFFE7FFE70698C08FA0B3FFE7069801
:1074700000688068C00778B1FFE706980068007B65
:107480000699896B08700699886B013088630699A4
:10749000C88F0138C8871DE0FBF7CCFF0299401A5E
:1074A0000399884204D3FFE70398013018B9FFE736
:1074B000039870B9FFE70699012081F85100FFE7B2
:1074C0000699002081F85000FFE703208DF81F0087
:1074D0005DE0FFE7C7E739E0FFE70698C08FA0B39C
:1074E000FFE7069800688068C00778B1FFE7069854
:1074F0000068C0680699896B08800699886B02301D
:1075000088630699C88F0138C8871DE0FBF792FF92
:107510000299401A0399884204D3FFE70398013087
:1075200018B9FFE7039870B9FFE70699012081F8C1
:107530005100FFE70699002081F85000FFE7032083
:107540008DF81F0023E0FFE7C7E7FFE706980399E0
:10755000029A05F08DF820B1FFE7069920204865D2
:10756000FFE70699012081F85100FFE70699002006
:1075700081F85000FFE70698406D20B1FFE7012039
:107580008DF81F0003E000208DF81F00FFE79DF835
:107590001F0008B080BD000080B588B0069005913E
:1075A000ADF812200393FBF745FF0290BDF81200DF
:1075B000ADF80600069890F85100012804D0FFE7C6
:1075C00002208DF81F0034E1059820B1FFE7BDF8D7
:1075D000120020B9FFE701208DF81F0029E1FFE725
:1075E000069890F85000012804D1FFE702208DF89A
:1075F0001F001EE10699012081F85000FFE7FFE718
:107600000699032081F851000699002048650599E4
:10761000069A1163BDF81210069A9186BDF81210F1
:10762000069AD18606998863069988870699C8873D
:10763000069948640699086406988068B0F5004F7A
:107640000DD1FFE706980168086820F04000086047
:1076500006980168086840F480400860FFE70698D3
:107660000068006800F04000402807D0FFE7069857
:107670000168086840F040000860FFE70698C068AD
:10768000B0F5006F51D1FFE70698406828B1FFE7D9
:10769000BDF8060001280ED1FFE706980168006BCF
:1076A0000088C8600699086B023008630699C88E86
:1076B0000138C886FFE7FFE70698C08EA0B3FFE752
:1076C000069800688068800700280ED5FFE70698B6
:1076D0000168006B0088C8600699086B0230086377
:1076E0000699C88E0138C8861DE0FBF7A3FE0299F3
:1076F000401A0399884204D3FFE70398013018B970
:10770000FFE7039870B9FFE70699012081F851005F
:10771000FFE70699002081F85000FFE703208DF86D
:107720001F0086E0FFE7C7E750E00698406828B1F1
:10773000FFE7BDF8060001280ED1FFE706980168B3
:10774000006B007808730699086B0130086306998E
:10775000C88E0138C886FFE7FFE70698C08EA0B341
:10776000FFE7069800688068800700280ED5FFE7CD
:1077700006980168006B007808730699086B013061
:1077800008630699C88E0138C8861DE0FBF752FED3
:107790000299401A0399884204D3FFE70398013005
:1077A00018B9FFE7039870B9FFE70699012081F83F
:1077B0005100FFE70699002081F85000FFE7032001
:1077C0008DF81F0035E0FFE7C7E7FFE7069803994C
:1077D000029A04F0BFFF20B1FFE706992020486518
:1077E000FFE70698806870B9FFE7FFE70020009088
:1077F00006980068C068009006980068806800904D
:107800000098FFE7FFE70699012081F85100FFE7A4
:107810000699002081F85000FFE70698406D20B1DE
:10782000FFE701208DF81F0003E000208DF81F0006
:10783000FFE79DF81F0008B080BD000080B58CB048
:10784000DDF838C00A9009910892ADF81E30012089
:107850000390FBF7EFFD04900A9890F851008DF823
:1078600017000A9840680690BDF81E00ADF81C008D
:107870009DF81700012812D0FFE70698B0F5827F27
:1078800009D1FFE70A98806828B9FFE79DF817003B
:10789000042804D0FFE702208DF82F009BE109980F
:1078A00038B1FFE7089820B1FFE7BDF81E0020B906
:1078B000FFE701208DF82F008DE1FFE70A9890F88F
:1078C0005000012804D1FFE702208DF82F0082E14B
:1078D0000A99012081F85000FFE7FFE70A9890F825
:1078E0005100042805D0FFE70A99052081F85100CE
:1078F000FFE70A990020486508990A9A9163BDF844
:107900001E100A9AD187BDF81E100A9A918709990C
:107910000A9A1163BDF81E100A9AD186BDF81E108E
:107920000A9A91860A9908640A9948640A98006834
:10793000006800F04000402807D0FFE70A9801687F
:10794000086840F040000860FFE70A98C068B0F59A
:10795000006F40F08180FFE70A98406828B1FFE798
:10796000BDF81C0001280ED1FFE70A980168006BE2
:107970000088C8600A99086B023008630A99C88EAB
:107980000138C886FFE7FFE70A98C18E0120019001
:1079900039B9FFE70A98C08F002818BF012001906D
:1079A000FFE70198C007002855D0FFE70A98006854
:1079B00080688007002818D5FFE70A98C08EA0B11C
:1079C000FFE70398012810D1FFE70A980168006BD0
:1079D0000088C8600A99086B023008630A99C88E4B
:1079E0000138C88600200390FFE70A980068806885
:1079F000C007A8B1FFE70A98C08F88B1FFE70A98CF
:107A00000068C0680A99896B08800A99886B0230FF
:107A100088630A99C88F0138C88701200390FFE75F
:107A2000FBF708FD0499401A0E99884212D3FFE72C
:107A30000E98013070B1FFE70A99012081F85100DA
:107A4000FFE70A99002081F85000FFE703208DF836
:107A50002F00C0E098E782E00A98406828B1FFE76D
:107A6000BDF81C0001280ED1FFE70A980168006BE1
:107A7000007808730A99086B013008630A99C88E68
:107A80000138C886FFE7FFE70A98C18E0120009001
:107A900039B9FFE70A98C08F002818BF012000906D
:107AA000FFE70098C007002858D0FFE70A98006851
:107AB00080688007002818D5FFE70A98C08EA0B11B
:107AC000FFE70398012810D1FFE70A980168006BCF
:107AD000007808730A99086B013008630A99C88E08
:107AE0000138C88600200390FFE70A980068806884
:107AF000C007A8B1FFE70A98C08F88B1FFE70A98CE
:107B00000068C0680A99896B08700A99886B01300F
:107B100088630A99C88F0138C88701200390FFE75E
:107B2000FBF788FC0499401A0E99884204D3FFE7BA
:107B30000E98013018B9FFE70E9870B9FFE70A995F
:107B4000012081F85100FFE70A99002081F85000D8
:107B5000FFE703208DF82F003DE095E7FFE70A9847
:107B60000E99049A04F0F6FD68B1FFE70A99202007
:107B70004865FFE70A99002081F85000FFE70120DF
:107B80008DF82F0027E00A98806870B9FFE7FFE7BB
:107B9000002002900A980068C06802900A98006865
:107BA000806802900298FFE7FFE70A99012081F8B8
:107BB0005100FFE70A99002081F85000FFE70A987A
:107BC000406D20B1FFE701208DF82F0003E0002079
:107BD0008DF82F00FFE79DF82F000CB080BD00004E
:107BE00080B582B00190019805F06AF802B080BDBE
:107BF00082B00190ADF8021002B0704781B00090E1
:107C000001B0704780B592B011901198006800687B
:107C1000109011980068C0680F9011980068406932
:107C20000E9000200D900C90109800F00F000D9019
:107C30000D9888B9FFE79DF84000800600280AD516
:107C4000FFE79DF83C008006002804D5FFE7119867
:107C500005F042F9EAE1FFE70D98002800F0C28044
:107C6000FFE79DF83800C00738B9FFE7BDF83C00D2
:107C700010F4907F00F0B680FFE79DF84000C00749
:107C800058B1FFE79DF83D00C00730B1FFE71199FB
:107C9000486C40F001004864FFE79DF84000400751
:107CA00000280BD5FFE79DF83800C00730B1FFE78B
:107CB0001199486C40F002004864FFE79DF84000CD
:107CC000800700280BD5FFE79DF83800C00730B1CA
:107CD000FFE71199486C40F004004864FFE79DF805
:107CE00040000007002811D5FFE79DF83C00800602
:107CF000002805D4FFE79DF83800C00730B1FFE742
:107D00001199486C40F008004864FFE71198406CF6
:107D1000002866D0FFE79DF84000800600280AD5BD
:107D2000FFE79DF83C008006002804D5FFE7119886
:107D300005F0D2F8FFE7119800684069C0F38010A1
:107D40000C901198406C0007002804D4FFE70C98B1
:107D500000283ED0FFE7119805F060F81198006800
:107D60004069400600282FD5FFE7FFE7FFE711989D
:107D7000006850E8050F20F040000B90FFE70B99DA
:107D80001198026842E805100028F0D1FFE7FFE7EC
:107D90001198C06B98B1FFE71198C16B4CF6FD507C
:107DA000C0F6000008651198C06BFAF7DBFD28B13A
:107DB000FFE71198C06B016D8847FFE703E011985A
:107DC000FFF71CFFFFE703E01198FFF717FFFFE73E
:107DD00006E01198FFF712FF119900204864FFE7B1
:107DE000FFE723E11198006B012840F0FF80FFE7D7
:107DF0009DF84000C006002840F1F880FFE79DF89C
:107E00003C00C006002840F1F180FFE7FFE70020BA
:107E10000A901198006800680A90119800684068FC
:107E20000A900A98FFE71198006840694006002808
:107E300040F18280FFE71198C06B00684068ADF8A0
:107E40002600BDF82600002875D0FFE7BDF8260003
:107E50001199898D88426EDAFFE7BDF826001199E5
:107E6000C8851198C06BC069B0F5807F58D0FFE716
:107E7000FFE7FFE71198006850E8030F20F48070D7
:107E80000890FFE708991198026842E8031000285B
:107E9000F0D1FFE7FFE7FFE7FFE71198006850E840
:107EA000050F20F001000790FFE70799119802687D
:107EB00042E805100028F0D1FFE7FFE7FFE7FFE702
:107EC0001198006850E8050F20F040000690FFE789
:107ED00006991198026842E805100028F0D1FFE7E2
:107EE000FFE71199202081F84200119900200863D2
:107EF000FFE7FFE71198006850E8030F20F010003B
:107F00000590FFE705991198026842E803100028E0
:107F1000F0D1FFE7FFE71198C06BFAF7ADFCFFE780
:107F20001199022048631198818DC28D891A89B2F6
:107F3000FFF75EFEFFE779E01199888DC98D401A41
:107F4000ADF812001198C08D00284ED0FFE7BDF8A3
:107F50001200002849D0FFE7FFE7FFE7119800680B
:107F600050E8030F20F490700390FFE703991198F5
:107F7000026842E803100028F0D1FFE7FFE7FFE7BF
:107F8000FFE71198006850E8050F20F0010002900B
:107F9000FFE702991198026842E805100028F0D125
:107FA000FFE7FFE71199202081F842001199002096
:107FB0000863FFE7FFE71198006850E8030F20F01F
:107FC00010000190FFE701991198026842E8031040
:107FD0000028F0D1FFE7FFE71199022048631198CC
:107FE000BDF81210FFF704FEFFE71FE09DF8400008
:107FF000000600280AD5FFE79DF83C00000600288F
:1080000004D5FFE7119805F0EDF80FE09DF840006A
:10801000400600280AD5FFE79DF83C0040060028EE
:1080200004D5FFE7119804F043FFFFE712B080BDCD
:1080300080B582B00090009820B9FFE701208DF84C
:10804000070040E00098806908B1FFE700E0FFE723
:10805000009890F8410040B9FFE70099002081F8AE
:108060004000009800F034F8FFE70099242081F8E0
:10807000410000980168C86820F40050C86000986A
:1080800004F0E0FF00980168086920F4904008615E
:1080900000980168486920F02A004861009801684A
:1080A000C86840F40050C860009900204864009AF5
:1080B000202182F84110009A82F84210009948630A
:1080C0008DF80700FFE79DF8070002B080BD0000B3
:1080D00080B592B01190002010900F900E900D90EE
:1080E0000C901198006841F20001C4F2010188422D
:1080F0003ED1FFE7FFE700200B9043F64400C4F2B7
:108100000200016841F010010160006800F01000F9
:108110000B900B98FFE7FFE700200A9043F6300032
:10812000C4F20200016841F001010160006800F042
:1081300001000A900A98FFE74FF4C0600C900220FB
:108140000D90002004900E9003200F9007201090B7
:108150000020C4F202000CA9FAF730FF049A25208F
:1081600005901146FCF798FA0598FCF78BFA90E019
:108170001198006844F20041C4F2000188423ED1E7
:10818000FFE7FFE70020099043F64000C4F2020039
:10819000016841F400310160006800F4003009908A
:1081A0000998FFE7FFE70020089043F63000C4F28B
:1081B0000200016841F008010160006800F0080059
:1081C00008900898FFE760200C9002200D90002096
:1081D00002900E9003200F900720109040F6004070
:1081E000C4F202000CA9FAF7E9FE029A26200390D5
:1081F0001146FCF751FA0398FCF744FA48E011984D
:10820000006841F20041C4F2010188423FD1FFE71A
:10821000FFE70020079043F64400C4F20200016823
:1082200041F020010160006800F0200007900798ED
:10823000FFE7FFE70020069043F63000C4F202009B
:10824000016841F040010160006800F040000690C4
:108250000698FFE74FF484400C9002200D90002018
:1082600000900E9003200F900820109041F600001F
:10827000C4F202000CA9FAF7A1FE009A472001906F
:108280001146FCF709FA0198FCF7FCF9FFE7FFE754
:10829000FFE712B080BD000080B584B0029001916C
:1082A000ADF80220029890F84200202817D1FFE78D
:1082B000019820B1FFE7BDF8020020B9FFE70120D7
:1082C0008DF80F000FE002990020086302980199D1
:1082D000BDF8022004F054FF8DF80F0003E00220E7
:1082E0008DF80F00FFE79DF80F0004B080BD00007F
:1082F00080B582B001900198006841F20041C4F25B
:108300000101884265D1FFE748F25160C2F20100E5
:1083100000787E284ADCFFE748F25060C2F2010094
:10832000017848F2516CC2F2010C9CF800305A1CE2
:108330008CF8002048F2D052C2F20102D1540078E9
:108340000A2832D1FFE748F25160C2F201000278F8
:1083500048F2D050C2F20100002181540DF0E8FB38
:10836000E0B1FFE748F25261C2F20101012008705A
:1083700048F25360C2F201000078C00768B9FFE715
:1083800048F25361C2F20101012008704CF23650EC
:10839000C0F602000DF080FCFFE7FFE748F25161F4
:1083A000C2F2010100200870FFE706E048F25161C7
:1083B000C2F2010100200870FFE749F27820C2F202
:1083C000010048F25061C2F201010122FFF764FF8F
:1083D000FFE702B080BD000080B58AB00890079129
:1083E000ADF81A20059300200290089890F84100FB
:1083F000202840F08180FFE7079820B1FFE7BDF813
:108400001A0020B9FFE701208DF8270078E00899CD
:10841000002048640899212081F84100FBF70AF800
:108420000290BDF81A0008998884BDF81A000899CE
:10843000C88408988068B0F5805F09D1FFE7089884
:10844000006928B9FFE7002004900798039004E032
:108450000798049000200390FFE7FFE70898C08C7E
:1084600078B3FFE70898029B05996A46116080215E
:10847000002204F001FF40B1FFE70899202081F8B5
:10848000410003208DF827003AE0049858B9FFE72F
:10849000039800886FF35F20089909684860039883
:1084A0000230039008E00498007808990968486051
:1084B000049801300490FFE70899C88C0138C884FB
:1084C000CCE70898029B05996A461160402100227A
:1084D00004F0D2FE40B1FFE70899202081F8410066
:1084E00003208DF827000BE00899202081F8410037
:1084F00000208DF8270003E002208DF82700FFE719
:108500009DF827000AB080BD81B0009001B070478F
:10851000FFE7FEE783B0029001918DF80320002071
:108520008DF802008DF80200FFE79DF802009DF82B
:108530000310884229DAFFE70298000F092809D8BA
:10854000FFE70298000F303001999DF8022001F8F2
:10855000120009E00299372000EB117001999DF893
:10856000022001F81200FFE7029800010290019832
:108570009DF8021000EB410100204870FFE79DF8D4
:10858000020001308DF80200CFE703B07047000011
:1085900080B5ADF5247D4CF25441C0F6020118A817
:1085A00001220AF0BFFF8DF81F009DF81F0048B19F
:1085B000FFE79DF81F104CF21E00C0F602000DF000
:1085C0006BFBC3E008A84021F7F756FE40F21C11F0
:1085D000C2F20001059100200690C1F82600C1F802
:1085E0002200C1F81E00C1F81A00C1F81600C1F837
:1085F0001200C1F80E00C1F80A00FFE708A84021E8
:1086000018AA09F047FF002800F08380FFE74CF626
:108610009801C0F6020108A80490F7F79DFE0246F3
:108620000498002181544CF22541C0F602010C222D
:10863000F7F760FE68B9FFE708A80C304CF26D410F
:10864000C0F6020140F21C12C2F20002F7F796FED9
:108650005EE04CF2FC31C0F6020108A81322F7F7E5
:1086600049FE70B9FFE708A8133040F21C11C2F2AE
:1086700000010A1D4CF26A41C0F60201F7F77EFEC6
:1086800045E04CF21041C0F6020108A80922F7F7B4
:1086900031FE50B9FFE708A80930F7F78BFE40F22A
:1086A0001C11C2F20001087230E04CF23241C0F6F7
:1086B000020108A81522F7F71DFE50B9FFE708A828
:1086C0001530F7F777FE40F21C11C2F20001487234
:1086D0001BE04CF21A41C0F6020108A80A22F7F783
:1086E00009FE88B9FFE708A800F10A0140F21C1052
:1086F000C2F2000003900A301F22F7F7DAFD039957
:10870000002081F82900FFE7FFE7FFE7FFE7FFE729
:1087100074E718A809F0BAFD40F21C1CC2F2000C64
:10872000BCF80010DCF804209CF808309CF8090024
:108730000CF10A0EEC46CCF804E0CCF800004CF248
:10874000F600C0F602000DF0A7FAFFE70DF5247D54
:1087500080BD000080B586B005900598806B0490C0
:108760000598FAF721F9022841D0FFE70498C06B79
:10877000406D02900498006C406D019002980128B1
:1087800004D0FFE7019801282DD1FFE70498016884
:1087900040F2FF50C0F24000886304980168C86B43
:1087A00020F49D70C8630499886B40F08040886312
:1087B0000498FBF7EDF903900398062804D0FFE72F
:1087C000039805280AD1FFE70498006803F0D0FC5D
:1087D00002460499886B10438863FFE704990120DF
:1087E00081F83400FFE70498FAF76AFFFFE706B064
:1087F00080BD000080B584B003900398806B029028
:108800000298006B822812D1FFE70298006803F0FB
:10881000AFFC0190019848B1FFE7019A0299886B7B
:10882000104388630298FAF74BFFFFE7FFE70298CF
:108830000168C86A20F00800C8620298016840F226
:108840003A5088630299012081F834000298FBF7BE
:10885000FFFD04B080BD000080B584B00390039894
:10886000806B02900298C06B20B1FFE70299002054
:10887000C863FFE70298006C50BBFFE70298FBF764
:1088800087F901900299002088630299012081F8FC
:1088900034000198062804D0FFE70198052816D176
:1088A000FFE70298006803F063FC02460299886BB8
:1088B000104388630298806B20B1FFE70298FAF7B3
:1088C00021FE03E00298FAF7FBFEFFE7FFE7FFE770
:1088D00004B080BD82B001900198806B0090009838
:1088E0000168C86B40F48070C86302B07047000034
:1088F00080B584B003900398806B02900298006C5E
:1089000020B1FFE7029900200864FFE70298C06BDE
:1089100050BBFFE70298FBF73BF90190029900205A
:1089200088630299012081F834000198062804D058
:10893000FFE70198052816D1FFE70298006803F0C9
:1089400017FC02460299886B104388630298806B7B
:1089500020B1FFE70298FAF7D5FD03E00298FAF795
:10896000AFFEFFE7FFE7FFE704B080BDB0B59AB008
:1089700018900220ADF82E001898006803F036FA1F
:1089800020B9FFE74FF080601990DDE0189800688B
:1089900003F05EFB0C900C9818B1FFE70C9819904F
:1089A000D2E018980068002103F028FA18990867A7
:1089B00018980068042103F021FA1899486718985C
:1089C0000068082103F01AFA189988671898006857
:1089D0000C2103F013FA1899C867FFE7189800688C
:1089E000BDF82E1003F0A2FB0C900C9818B1FFE715
:1089F0000C981990A8E0BDF82E001899C864189931
:108A00000868C96C090403F03BFB0C900C9818B182
:108A1000FFE70C98199097E018980068002103F080
:108A2000EDF91899086618980068042103F0E6F932
:108A30001899486618980068082103F0DFF918991A
:108A40008866189800680C2103F0D8F91899C86650
:108A5000FFE718980068042103F0D0F9000D189979
:108A6000886418990868C96C0A04002303F0D0FAD6
:108A70000C900C9818B1FFE70C98199064E01898C6
:108A80000DA9FAF721FE20B1FFE71898806B199025
:108A90005AE018990868C96C090403F029FB0C9086
:108AA0000C9830B1FFE70C9A1899886B10438863D3
:108AB000FFE7189800F180014FF0FF32FAF748FF06
:108AC00020B1FFE71898806B19903DE0189908686D
:108AD000C96C090403F00CFB0C900C9830B1FFE753
:108AE0000C9A1899886B10438863FFE7DDF860E003
:108AF000DEF80400DEF80810DEF80C20DEF8103096
:108B0000DEF814C0DEF818E0CDF828E0CDF824C077
:108B100008930792069105900020049008901898F9
:108B200000680599069A079BDDF820C0099C0A9DFC
:108B3000EE46CEF80850CEF80440CEF800C003F060
:108B400071F904981990FFE719981AB0B0BD0000A8
:108B500080B586B0049000200390029001900498A4
:108B6000006803F0E9F90090009818B1FFE7009859
:108B700005903FE0FFE7019860BBFFE70398411CC9
:108B800003914FF6FF71884204D1FFE74FF08070E8
:108B900005902FE00498006848F20001CCF2FF0134
:108BA00003F0E0F90090009820B1FFE74FF080500B
:108BB00005901FE004980068002103F01FF902905F
:108BC00002994FF0FF3000EBD170B0FA80F040090D
:108BD0000190D0E79DF80B00C02804D1FFE704996D
:108BE0000120486403E0049900204864FFE7002066
:108BF0000590FFE7059806B080BD000080B588B0FD
:108C0000079006910020049003900698B0F5805FCD
:108C100006D0FFE70698B0F5006F40F08880FFE7C8
:108C200000200290079802A9BB224FF0FF3300F00A
:108C300081F820B1FFE74FF48030039003E09DF806
:108C40000B000290FFE7079890F84B010190039802
:108C500000286BD1FFE70698B0F5805F04D1FFE7ED
:108C6000019800090190FFE7029800F00F000199B8
:108C700001F00F01884258D0FFE70798006801997A
:108C800001F00F020021C0F2BB3141EA022103F0E2
:108C90008DFA03900398002846D1FFE74FF6FF7046
:108CA0000590FFE707990868C96C090403F020FAEA
:108CB0000390039808B1FFE71BE0079800680021C4
:108CC00003F09CF80490059801380590FFE7002018
:108CD0009DF81110C907009031B9FFE705980028E9
:108CE00018BF01200090FFE70098C0070028D9D1E5
:108CF000FFE7059870B1FFE7039858B9FFE79DF8C3
:108D000010000006002804D5FFE74FF080500390C4
:108D1000FFE708E0059820B9FFE74FF00040039017
:108D200000E0FFE7FFE7FFE7FFE7FFE7FFE7039864
:108D300008B080BD80B592B010900F91ADF83A2088
:108D40000D93FAF777FB059000200190039010999E
:108D5000886310990968C8624FF0FF3107914FF49A
:108D6000007108919021099102210A910B90012034
:108D70000C901098006807A903F00CF8019910985E
:108D8000006803F097F90690069890B1FFE71098F5
:108D9000016840F2FF50C0F240008863069A1099C3
:108DA000886B104388631099012081F8340011907A
:108DB0006BE0FFE710980068406B10F4957F48D196
:108DC000FFE710980068406B0004002822D5FFE7F9
:108DD00000200490FFE70498072817D8FFE71098B1
:108DE000006803F055F80290039804990844BDF810
:108DF0003A10B0EB910F04D1FFE702980F99086089
:108E0000FFE7FFE7049801300490E4E70398083097
:108E10000390FFE7FAF70EFB0599401A0D99884277
:108E200003D2FFE70D9898B9FFE71098016840F268
:108E3000FF50C0F2400088631099886B40F00040FA
:108E400088631099012081F83400032011901CE000
:108E5000B0E710990868C96C090403F049F9069055
:108E6000069830B1FFE7069A1099886B1043886323
:108E7000FFE71098016840F23A508863109901208A
:108E800081F8340000201190FFE7119812B080BDE6
:108E900080B586B005900598806A01900598C06AF3
:108EA0000290029800283FD0FFE700200490FFE7DF
:108EB0000498072831D8FFE70598006802F0E8FF1A
:108EC000039003980199087001980130019002986D
:108ED000013802900398000A019908700198013046
:108EE0000190029801380290BDF80E0001990870B7
:108EF0000198013001900298013802909DF80F000E
:108F0000019908700198013001900298013802908F
:108F1000FFE7049801300490CAE701980599886238
:108F200002980599C862FFE706B080BD80B586B09B
:108F300004900391039820B9FFE74FF0006005907B
:108F400018E004990868C96C090403F0D1F802908C
:108F5000029818B1FFE7029805900BE004980068AA
:108F60000021019102F04AFF01460198039A116025
:108F70000590FFE7059806B080BD000080B586B07B
:108F800005900598006A01900598406A0290029841
:108F9000002845D0FFE700200490FFE70498072849
:108FA00037D8FFE7019800780390019801300190CD
:108FB00002980138029001980178039840EA012054
:108FC00003900198013001900298013802900198B5
:108FD0000178039840EA0140039001980130019024
:108FE00002980138029001980178039840EA0160E4
:108FF0000390019801300190029801380290059881
:10900000006803A902F06EFFFFE7049801300490A6
:10901000C4E7019805990862029805994862FFE73C
:1090200006B080BD80B582B001900198D0F8D4120E
:1090300000EB8100D0F8C0020090009808B9FFE76B
:1090400034E0009890F81C0890B9FFE70098D0F839
:10905000180868B1FFE70098407A48B9FFE701981F
:1090600040F22901C2F20001097805F05FFAFFE73A
:10907000019840F22801C2F20001097805F056FA81
:109080000098407A022811D1FFE7019840F22801A8
:10909000C2F20001097805F049FA019840F229016D
:1090A000C2F20001097805F041FAFFE702B080BD85
:1090B00080B582B001900198D0F8D41200EB810005
:1090C000D0F8C0020090009808B9FFE786E0009948
:1090D000D1F81408C1F834080099D1F81808C1F87B
:1090E0003808019840F22901C2F20001097804F021
:1090F000F1FF1F281BD1FFE70098D0F8100845F2B8
:109100005531C4F24231884211D1FFE7009890F8FE
:109110001D0801280BD8FFE7009890F81E0830B111
:10912000FFE7009890F81E0811280FD3FFE7019879
:10913000009991F81D180522202302F005FB0099E3
:10914000022048720198FFF76DFF47E00198009AEE
:1091500092F81D1802F61F0201F096FDB0F1FF3FD4
:109160000FDCFFE70098007A052805D1FFE701989A
:10917000012100F067F903E00198FFF753FFFFE7D3
:109180002BE00098007A022825D0FFE70098007AAB
:10919000012820D0FFE70098007A03281BD0FFE7C2
:1091A0000098C06840B1FFE70198009A02F11001F1
:1091B000D26800F083F90DE00098C06828B9FFE795
:1091C0000198002100F03EF903E00198FFF72AFF23
:1091D000FFE7FFE700E001E0FFE7FFE702B080BD47
:1091E00080B584B003908DF80B100398D0F8D4129A
:1091F00000EB8100D0F8C0020190019808B9FFE7A8
:1092000027E00198407A022811D1FFE7039840F245
:109210002801C2F20001097805F088F9039840F2AC
:109220002901C2F20001097805F080F911E09DF8EA
:109230000B00000600280AD5FFE70198407A0128B4
:1092400005D0FFE70398012100F0FCF800E000E002
:10925000FFE704B080BD000080B584B003908DF8B6
:109260000B100398D0F8D41200EB8100D0F8C002A4
:109270000190019808B9FFE723E00198007A0146C0
:109280000091022805D0FFE700980338022812D386
:1092900016E00398019A92F81D1802F61F0201F0D9
:1092A000F3FCB0F1FF3F05DCFFE70398012100F07C
:1092B000C9F8FFE705E00398002100F0C3F800E0DB
:1092C000FFE704B080BD000080B584B003908DF846
:1092D0000B100398D0F8D41200EB8100D0F8C00234
:1092E0000190019808B9FFE720E00198007A014653
:1092F000009120B1FFE70098012804D015E0039801
:10930000FFF7D6FE12E00398019A92F81D1802F6B4
:109310001F0201F0B9FCB0F1FF3F05DCFFE7039845
:10932000012100F08FF8FFE700E0FFE704B080BD07
:1093300082B001900198D0F8D41200EB8100D0F8EF
:10934000C0020090009820B1FFE700990020087249
:10935000FFE702B07047000080B584B00390039827
:10936000D0F8D41200EB8100D0F8C002029002982D
:1093700008B9FFE731E002990020087202994872AB
:10938000029981F86108029981F86008029981F8D0
:1093900062080399D1F8D42201EB8201D1F8C412FA
:1093A00009688847039840F22901C2F2000101913F
:1093B000097804F071FE039840F22801C2F200011E
:1093C000097804F069FE019903980978029A02F578
:1093D00001621F2304F094FFFFE704B080BD00008A
:1093E00080B584B003900398D0F8D41200EB8100CC
:1093F000D0F8C0020290029808B9FFE720E0029975
:1094000000200872029901204872039840F2280156
:10941000C2F20001097804F03BFC039840F22901F4
:10942000C2F200010191097804F032FC019903981D
:109430000978029A02F501621F2304F061FFFFE739
:1094400004B080BD80B584B003908DF80B100398F4
:10945000D0F8D41200EB8100D0F8C002019001983E
:1094600008B9FFE727E0019945F25530C5F24230CF
:10947000C1F830089DF80B00019981F83C0801996A
:1094800000200872039840F22801C2F20001097816
:10949000019A02F503620D2305F096F8039840F255
:1094A0002901C2F200010978019A02F501621F2325
:1094B00004F026FFFFE704B080BD000080B586B051
:1094C0000590049103920598D0F8D41200EB810026
:1094D000D0F8C0020290029808B9FFE729E002988C
:1094E000D0F818080399884205D2FFE70298D0F80F
:1094F0001808009002E003980090FFE700980190A0
:10950000039A0299D1F83808801AC1F838080299EC
:10951000002081F83C08029904200872059840F266
:109520002801C2F200010978049A019B05F04CF869
:10953000FFE706B080BD000080B586B0FFE70020E1
:10954000059043F63000C4F20200016841F4800146
:109550000160006800F4800005900598FFE73B205B
:1095600001900621029100220392FBF795F80198E1
:10957000FBF788F80299039A45200490FBF78CF8D2
:109580000498FBF77FF806B080BD000080B540F27C
:109590000410C2F2000040F63841C2F20001F8F7B0
:1095A000BBFF49F2F941C2F20101087080BD000021
:1095B00080B59AB0002019901890179016901590C9
:1095C000FFE70020149043F63000C4F20200016867
:1095D00041F004010160006800F004001490149848
:1095E000FFE7FFE70020139043F63000C4F20200CB
:1095F000016841F020010160006800F02000139034
:109600001398FFE7FFE70020129043F63000C4F202
:109610000200016841F080010160006800F08000F4
:1096200012901298FFE7FFE70020119043F63000F8
:10963000C4F20200016841F001010160006800F01D
:10964000010011901198FFE7FFE70020109043F60A
:109650003000C4F20200016841F0020101600068BC
:1096600000F0020010901098FFE7FFE700200F9035
:1096700043F63000C4F20200016841F0400101608D
:10968000006800F040000F900F98FFE7FFE7002010
:109690000E9043F63000C4F20200016841F0100160
:1096A0000160006800F010000E900E98FFE7FFE7E1
:1096B00000200D9043F63000C4F20200016841F032
:1096C00008010160006800F008000D900D98FFE7A8
:1096D00041F20040C4F202000290072101910022F1
:1096E0000A92F9F78FFE40F60000C4F202000490DF
:1096F0000221039101220992F9F784FE099A41F6A9
:109700000000C4F20200069006210591F9F77AFEE6
:10971000099A41F20000C4F2020008904FF400617F
:109720000791F9F76FFE0A9A40F60040C4F2020072
:109730000B904FF40051F9F765FE099A0B984FF41E
:109740004041F9F75FFE019B0298099A0A99159327
:1097500016921791189115A90C91F9F72FFC039AFD
:109760000498DDF824C00A9B0C991592CDF858C0D6
:1097700017931892F9F722FC0698099B0A9A0C99FC
:10978000159316921792F9F719FCDDF814C0069894
:10979000099B0A9A0C99CDF854C016931792189207
:1097A000F9F70CFCDDF81CC00898099B0A9A0C9983
:1097B000CDF854C0169317921892F9F7FFFB0A9A46
:1097C0000B980C994FF48053159316921792F9F752
:1097D000F5FB099B0A9A0B980C994FF4604CCDF855
:1097E00054C0169317921892F9F7E8FB1AB080BD8F
:1097F00080B588B0002100910791069105910491F0
:109800000391029149F27010C2F20100019042F6F8
:109810000002C4F20002026041607F228260FF22E7
:10982000C260016141618161FDF782F918B1FFE712
:10983000F8F786FDFFE700208DF80C008DF80D008D
:109840008DF80E000690079049F27010C2F20100E8
:1098500003A90122FDF7B0FA18B1FFE7F8F770FD90
:10986000FFE701228DF808208DF809208DF80A20E5
:1098700000208DF80B0049F27010C2F2010002A91D
:10988000FDF706FA18B1FFE7F8F75AFDFFE70E20DB
:109890008DF80C0001208DF80D0000228DF80E20AF
:1098A0000692079249F27010C2F2010003A9FDF777
:1098B00083FA18B1FFE7F8F743FDFFE705208DF8BD
:1098C000080008208DF8090002208DF80A001920F0
:1098D0008DF80B0049F27010C2F2010002A90022BB
:1098E000FDF7D6F918B1FFE7F8F72AFDFFE742F6D2
:1098F0001001C4F2000140F2FF300860086840F433
:10990000F810086008B080BD80B582B048F60C2021
:10991000C2F20100019042F60041C4F2010101606F
:10992000002141608160C1604FF4006202614161C9
:10993000816140F24812C2F200024BF69461C0F617
:1099400002011160FAF7D2FA18B1FFE7F8F7F8FC54
:10995000FFE740F24811C2F200014BF67560C0F615
:109960000200086048F60C20C2F201004FF40061CA
:10997000F9F7CCFD18B1FFE7F8F7E2FCFFE702B01A
:1099800080BD000080B582B049F29010C2F20100A3
:10999000019043F20041C4F2010101604FF4827171
:1099A000416000218160C160016141614FF400723A
:1099B00082611822C2610162416281620A21C16230
:1099C000FDF7EEFB18B1FFE7F8F7BAFCFFE702B0CE
:1099D00080BD000080B582B049F2E810C2F20100FB
:1099E000019041F20001C4F2010101604FF4E13144
:1099F000416000218160C16001610C22426181618E
:109A0000C161FEF715FB18B1FFE7F8F799FCFFE716
:109A100002B080BD80B582B049F23020C2F20100B0
:109A2000019044F20041C4F2000101604FF4E131C1
:109A3000416000218160C16001610C22426181614D
:109A4000C161FEF7F5FA18B1FFE7F8F779FCFFE717
:109A500002B080BD80B582B049F27820C2F2010028
:109A6000019041F20041C4F2010101604FF4E13183
:109A7000416000218160C16001610C22426181610D
:109A8000C161FEF7D5FA18B1FFE7F8F759FCFFE717
:109A900049F27820C2F201000168C86840F0200055
:109AA000C86002B080BD000080B548F25460C2F2C8
:109AB000010040F20C01C2F20001012204F0B2F8F0
:109AC00018B1FFE7F8F73CFCFFE748F25460C2F238
:109AD000010040F26401C2F2000105F079F818B10A
:109AE000FFE7F8F72DFCFFE748F25460C2F20100EF
:109AF00040F2C801C2F2000104F020FF18B1FFE7F4
:109B0000F8F71EFCFFE748F25460C2F2010005F0CE
:109B1000E9F918B1FFE7F8F713FCFFE780BD000093
:109B200080B584B0F9F786FC039048F25460C2F225
:109B3000010090F89C02032830D1FFE740F250105A
:109B4000C2F20000007840B3FFE74CF2B770C0F6F5
:109B500002000CF0A1F840F25011C2F20001002006
:109B6000087040F67040C2F200000078C00798B15B
:109B7000FFE749F2C820C2F2010008F087FB40F677
:109B80007041C2F20001002008704CF29B70C0F6D8
:109B900002000CF081F8FFE7FFE7C2E040F2A810F6
:109BA000C2F20000006840B9FFE7F9F743FC40F259
:109BB000A811C2F200010860FFE7F9F73BFC40F290
:109BC000A811C2F200010968401AB0F57A7F40F28C
:109BD000A380FFE740F25010C2F200000078012895
:109BE00000F09980FFE74CF2CB70C0F602000CF059
:109BF00053F80A20F9F788F94CF2D441C0F6020173
:109C00000020012209F03CFC40F67440C2F2000042
:109C10004FF40D71F6F730FB4CF6C910C0F6020098
:109C20000CF03AF843F64401C4F20201086820F44B
:109C30000060086043F62401C4F202010091086844
:109C400040F40060086014200190F9F75DF9009A73
:109C50000198116821F400611160F9F755F9FFE7E7
:109C60000020029043F64400C4F20200016841F46F
:109C700000610160006800F4006002900298FFE754
:109C80001420F9F741F9FFF73FFE4CF26B60C0F684
:109C900002000CF001F8C820F9F736F9F8F786FC55
:109CA00048B1FFE74CF25770C0F602000BF0F4FF2A
:109CB00003F002F8FFE74CF2EE50C0F602000BF0A2
:109CC000EBFFFEF765FC48F63010C2F20100F7F733
:109CD000B7FE38B1FFE74CF2DB50C0F602000BF0E4
:109CE000DBFFFFE740F63C41C2F2000104200870B0
:109CF00040F25011C2F200010120087040F2A81198
:109D0000C2F20001002008604CF61F00C0F60200FD
:109D10000BF0C2FFFFE7FFE7FFE7039800F056FBF9
:109D2000FFE704B080BD0000FFE7FEE7FFE7FEE7C6
:109D300088B0079006910592079800F007000490FC
:109D40000498C0F10700052803D3FFE70420019021
:109D500004E00498C0F107000190FFE70198039028
:109D600004980430062803D8FFE70020009003E0A1
:109D7000049803380090FFE7009802900698039932
:109D8000012202FA01F101390840029B984005992D
:109D90009A40013A1140084308B0704780B548F630
:109DA0008C40C2F20100FAF7BDFF80BD80B586B0DD
:109DB0000590049105980068039003980290039819
:109DC000006C01900298049900EB4110D0F8080B48
:109DD0000090019843F20B01C4F6547188420FD3EE
:109DE000FFE79DF801000006002809D5FFE702986B
:109DF000049900EB41114FF40040C1F8080BFFE754
:109E00000598FBF707FE019843F20B01C4F6547165
:109E100088420DD3FFE705988079012808D1FFE734
:109E20000599086801F29C42012105F073FEFFE7E5
:109E3000002006B080BD000080B588B00790069174
:109E4000079800680490049803900498006C0290AE
:109E50000398069900EB4110D0F8080B0190079881
:109E60008079012840F08180FFE79DF80400000719
:109E7000002818D5FFE7029843F20B01C4F654718D
:109E800088420FD3FFE79DF805000006002809D59A
:109E9000FFE70398069900EB41114FF40040C1F829
:109EA000080BFFE760E09DF804008006002808D555
:109EB000FFE70398069900EB41112020C1F8080B39
:109EC00051E09DF8040010F0280F4AD1FFE70298F6
:109ED00043F20B01C4F6547188420FD3FFE79DF89B
:109EE00005000006002809D5FFE70398069900EB56
:109EF00041114FF40040C1F8080B31E00798069972
:109F000001EBC10100EB810000F51570059005988B
:109F1000006A0399069A01EB4211D1F8101B6FF306
:109F2000DF41401A05994861069898B9FFE70598FE
:109F3000006940B9FFE70799086801F29C420121D6
:109F400005F0E8FD05E00599C8684A691044C86055
:109F5000FFE7FFE707989DF81810FAF73FFCFFE7C7
:109F600000E0FFE7FFE7FFE747E0029843F20A114E
:109F7000C4F65471884224D1FFE79DF8050000061D
:109F8000002809D5FFE70398069900EB41114FF42B
:109F90000040C1F8080B13E09DF80400800600287B
:109FA00008D5FFE70398069900EB41112020C1F87E
:109FB000080BFFE707989DF81810FAF70FFCFFE76A
:109FC0001AE0069890B9FFE70798069901EBC101DE
:109FD00000EB8100D0F8640240B9FFE707990868F8
:109FE00001F29C42002105F095FDFFE707989DF8DE
:109FF0001810FAF7F3FBFFE7FFE7002008B080BD79
:10A0000080B58CB00A9009910A9800680890089869
:10A0100007900A98099901EBC10100EB8100143007
:10A020000690069801694069884204D9FFE701203B
:10A030008DF82F0079E0069908694969401A059062
:10A04000059806998968884204D9FFE706988068D0
:10A050000590FFE70598033080080490FFE7079814
:10A06000099900EB4110D0F8180981B2049A002038
:10A07000914202900FD3FFE70698026941690020E0
:10A080009142029007D2FFE706980069002818BFA6
:10A0900001200290FFE70298C00770B3FFE706991E
:10A0A00008694969401A05900598069989688842A7
:10A0B00004D9FFE7069880680590FFE7059803300C
:10A0C0008008049008980699C9689DF82420BDF876
:10A0D0001430DDF828C09CF806C0EE46CEF800C06B
:10A0E00006F08EFB059A0699C8681044C860059A68
:10A0F0000699486910444861B1E7069908694969B9
:10A1000088420ED8FFE7099800F00F01012088402F
:10A110000390039A0799D1F834089043C1F83408A2
:10A12000FFE700208DF82F00FFE79DF82F000CB00F
:10A1300080BD00007047000080B582B048F25261D7
:10A14000C2F2010100200870C820F8F7DDFE49F2D4
:10A150007820C2F2010048F25061C2F201010122EE
:10A16000FEF79AF803F0F6F8F9F764F900904CF26C
:10A170000250C0F602000BF08FFDFFE7F9F75AF925
:10A180000099401A00097C280AD8FFE748F252607B
:10A19000C2F201000078C00708B1FFE700E0EDE778
:10A1A00048F25260C2F201000078C00750B9FFE7E0
:10A1B0004CF27650C0F602000BF06EFD00208DF8D8
:10A1C000070003E001208DF80700FFE79DF8070076
:10A1D00002B080BD80B584B0002003900290019051
:10A1E0000090FFE7009802285EDCFFE7009840F649
:10A1F000A862C2F2000247F6085100FB01204FF4AA
:10A20000FA41405CC00798B9FFE7009840F6A862A1
:10A21000C2F2000247F6085100FB012047F6015147
:10A22000405CC00720B9FFE703980130039036E097
:10A23000009840F6A862C2F2000247F6085100FBFF
:10A2400001204FF4FA41405CC00798B9FFE700983D
:10A2500040F6A862C2F2000247F6085100FB012056
:10A2600047F60151405CC00720B1FFE7029801307A
:10A27000029013E0009840F6A862C2F2000247F68E
:10A28000085100FB01204FF4FA41405CC00720B1A7
:10A29000FFE7019801300190FFE7FFE7FFE7FFE7E5
:10A2A0000098013000909DE70399029A019B4CF2BF
:10A2B0003170C0F602000BF0EFFC04B080BD00006E
:10A2C00080B586B040F67040C2F200000078C0074A
:10A2D00038B9FFE74CF68410C0F602000BF0DCFC46
:10A2E00071E000200590FFE7059802286BDCFFE78E
:10A2F00040F6A862C2F2000247F21970C0F20100F3
:10A30000105C0599084445F25651C5F2555150FB71
:10A3100001F101EBD17101EB4101401A8DF81300FD
:10A320009DF8130047F6085110FB01200390039895
:10A330004FF4FA41405CC00700283FD0FFE7039884
:10A3400047F60151405CC007C0BBFFE7039947F6E1
:10A350000152019201208854F9F76CF802909DF89F
:10A360001300F8F7C3F9019A49F60411C2F201018A
:10A3700008680130086003994FF4FA430020C8547C
:10A3800003998854039947F6045288509DF81300A6
:10A3900001304AF6AB21CAF6AA21A0FB011202F055
:10A3A000FE0101EB5201401A40F6A861C2F2000121
:10A3B00047F21972C0F20102885404E0FFE70598E1
:10A3C0000130059090E706B080BD000080B5ADF586
:10A3D000267DA59040F63C40C2F200000078014680
:10A3E0000B91042800F238820B99DFE811F0050088
:10A3F00033009E000B015B0149F2FC60C2F20100D8
:10A40000006830BBFFE7A59849F2FC61C2F2010188
:10A4100008604CF20F60C0F602000BF03DFC49F200
:10A420007820C2F2010048F25061C2F2010101221B
:10A430000A92FDF731FF02F08DFF0A9849F2C4211C
:10A44000C2F20101087040F63C41C2F200010870FE
:10A4500003E202E248F25260C2F201000078C00753
:10A46000C0B1FFE74CF23C60C0F602000BF014FCF8
:10A4700040F63C41C2F200010220087048F25261ED
:10A48000C2F201010020087048F25161C2F20101DC
:10A49000087049E0F8F7CEFF49F2FC61C2F2010111
:10A4A0000968401A4BF62071C0F2020188423AD383
:10A4B000FFE74CF2E170C0F602000BF0EDFB49F251
:10A4C0007010C2F201000890A0A900220992FCF7C6
:10A4D000E5FA099A08989FA9FCF7A4FA09989DF84B
:10A4E000801240F21912C2F2000211709DF87E1221
:10A4F00040F21812C2F20002117048F25261C2F228
:10A500000101087048F25161C2F20101087049F27C
:10A51000C421C2F20101087040F63C41C2F20001C0
:10A5200004200870FFE7FFE797E14CF6C010C0F683
:10A53000020048F2D051C2F201010BF0ADFB48F22B
:10A540005460C2F2010090F89C02032807D1FFE793
:10A550004CF26C70C0F602000BF09EFB27E049F253
:10A56000C420C2F201000078C007F8B1FFE748F24A
:10A57000D050C2F2010007F0E3FDF8F75BFF49F2AB
:10A58000C021C2F20101086040F24C10C2F200008A
:10A5900001684CF21D70C0F602000BF07DFB49F221
:10A5A000C421C2F2010100200870FFE7FFE748F272
:10A5B000D050C2F201008021F5F75EFE49F2701022
:10A5C000C2F2010007909AA900220692FCF766FAEF
:10A5D000069A079899A9FCF725FA9DF8680240F2B7
:10A5E0001911C2F2000108709DF8660240F21811BC
:10A5F000C2F20001087040F63C41C2F200010420A2
:10A6000008702AE149F2C420C2F201000078C007B4
:10A61000002846D0FFE740F25010C2F20000007858
:10A6200001283ED1FFE7FFF787FDA0B1FFE7F8F76C
:10A6300001FF49F2C021C2F2010108604CF29060B2
:10A64000C0F602000BF028FB40F63C41C2F20001CC
:10A650000220087024E04CF66500C0F602000BF002
:10A660001BFBF8F7E7FE40F24C11C2F2000109684B
:10A67000401A42F2C071C0F20901084449F2C021F7
:10A68000C2F20101086049F2C421C2F201010020B6
:10A69000087040F63C41C2F2000104200870FFE758
:10A6A000FFE7DAE0A59840F2AC11C2F200010968B8
:10A6B000401A4EF66021884242D3FFE7A59840F247
:10A6C000AC11C2F20001086040F6A860C2F20000BE
:10A6D00047F21C71C0F20101415847F22072C0F2EA
:10A6E0000102825840F64040C2F200000390036825
:10A6F00049F60410C2F201000490006840F6444C90
:10A70000C2F2000CCDF814C0DCF800E0EC46CCF846
:10A7100004E0CCF800004CF64B10C0F602000BF041
:10A72000BBFA039B049A059900201860106008602A
:10A7300041F20040C4F202000121F8F74FFEFFE7AA
:10A74000A59849F2C021C2F201010968401A40F2FD
:10A750004C11C2F20001096888420DD3FFE749F2AB
:10A76000C421C2F201010120087040F63C41C2F24E
:10A7700000010320087070E0A59840F2B811C2F201
:10A7800000010968401A47F24171C0F21B0188427A
:10A7900009D3FFE7F7F778FAA59840F2B811C2F2AB
:10A7A00000010860FFE7F7F703FA40F67040C2F2D5
:10A7B00000000078C007E8B9FFE70DA8F7F7D0FD63
:10A7C00080B1FFE749F2C820C2F201000DA94FF4A1
:10A7D0000C72F5F738FD40F67041C2F2000101201D
:10A7E000087006E04CF64200C0F602000BF054FA86
:10A7F00033E0FFE7FFF764FDA59840F2B411C2F221
:10A8000000010968401AB0F57A7F24D3FFE740F6CB
:10A81000A860C2F2000047F21C72C0F20102835825
:10A8200040F2B011C2F20001D1F800C0A3EB0C035A
:10A830000C9380580860A59840F2B411C2F2000150
:10A8400008600C994CF6AC10C0F602000BF024FA2C
:10A85000FFF7C0FCFFE700E0FFE70DF5267D80BDB8
:10A8600082B08DF80700002000909DF807000009D5
:10A8700000EB80004000009000989DF8071001F068
:10A880000F010844C0B202B07047000082B08DF8DA
:10A89000070000200090FFE79DF807000A2809D371
:10A8A000FFE70098013000909DF807000A388DF806
:10A8B0000700F1E7009800F00F019DF8070040EA5B
:10A8C000011002B07047000080B584B003900020F2
:10A8D00002908DF8070003980068C06840060028C1
:10A8E0002FD4FFE703980168C86840F08000C86073
:10A8F000F8F7A0FD0290FFE703980068C168002008
:10A9000049060029009007D4FFE79DF807000138A9
:10A9100018BF01200090FFE70098C00780B1FFE753
:10A92000F8F788FD0299401AB0F57A7F07D9FFE75A
:10A9300003990420487701208DF80700FFE7DBE743
:10A94000FFE79DF8070004B080BD000080B582B02D
:10A95000019000208DF8030001980168C86820F07C
:10A960008000C860019800688068800600280DD4C7
:10A97000FFE70198FCF7CCFA38B1FFE70199042012
:10A98000487701208DF80300FFE7FFE79DF80300FB
:10A9900002B080BD85B003908DF80B100192039832
:10A9A000D0F8D41200EB8100D0F8C00200900098DB
:10A9B00020B9FFE7FF208DF8130013E0019800791C
:10A9C00028B9FFE70099002081F8620804E00099A7
:10A9D000012081F86208FFE700990020C8608DF827
:10A9E0001300FFE79DF9130005B0704780B586B0EE
:10A9F00004908DF80F10029201930498D0F8D412AD
:10AA000000EB8100D0F8C0020090009820B9FFE769
:10AA1000FF208DF8170017E002980199084400996B
:10AA2000D1F8681888420BD9FFE704989DF80F10F9
:10AA30000522212300F088FEFF208DF8170003E097
:10AA400000208DF81700FFE79DF9170006B080BDC4
:10AA500080B588B006908DF8171004920698D0F84B
:10AA6000D41200EB8100D0F8C0020190019820B907
:10AA7000FFE7FF208DF81F0069E00198D0F8180863
:10AA800060B9FFE70698019991F81D180522202367
:10AA900000F05AFEFF208DF81F0058E0049840781F
:10AAA000C00748B3FFE70498807848B9FFE70198EA
:10AAB00040F23601C2F20001062200F045FF1AE022
:10AAC00004988078802809D1FFE7019840F23C0182
:10AAD000C2F20001082200F037FF0BE0069801994E
:10AAE00091F81D180522242300F02EFEFF208DF87A
:10AAF0001F002CE0FFE726E00698D0F8D41200EB08
:10AB00008100D0F8C402C0699DF8171001EBC101A3
:10AB100000EB81000390039800790530ADF80A003E
:10AB200004980079BDF80A10884205DCFFE7049814
:10AB30000079ADF80A00FFE701980399BDF80A20F3
:10AB400000F002FFFFE700208DF81F00FFE79DF9EE
:10AB50001F0008B080BD000080B586B004908DF85D
:10AB60000F1002920498D0F8D41200EB8100D0F8B4
:10AB7000C00201900820ADF80200019820B9FFE75B
:10AB8000FF208DF817002EE00498D0F8D41200EBC7
:10AB90008100D0F8C402C1689DF80F00884748B111
:10ABA000FFE740F22A01C2F20001C87840F08000BD
:10ABB000C870FFE70298007ABDF80210884205DCF1
:10ABC000FFE70298007AADF80200FFE70198BDF8B0
:10ABD000022040F22A01C2F2000100F0B5FE00207E
:10ABE0008DF81700FFE79DF9170006B080BD000043
:10ABF00080B586B004908DF80F1002920498D0F8BA
:10AC0000D41200EB8100D0F8C00201900420ADF80E
:10AC10000200019820B9FFE7FF208DF817002EE011
:10AC20000498D0F8D41200EB8100D0F8C402C168B7
:10AC30009DF80F00884748B1FFE740F23201C2F2A9
:10AC40000001887840F080008870FFE70298007962
:10AC5000BDF80210884205DCFFE702980079ADF8E4
:10AC60000200FFE70198BDF8022040F23201C2F273
:10AC7000000100F069FE00208DF81700FFE79DF944
:10AC8000170006B080BD000080B588B006908DF832
:10AC9000171004920698D0F8D41200EB8100D0F877
:10ACA000C0020290029820B9FFE7FF208DF81F0034
:10ACB000D9E00498007801460191D0B3FFE70198EC
:10ACC00003283FD0FFE70198122844D0FFE70198FE
:10ACD0001A285BD0FFE701981B2845D0FFE70198B1
:10ACE0001E284AD0FFE70198232861D0FFE701988A
:10ACF000252866D0FFE70198282874D0FFE701983F
:10AD00002A2800F08280FFE701982F2800F08F802A
:10AD1000FFE701985A2842D0FFE701989E2859D0B2
:10AD2000FFE70198A82867D0FFE70198AA2875D007
:10AD300086E006989DF81710049A00F0A5FD8DF89E
:10AD40000F008BE006989DF81710049A00F072FC33
:10AD50008DF80F0082E006989DF81710049AFFF70F
:10AD600077FE8DF80F0079E006989DF81710049A89
:10AD700000F02CFD8DF80F0070E006989DF817107C
:10AD8000049AFFF707FE8DF80F0067E006989DF81C
:10AD90001710049AFFF72CFF8DF80F005EE006985D
:10ADA0009DF81710049AFFF7D7FE8DF80F0055E0B5
:10ADB00006989DF81710049A00F0BEFB8DF80F005E
:10ADC0004CE006989DF81710049A00F0C5FA8DF82B
:10ADD0000F0043E006989DF81710049A00F026FB38
:10ADE0008DF80F003AE006989DF81710049A00F0CD
:10ADF0006FF98DF80F0031E006989DF81710049A4E
:10AE000000F008FA8DF80F0028E006989DF817105A
:10AE1000049A00F009FE8DF80F001FE006989DF8D7
:10AE20001710049A00F0D8FE8DF80F0016E006986F
:10AE30009DF81710049A00F0B5FD8DF80F000DE095
:10AE400006989DF817100522202300F07DFC02993A
:10AE500002204872FF208DF80F00FFE79DF80F00D9
:10AE60008DF81F00FFE79DF91F0008B080BD0000AE
:10AE700080B586B004908DF80F100498D0F8D412E5
:10AE800000EB8100D0F8C0020290029820B9FFE7E1
:10AE9000FF208DF8170071E00299D1F87008B1F821
:10AEA00064184843019001990020B0EBD12F03D1E1
:10AEB000FFE70198009003E04FF400600090FFE787
:10AEC000009801900498D0F8D41200EB8100D0F8DB
:10AED000C402D0F810C09DF80F00DDF808E00EF1B4
:10AEE0001001DEF86C28019BBEF864E8B3FBFEF3AA
:10AEF0009BB2E047B0F1FF3F0BDCFFE704989DF801
:10AF00000F100422112300F01FFCFF208DF8170002
:10AF100034E0049840F22801C2F200010978029A54
:10AF20001032019B03F050FB01980299B1F864289C
:10AF3000B0FBF2F2D1F86C081044C1F86C0801982B
:10AF40000299B1F86428B0FBF2F2D1F87008801AC7
:10AF5000C1F87008019A0299D1F83808801AC1F82E
:10AF600038080298D0F8700820B9FFE7029903204A
:10AF70000872FFE700208DF81700FFE79DF9170022
:10AF800006B080BD80B588B006908DF81710069881
:10AF9000D0F8D41200EB8100D0F8C00204900498DD
:10AFA00020B9FFE7FF208DF81F008CE00499D1F84D
:10AFB0007008B1F864184843039003990020B0EB7F
:10AFC000D12F03D1FFE70398029003E04FF4006014
:10AFD0000290FFE7029803900698D0F8D41200EB95
:10AFE0008100D0F8C402D0F814C09DF81700DDF835
:10AFF00010E00EF11001DEF86C28039BBEF864E847
:10B00000B3FBFEF39BB2E047B0F1FF3F0BDCFFE781
:10B0100006989DF817100422032300F095FBFF20EB
:10B020008DF81F004FE003980499B1F86428B0FB35
:10B03000F2F2D1F86C081044C1F86C080398049936
:10B04000B1F86428B0FBF2F2D1F87008801AC1F8A8
:10B050007008039A0499D1F83808801AC1F83808A2
:10B060000498D0F8700828B9FFE706980021FEF789
:10B07000E9F924E00499D1F87008B1F86418414363
:10B080000020B0EBD12F08D1FFE70499D1F8700868
:10B09000B1F864184843019003E04FF40060019058
:10B0A000FFE701980390069840F22901C2F20001DF
:10B0B0000978049A1032039B03F022F9FFE700207D
:10B0C0008DF81F00FFE79DF91F0008B080BD00004C
:10B0D00080B586B004908DF80F1002920498D0F8D5
:10B0E000D41200EB8100D0F8C0020190019820B981
:10B0F000FFE7FF208DF8170088E00198007A00280C
:10B1000078D1FFE7019890F81C0800F080008028B3
:10B110000CD0FFE70498019991F81D18052220230F
:10B1200000F012FBFF208DF817006FE0019890F8F7
:10B13000620802280BD1FFE704989DF80F10022245
:10B140003A2300F001FBFF208DF817005EE0049821
:10B15000D0F8D41200EB8100D0F8C40281689DF8C9
:10B160000F00884758B1FFE704989DF80F1002229E
:10B170003A2300F0E9FAFF208DF8170046E0029824
:10B18000D0F8020000BA0199C1F86C080298B0F832
:10B19000070040BA0199C1F8700804989DF80F1093
:10B1A000019BD3F86C28D3F87038FFF71FFCB0F17F
:10B1B000FF3F04DCFFE7FF208DF8170026E0019A2F
:10B1C000D2F81808D2F87018B2F8642851438842AF
:10B1D0000CD0FFE70498019991F81D18052220234F
:10B1E00000F0B2FAFF208DF817000FE0019902205D
:10B1F0000872FFE701994FF40060C86004989DF859
:10B200000F10FFF735FE8DF81700FFE79DF91700C7
:10B2100006B080BD80B586B004908DF80F10029204
:10B220000498D0F8D41200EB8100D0F8C00201904D
:10B23000019820B9FFE7FF208DF8170088E00198FA
:10B24000007A002878D1FFE7019890F81C0800F0F8
:10B25000800080280CD0FFE70498019991F81D1810
:10B260000522202300F070FAFF208DF817006FE010
:10B27000019890F8620802280BD1FFE704989DF826
:10B280000F1002223A2300F05FFAFF208DF817001A
:10B290005EE00498D0F8D41200EB8100D0F8C4022C
:10B2A00081689DF80F00884758B1FFE704989DF822
:10B2B0000F1002223A2300F047FAFF208DF8170002
:10B2C00046E00298D0F8020000BA0199C1F86C0873
:10B2D0000298D0F8060000BA0199C1F870080498E5
:10B2E0009DF80F10019BD3F86C28D3F87038FFF746
:10B2F0007DFBB0F1FF3F04DCFFE7FF208DF8170076
:10B3000026E0019AD2F81808D2F87018B2F864282A
:10B31000514388420CD0FFE70498019991F81D1819
:10B320000522202300F010FAFF208DF817000FE00F
:10B33000019902200872FFE701994FF40060C8608C
:10B3400004989DF80F10FFF793FD8DF81700FFE7A5
:10B350009DF9170006B080BD80B586B004908DF8C9
:10B360000F1002920498D0F8D41200EB8100D0F8AC
:10B37000C0020090009820B9FFE7FF208DF8170069
:10B3800050E00498D0F8D41200EB8100D0F8C40249
:10B3900043689DF80F00009A02F6680102F6640205
:10B3A00098478DF807009DF9070030B9FFE700982E
:10B3B00090F8620802280BD1FFE704989DF80F105F
:10B3C00002223A2300F0C0F9FF208DF8170029E08F
:10B3D0000099D1F868080138000E08740099D1F876
:10B3E00068080138000C48740099D1F868080138E1
:10B3F000000A88740099D1F868080138C874009967
:10B400000020087500994875009A92F865189175A2
:10B41000009A92F86418D175009A0821D1608DF8CD
:10B420001700FFE79DF9170006B080BD80B588B012
:10B4300006908DF8171004920698D0F8D41200EBFD
:10B440008100D0F8C0020190019820B9FFE7FF20E9
:10B450008DF81F006CE00698D0F8D41200EB810044
:10B46000D0F8C40243689DF81700019A02F66801FB
:10B4700002F6640298478DF80B009DF90B0030B975
:10B48000FFE7019890F8620802280BD1FFE70698C1
:10B490009DF8171002223A2300F056F9FF208DF88C
:10B4A0001F0045E00498D0F80A0000BA0199C8606E
:10B4B00000200390FFE703980199C96888420AD2E7
:10B4C000FFE701980399014400200874FFE70398FF
:10B4D00001300390EFE70199D1F868080138000EB8
:10B4E00008750199D1F868080138000C4875019970
:10B4F000D1F868080138000A88750199D1F8680800
:10B500000138C87501990020087601994876019A9A
:10B5100092F865189176019A92F86418D176049998
:10B52000D1F80A1009BA019AD1608DF81F00FFE71F
:10B530009DF91F0008B080BD80B588B006908DF8D9
:10B54000171004920698D0F8D41200EB8100D0F8BE
:10B55000C0020090009820B9FFE7FF208DF81F007F
:10B5600064E00698D0F8D41200EB8100D0F8C40251
:10B5700043689DF8170002A90DF10E0298478DF857
:10B5800005009DF9050030B9FFE7009890F86208C2
:10B5900002280BD1FFE706989DF8171002223A23E4
:10B5A00000F0D2F8FF208DF81F003FE00020ADF83A
:10B5B0000600FFE7BDF806000B280DD8FFE700984E
:10B5C000BDF80610014400200874FFE7BDF806002E
:10B5D0000130ADF80600EDE700990820C874029824
:10B5E0000138000E0099087502980138000C009986
:10B5F000487502980138000A009988750298013848
:10B600000099C875009902200876009900204876B4
:10B610009DF80F10009A91769DF80E10009AD17641
:10B62000009A0C21D1608DF81F00FFE79DF91F00E3
:10B6300008B080BD80B586B004908DF80F100292DE
:10B640000498D0F8D41200EB8100D0F8C00200902A
:10B65000009820B9FFE7FF208DF817006FE00098F1
:10B66000D0F8180860B9FFE70498009991F81D1800
:10B670000522202300F068F8FF208DF817005EE017
:10B6800000208DF80700FFE79DF8070011280DD86E
:10B69000FFE700989DF80710014400200874FFE7B9
:10B6A0009DF8070001308DF80700EDE70099702044
:10B6B000087400990C20C875009991F8600891F8F9
:10B6C000611888422AD0FFE7009991F8600801EBE1
:10B6D000C00090F840088874009991F8600801EB68
:10B6E000C00090F844080877009991F8600801EBD1
:10B6F000C00090F845084877009991F8600801303B
:10B7000081F86008009890F86008042805D1FFE7E8
:10B710000099002081F86008FFE7FFE700991220F8
:10B72000C86002980079122805D8FFE702980079CE
:10B730000099C860FFE700208DF81700FFE79DF92A
:10B74000170006B080BD000083B002908DF807108E
:10B750008DF806208DF805300298D0F8D41200EB51
:10B760008100D0F8C0020090009808B9FFE72AE0F5
:10B770009DF80600009991F8612801EBC20181F85B
:10B7800040089DF80500009991F8612801EBC2017D
:10B7900081F84408009890F8611800EBC10100207E
:10B7A00081F84508009991F86108013081F8610835
:10B7B000009890F86108042805D1FFE7009900205F
:10B7C00081F86108FFE703B07047000080B586B0DC
:10B7D00004908DF80F1002920498D0F8D41200EB68
:10B7E0008100D0F8C0020190019820B9FFE7FF2046
:10B7F0008DF8170044E0019890F86208012812D1F2
:10B80000FFE70298007900F0030002280BD1FFE760
:10B8100004989DF80F1005222423FFF795FFFF20C1
:10B820008DF817002CE00298007900F00300012841
:10B8300005D1FFE70199002081F862081AE002981B
:10B84000007900F00300022805D1FFE701990220EA
:10B8500081F862080DE00298007900F003000328E7
:10B8600005D1FFE70199002081F8620800E0FFE7B9
:10B87000FFE7FFE701990020C8608DF81700FFE798
:10B880009DF9170006B080BD80B586B004908DF894
:10B890000F1002920498D0F8D41200EB8100D0F877
:10B8A000C0020190019820B9FFE7FF208DF8170032
:10B8B00045E00198D0F8180860B1FFE704980199B5
:10B8C00091F81D1805222023FFF73EFFFF208DF879
:10B8D000170034E0019890F8620802280ED1FFE7C3
:10B8E00004989DF80F1002223A23FFF72DFF0199CB
:10B8F00005200872FF208DF8170020E00498D0F88A
:10B90000D41200EB8100D0F8C40281689DF80F00CA
:10B91000884770B1FFE704989DF80F1002223A2380
:10B92000FFF712FF019905200872FF208DF817001C
:10B9300005E001990020C8608DF81700FFE79DF928
:10B94000170006B080BD000084B002900191ADF8F0
:10B950000220BDF80200ADF80000029820B9FFE710
:10B96000FF208DF80F0019E0BDF800000299C860B3
:10B97000FFE7BDF8000068B1FFE7BDF8000001383F
:10B98000ADF800000198BDF80020805C02991144D8
:10B990000874EEE700208DF80F00FFE79DF90F0017
:10B9A00004B0704780B586B004908DF80F100292F5
:10B9B0000498D0F8D41200EB8100D0F8C0020190B6
:10B9C000019820B9FFE7FF208DF8170028E00298C2
:10B9D0004078800700280BD5FFE704989DF80F10EA
:10B9E00005222423FFF7B0FEFF208DF8170017E093
:10B9F00004989DF80F10019BD3F86C28D3F8703889
:10BA0000FEF7F4FFB0F1FF3F04DCFFE7FF208DF805
:10BA1000170005E001990020C8608DF81700FFE7C6
:10BA20009DF9170006B080BD80B588B006908DF8EE
:10BA3000171004920698D0F8D41200EB8100D0F8C9
:10BA4000C0020390039820B9FFE7FF208DF81F0084
:10BA5000BDE00398007A002840F0AD80FFE703982E
:10BA6000D0F8180860B9FFE70698039991F81D18F7
:10BA700005222023FFF768FEFF208DF81F00A6E0B7
:10BA8000039890F81C08000600280CD5FFE70698DC
:10BA9000039991F81D1805222023FFF755FEFF207A
:10BAA0008DF81F0093E00698D0F8D41200EB8100C7
:10BAB000D0F8C40281689DF81700884758B1FFE7A5
:10BAC00006989DF8171002223A23FFF73DFEFF204B
:10BAD0008DF81F007BE00698D0F8D41200EB8100AF
:10BAE000D0F8C402C1689DF81700884758B1FFE735
:10BAF00006989DF8171002222723FFF725FEFF2046
:10BB00008DF81F0063E00498D0F8020000BA039992
:10BB1000C1F86C080498B0F8070040BA0399C1F85E
:10BB2000700806989DF81710039BD3F86C28D3F87B
:10BB30007038FEF75BFFB0F1FF3F04DCFFE7FF204A
:10BB40008DF81F0043E00399D1F87008B1F864182C
:10BB5000484302900398D0F81808029988420CD004
:10BB6000FFE70698039991F81D1805222023FFF797
:10BB7000EBFDFF208DF81F0029E002990020B0EBBB
:10BB8000D12F03D1FFE70298019003E04FF400604A
:10BB90000190FFE70198029003990120087206982E
:10BBA00040F22901C2F200010978039A1032029B87
:10BBB00002F0A6FB07E006989DF81710FFF7E2F9E0
:10BBC0008DF81F0003E000208DF81F00FFE79DF9AE
:10BBD0001F0008B080BD000080B588B006908DF8C9
:10BBE000171004920698D0F8D41200EB8100D0F818
:10BBF000C0020390039820B9FFE7FF208DF81F00D3
:10BC0000C3E00398007A002840F0B380FFE7039870
:10BC1000D0F8180860B9FFE70698039991F81D1845
:10BC200005222023FFF790FDFF208DF81F00ACE0D8
:10BC3000039890F81C08000600280CD5FFE706982A
:10BC4000039991F81D1805222023FFF77DFDFF20A1
:10BC50008DF81F0099E00698D0F8D41200EB81000F
:10BC6000D0F8C40281689DF81700884770B1FFE7DB
:10BC700006989DF8171002223A23FFF765FD0399F5
:10BC800005200872FF208DF81F007EE00698D0F88E
:10BC9000D41200EB8100D0F8C402C1689DF81700EF
:10BCA000884770B1FFE706989DF8171002222723F6
:10BCB000FFF74AFD039905200872FF208DF81F0049
:10BCC00063E00498D0F8020000BA0399C1F86C0848
:10BCD0000498D0F8060000BA0399C1F870080698D5
:10BCE0009DF81710039BD3F86C28D3F87038FEF733
:10BCF0007DFEB0F1FF3F04DCFFE7FF208DF81F0061
:10BD000043E00399D1F87008B1F8641848430290F1
:10BD10000398D0F81808029988420CD0FFE70698DB
:10BD2000039991F81D1805222023FFF70DFDFF2030
:10BD30008DF81F0029E002990020B0EBD12F03D12C
:10BD4000FFE70298019003E04FF400600190FFE7E5
:10BD500001980290039901200872069840F2290187
:10BD6000C2F200010978039A1032029B02F0C8FA6D
:10BD700007E006989DF81710FFF704F98DF81F00EB
:10BD800003E000208DF81F00FFE79DF91F0008B0B9
:10BD900080BD000083B002900191002000900199C5
:10BDA0000968029A516201994968029A9162019A5E
:10BDB0009168D2F80CC01369526941EA0C01194329
:10BDC0000A430099114300910299C96A21F0F701D1
:10BDD000009A1143029AD16203B0704781B000907B
:10BDE00000980069C0B201B07047000081B00090B7
:10BDF0000098006800F0030001B0704783B0029023
:10BE0000019102980199084414300090009800684C
:10BE100003B0704780B548F60C20C2F20100F7F776
:10BE2000D9FE80BDB0B588B00E9CDDF834E0DDF8F9
:10BE300030C00794CDF818E0CDF814C004930392F5
:10BE400002910190002000900299DDF80CC0049B43
:10BE5000059A41EA0C0119431143069A1143079AC6
:10BE60000A430099114300910199496847F6FF621E
:10BE70009143009A1143019A516008B0B0BD00008F
:10BE800081B00090009903200860002001B0704745
:10BE900081B000900098D0F8800001B07047000099
:10BEA00083B0029001910020009001990968029AE4
:10BEB0009160019A5168D2F808C0D368126941EACA
:10BEC0000C0119430A430099114300910299C96872
:10BED00040F6FF729143009A1143029AD16003B079
:10BEE0007047000082B001900091009800680199AD
:10BEF000C1F88000002002B07047000080B58AB011
:10BF00000990089108980390102001900490402017
:10BF10000590002006904FF480600790099803A9CF
:10BF2000FFF7BEFF0199099841F2883200F0C6F987
:10BF3000029002980AB080BD80B588B007900020BA
:10BF400002900390049005904FF48060069007984B
:10BF500002A9FFF7A5FF079800F082F90190019868
:10BF600008B080BD80B588B0079006910698019012
:10BF70000120029040200390002004904FF4806044
:10BF80000590079801A9FFF78BFF079800F00EFBBB
:10BF90000090009808B080BD80B58AB009900891E3
:10BFA00008980390122001900490402005900020F2
:10BFB00006904FF480600790099803A9FFF770FF7F
:10BFC0000199099841F2883200F078F902900298BC
:10BFD0000AB080BD80B58AB0099008910898039096
:10BFE00011200190049040200590002006904FF40D
:10BFF00080600790099803A9FFF752FF01990998FB
:10C0000041F2883200F05AF9029002980AB080BDDD
:10C0100080B58CB00B900993089208980390072084
:10C020000190049040200590002006904FF480601D
:10C0300007900B9803A9FFF733FF01990B9841F282
:10C04000883200F03BF9029002980CB080BD0000ED
:10C0500080B588B007900020029002210391C02192
:10C06000049105904FF480600690079802A9FFF7AD
:10C0700017FF079800F046FA0190019808B080BDBC
:10C0800080B588B00790069106980190092002902B
:10C09000C0200390002004904FF480600590079822
:10C0A00001A9FFF7FDFE079800F02CFA0090009818
:10C0B00008B080BD80B58AB00990089108980390B7
:10C0C00008200190049040200590002006904FF435
:10C0D00080600790099803A9FFF7E2FE019909988B
:10C0E00041F2883200F0EAF8029002980AB080BD6E
:10C0F00080B58AB009900891089803900D200190AE
:10C10000049040200590002006904FF48060079036
:10C11000099803A9FFF7C4FE0199099841F28832F2
:10C1200000F0CCF8029002980AB080BD80B58AB0C9
:10C130000990ADF82210BDF82200000403900320FE
:10C140000190049040200590002006904FF48060FC
:10C150000790099803A9FFF7A3FE0199099841F2F6
:10C16000883200F0ABF8029002980AB080BD00005F
:10C1700080B588B00790002002900C2100910391B7
:10C180004021049105904FF480600690079802A921
:10C19000FFF786FE009907984EF20012C0F2F552A2
:10C1A00000F08CF80190019808B080BD80B58AB08D
:10C1B000099008910898039006200190049040206F
:10C1C0000590002006904FF480600790099803A91D
:10C1D000FFF766FE0199099841F2883200F06EF887
:10C1E000029002980AB080BD80B58AB0099008918B
:10C1F0000898039019200190049040200590002099
:10C2000006904FF480600790099803A9FFF748FE55
:10C210000199099841F2883200F050F80290029892
:10C220000AB080BD80B58AB0099008910898039043
:10C2300018200190049040200590002006904FF4B3
:10C2400080600790099803A9FFF72AFE01990998D1
:10C2500041F2883200F032F8029002980AB080BDB4
:10C2600083B0019040F24800C2F200000068C008AC
:10C2700044F6D351C1F26201A0FB0110800941F2E2
:10C28000883148430090FFE70098411E009120B993
:10C29000FFE74FF0004002900CE0FFE70198406B91
:10C2A00000060028F0D5FFE70199C520886300202B
:10C2B0000290FFE7029803B07047000080B588B095
:10C2C00006908DF817100492049840F24801C2F2CB
:10C2D00000010968C90844F6D352C1F26202A1FB09
:10C2E0000221890948430190FFE70198411E01910D
:10C2F00020B9FFE74FF000400790FFE00698406B41
:10C300000290FFE701209DF8081011F0450F009002
:10C3100006D0FFE79DF80900C0F3C0000090FFE7DA
:10C320000098C0070028E0D1FFE70698406B40075F
:10C33000002805D5FFE70699042088630790DDE013
:10C340000698406BC00728B1FFE706990120886373
:10C350000790D3E0FFE7FFE70699C52088630698BA
:10C36000FFF73CFD9DF81710884203D0FFE701203E
:10C370000790C3E006980021FFF740FD0390039863
:10C380004EF20801CFF6FF51084203D1FFE700202B
:10C390000790B3E09DF80F000006002804D5FFE7E2
:10C3A0004FF000700790A9E09DF80F0040060028AC
:10C3B00003D5FFE740200790A0E09DF80F0080061E
:10C3C000002803D5FFE78020079097E09DF80F0035
:10C3D000C006002804D5FFE74FF4807007908DE079
:10C3E0009DF80F000007002804D5FFE74FF4007008
:10C3F000079083E09DF80F004007002804D5FFE771
:10C400004FF48060079079E09DF80F00C00720B1DD
:10C41000FFE74FF40060079070E09DF80E00000603
:10C42000002804D5FFE74FF48050079066E09DF8A0
:10C430000E004006002804D5FFE74FF40050079097
:10C440005CE09DF80E008006002804D5FFE74FF45D
:10C450008040079052E09DF80E00C006002804D5E9
:10C46000FFE74FF40040079048E09DF80E004007BA
:10C47000002804D5FFE74FF4003007903EE09DF818
:10C480000E008007002804D5FFE74FF480200790B6
:10C4900034E09DF80E00C00720B1FFE74FF4002004
:10C4A00007902BE09DF80D000006002804D5FFE75B
:10C4B0004FF48010079021E09DF80D004006002801
:10C4C00004D5FFE74FF40010079017E09DF80D002A
:10C4D0008006002804D5FFE74FF4800007900DE0A8
:10C4E0009DF80C000007002804D5FFE74FF400007A
:10C4F000079003E04FF480300790FFE7079808B0FB
:10C5000080BD000085B0039040F24800C2F20000F8
:10C510000068C00844F6D351C1F26201A0FB0110CB
:10C52000800941F2883148430190FFE70198411E9C
:10C53000019120B9FFE74FF00040049033E00398E9
:10C54000406B0290FFE701209DF8081011F0450FA5
:10C55000009006D0FFE79DF80900C0F3C0000090EE
:10C56000FFE70098C0070028E0D1FFE70398406B81
:10C570004007002805D5FFE703990420886304904D
:10C5800011E00398406BC00728B1FFE70399012031
:10C590008863049007E00399C5208863FFE7FFE7FD
:10C5A00000200490FFE7049805B0704785B0039021
:10C5B00040F24800C2F200000068C00844F6D351BF
:10C5C000C1F26201A0FB0110800941F288314843A9
:10C5D0000190FFE70198411E019120B9FFE74FF05C
:10C5E0000040049028E00398406B0290FFE7012090
:10C5F0009DF8081011F0450F009006D0FFE79DF858
:10C600000900C0F3C0000090FFE70098C0070028B1
:10C61000E0D1FFE70398406B4007002805D5FFE70E
:10C62000039904208863049006E00399C520886379
:10C63000FFE700200490FFE7049805B07047000072
:10C6400080B549F29010C2F20100FAF791FC80BD6A
:10C6500080B582B001900198806B00900099002015
:10C66000C8870099C8860098FAF77EFC02B080BDA2
:10C6700080B586B004900391029204984068B0F5AA
:10C68000827F13D1FFE704988068B0F5004F06D091
:10C69000FFE704988068B0F5806F07D1FFE7049842
:10C6A0000168086820F040000860FFE704984068CF
:10C6B000B0F5827F31D1FFE704988068B0F5806FD4
:10C6C00015D0FFE70498039B02996A461160802108
:10C6D000002200F0A5F848B1FFE70499486D40F04A
:10C6E0002000486503208DF817002FE014E004981F
:10C6F000039B02996A4611600121002200F090F824
:10C7000048B1FFE70499486D40F0200048650320D8
:10C710008DF817001AE0FFE714E00498039B0299D4
:10C720006A4611600121002200F07AF848B1FFE763
:10C730000499486D40F02000486503208DF81700EB
:10C7400004E0FFE700208DF81700FFE79DF81700D1
:10C7500006B080BD80B586B0049003910292049823
:10C76000039B02996A4611600221012200F058F8E9
:10C7700048B1FFE70499486D40F020004865032068
:10C780008DF8170048E040F24800C2F2000000684F
:10C790004AF6AB21CAF6AA21A0FB011000094DF60A
:10C7A0008361C4F21B31A0FB0110800C4FF47A713D
:10C7B0004843019004984068B0F5827F15D1FFE7A7
:10C7C0000498039B02996A4611608021002200F0C0
:10C7D00027F848B1FFE70499486D40F0200048650C
:10C7E00003208DF8170017E012E0FFE7019808B961
:10C7F000FFE70CE0019801380190FFE7049800681A
:10C800008068C1B20020B0EBD11FEFD1FFE7FFE796
:10C8100000208DF81700FFE79DF8170006B080BDD7
:10C8200080B58AB0DDF830C0089007918DF81B20E4
:10C83000059305980190F6F7FDFD024601980C99C5
:10C84000891A08440390F6F7F5FD0290039840F228
:10C850004801C2F200010968C1F3CB31484304909A
:10C86000FFE708980068806807990840401AB0FA06
:10C8700080F040099DF81B1088425ED0FFE70598C4
:10C880000130002858D0FFE7F6F7D4FD0299401A8E
:10C890000399884204D2FFE70398002842D1FFE7BA
:10C8A00008980168486820F0E000486008984068EF
:10C8B000B0F5827F13D1FFE708988068B0F5004F8C
:10C8C00006D0FFE708988068B0F5806F07D1FFE7D2
:10C8D00008980168086820F040000860FFE70898A1
:10C8E000806AB0F5005F0FD1FFE7FFE708980168A5
:10C8F000086820F40050086008980168086840F44F
:10C9000000500860FFE7FFE70899012081F8510017
:10C91000FFE70899002081F85000FFE703208DF819
:10C9200027000EE0049818B9FFE700200390FFE706
:10C93000049801380490FFE793E700208DF8270062
:10C94000FFE79DF827000AB080BD000080B58AB0DF
:10C950008DF826000891079240F25011C2F20001B2
:10C960000020087048F60C20C2F20100F7F710F919
:10C97000042812D1FFE748F60C20C2F201006946F4
:10C98000F7F7E4F8059801380899086006980799C0
:10C99000088000208DF8270003E003208DF8270091
:10C9A000FFE79DF927000AB080BD00000020704716
:10C9B00081B08DF80300002001B0704780B582B0CF
:10C9C0008DF8070000208DF8060048F60C20C2F212
:10C9D0000100F7F7DDF88DF806009DF80600012844
:10C9E00001D0FFE7FFE7002002B080BD81B08DF8E5
:10C9F0000300002001B0704780B584B08DF80F00AF
:10CA000002910192ADF8023003208DF801000299E5
:10CA1000019ABDF8023048F60C20C2F20100F7F787
:10CA20002FFC8DF800009DF80000D0B9FFE7002032
:10CA30008DF80100FFE748F60C20C2F20100F7F77D
:10CA4000C1F8032801D1FFE7F5E7FFE748F60C201E
:10CA5000C2F20100F7F79CF8042801D0FFE7F5E7E0
:10CA600000E0FFE79DF9010004B080BD80B584B00F
:10CA70008DF80F0002910192ADF8023003208DF87D
:10CA800001000299019ABDF8023048F60C20C2F26A
:10CA90000100F7F7E5FC8DF800009DF80000D0B923
:10CAA000FFE700208DF80100FFE748F60C20C2F2F6
:10CAB0000100F7F787F8032801D1FFE7F5E7FFE763
:10CAC00048F60C20C2F20100F7F762F8042801D002
:10CAD000FFE7F5E700E0FFE79DF9010004B080BD46
:10CAE0007047000084B0039003980090009800788D
:10CAF000ADF8080000980130009000980078ADF87B
:10CB00000600BDF80610BDF8080040EA0120ADF8A7
:10CB10000A00BDF80A0004B07047000080B582B07A
:10CB200040F67040C2F200000078C00720B9FFE76D
:10CB300001208DF8070039E049F2C820C2F2010057
:10CB400007F0E0F88DF806009DF8060060B1FFE7F9
:10CB50009DF806104CF2F860C0F6020009F09CF84F
:10CB600000208DF8070021E049F2C820C2F2010040
:10CB700005F08CFB8DF806009DF8060060B1FFE71C
:10CB80009DF806104CF20A70C0F6020009F084F815
:10CB900000208DF8070009E040F67041C2F2000164
:10CBA0000020087001208DF80700FFE79DF80700BE
:10CBB00002B080BD80B592B0119011980178407894
:10CBC00001EB810100EB4100A0F504701090119879
:10CBD0008178C07801EB810100EB4100A0F5047081
:10CBE0000F9011980179407901EB810100EB410030
:10CBF000A0F504700E901098083010901098182826
:10CC00002FDBFFE710981838109049F27010C2F22D
:10CC1000010002900DA9039100220492F9F702FF8E
:10CC20009DF837000A909DF835000B909DF836006E
:10CC300001300C900AA808F0CDF902980399049AE3
:10CC40000A9B8DF837300B9B8DF835300C9B8DF897
:10CC50003630FAF71DF818B1FFE7F5F771FBFFE77B
:10CC6000FFE700200190099008900790069005903A
:10CC700010998DF814100F998DF815100E998DF8E4
:10CC800016100890099010990F9A0E9B4CF28D5037
:10CC9000C0F6020009F000F8019A49F27010C2F2E1
:10CCA000010005A9FAF788F818B1FFE7F5F748FB86
:10CCB000FFE712B080BD000080B5F7F70FFD80BD23
:10CCC00080B582B0009000980138B0F1807F03D326
:10CCD000FFE70120019019E0009801384EF214019D
:10CCE000CEF2000108604FF0FF300F2103F018FF73
:10CCF0004EF21801CEF20001002008604EF2100240
:10CD0000CEF20002072111600190FFE7019802B006
:10CD100080BD000080B5F6F793FB80BD80B594B070
:10CD200008A83021F3F7A8FA002007900690059094
:10CD300004900390FFE70020029043F64000C4F205
:10CD40000200016841F080510160006800F08050ED
:10CD500002900298FFE7FFE70020019047F20000F1
:10CD6000C4F20000016841F440410160006800F431
:10CD7000404001900198FFE70620089001200A90AA
:10CD80000B9010200C9002210E9100200F90082093
:10CD90001090B42211921291139008A8F9F7E2FAB8
:10CDA00018B1FFE7F5F7CCFAFFE7F8F79DFE18B1E9
:10CDB000FFE7F5F7C5FAFFE70F2003900220049084
:10CDC000002005904FF4A05006904FF4805007903B
:10CDD00003A80521F9F7F6F818B1FFE7F5F7B0FA5F
:10CDE000FFE714B080BD00004EF68851CEF200017E
:10CDF000086840F4700008607047000080B582B099
:10CE000001900198806B009000990020C8850099DE
:10CE1000C8840098FAF7F2FE02B080BD84B0039097
:10CE2000FFE7FFE70398006850E8030F20F49070D5
:10CE30000290FFE702990398026842E80310002875
:10CE4000F0D1FFE7FFE7FFE7FFE70398006850E84E
:10CE5000050F20F001000190FFE701990398026897
:10CE600042E805100028F0D1FFE7FFE70398006BC8
:10CE7000012814D1FFE7FFE7FFE70398006850E8B7
:10CE8000030F20F010000090FFE70099039802685C
:10CE900042E803100028F0D1FFE7FFE7FFE703991E
:10CEA000202081F8420003990020086304B07047F5
:10CEB00080B582B0019001980168C86820F04000F8
:10CEC000C8600199202081F841000198FBF71CFB04
:10CED000002002B080BD000080B586B004900498A8
:10CEE00090F84200222840F0A480FFE70498806870
:10CEF000B0F5805F15D1FFE70498006988B9FFE7B6
:10CF0000002003900498806A0290049800684068AA
:10CF10006FF35F20029908800499886A0230886262
:10CF200025E00498806A03900020029004988068AD
:10CF3000B0F5805F08D0FFE70498806850B9FFE73C
:10CF40000498006930B9FFE70498006840680399C5
:10CF5000087007E004980068406800F07F000399BB
:10CF60000870FFE70499886A01308862FFE7049936
:10CF7000C88D0138C8850004002856D1FFE7049801
:10CF80000168C86820F02000C86004980168C8687B
:10CF900020F48070C86004980168486920F001009E
:10CFA00048610499202081F84200049900204863D8
:10CFB0000498006B012830D1FFE704990020086332
:10CFC000FFE7FFE70498006850E8030F20F0100027
:10CFD0000190FFE701990498026842E803100028D5
:10CFE000F0D1FFE7FFE7049800680068C00600285A
:10CFF0000ED5FFE7FFE70020009004980068006866
:10D00000009004980068406800900098FFE7FFE7F0
:10D010000498818DFAF7ECFD03E00498FBF768F9BA
:10D02000FFE700208DF8170007E000208DF81700BB
:10D0300003E002208DF81700FFE79DF8170006B007
:10D0400080BD000080B586B0059005980068006935
:10D0500020F44050059A1168D26810430861059980
:10D0600088680B694A69C9691843104308430490EA
:10D0700005980068C06849F20C6188430499084328
:10D0800005990968C86005980068406920F44070F7
:10D09000059A11689269104348610598006841F249
:10D0A0000001C4F20101884209D0FFE70598006839
:10D0B00041F20041C4F20101884204D1FFE7F9F7CF
:10D0C000CBF8039003E0F9F7B5F80390FFE7059874
:10D0D000C069B0F5004F29D1FFE703981921A0FBE3
:10D0E0000101059A1368029353685A00DB0FF3F7A6
:10D0F00079F80299864648F21F53C5F2EB13AEFB4E
:10D100000320420910014FF0640C02FB1CEC322298
:10D1100002EBCC02A2FB0332F82303EA521300EB2A
:10D120004300C2F342121044886026E0039819219C
:10D13000A0FB0101059A1368019353689A009B0FA5
:10D14000F3F750F80199844648F21F52C5F2EB12EA
:10D15000ACFB02304309642003FB10CC322000EB0F
:10D160000C10A0FB0202F02000EA521000EB0310AA
:10D17000C2F3431210448860FFE706B080BD000090
:10D1800083B002900191ADF8022001980299886263
:10D19000BDF8020002998885BDF802000299C88591
:10D1A0000299002048640299222081F842000298E6
:10D1B000006938B1FFE702980168C86840F48070E0
:10D1C000C860FFE702980168486940F001004861C3
:10D1D00002980168C86840F02000C860002003B0D1
:10D1E0007047000083B00190019890F84100212819
:10D1F0003AD1FFE701988068B0F5805F13D1FFE76F
:10D200000198006978B9FFE70198006A00900098DA
:10D2100000886FF35F200199096848600199086AE6
:10D220000230086208E0019A106A411C116200781D
:10D23000019909684860FFE70199C88C0138C884E2
:10D24000000468B9FFE701980168C86820F0800011
:10D25000C86001980168C86840F04000C860FFE7F6
:10D2600000208DF80B0003E002208DF80B00FFE793
:10D270009DF80B0003B0704780B586B0DDF820C084
:10D28000049003918DF80B200193FFE70498006848
:10D29000006803990840401AB0FA80F040099DF8F0
:10D2A0000B1088424DD1FFE708980130002847D085
:10D2B000FFE7F6F7BFF80199401A0899884203D8AA
:10D2C000FFE7089820B9FFE703208DF817003CE03E
:10D2D00004980068C0684007002830D5FFE703982D
:10D2E00080282CD0FFE70398402828D0FFE7049837
:10D2F0000068006800F008010120B0EBD10F1DD1DB
:10D30000FFE7FFE7002000900498006800680090A5
:10D3100004980068406800900098FFE70498FFF7C1
:10D320007DFD049908204864FFE70499002081F8F6
:10D330004000FFE701208DF8170006E0FFE7FFE758
:10D34000A4E700208DF81700FFE79DF8170006B04E
:10D3500080BD000080B549F2FA40C2F201004FF4EE
:10D360000071F2F789FF49F27820C2F2010040F221
:10D370005111C2F2000109224FF47A73FBF72CF825
:10D3800038B1FFE74CF21450C0F6020008F084FCFC
:10D39000FFE780BD80B549F2E810C2F20100FAF75C
:10D3A00031FC80BD80B549F23020C2F20100FAF7AD
:10D3B00029FC80BD80B549F27820C2F20100FAF75D
:10D3C00021FC80BD80B582B001908DF80310002053
:10D3D0008DF802000198D0F8B8124A689DF8031041
:10D3E000904720B1FFE703208DF80200FFE79DF88A
:10D3F000020002B080BD000080B582B001900091B3
:10D40000019890F89C02013802280ED8FFE7009896
:10D410004088012808D1FFE701990020C1F8A40243
:10D42000019800F073F8FFE704E00198009900F01C
:10D4300033F8FFE702B080BD82B001908DF8031091
:10D44000002002B07047000082B001908DF80310F8
:10D45000002002B07047000080B584B003900291B4
:10D4600001920398029A019B0021009100F048FF6D
:10D47000009804B080BD000080B584B00390029194
:10D4800001920398029A019B0021009101F09CF8FF
:10D49000009804B080BD000080B582B0019000917A
:10D4A0000198802101F042F80198002101F03EF836
:10D4B00002B080BD80B582B0019001990520C1F80D
:10D4C000940201980023009319461A4600F018FFB1
:10D4D000009802B080BD000080B584B00390029136
:10D4E000019203990220C1F894020198039988617E
:10D4F00001980399C8610398029A019B0021009149
:10D5000001F062F8009804B080BD000080B582B0E0
:10D51000019001990420C1F894020198002300931E
:10D5200019461A4601F050F8009802B080BD00007C
:10D5300080B584B0039002910298C088012805D07C
:10D54000FFE703980299FFF7A7FF21E0039890F8FF
:10D550009C12481E0191022804D3FFE7019803287A
:10D560000AD00FE0039900208860039800F10801B9
:10D570000122FFF7B1FF0AE00398011D0122FFF726
:10D58000ABFF04E003980299FFF786FFFFE7FFE790
:10D5900004B080BD80B588B0079006910020ADF83A
:10D5A000160004908DF80F000698C07801380146E7
:10D5B0000291062800F21E810299DFE811F00700AF
:10D5C00011002E001B011B01E80000010798D0F894
:10D5D000B4120A68007C0DF116019047049013E123
:10D5E0000798007C60B9FFE70798D0F8B802816A15
:10D5F0000DF11600884704900499022048700BE052
:10D600000798D0F8B802C16A0DF116008847049057
:10D61000049902204870FFE7F6E0069880780146FA
:10D620000191052800F2A8800199DFE801F0031EAE
:10D6300039546F8A0798D0F8B402406850B1FFE7B8
:10D640000798D0F8B4124A68007C0DF11601904793
:10D65000049009E007980699FFF71EFF9DF80F0058
:10D6600001308DF80F00FFE790E00798D0F8B40282
:10D67000806850B1FFE70798D0F8B4128A68007C40
:10D680000DF116019047049009E007980699FFF7FD
:10D6900003FF9DF80F0001308DF80F00FFE775E0E4
:10D6A0000798D0F8B402C06850B1FFE70798D0F8E7
:10D6B000B412CA68007C0DF116019047049009E08D
:10D6C00007980699FFF7E8FE9DF80F0001308DF8E6
:10D6D0000F00FFE75AE00798D0F8B402006950B194
:10D6E000FFE70798D0F8B4120A69007C0DF1160123
:10D6F0009047049009E007980699FFF7CDFE9DF842
:10D700000F0001308DF80F00FFE73FE00798D0F8D9
:10D71000B402406950B1FFE70798D0F8B4124A69E3
:10D72000007C0DF116019047049009E007980699D6
:10D73000FFF7B2FE9DF80F0001308DF80F00FFE7F4
:10D7400024E00798D0F8B402806950B1FFE7079849
:10D75000D0F8B4128A69007C0DF11601904704904C
:10D7600009E007980699FFF797FE9DF80F00013032
:10D770008DF80F00FFE709E007980699FFF78CFE88
:10D780009DF80F0001308DF80F00FFE73CE007988F
:10D79000007C48B9FFE70798D0F8B802416B0DF15B
:10D7A00016008847049009E007980699FFF774FE71
:10D7B0009DF80F0001308DF80F00FFE724E0079877
:10D7C000007C60B9FFE70798D0F8B802016B0DF153
:10D7D00016008847049004990720487009E00798CC
:10D7E0000699FFF759FE9DF80F0001308DF80F00E4
:10D7F000FFE709E007980699FFF74EFE9DF80F0036
:10D8000001308DF80F00FFE79DF80F0008B1FFE72A
:10D810002AE00698C08818B3FFE7BDF81600C8B123
:10D82000FFE7BDF816000699C988884204DAFFE7C9
:10D83000BDF81600009003E00698C0880090FFE74E
:10D840000098ADF8160007980499BDF81620FFF768
:10D8500043FE04E007980699FFF71EFEFFE703E08A
:10D860000798FFF753FEFFE708B080BD80B586B08C
:10D8700005908DF8131005980390059802900020EC
:10D880000190029948880978884227DDFFE70298CD
:10D890000078ADF80200FFE7BDF802000299498860
:10D8A00088421ADAFFE703980DF1020100F034F81C
:10D8B00003900398407805280ED1FFE70398019064
:10D8C000019880789DF81310884201D1FFE704E0A9
:10D8D00000200190FFE7FFE7DEE7FFE7019806B0D1
:10D8E00080BD000083B0029000208DF807000298F0
:10D8F0000090FFE70098007848B1FFE79DF8070027
:10D9000001308DF80700009801300090F2E79DF893
:10D91000070003B07047000083B0029001910298A5
:10D9200000900098027801990888104408800298B5
:10D930000099097808440090009803B070470000EF
:10D9400080B582B001900091019890F89C02013856
:10D9500002281FD8FFE70098C088022805D0FFE7FB
:10D9600001980099FFF798FD19E001990120C8601E
:10D970000198D0F8A40230B1FFE70199C86840F0DF
:10D980000200C860FFE7019800F10C010222FFF7D6
:10D99000A3FD04E001980099FFF77EFDFFE702B0C8
:10D9A00080BD000080B586B00590049103920020F0
:10D9B0008DF80B00059808B9FFE74FE00598019036
:10D9C0000198FFF78FFF0146022000EB4100B0F500
:10D9D000007F04D9FFE74FF40070009008E0019841
:10D9E000FFF780FF0146022000EB41000090FFE7B7
:10D9F0000098039908800398007804999DF80B20FB
:10DA000088549DF80B0001308DF80B0004999DF8A7
:10DA10000B20032088549DF80B0001308DF80B007B
:10DA2000FFE701980078C8B1FFE7019800780499F2
:10DA30009DF80B2088540198013001909DF80B004F
:10DA400001308DF80B0004999DF80B2000208854BC
:10DA50009DF80B0001308DF80B00E2E706B080BDA9
:10DA600082B08DF8070000208DF806009DF80700B1
:10DA700001460091032814D80099DFE801F002065E
:10DA80000A0E00208DF806000FE003208DF8060036
:10DA90000BE001208DF8060007E003208DF806005A
:10DAA00003E003208DF80600FFE79DF8060002B0B2
:10DAB0007047000080B582B08DF8070000919DF896
:10DAC000070060B9FFE7009A4CF6F210C0F60200BA
:10DAD00040F2C011C2F20001FFF764FF0BE0009AB0
:10DAE0004CF6F210C0F6020040F2C011C2F2000182
:10DAF000FFF758FFFFE740F2C010C2F2000002B08B
:10DB000080BD000082B08DF80700009100991220BE
:10DB1000088040F24C00C2F2000002B070470000E2
:10DB200080B582B08DF8070000919DF8070060B9BC
:10DB3000FFE7009A4CF6D110C0F6020040F2C01187
:10DB4000C2F20001FFF72EFF0BE0009A4CF6D11055
:10DB5000C0F6020040F2C011C2F20001FFF722FF3E
:10DB6000FFE740F2C010C2F2000002B080BD00002A
:10DB700082B08DF80700009100990420088040F2DF
:10DB80006000C2F2000002B07047000080B584B0AF
:10DB90008DF80F000291029A4CF6FD10C0F60200BB
:10DBA00040F2C011C2F200010191FFF7FBFE0198A3
:10DBB00004B080BD80B582B08DF8070000919DF85B
:10DBC000070060B9FFE7009A4CF6DF10C0F60200CC
:10DBD00040F2C011C2F20001FFF7E4FE0BE0009A30
:10DBE0004CF6DF10C0F6020040F2C011C2F2000194
:10DBF000FFF7D8FEFFE740F2C010C2F2000002B00B
:10DC000080BD000080B582B08DF8070000910099BA
:10DC10001A200880F4F702FE40F2E800C2F2000089
:10DC200002B080BD80B584B0029001918DF80320D0
:10DC3000029820B9FFE703208DF80F0023E0029936
:10DC40000020C1F8B8020299C1F8C4020299C1F8D3
:10DC5000D002019828B1FFE701980299C1F8B402F7
:10DC6000FFE70299012081F89C029DF803000299C8
:10DC70000870029800F03CFA8DF802009DF802004E
:10DC80008DF80F00FFE79DF80F0004B080BD000085
:10DC900080B582B001908DF8031000208DF802004D
:10DCA0008DF801000198D0F8C8029DF80310F6F72E
:10DCB00037FE8DF802009DF80200FFF7D1FE8DF8C7
:10DCC00001009DF8010002B080BD000080B582B067
:10DCD00001908DF8031000208DF802008DF80100EE
:10DCE0000198D0F8C8029DF80310F6F7C5FD8DF82D
:10DCF00002009DF80200FFF7B3FE8DF801009DF8C9
:10DD0000010002B080BD000080B588B006908DF89B
:10DD1000171004929DF81700002874D1FFE70698A9
:10DD2000143003900698D0F8940202285DD1FFE7E2
:10DD300003998868C968884212D9FFE703998868FF
:10DD4000CA68801A886006980499039A9268FFF757
:10DD500093FB0698002319461A4600F0D1FA43E0D7
:10DD600003988168C06888421ED1FFE7039948681C
:10DD7000C968884218D3FFE7039840680699D1F82C
:10DD80009812884210D2FFE70698002201921146AD
:10DD9000FFF772FB019B0698C0F898320698194667
:10DDA0001A4600F0ADFA1EE0069890F89C0203288F
:10DDB00011D1FFE70698D0F8B802C06850B1FFE76C
:10DDC00006990020C1F8D4020698D0F8B812C968A4
:10DDD0008847FFE7FFE70698802100F0A7FB069839
:10DDE000FFF768FBFFE7FFE7FFE7069890F8A00260
:10DDF00040B1FFE7069800F025FF0699002081F862
:10DE0000A002FFE740E006989DF8171041F080015E
:10DE1000FFF712FB8DF80A009DF80A00FF2832D0A8
:10DE2000FFE79DF80A0070BBFFE7069890F89C0298
:10DE3000032827D1FFE706989DF80A1000EB810020
:10DE4000D0F8B8024069E0B1FFE79DF80A000699F2
:10DE5000C1F8D40206989DF80A1000EB8101D1F8B0
:10DE6000B8124A699DF8171090478DF80B009DF87D
:10DE70000B0028B1FFE79DF80B008DF81F0007E0AD
:10DE8000FFE7FFE7FFE7FFE700208DF81F00FFE750
:10DE90009DF81F0008B080BD80B58AB008908DF84D
:10DEA0001F10069200208DF813009DF81F00002817
:10DEB00040F08280FFE7089800F5AA700590089866
:10DEC000D0F89402032876D1FFE705998868C968DD
:10DED00088421DD9FFE705998868CA68801A88605A
:10DEE000089802900698039005998868C968884246
:10DEF00004D2FFE705988068019003E00598C068A8
:10DF00000190FFE703990298019AFFF7A5FA51E003
:10DF1000089890F8AA0200F01F000146009140B155
:10DF2000FFE70098012808D0FFE7009802280CD0EE
:10DF300013E000208DF8120013E0089890F8AE125C
:10DF4000FFF782FA8DF812000BE0089890F8AE12F5
:10DF5000FFF772FA8DF8120003E000208DF812002E
:10DF6000FFE79DF8120008BBFFE7089890F89C02B5
:10DF700003281AD1FFE708989DF8121000EB8100E2
:10DF8000D0F8B802006978B1FFE79DF8120008994F
:10DF9000C1F8D40208989DF8121000EB8101D1F865
:10DFA000B81209698847FFE7FFE7FFE70898FFF71E
:10DFB000ADFAFFE7FFE740E008989DF81F1001F079
:10DFC0007F01FFF739FA8DF812009DF81200FF2843
:10DFD00032D0FFE79DF8120070BBFFE7089890F879
:10DFE0009C0203281ED1FFE708989DF8121000EB51
:10DFF0008100D0F8B802806998B1FFE79DF812005F
:10E000000899C1F8D40208989DF8121000EB81011C
:10E01000D1F8B8128A699DF81F1090478DF8130047
:10E02000FFE7FFE79DF8130028B1FFE79DF8130015
:10E030008DF8270005E0FFE7FFE700208DF82700B7
:10E04000FFE79DF827000AB080BD000081B0009076
:10E05000002001B07047000080B582B00190002020
:10E060008DF803000199012081F89C020198D0F8F5
:10E07000B80268B1FFE70198D0F8B8124A68017990
:10E08000904720B1FFE703208DF80300FFE7FFE78B
:10E090009DF8030002B080BD80B582B001908DF87C
:10E0A000031000208DF802008DF801000198D0F8CF
:10E0B000C8029DF80310F6F797FC8DF802009DF852
:10E0C0000200FFF7CDFC8DF801009DF8010002B0C1
:10E0D00080BD000080B582B001908DF803100198DA
:10E0E000D0F8C8029DF80310F6F7B6FC02B080BD68
:10E0F00080B584B0039003980078012839D1FFE7F8
:10E10000039948F68C40C2F201000190C0F8E01477
:10E110000399C1F8C8020021C4F20401016006217C
:10E12000017100210291C1718171012242728172DB
:10E13000C17201738173C1730174F7F72BFA18B1BF
:10E14000FFE7F4F7FDF8FFE748F68C40C2F2010064
:10E1500000904FF40071F6F7C9FA00980021802270
:10E16000F6F7D0FA009801214FF4BA72F6F7CAFA1E
:10E17000FFE7002004B080BD84B002908DF8071046
:10E180000298D0F8C80200909DF807000006002809
:10E190000DD5FFE700989DF8071001F07F0101EB16
:10E1A000C10100EB8100807D8DF80F000DE000982B
:10E1B0009DF8071001F07F0101EBC10100EB810028
:10E1C00090F856028DF80F00FFE79DF80F0004B09D
:10E1D0007047000080B584B002908DF80710029857
:10E1E000D0F8D41200EB8100D0F8B80220B9FFE7D4
:10E1F00003208DF80F0020E0029890F89C0203287D
:10E2000017D1FFE70298D0F8D41200EB8100D0F8C4
:10E21000B802006A60B1FFE70298D0F8D41200EBB0
:10E220008101D1F8B8120A6A9DF807109047FFE7FC
:10E23000FFE700208DF80F00FFE79DF80F0004B006
:10E2400080BD000080B584B002908DF80710029860
:10E25000D0F8D41200EB8100D0F8B80220B9FFE763
:10E2600003208DF80F0020E0029890F89C0203280C
:10E2700017D1FFE70298D0F8D41200EB8100D0F854
:10E28000B802406A60B1FFE70298D0F8D41200EB00
:10E290008101D1F8B8124A6A9DF807109047FFE74C
:10E2A000FFE700208DF80F00FFE79DF80F0004B096
:10E2B00080BD000080B584B003908DF80B108DF800
:10E2C0000A20ADF8083000208DF807008DF8060010
:10E2D0000398D0F8C8029DF80B10BDF808209DF8EF
:10E2E0000A30F6F7CBFB8DF807009DF80700FFF723
:10E2F000B7FB8DF806009DF8060004B080BD000055
:10E3000080B586B005908DF813100392029300201B
:10E310008DF807008DF806000598D0F8C8029DF822
:10E320001310039A029BF6F721FC8DF807009DF865
:10E330000700FFF795FB8DF806009DF8060006B074
:10E3400080BD000080B586B0059000208DF81300D8
:10E35000059A012182F89C120599C1F89402059949
:10E3600048600599C1F8A402059981F8A0020598B2
:10E37000D0F8B802A0B1FFE70598D0F8B80240681D
:10E3800068B1FFE70598D0F8B8124A68017990475C
:10E3900020B1FFE703208DF81300FFE7FFE7FFE759
:10E3A000059800220192402303931146FFF782FF54
:10E3B000019A039B059901200290A1F86401059838
:10E3C000C0F8603105988021FFF774FF0299039827
:10E3D000059A9184059908629DF8130006B080BDE6
:10E3E00081B00090009890F89C02042807D1FFE7C4
:10E3F000009890F89D02009981F89C02FFE70020A8
:10E4000001B0704780B582B00190019890F89C02ED
:10E41000032813D1FFE70198D0F8B80268B1FFE7ED
:10E420000198D0F8B802C06930B1FFE70198D0F880
:10E43000B812C9698847FFE7FFE7FFE7002002B08D
:10E4400080BD000082B001908DF803109DF803009C
:10E4500001990874002002B07047000080B582B0B6
:10E4600001908DF8031000208DF802008DF8010056
:10E470000198D0F8C8029DF80310F7F79DFA8DF8BF
:10E4800002009DF80200FFF7EBFA8DF801009DF8FD
:10E49000010002B080BD000080B584B003900291FD
:10E4A000039800F2AA20029900F060FB0399012072
:10E4B000C1F894020399B1F8B002C1F89802039828
:10E4C00090F8AA0200F01F000146009140B1FFE75A
:10E4D000009801280CD0FFE70098022810D017E020
:10E4E000039800F2AA2100F005FD8DF8070019E05D
:10E4F000039800F2AA2100F039FF8DF8070011E01F
:10E50000039800F2AA2100F05BFD8DF8070009E0F6
:10E51000039890F8AA1201F0800100F007F88DF836
:10E520000700FFE79DF8070004B080BD80B582B00A
:10E5300001908DF8031000208DF802008DF8010085
:10E540000198D0F8C8029DF80310F6F745FB8DF846
:10E5500002009DF80200FFF783FA8DF801009DF894
:10E56000010002B080BD000080B582B001900020A3
:10E570008DF803008DF802000198D0F8C802F7F773
:10E5800055FA8DF803009DF80300FFF769FA8DF83E
:10E5900002009DF8020002B080BD000081B0009032
:10E5A000009890F89C02042807D0FFE7009890F8A4
:10E5B0009C02009981F89D02FFE70099042081F8F0
:10E5C0009C02002001B0704780B586B005908DF8A0
:10E5D00013100392029300208DF807008DF80600B7
:10E5E0000598D0F8C8029DF81310039A029BF6F71D
:10E5F00063FB8DF807009DF80700FFF731FA8DF8EF
:10E6000006009DF8060006B080BD000080B582B00F
:10E6100001908DF8031001989DF80310FAF71CFE85
:10E62000002002B080BD000080B582B001908DF85E
:10E63000031001989DF80310FAF746FE002002B07F
:10E6400080BD000080B586B005908DF81310059848
:10E6500040F22901C2F2000101910978FFF736FB6F
:10E6600001990598097801F00F0101EB810100EB98
:10E67000810100200390A1F86401059840F228016F
:10E68000C2F2000102910978FFF720FB029A039879
:10E690000599127802F00F0202EB820201EB82016F
:10E6A00088840598D0F8D41200EB8100D0F8C0021D
:10E6B000C0B1FFE70598FAF73BFE0598D0F8D412F1
:10E6C00000EB8100D0F8C00200F0CAFE0598D0F837
:10E6D000D41200EB81010020C1F8C0020599C1F8F5
:10E6E000BC02FFE7002006B080BD000081B00090B2
:10E6F00000990A20088040F2BC00C2F2000001B07C
:10E700007047000080B584B0039040F29C00C2F2D4
:10E71000000000908121FFF7A9F8014600980291BE
:10E720000121FFF7A3F80190029820B1FFE70299B9
:10E7300040208880FFE7019820B1FFE70199402041
:10E740008880FFE703992020088040F29C00C2F2F5
:10E75000000004B080BD000080B584B0039040F29A
:10E760009C00C2F2000000908121FFF77FF8014673
:10E77000009802910121FFF779F80190029828B1E1
:10E78000FFE702994FF400708880FFE7019828B1F5
:10E79000FFE701994FF400708880FFE7039920207C
:10E7A000088040F29C00C2F2000004B080BD00006E
:10E7B00080B584B0039040F29C00C2F2000000904B
:10E7C0008121FFF753F80146009802910121FFF7DC
:10E7D0004DF80190029820B1FFE70299402088800F
:10E7E000FFE7019820B1FFE7019940208880FFE70B
:10E7F00003992020088040F29C00C2F2000004B07F
:10E8000080BD000080B58EB00C908DF82F1040F6C2
:10E81000740000F029FE0A900A9860B9FFE70C988E
:10E82000D0F8D41200EB81010020C1F8C002022010
:10E830008DF837007EE00A980C99D1F8D42201EBCC
:10E840008201C1F8C0020C99D1F8D40201EB80001A
:10E85000D0F8C002C1F8BC020C98007C90BBFFE766
:10E860000C9840F22901C2F20001059109780222B8
:10E8700006924FF400730793FFF71CFD0599069A63
:10E88000079B0C98097801F00F0101EB810100EB67
:10E89000810101200990A1F864010C9840F228013F
:10E8A000C2F2000108910978FFF704FD089A09985F
:10E8B0000C99127802F00F0202EB820201EB820146
:10E8C000888430E00C9840F22901C2F200010091E6
:10E8D00009780222019240230293FFF7EBFC009992
:10E8E000019A029B0C98097801F00F0101EB81015C
:10E8F00000EB810101200490A1F864010C9840F222
:10E900002801C2F2000103910978FFF7D3FC039AB2
:10E9100004980C99127802F00F0202EB820201EBCC
:10E9200082018884FFE70C98FAF716FD00208DF825
:10E930003700FFE79DF837000EB080BD83B001902F
:10E940000091009820B9FFE703208DF80B000BE041
:10E9500000980199D1F8D42201EB8201C1F8C402D8
:10E9600000208DF80B00FFE79DF80B0003B0704707
:10E9700080B588B0069005910698D0F8D41200EBC7
:10E980008100D0F8C002049000208DF80F00ADF88F
:10E990000C00049820B9FFE703208DF81F00E1E088
:10E9A0000598007800F060000146029100285ED0D2
:10E9B000FFE70298202840F0C880FFE705984078DC
:10E9C00001460191FE2804D0FFE70198FF2829D0D5
:10E9D00044E005984088E0B9FFE70598C088012821
:10E9E00017D1FFE7059800780006002811D5FFE74A
:10E9F0000698D0F8D41200EB8100D0F8C4028069E8
:10EA0000804704990860069804990122FEF764FD86
:10EA100007E006980599FEF73FFD03208DF80F00EB
:10EA2000FFE723E00598408878B9FFE70598C0889C
:10EA300058B9FFE70598007800F08000802804D0DE
:10EA4000FFE70698FAF7CCFC07E006980599FEF771
:10EA500023FD03208DF80F00FFE707E006980599D6
:10EA6000FEF71AFD03208DF80F00FFE775E005980B
:10EA70004078014600910B285ED80099DFE801F04C
:10EA800006455C5C5C5C5C5C5C5C1B31069890F8E9
:10EA90009C02032806D1FFE7069803A90222FEF78D
:10EAA0001BFD07E006980599FEF7F6FC03208DF89C
:10EAB0000F00FFE748E0069890F89C02032807D172
:10EAC000FFE70698049904310122FEF705FD07E0EF
:10EAD00006980599FEF7E0FC03208DF80F00FFE78C
:10EAE00032E0069890F89C02032805D1FFE70598CC
:10EAF00080780499486007E006980599FEF7CCFCF9
:10EB000003208DF80F00FFE71EE0069890F89C02A6
:10EB1000032810D1FFE70598408858B9FFE7069809
:10EB200005990979FFF7B8FA069805990979FAF76E
:10EB300057FBFFE7FFE707E006980599FEF7ACFCF7
:10EB400003208DF80F00FFE707E006980599FEF710
:10EB5000A3FC03208DF80F00FFE79DF80F008DF850
:10EB60001F00FFE79DF81F0008B080BD80B584B08E
:10EB7000039002910298019001980078039908701F
:10EB8000019801300190019800780399487001982C
:10EB9000013001900198FDF7A5FF03994880019885
:10EBA000013001900198013001900198FDF79AFF22
:10EBB00003998880019801300190019801300190FB
:10EBC0000198FDF78FFF0399C88004B080BD000055
:10EBD00080B584B0029001910020ADF80200019848
:10EBE00020B9FFE703208DF80F0026E00198029975
:10EBF000C1F8B8020298D0F8D41200EB8100D0F826
:10EC0000B802C06A78B1FFE70298D0F8D41200EBDE
:10EC10008100D0F8B802C16A0DF10200884702995C
:10EC2000C1F8D002FFE70299D1F8D8020130C1F84B
:10EC3000D80200208DF80F00FFE79DF80F0004B008
:10EC400080BD000081B00090002001B0704700003E
:10EC500080B584B00390029102988088B8BBFFE72A
:10EC60000298C08898BBFFE7029840887F282ED87A
:10EC7000FFE70298807800F07F008DF80700039886
:10EC800090F89C02032805D1FFE703980299FEF74C
:10EC900003FC1BE09DF80700039981F89E0203988E
:10ECA0009DF80710FFF7DAFB0398FEF72FFC9DF89D
:10ECB000070028B1FFE70399022081F89C0204E0D5
:10ECC0000399012081F89C02FFE7FFE704E0039825
:10ECD0000299FEF7E1FBFFE704B080BD80B582B08A
:10ECE00001908DF8031000208DF802000198D0F8F3
:10ECF000B80250B1FFE70198D0F8B8120A689DF841
:10ED0000031090478DF80200FFE79DF8020002B063
:10ED100080BD000080B586B00490039100208DF87E
:10ED20000B000398817840F2BC10C2F20000017021
:10ED30000078022808D3FFE704980399FEF7ACFB9C
:10ED400003208DF81700A0E0049890F89C0201467B
:10ED50000191022804D0FFE7019803282FD07FE01B
:10ED600040F2BC10C2F20000007818B3FFE740F296
:10ED7000BC11C2F200010878049A50600498097826
:10ED8000FFF7ACFF8DF80B009DF80B0048B1FFE7D3
:10ED900004980399FEF780FB0499022081F89C02F5
:10EDA00007E00498FEF7B2FB0499032081F89C0267
:10EDB000FFE703E00498FEF7A9FBFFE760E040F2FD
:10EDC000BC10C2F20000007898B9FFE70499022055
:10EDD00081F89C0240F2BC11C2F200010878049A4A
:10EDE000506004980978FEF7EDFA0498FEF78EFB60
:10EDF00035E040F2BC10C2F2000000780499496886
:10EE0000884227D0FFE704980179FEF7DBFA40F249
:10EE1000BC11C2F200010878049A50600498097885
:10EE2000FFF75CFF8DF80B009DF80B0068B1FFE762
:10EE300004980399FEF730FB04980179FEF7C2FAB3
:10EE40000499022081F89C0203E00498FEF75EFB1F
:10EE5000FFE703E00498FEF759FBFFE7FFE70FE049
:10EE600004980399FEF718FB049840F2BC11C2F213
:10EE700000010978FEF7A6FA03208DF80B00FFE7E2
:10EE80009DF80B008DF81700FFE79DF8170006B0FE
:10EE900080BD000080B582B001900091009840884C
:10EEA000012808D1FFE701990120C1F8A4020198C7
:10EEB000FEF72CFB13E000984088022809D1FFE7F9
:10EEC00000984079019981F8A0020198FEF71EFB95
:10EED00004E001980099FEF7DFFAFFE7FFE702B0D0
:10EEE00080BD000080B582B001900198FFF73CFB27
:10EEF00002B080BD80B586B00590049100208DF8E9
:10EF00000F000498007800F0600001460291A8B15B
:10EF1000FFE70298202804D0FFE70298402846D156
:10EF2000FFE70598D0F8D41200EB8101D1F8B812B0
:10EF30008A68049990478DF80F003DE00498407866
:10EF40000146019109282CD80199DFE801F01B2521
:10EF50002A202A0A052A160F05980499FEF71AFB9B
:10EF600024E005980499FFF773FE1FE005980499C3
:10EF7000FFF7D0FE8DF80F0018E005980499FEF712
:10EF8000D7FA13E005980499FEF7DAFC0EE005982D
:10EF90000499FFF77FFF09E005980499FEF72CFA22
:10EFA00004E005980499FEF777FAFFE704E0059876
:10EFB0000499FEF771FAFFE79DF80F0006B080BDD7
:10EFC00080B58CB00B900A9100208DF821000A9832
:10EFD00080888DF823000A98007800F060000146D0
:10EFE0000791B8B3FFE70798202805D0FFE70798F7
:10EFF000402840F0B281FFE70B989DF82310FEF700
:10F000001BFA8DF822009DF82200FF2821D0FFE78F
:10F010009DF82200E8B9FFE79DF822000B99C1F89E
:10F02000D4020B989DF8221000EB8100D0F8B802B2
:10F03000806868B1FFE70B989DF8221000EB810112
:10F04000D1F8B8128A680A9990478DF82100FFE735
:10F05000FFE787E10A98407801460691002800F012
:10F06000BD80FFE7069801284CD0FFE706980328EB
:10F0700040F06D81FFE70B9890F89C0201460591E6
:10F08000022804D0FFE70598032819D034E09DF842
:10F09000230078B1FFE79DF8230080280AD0FFE71E
:10F0A0000B989DF82310FFF741FA0B988021FFF78A
:10F0B0003DFA04E00B980A99FEF7EEF9FFE720E02D
:10F0C0000A984088A0B9FFE79DF8230078B1FFE7D0
:10F0D0009DF8230080280AD0FFE70A98C08830B93D
:10F0E000FFE70B989DF82310FFF720FAFFE7FFE7F3
:10F0F0000B98FEF70BFA04E00B980A99FEF7CCF98F
:10F10000FFE729E10B9890F89C0201460491022840
:10F1100004D0FFE70498032819D059E09DF8230094
:10F1200078B1FFE79DF8230080280AD0FFE70B980D
:10F130009DF82310FFF7FAF90B988021FFF7F6F9F5
:10F1400004E00B980A99FEF7A7F9FFE745E00A9853
:10F150004088E0BBFFE79DF82300400630B1FFE7A1
:10F160000B989DF82310FEF793FDFFE70B98FEF731
:10F17000CDF90B989DF82310FEF75EF98DF822006B
:10F180009DF82200FF2821D0FFE79DF82200E8B972
:10F19000FFE79DF822000B99C1F8D4020B989DF867
:10F1A000221000EB8100D0F8B802806868B1FFE758
:10F1B0000B989DF8221000EB8101D1F8B8128A68F3
:10F1C0000A9990478DF82100FFE7FFE7FFE704E089
:10F1D0000B980A99FEF760F9FFE7BDE00B9890F8ED
:10F1E0009C0201460391022804D0FFE703980328FC
:10F1F00038D0A6E09DF8230050B1FFE79DF823002A
:10F20000802805D0FFE70B980A99FEF745F99DE0A5
:10F210009DF82300000600280CD5FFE70B989DF809
:10F22000231001F07F0101EB810100EB810014301C
:10F2300002900CE00B989DF8231001F07F0101EB88
:10F24000810100EB810000F5AA700290FFE70298AF
:10F2500009900999002008600B9809990222FEF78D
:10F260003BF973E09DF823000006002812D5FFE764
:10F270000B989DF8231001F00F0101EB810100EBC9
:10F280008100808C28B9FFE70B980A99FEF704F9F2
:10F290005CE012E00B989DF8231001F00F0101EBE8
:10F2A000810100EB8100B0F8640128B9FFE70B98F9
:10F2B0000A99FEF7F1F849E0FFE79DF82300000600
:10F2C00000280CD5FFE70B989DF8231001F07F0173
:10F2D00001EB810100EB8100143001900CE00B98F0
:10F2E0009DF8231001F07F0101EB810100EB81000B
:10F2F00000F5AA700190FFE7019809909DF823009E
:10F3000028B1FFE79DF82300802804D1FFE7099981
:10F31000002008600FE00B989DF82310FEF72CFFEB
:10F3200020B1FFE709990120086003E00999002056
:10F330000860FFE7FFE70B9809990222FEF7CCF877
:10F3400004E00B980A99FEF7A7F8FFE704E00B9892
:10F350000A99FEF7A1F8FFE704E00B980A99FEF777
:10F360009BF8FFE79DF821000CB080BD80B584B00C
:10F370000390029100208DF807000298007800F0B9
:10F3800060000146009140B1FFE70098202804D0BA
:10F39000FFE7009840285AD1FFE7039890F89C02B5
:10F3A000013802284DD8FFE702980079012842D899
:10F3B000FFE7039802990979FEF746F88DF80600F1
:10F3C0009DF80600FF2825D0FFE79DF8060008BB42
:10F3D000FFE703989DF8061000EB8100D0F8B80213
:10F3E000806890B1FFE79DF806000399C1F8D40248
:10F3F00003989DF8061000EB8101D1F8B8128A68D5
:10F40000029990478DF8070003E003208DF807006C
:10F41000FFE703E003208DF80700FFE70298C088AC
:10F4200040B9FFE79DF8070020B9FFE70398FEF712
:10F430006DF8FFE704E003980299FEF72DF8FFE767
:10F4400004E003980299FEF727F8FFE704E0039829
:10F450000299FEF721F8FFE79DF8070004B080BD90
:10F4600081B0009001B0704781B0009040F2C03090
:10F47000C2F2000001B0704784B00390029103987B
:10F48000019002980078009002984078012830D1CD
:10F49000FFE70298007800F00F01012000FA01F266
:10F4A0000199D1F81C081043C1F81C080198009973
:10F4B00000EB4110D0F800090004002818D4FFE741
:10F4C000029988686FF3DF20097940EA8140009A49
:10F4D00040EA8250019901EB4211D1F80029104312
:10F4E00048F20002C1F200021043C1F80009FFE730
:10F4F0002EE00298007800F00F01012000FA01F2DE
:10F500000199D1F81C0840EA0240C1F81C08019892
:10F51000009900EB4110D0F8000B0004002816D42D
:10F52000FFE7029988686FF3DF20097940EA81409C
:10F530000199009A01EB4211D1F8002B104348F2D7
:10F540000002C1F200021043C1F8000BFFE7FFE721
:10F55000002004B07047000082B001900198009034
:10F560000099D1F8000940F2FF729043C1F80009F8
:10F570000099D1F8040840F48070C1F80408002014
:10F5800002B0704780B58AB0DDF830C0CDF814C045
:10F590000493039202919DF814108DF8241002999F
:10F5A000039A049B08930792069101909DF81D0011
:10F5B000012823D1FFE70199886B20F4803088630C
:10F5C0000199C8684FF6BF72CFF6BD721040C8608F
:10F5D0000199C86820F44010C8609DF824000128F3
:10F5E00006D1FFE70199C86840F48010C860FFE7C2
:10F5F000019800F033F88DF803001AE00199C8680B
:10F6000040F04000C860019800F028F88DF8030031
:10F610009DF8210030B9FFE70199886B40F48030F4
:10F62000886305E00199886B20F480308863FFE7E8
:10F63000FFE79DF81A0001280BD1FFE701998868C0
:10F6400040F0060088600199886840F020008860DA
:10F65000FFE79DF803000AB080BD000083B0019071
:10F6600000200090FFE70098013000900098B0F172
:10F67000706F04D9FFE703208DF80B0025E0FFE74A
:10F6800001980069C00F0028EDD0FFE7002000902E
:10F690000199086940F001000861FFE70098013016
:10F6A00000900098B0F1706F04D9FFE703208DF847
:10F6B0000B000AE0FFE701980069C0070028EDD1C0
:10F6C000FFE700208DF80B00FFE79DF80B0003B06B
:10F6D0007047000084B00390029103980190029853
:10F6E0000078009002984078012845D1FFE7019802
:10F6F000009900EB4110D0F80009C00FA8B1FFE756
:10F700000198009900EB4111D1F8000940F0006028
:10F71000C1F800090198009900EB4111D1F80009E6
:10F7200040F08040C1F80009FFE70298007800F03F
:10F730000F01012000FA01F3019AD2F83C18994315
:10F74000C2F83C180299097801F00F0100FA01F2A1
:10F750000199D1F81C089043C1F81C080198009940
:10F7600000EB4111D1F8000947F60002CEF6334212
:10F770001040C1F8000946E00198009900EB4110E3
:10F78000D0F8000BC00FA8B1FFE70198009900EB7B
:10F790004111D1F8000B40F00060C1F8000B019856
:10F7A000009900EB4111D1F8000B40F08040C1F806
:10F7B000000BFFE70298007800F00F01012000FA2B
:10F7C00001F3019AD2F83C1821EA0341C2F83C182F
:10F7D0000299097801F00F0100FA01F20199D1F8BC
:10F7E0001C0820EA0240C1F81C080198009900EBAF
:10F7F0004111D1F8000B47F60002CEF6F37210402B
:10F80000C1F8000BFFE7002004B0704782B0019000
:10F81000019800900099D1F8000E20F00300C1F883
:10F82000000E0099D1F8040820F00200C1F8040885
:10F83000002002B07047000082B001900198009053
:10F840000099D1F8000E20F00300C1F8000E0099D5
:10F85000D1F8040840F00200C1F80408002002B00A
:10F860007047000080B58CB0DDF838C0CDF81CC002
:10F870000693059204919DF81C108DF82C100499A4
:10F88000059A069B0A9309920891039000208DF82F
:10F890000B00039901910090FFE700980E280CD807
:10F8A000FFE70398009900EB81010020C1F80401F3
:10F8B000FFE7009801300090EFE79DF82A00B8B903
:10F8C000FFE70199D1F8040840F00200C1F80408EC
:10F8D0000399886B40F4001088630399886B20F4C7
:10F8E000002088630399886B20F4802088630AE0F5
:10F8F0000399886B20F4001088630399886B40F4A7
:10F9000000208863FFE701990020C1F8000E9DF8F0
:10F91000250001280FD1FFE79DF8230028B9FFE754
:10F920000398002100F07CFE04E00398012100F020
:10F9300077FEFFE704E00398032100F071FEFFE784
:10F940000398102100F0A8FC20B1FFE701208DF8FA
:10F950000B00FFE7039800F065FC20B1FFE70120F2
:10F960008DF80B00FFE701990020C1F810080199FC
:10F97000C1F814080199C1F81C080090FFE700982D
:10F980009DF8201088423BD2FFE70198009900EBD8
:10F990004110D0F80009C00FB0B1FFE7009848B996
:10F9A000FFE70198009900EB41114FF00060C1F8AA
:10F9B000000908E00198009900EB41114FF09040D8
:10F9C000C1F80009FFE707E00198009900EB411139
:10F9D0000020C1F80009FFE70198009900EB4111F0
:10F9E0000020C1F810090198009900EB41114FF671
:10F9F0007F30C1F80809FFE7009801300090BEE7AA
:10FA000000200090FFE700989DF8201088423BD22C
:10FA1000FFE70198009900EB4110D0F8000BC00FF0
:10FA2000B0B1FFE7009848B9FFE70198009900EBF3
:10FA300041114FF00060C1F8000B08E001980099F7
:10FA400000EB41114FF09040C1F8000BFFE707E0D9
:10FA50000198009900EB41110020C1F8000BFFE76D
:10FA60000198009900EB41110020C1F8100B01989A
:10FA7000009900EB41114FF67F30C1F8080BFFE70A
:10FA8000009801300090BEE70199D1F8100820F4E9
:10FA90008070C1F8100803990020886103996FF005
:10FAA000804048619DF8220030B9FFE703998869DA
:10FAB00040F010008861FFE70399886943F600026F
:10FAC000C8F23C02104388619DF8260030B1FFE780
:10FAD0000399886940F008008861FFE79DF82A00D3
:10FAE000012808D1FFE7039988690422C4F20002C3
:10FAF00010438861FFE79DF80B000CB080BD00004B
:10FB000081B000900099886820F001008860002092
:10FB100001B0704786B004908DF80F1002920498DF
:10FB200001900498006C0090009843F20B01C4F619
:10FB3000547188420BD3FFE70198D0F8000BC00F37
:10FB400020B1FFE700208DF817002EE0FFE70199B4
:10FB50000020C1F8100B0199D1F8100B40F40020DF
:10FB6000C1F8100B0199D1F8100B40F01800C1F842
:10FB7000100B0199D1F8100B40F0C040C1F8100BE8
:10FB80009DF80F0001280CD1FFE702980199C1F8F8
:10FB9000140B0199D1F8000B40F08020C1F8000B44
:10FBA000FFE700208DF81700FFE79DF8170006B06B
:10FBB0007047000084B0039002910398019002986E
:10FBC0000078009002984078012820D1FFE7019842
:10FBD000009900EB4111D1F8000920F40010C1F8A0
:10FBE000000902980079032805D0FFE70298007900
:10FBF00002280BD1FFE70198009900EB4111D1F8E1
:10FC0000000940F08050C1F80009FFE71FE00198AB
:10FC1000009900EB4111D1F8000B20F40010C1F85D
:10FC2000000B02980079032805D0FFE702980079BD
:10FC300002280BD1FFE70198009900EB4111D1F8A0
:10FC4000000B40F08050C1F8000BFFE7FFE70020F9
:10FC500004B0704784B00390029103980190029819
:10FC60000078009002984078012822D1FFE701989F
:10FC7000009900EB4110D0F80009C00F70B9FFE700
:10FC8000009858B1FFE70198009900EB4111D1F8B5
:10FC9000000920F08040C1F80009FFE701980099B1
:10FCA00000EB4111D1F8000940F40010C1F800093F
:10FCB00021E00198009900EB4110D0F8000BC00F33
:10FCC00070B9FFE7009858B1FFE70198009900EB81
:10FCD0004111D1F8000B20F08040C1F8000BFFE784
:10FCE0000198009900EB4111D1F8000B40F400108D
:10FCF000C1F8000BFFE7002004B0704780B588B062
:10FD0000079006918DF817200798049006980078C0
:10FD1000039006984078012840F02481FFE7069878
:10FD20000069F8B9FFE70498039900EB4111D1F895
:10FD300010096FF3DC40C1F810090498039900EB37
:10FD40004111D1F8100940F40020C1F810090498BD
:10FD5000039900EB4111D1F810096FF31200C1F8BB
:10FD6000100971E00498039900EB4111D1F81009D2
:10FD70006FF31200C1F810090498039900EB4111C8
:10FD8000D1F810096FF3DC40C1F810090398A8B945
:10FD9000FFE7069881680069884204D9FFE7069961
:10FDA00088680861FFE70498039900EB4111D1F8D6
:10FDB000100940F40020C1F8100937E00698816866
:10FDC000006908440138B0FBF1F0ADF80A00BDF855
:10FDD0000A100020C1F6F87000EAC14204980399A5
:10FDE00000EB4111D1F810091043C1F81009069831
:10FDF0000079012819D1FFE70498039900EB41111C
:10FE0000D1F8100920F0C040C1F81009BDF80A006F
:10FE100000F003020498039900EB4111D1F8100996
:10FE200040EA4270C1F81009FFE7FFE7069802694F
:10FE30006FF3DF420498039900EB4111D1F81009E8
:10FE40001043C1F81009FFE79DF8170001283BD1C6
:10FE5000FFE70698C06948B1FFE70698C0690499B2
:10FE6000039A01EB4211C1F81409FFE706980079E3
:10FE700001281ED1FFE70498D0F80808C005002823
:10FE80000BD4FFE70498039900EB4111D1F8000966
:10FE900040F00050C1F800090AE00498039900EB13
:10FEA0004111D1F8000940F08050C1F80009FFE786
:10FEB000FFE70498039900EB4111D1F8000940F0E5
:10FEC0000440C1F800094CE00498039900EB41118B
:10FED000D1F8000940F00440C1F800090698007903
:10FEE000012813D0FFE70698006970B1FFE7069874
:10FEF000007800F00F01012000FA01F20499D1F816
:10FF000034081043C1F83408FFE729E00498D0F81A
:10FF10000808C00500280BD4FFE70498039900EBFC
:10FF20004111D1F8000940F00050C1F800090AE081
:10FF30000498039900EB4111D1F8000940F080507A
:10FF4000C1F80009FFE70798069BD9681A781B8A51
:10FF50009DF817C0EE46CEF800C000F051FCFFE758
:10FF6000FFE7C4E00498039900EB4111D1F8100BAE
:10FF70006FF31200C1F8100B0498039900EB4111C4
:10FF8000D1F8100B6FF3DC40C1F8100B039818BBCD
:10FF9000FFE70698006920B1FFE7069988680861C5
:10FFA000FFE70699886808620698026A6FF3DF42E5
:10FFB0000498039900EB4111D1F8100B1043C1F8DC
:10FFC000100B0498039900EB4111D1F8100B40F489
:10FFD0000020C1F8100B49E006980069C0B9FFE79E
:10FFE000069882686FF3DF420498039900EB411191
:10FFF000D1F8100B1043C1F8100B0498039900EBD3
:020000040801F1
:100000004111D1F8100B40F40020C1F8100B2CE086
:1000100006988168006908440138B0FBF1F0ADF83A
:100020000A0006998868BDF80A2050430862BDF8A6
:100030000A100020C1F6F87000EAC1420498039942
:1000400000EB4111D1F8100B1043C1F8100B0698CA
:10005000026A6FF3DF420498039900EB4111D1F873
:10006000100B1043C1F8100BFFE7FFE79DF81700D6
:1000700001280ED1FFE70698C06848B1FFE706984F
:10008000C0680499039A01EB4211C1F8140BFFE711
:10009000FFE70698007901281ED1FFE70498D0F801
:1000A0000808C00500280BD4FFE70498039900EB6B
:1000B0004111D1F8000B40F00050C1F8000B0AE0EC
:1000C0000498039900EB4111D1F8000B40F08050E7
:1000D000C1F8000BFFE7FFE70498039900EB41111B
:1000E000D1F8000B40F00440C1F8000BFFE70020FE
:1000F00008B080BD85B004900391002002908DF877
:100100000700049800900398407801283ED1FFE74B
:1001100000980399097800EB4110D0F80009C00F4E
:1001200098B3FFE700980399097800EB4111D1F8E3
:10013000000940F00060C1F80009009803990978AF
:1001400000EB4111D1F8000940F08040C1F80009EE
:10015000FFE7029801300290029842F21171884242
:1001600004D3FFE701208DF807000DE0FFE70098BA
:100170000399097800EB4110D0F8000900F0004025
:10018000B0F1004FE5D0FFE7FFE73DE000980399AD
:10019000097800EB4110D0F8000BC00F98B3FFE7CF
:1001A00000980399097800EB4111D1F8000B40F059
:1001B0000060C1F8000B00980399097800EB411129
:1001C000D1F8000B40F08040C1F8000BFFE7029827
:1001D00001300290029842F21171884204D3FFE785
:1001E00001208DF807000DE0FFE7009803990978DA
:1001F00000EB4110D0F8000B00F00040B0F1004FD0
:10020000E5D0FFE7FFE7FFE79DF8070005B070477F
:1002100081B000900099886840F00100886000205B
:1002200001B0704783B0019000200090FFE7009874
:10023000013000900098B0F1706F04D9FFE70320FF
:100240008DF80B0024E0FFE701980069C00F00283B
:10025000EDD0FFE700200090019910200861FFE732
:100260000098013000900098B0F1706F04D9FFE75A
:1002700003208DF80B000BE0FFE70198006900F008
:1002800010001028ECD0FFE700208DF80B00FFE7EE
:100290009DF80B0003B0704784B0029001910020DC
:1002A0000090FFE70098013000900098B0F1706F67
:1002B00004D9FFE703208DF80F0026E0FFE702983E
:1002C0000069C00F0028EDD0FFE7002000900198E2
:1002D0008001203002990861FFE70098013000900A
:1002E0000098B0F1706F04D9FFE703208DF80F007C
:1002F0000BE0FFE70298006900F020002028ECD016
:10030000FFE700208DF80F00FFE79DF80F0004B015
:100310007047000084B00390039802900298D0F8D0
:10032000080800F006000090009820B9FFE70020C0
:100330008DF8070010E00098022804D0FFE700982D
:10034000062804D1FFE702208DF8070003E00F2004
:100350008DF80700FFE7FFE79DF8070004B070473E
:1003600081B000900098406900F0010001B0704732
:1003700083B00290029801900198D0F8180800907C
:100380000198D0F81C18009808400090BDF80000B3
:1003900003B0704783B00290029801900198D0F8A2
:1003A000180800900198D0F81C1800980840009098
:1003B000BDF8020003B0704786B005908DF81310A9
:1003C000059803900398D0F8100801900398D0F88E
:1003D0003408009000989DF8131001F00F01C840F8
:1003E00000F00101019840EAC110019003989DF8C6
:1003F000131000EB4110D0F8080901990840029051
:10040000029806B07047000084B003908DF80B107E
:100410000398019001989DF80B1000EB4110D0F863
:10042000080B00900198D0F814180098084000902C
:10043000009804B07047000082B0019001984069B4
:10044000009001988169009808400090009802B0DF
:100450007047000089B008900791ADF81A200898FD
:10046000059007980490BDF81A0080080190BDF827
:100470001A0000F00300ADF8020000200290FFE730
:1004800002980199884217D2FFE705984FF48051EE
:100490004058049908600498013004900498013091
:1004A0000490049801300490049801300490FFE710
:1004B000029801300290E3E7BDF8020008B3FFE7BD
:1004C0000020029005984FF4805140580390FFE7B8
:1004D00003989DF80810C900C84004990870029854
:1004E00001300290049801300490BDF802000138F8
:1004F000ADF80200FFE7BDF802000028E8D1FFE7F1
:10050000FFE7049809B0704780B586B004908DF875
:100510000F10002002900499C86820F0C040C86005
:100520009DF80F00012823D1FFE70499C86840F027
:100530000050C860FFE70A20F2F7E6FC02980A3094
:100540000290FFE70498FFF70BFF01460020012906
:10055000019007D0FFE702990020C82938BF012089
:100560000190FFE70198C0070028E4D1FFE72AE0E7
:100570009DF80F0010BBFFE70499C86840F0804069
:10058000C860FFE70A20F2F7BFFC02980A30029029
:10059000FFE70498FFF7E4FE01460020009039B120
:1005A000FFE702990020C82938BF01200090FFE72B
:1005B0000098C0070028E5D1FFE703E001208DF88F
:1005C00017000CE0FFE70298C82804D1FFE70120DC
:1005D0008DF8170003E000208DF81700FFE79DF865
:1005E000170006B080BD000083B002908DF80710A0
:1005F000029800900099D1F8000820F4FE60C1F83C
:1006000000089DF8070000F07F020099D1F800086B
:1006100040EA0210C1F80008002003B07047000053
:1006200083B002908DF80710029800909DF8072083
:100630000099D1F800081043C1F80008002003B069
:100640007047000084B0039002918DF807209DF858
:100650000700022840F0B880FFE702984AF6C04140
:10066000C0F2D80188420BD3FFE702984EF2BF11C7
:10067000C0F2E401884203D8FFE70F200090A2E017
:1006800002984EF2C011C0F2E40188420BD3FFE79A
:10069000029842F2FF31C0F2F401884203D8FFE72A
:1006A0000E2000908EE0029842F20041C0F2F40168
:1006B00088420BD3FFE7029847F27F31C0F2061160
:1006C000884203D8FFE70D2000907AE0029847F2B5
:1006D0008031C0F2061188420BD3FFE7029844F63E
:1006E0009F11C0F21A11884203D8FFE70C20009036
:1006F00066E0029844F6A011C0F21A1188420BD3AA
:10070000FFE7029842F6FF41C0F23111884203D858
:10071000FFE70B20009052E0029842F60051C0F231
:10072000311188420BD3FFE702984AF23F41C0F2F1
:100730004C11884203D8FFE70A2000903EE002985F
:100740004AF24041C0F24C1188420BD3FFE70298B5
:1007500043F2FF51C0F26E11884203D8FFE709202F
:1007600000902AE0029843F20061C0F26E118842C4
:100770000BD3FFE702984AF61F31C0F2A611884258
:1007800003D8FFE70820009016E002984AF62031CF
:10079000C0F2A61188420BD3FFE7029844F2FF7122
:1007A000C0F2E811884203D8FFE70720009002E07A
:1007B00006200090FFE7FFE7FFE7FFE7FFE7FFE71F
:1007C000FFE7FFE7FFE70AE09DF8070018B9FFE73A
:1007D0000920009002E009200090FFE7FFE703995D
:1007E000C86820F47050C860009800F00F020399A8
:1007F000C86840EA8220C860002004B0704700004A
:1008000080B588B084460A98CDF81CC006918DF852
:100810001720ADF814308DF8130007980390069850
:1008200002909DF8130048BBFFE7BDF814000330A9
:100830008008019000200090FFE70098019988420D
:100840001BD2FFE70298006803999DF8172001EB7F
:1008500002314FF480528850029801300290029881
:10086000013002900298013002900298013002900B
:10087000FFE7009801300090DFE7FFE7002008B0B5
:1008800080BD000080B582B08DF806009DF806009E
:1008900020B1FFE701208DF807001DE040F654402D
:1008A000C2F20000F1F7CEFC38B9FFE740F2440194
:1008B000C2F200010020087006E040F24401C2F2DA
:1008C000000101200870FFE740F24400C2F200007E
:1008D00000788DF80700FFE79DF8070002B080BDA3
:1008E00083B08DF80A008DF8091001929DF80A0076
:1008F00020B1FFE704208DF80B0033E09DF80900DC
:1009000001460091032829D80099DFE801F002068A
:10091000111C00208DF80B0024E040F65440C2F278
:10092000000040690199086000208DF80B0019E073
:1009300040F65440C2F2000080690199088000200E
:100940008DF80B000EE040F65440C2F200008069C2
:100950000199088000208DF80B0003E004208DF839
:100960000B00FFE79DF80B0003B0704780B584B023
:100970008DF80E000291019200939DF80E0018B9B7
:10098000FFE7009820B9FFE704208DF80F001AE078
:1009900040F24400C2F200000078C00720B1FFE737
:1009A00003208DF80F000EE002980199009AF1F7EC
:1009B00055FC20B9FFE700208DF80F0003E001206F
:1009C0008DF80F00FFE79DF80F0004B080BD000018
:1009D00080B582B08DF806009DF8060020B1FFE7D3
:1009E00001208DF807001EE048F60C20C2F201003D
:1009F000F3F7CEF8042807D1FFE740F24401C2F232
:100A000000010020087006E040F24401C2F200013B
:100A100001200870FFE740F24400C2F200000078B5
:100A20008DF80700FFE79DF8070002B080BD0000C9
:100A300080B584B08DF80E000291019200939DF86C
:100A40000E0018B9FFE7009820B9FFE704208DF8E1
:100A50000F001AE040F24400C2F200000078C00724
:100A600020B1FFE703208DF80F000EE002980199F6
:100A7000009AF1F73DFC20B9FFE700208DF80F0048
:100A800003E001208DF80F00FFE79DF80F0004B090
:100A900080BD0000FFE7FEE780B582B044F2402051
:100AA000C0F20F000090FFE748F63011C2F20101DA
:100AB000C868098AF2F77AFC50B1FFE7009801385C
:100AC000009020B9FFE701208DF8070004E0EBE774
:100AD00000208DF80700FFE79DF8070002B080BDF9
:100AE00081B08DF803009DF9030000280ED4FFE7C4
:100AF0009DF9031001F01F02012090404A094EF2B7
:100B00000011CEF2000141F82200FFE701B070476A
:100B10004EF60C50CEF200000068C0F30220704781
:100B200082B08DF8070000919DF9070000280AD4D3
:100B3000FFE7009800019DF907104EF20042CEF247
:100B4000000288540BE0009800019DF8071001F0A6
:100B50000F014EF61452CEF200028854FFE702B0A5
:100B60007047000083B00290029800F007000090E8
:100B70004EF60C51CEF200010868019001984FF634
:100B8000FF02104001900198009A40EA02200022E2
:100B9000C0F2FA52104301900198086003B0704708
:100BA000BFF34F8F4EF60C51CEF20001086800F4EF
:100BB000E0600422C0F2FA5210430860BFF34F8F86
:100BC000FFE700BFFDE7000080B584B0029001910F
:100BD00002990020C87002994FF0FF300863029814
:100BE000019904F033FC20B1FFE704208DF80F00D9
:100BF00044E0029800F2322004F068FB4AF65521E6
:100C0000884204D0FFE703208DF80F0036E00298F9
:100C100090F83400E9280CD0FFE7029890F83400EF
:100C2000EB2827D1FFE7029890F83600902821D1D1
:100C3000FFE702986A3004F02FFB20F07F4044F277
:100C40004611C0F25401884204D1FFE700208DF81C
:100C50000F0013E00298863004F01EFB44F24611A8
:100C6000C3F25431884204D1FFE700208DF80F0011
:100C700004E0FFE702208DF80F00FFE79DF80F006A
:100C800004B080BD83B002900191FFE70298017823
:100C90000020009041B1FFE7029800780199401AC6
:100CA00018BF01200090FFE70098C00720B1FFE7C0
:100CB000029801300290E9E70298007803B070478B
:100CC00087B005900491002002900390FFE70398FD
:100CD000032839D8FFE70398010140F26410C2F2FB
:100CE0000000405840B3FFE70398010140F2641050
:100CF000C2F2000040580599096888421BD1FFE7FD
:100D0000039940F26410C2F2000000EB0110406849
:100D10000599896888420ED1FFE7039940F2641073
:100D2000C2F2000000EB0110806805994969884211
:100D300001D1FFE708E002E001200290FFE7FFE7B2
:100D4000039801300390C2E70398042815D1FFE708
:100D500002990120019039B9FFE704980238B0FAEE
:100D600080F040090190FFE70198C1071220002997
:100D700018BF00208DF81B001CE004990120009092
:100D800079B9FFE7039940F26410C2F2000000EB6A
:100D900001108089A0F58070B0FA80F040090090C1
:100DA000FFE7009800F00100002818BF10208DF820
:100DB0001B00FFE79DF81B0007B0704782B0019051
:100DC00000200090FFE70098032819D8FFE700985B
:100DD000010140F26410C2F20000405801998842BB
:100DE00009D1FFE70098020140F26411C2F200014C
:100DF00000208850FFE7FFE7009801300090E2E70D
:100E000002B0704787B00590049105980068009083
:100E10000598C06A043001900498400A00994989F5
:100E2000B0FBF1F00390FFE70198011D019100680C
:100E30000290029818B9FFE70020069013E003988B
:100E40000299884201D2FFE707E002990398401A0D
:100E50000390019804300190E6E70398019909682E
:100E600008440690FFE7069807B0704783B00190EA
:100E70000091009802380090009801998969023920
:100E8000884203D3FFE70020029007E00098019A10
:100E90005189D26A00FB01200290FFE7029803B05B
:100EA0007047000080B588B00690059105981A300B
:100EB00004F00CFA18B1FFE70020079065E00598F0
:100EC000007800F03F000D2148430D3804900120C8
:100ED000ADF80A0000200390FFE703980C283ED8E5
:100EE000FFE70598039A46F2C461C0F60101895CE8
:100EF000084404F0EBF9ADF80800BDF80A00F0B1C1
:100F0000FFE70498FE2812D8FFE7BDF8080003F0B9
:100F1000EFF90190069804994A1C049230F81100E8
:100F200003F0E6F901460198884203D0FFE700206C
:100F300007902AE0BDF80800ADF80A000AE0BDF805
:100F400008004FF6FF71884203D0FFE700200790AA
:100F50001BE0FFE7FFE7039801300390BDE705982A
:100F60000078400600280DD5FFE7BDF80A0048B11B
:100F7000FFE70698049930F8110018B1FFE7002048
:100F8000079002E001200790FFE7079808B080BDB6
:100F900080B588B006900591069800680090059885
:100FA00080B9FFE7009800690290029830B1FFE72E
:100FB000029800998969884203D3FFE701200290D3
:100FC000FFE71EE00698059903F0F2FD04900498EF
:100FD000012803D8FFE70120079082E00498013040
:100FE00018B9FFE7049807907BE004980099896995
:100FF000884203D2FFE70498079072E005980290B8
:10100000FFE702980390FFE70398013003900398ED
:101010000099896988420BD3FFE702200390039867
:101020000299884203D9FFE70020079059E0FFE7C3
:101030000698039903F0BCFD0490049808B9FFE7F3
:1010400013E00498012804D0FFE70498013018B990
:10105000FFE70498079044E003980299884203D17F
:10106000FFE7002007903CE0CEE7009803994FF09F
:10107000FF3204F085FA8DF807009DF8070058B993
:10108000FFE7059840B1FFE700980599039A04F03F
:1010900077FA8DF80700FFE79DF80700A8B9FFE78A
:1010A0000398009908610099486989690239884262
:1010B00005D8FFE70099486901384861FFE70099C2
:1010C000087940F00100087108E09DF80710012040
:1010D000012908BF4FF0FF300390FFE70398079006
:1010E000FFE7079808B080BD80B58EB00C900B91DB
:1010F0000B98006804900C980068C0680990002064
:1011000005900690FFE7049806994A1C0692405CF9
:10111000ADF82800BDF828001F2801DCFFE78DE0AE
:10112000BDF828002F2805D0FFE7BDF828005C286F
:101130001BD1FFE7FFE704980699415C01202F29A6
:10114000039009D0FFE704980699405C5C38B0FA38
:1011500080F040090390FFE70398C00720B1FFE744
:10116000069801300690E6E768E00598FF2804D36A
:10117000FFE706208DF8370010E29DF82800ADF853
:1011800028009DF8280081282DDBFFE79DF8280026
:10119000FE2828DCFFE7049806994A1C0692405C6A
:1011A0008DF82B00BDF828109DF82B0040EA012097
:1011B000ADF828009DF82B00402805DBFFE79DF8DF
:1011C0002B007F280EDBFFE79DF82B00802805DB36
:1011D000FFE79DF82B00FF2804DBFFE706208DF8D2
:1011E0003700DBE1FFE7BDF82800012103F01AF822
:1011F000ADF82800BDF8280020B9FFE706208DF8DB
:101200003700CBE1BDF828007F280EDCFFE7BDF8F2
:1012100028104CF2CC40C0F60200FFF733FD20B19D
:10122000FFE706208DF83700B8E1BDF828000999DE
:10123000059A531C059321F8120064E70498069957
:1012400008440B990860BDF8281000202029B8BF79
:10125000012080008DF82A00FFE70598B8B1FFE76C
:101260000998059900EB410030F8020CADF8280010
:10127000BDF82800202806D0FFE7BDF828002E285A
:1012800001D0FFE703E0059801380590E5E70999EB
:10129000059A002021F81200059820B9FFE70620E2
:1012A0008DF837007AE10C98243020210B2204F0CD
:1012B000B7F800200690FFE70998069930F811105A
:1012C0000120202902900AD0FFE70998069930F8FA
:1012D00011002E38B0FA80F040090290FFE7029822
:1012E000C00728B1FFE7FFE7069801300690E3E763
:1012F000069838B1FFE79DF82A0040F003008DF80A
:101300002A00FFE7FFE705990020019059B1FFE7A8
:101310000998059900EB410030F8020C2E3818BFEF
:1013200001200190FFE70198C00720B1FFE7059871
:1013300001380590E7E700208DF82B000890082081
:101340000790FFE7099806994A1C069230F81100A9
:10135000ADF82800BDF8280008B9FFE7C8E0BDF8DF
:10136000280020280AD0FFE7BDF828002E280CD13D
:10137000FFE706980599884207D0FFE79DF82A0005
:1013800040F003008DF82A00DCE7089807998842AE
:1013900005D2FFE706980599884229D1FFE707980B
:1013A0000B2807D1FFE79DF82A0040F003008DF8D5
:1013B0002A009DE006980599884207D0FFE79DF82E
:1013C0002A0040F003008DF82A00FFE706980599EF
:1013D000884201D9FFE78BE0059806900820089025
:1013E0000B2007909DF82B0080008DF82B00A9E7BB
:1013F000BDF82800802810DBFFE7BDF8280002F0C8
:1014000077FF002102F00EFFADF828009DF82A00BA
:1014100040F002008DF82A00FFE7BDF82800B0F583
:10142000807F19DBFFE7089807990139884209D3C3
:10143000FFE79DF82A0040F003008DF82A00079886
:1014400008907FE79DF829000C99089A1144013211
:10145000089281F8240041E0BDF8280050B1FFE770
:10146000BDF828104CF2C540C0F60200FFF70AFC98
:1014700050B1FFE75F20ADF828009DF82A0040F04A
:1014800003008DF82A0028E0BDF8280041280CDB75
:10149000FFE7BDF828005A2807DCFFE79DF82B007E
:1014A00040F002008DF82B0016E0BDF828006128FE
:1014B00011DBFFE7BDF828007A280CDCFFE79DF878
:1014C0002B0040F001008DF82B00BDF828002038DB
:1014D000ADF82800FFE7FFE7FFE7FFE79DF82800EA
:1014E0000C99089A11440132089281F8240029E7E6
:1014F0000C9890F82400E52805D1FFE70C99052009
:1015000081F82400FFE70798082806D1FFE79DF837
:101510002B0080008DF82B00FFE79DF82B0000F0DA
:101520000C000C2807D0FFE79DF82B0000F003000B
:10153000032807D1FFE79DF82A0040F002008DF84C
:101540002A00FFE79DF82A00800700281DD4FFE746
:101550009DF82B0000F00300012807D1FFE79DF85C
:101560002A0040F010008DF82A00FFE79DF82B00BC
:1015700000F00C00042807D1FFE79DF82A0040F096
:1015800008008DF82A00FFE7FFE79DF82A000C9974
:1015900081F82F0000208DF83700FFE79DF8370015
:1015A0000EB080BD82B001900198013801900328EF
:1015B0003AD8FFE7019940F26410C2F2000000EB54
:1015C00001108089ADF80200BDF80200B0F5807FFF
:1015D00004D1FFE70020ADF80200FFE7BDF80200EC
:1015E000012806DBFFE7BDF802000138ADF8020074
:1015F000FFE7BDF80200019A40F26411C2F2000157
:1016000001EB02118881BDF8020048B9FFE701989B
:10161000020140F26411C2F2000100208850FFE78D
:1016200000208DF8010003E002208DF80100FFE7A3
:101630009DF8010002B0704780B586B00590049116
:101640000598006801900598002100F021FC8DF8B4
:101650000F009DF80F0098BBFFE700200290FFE706
:1016600001980599C96903F0F1FE8DF80F009DF806
:101670000F0008B1FFE722E00598006A0078E5282E
:1016800005D0FFE70598006A007848B9FFE702989F
:10169000013002900499884201D1FFE70FE002E097
:1016A00000200290FFE70598012100F0F9F88DF87D
:1016B0000F00FFE79DF80F000028D1D0FFE7FFE7FC
:1016C0009DF80F00042804D1FFE707208DF80F00D4
:1016D000FFE79DF80F0006B080BD000080B588B020
:1016E00006900698006804900698002100F0D0FB50
:1016F0008DF817009DF8170028B1FFE79DF8170037
:101700008DF81F00C7E0FF208DF80C008DF80D004C
:1017100006994FF0FF300863FFE704980699C969FE
:1017200003F094FE8DF817009DF8170008B1FFE74D
:10173000ACE00698006A00788DF80F009DF80F0065
:1017400020B9FFE704208DF817009FE00698006A93
:10175000C07A00F03F008DF80E00069988719DF860
:101760000F00E5280BD0FFE79DF80E0000070028CA
:101770000DD5FFE79DF80E000F2808D0FFE7FF20EA
:101780008DF80D0006994FF0FF30086371E09DF869
:101790000E000F2844D1FFE7069890F82F0040066E
:1017A00000283CD4FFE79DF80F004006002813D521
:1017B000FFE70698006A407B8DF80C009DF80F004B
:1017C00000F0BF008DF80F009DF80F008DF80D00A0
:1017D000069948690863FFE79DF80F009DF80D1012
:1017E000884215D1FFE79DF80C000699096A497BEC
:1017F00088420DD1FFE70498C0680699096AFFF78F
:1018000051FB28B1FFE79DF80D000138029002E07E
:10181000FF200290FFE702988DF80D00FFE727E018
:101820009DF80D0068B9FFE79DF80C00019006983F
:10183000006A04F0B3F801460198884201D1FFE73D
:1018400024E0069890F82F00C00748B9FFE70699F2
:10185000086A24310B2203F099FD08B9FFE715E06F
:10186000FF208DF80D0006994FF0FF300863FFE769
:10187000FFE70698002100F013F88DF81700FFE746
:101880009DF8170000283FF448AFFFE79DF81700C8
:101890008DF81F00FFE79DF81F0008B080BD000015
:1018A00080B588B006900591069800680290069869
:1018B0004069203004900698C06928B1FFE7049879
:1018C000B0F5001F04D3FFE704208DF81F00BDE032
:1018D000BDF81000C005002840F0A980FFE7069978
:1018E000C8690130C8610698806978B9FFE7049932
:1018F00002980089B0EB511F07D8FFE70699002036
:10190000C86104208DF81F00A0E08FE004990298C0
:101910004089013810EA512F40F08780FFE7069890
:10192000816903F045F903900398012804D8FFE783
:1019300002208DF81F0089E00398013020B9FFE7ED
:1019400001208DF81F0081E003980299896988427F
:1019500061D3FFE7059838B9FFE706990020C86111
:1019600004208DF81F0071E006988169FFF710FBD5
:101970000390039820B9FFE707208DF81F0065E06A
:101980000398012804D1FFE702208DF81F005DE0D5
:101990000398013020B9FFE701208DF81F0055E0C2
:1019A000029804F07FF820B1FFE701208DF81F00B6
:1019B0004CE002983430002100914FF4007203F0A3
:1019C0002FFD0098019002980399FFF74FFA0299B2
:1019D0000863FFE7019802994989884215D2FFE719
:1019E00002990120C870029804F05CF820B1FFE76A
:1019F00001208DF81F0029E0FFE7019801300190D8
:101A00000299086B01300863E4E7019A0299086BB8
:101A1000801A0863FFE70398069988610298039982
:101A2000FFF724FA0699C861FFE7FFE7FFE704988C
:101A300006994861029804996FF35F210844343095
:101A40000699086200208DF81F00FFE79DF81F002F
:101A500008B080BD80B588B00790069104208DF84D
:101A60001700079800680490FF208DF80D008DF88E
:101A70000C00FFE70798C069002800F0A180FFE78D
:101A800004980799C96903F0E1FC8DF817009DF8E7
:101A9000170008B1FFE793E00798006A00788DF817
:101AA0000E009DF80E0020B9FFE704208DF8170006
:101AB00086E00798006AC07A00F03F008DF80F00BA
:101AC000079988719DF80E00E52811D0FFE79DF871
:101AD0000E002E280CD0FFE79DF80F0000F0DF006D
:101AE0000838B0FA80F040090699884204D0FFE730
:101AF000FF208DF80D0057E09DF80F000F283CD116
:101B0000FFE79DF80E004006002813D5FFE7079871
:101B1000006A407B8DF80C009DF80E0000F0BF00BD
:101B20008DF80E009DF80E008DF80D00079948699C
:101B30000863FFE79DF80E009DF80D10884215D14F
:101B4000FFE79DF80C000799096A497B88420DD18F
:101B5000FFE70498C0680799096A03F0A7FC28B159
:101B6000FFE79DF80D000138029002E0FF2002908F
:101B7000FFE702988DF80D0015E09DF80D0060B9A3
:101B8000FFE79DF80C0001900798006A03F006FF3C
:101B900001460198884205D0FFE707994FF0FF30D2
:101BA0000863FFE70CE0FFE707980021FFF778FEE6
:101BB0008DF817009DF8170008B1FFE700E059E71E
:101BC0009DF8170020B1FFE707990020C861FFE7E3
:101BD0009DF8170008B080BD80B58EB00C900C98B1
:101BE00000680A900C9890F82F0010F0A00F04D015
:101BF000FFE706208DF83700F2E000200890FFE7AD
:101C00000A98C068089930F8110028B1FFE7FFE78B
:101C1000089801300890F3E70C9800F1240104A81B
:101C20000C2203F0DFFB9DF81B00C007D0B3FFE7D9
:101C30000C99402081F82F0001200990FFE70998B6
:101C4000632817D8FFE70C9824300A99CA68099BC3
:101C500004A902F0F1FE0C98FFF740FD8DF82F006B
:101C60009DF82F0008B1FFE704E0FFE70998013075
:101C70000990E4E70998642804D1FFE707208DF86C
:101C80003700ADE09DF82F00042805D0FFE79DF850
:101C90002F008DF83700A3E09DF81B000C9981F808
:101CA0002F00FFE79DF81B00800700280DD5FFE7F8
:101CB00008980C304EF64F41C4F6C461A0FB0101F8
:101CC000012000EB9100029002E001200290FFE76A
:101CD000029807900C980799FFF7AEFC8DF82F003B
:101CE0009DF82F0000284FD1FFE707980138079093
:101CF000002849D0FFE70C984169079AA1EB4211EF
:101D000000F0C6F88DF82F009DF82F00D8BBFFE734
:101D10000C98243003F042FE8DF80F00FFE70A987C
:101D20000C99C96903F092FB8DF82F009DF82F00E4
:101D300008B1FFE726E00A98C0680C99096A9DF887
:101D40001C209DF80F3003F0F5FC0A990120C870A3
:101D50000C980021FFF7A4FD8DF82F00FFE79DF8F8
:101D60002F100020019041B9FFE707980138079034
:101D7000002818BF01200190FFE70198C007002844
:101D8000CDD1FFE7FFE7FFE79DF82F0018BBFFE786
:101D90000A980C99C96903F059FB8DF82F009DF83A
:101DA0002F00B8B9FFE70C98006A0021202203F049
:101DB00037FB0C99086A24310B2203F013FB0C99B2
:101DC00091F82F0000F01800096A08730A990120A1
:101DD000C870FFE7FFE79DF82F008DF83700FFE799
:101DE0009DF837000EB080BD80B586B0059005988F
:101DF000006803900598406902900598006B0130D7
:101E000018B9FFE70020019005E00598016B00F08C
:101E10003FF80190FFE701988DF813009DF813003B
:101E200088BBFFE7FFE703980599C96903F00EFB3C
:101E30008DF813009DF8130008B1FFE719E005982D
:101E4000016AE520087003990120C870059840696F
:101E50000299884201D3FFE70BE005980021FFF7C4
:101E60001FFD8DF81300FFE79DF813000028DAD05E
:101E7000FFE79DF81300042804D1FFE702208DF846
:101E80001300FFE7FFE79DF8130006B080BD0000D8
:101E900080B586B00490039104980068009003997F
:101EA0000020B0EB515F05D1FFE79DF80C00C006A4
:101EB00020B1FFE702208DF8170072E00398049923
:101EC0004861049880680190019848B9FFE700983C
:101ED0000078032804DBFFE70098806A0190FFE7A1
:101EE000019880B9FFE7039900980089B0EB511F72
:101EF00004D8FFE702208DF8170052E00098806AAE
:101F00000499C86130E00098408940020290FFE7E0
:101F100003980299884220D3FFE70498019902F0C0
:101F200047FE01900198013020B9FFE701208DF8AC
:101F3000170036E00198022806D3FFE701980099C0
:101F40008969884204D3FFE702208DF8170028E052
:101F500002990398401A0390DAE700980199FEF776
:101F600085FF0499C861FFE7019804998861049886
:101F7000C06920B9FFE702208DF8170011E0039A2D
:101F80000499C86900EB5220C861009803996FF367
:101F90005F21084434300499086200208DF817004E
:101FA000FFE79DF8170006B080BD000080B582B045
:101FB0008DF8070000208DF806009DF8071040F608
:101FC0004840C2F20000405CE8B9FFE79DF80720F6
:101FD00040F64840C2F2000000EB820149680968FF
:101FE0001044007A88478DF806009DF8060048B92D
:101FF000FFE79DF8072040F64841C2F200010120AA
:102000008854FFE7FFE79DF8060002B080BD00009E
:1020100080B584B08DF80F008DF80E1002929DF8F7
:102020000F1040F64840C2F2000000EB81025268F7
:1020300013690844007A9DF80E10029A98478DF8AB
:1020400007009DF8070004B080BD000080B586B091
:102050008DF817000491039202939DF8171040F633
:102060004840C2F2000000EB81025268D2F808C07A
:102070000844007A0499039A029BE0478DF8070010
:102080009DF8070006B080BD80B582B08DF80700CE
:102090009DF8072040F64840C2F2000000EB8201A4
:1020A000496849681044007A88478DF806009DF811
:1020B000060002B080BD000080B586B08DF8170024
:1020C0000491039202939DF8171040F64840C2F223
:1020D000000000EB81025268D2F80CC00844007A7C
:1020E0000499039A029BE0478DF807009DF80700CA
:1020F00006B080BD82B000200190FFE7019900206A
:10210000032900900CD8FFE70198010140F2641008
:10211000C2F200004058002818BF01200090FFE7DD
:102120000098C00728B1FFE7FFE701980130019050
:10213000E4E70198043818BF012002B0704700009E
:1021400080B5ADF50E7D8D908D990DF13300029027
:102150004FF40072EEF7ADF8029800218DF83312BB
:102160004CF2AE51C0F602010622EEF7C3F860B1A0
:10217000FFE74CF2B551C0F602010DF13300062223
:10218000EEF7B8F808B1FFE77DE04CF2AC51C0F6CD
:1021900002010DF13300EEF7BDF80B9000200A901C
:1021A000099008900790ADF8180005900490FFE79B
:1021B0000B9878B3FFE70A9801380146019103288C
:1021C0001CD80199DFE801F0020B10150B9904A847
:1021D0000822EEF76EF800208DF818000EE00B983C
:1021E000EEF7E8F8099009E00B98EEF7E3F80890AD
:1021F00004E00B98EEF7DEF80790FFE74CF2AC51E5
:10220000C0F602010020EEF785F80B900A98013025
:102210000A90CDE70998012817DBFFE709981F28E6
:1022200013DCFFE7089801280FDBFFE708980C286C
:102230000BDCFFE70798B0F5FA6F06DBFFE70798BE
:1022400040F63401884201DBFFE71CE000220392E4
:1022500009988DF80E0008988DF80D000798A0F5E4
:10226000FA608DF80F0049F27010C2F2010003A964
:10227000F4F70EFD18B1FFE7F0F762F8FFE704A8E6
:10228000FAF798FCFFE70DF50E7D80BD80B584B0B0
:102290000390039801F036FD8DF80B009DF80B00BC
:1022A000D0B9FFE7039801A903F0BCFC8DF80B003F
:1022B0009DF80B0078B9FFE703980069FFF772F902
:1022C0008DF80B009DF80B0020B9FFE70399002063
:1022D0000860FFE7FFE7FFE79DF80B0004B080BD53
:1022E00080B584B00390039801A903F09BFC8DF89E
:1022F0000B009DF80B00A0B9FFE70398006938B107
:10230000FFE703980069FFF74DF98DF80B00FFE731
:102310009DF80B0020B9FFE7039900200860FFE754
:10232000FFE79DF80B0004B080BD000080B590B0C1
:102330000F900E910D920FA80BA9002202F076F8D3
:102340008DF833009DF83300002840F09E80FFE7B1
:102350000B980D9908600B99486989690239884280
:1023600005D8FFE70B9840690E9908608CE00020C3
:102370000A900B98007801282BD1FFE702200990E2
:102380000B980090FFE70999684602F011FC07904E
:102390000798013020B9FFE701208DF8330017E0DE
:1023A0000798012804D1FFE702208DF833000FE0E1
:1023B000079820B9FFE70A9801300A90FFE7FFE786
:1023C0000998013009900B9989698842DBD3FFE7AE
:1023D0004EE00B98806909900B98406A08900020A5
:1023E00006900590FFE70698A0B9FFE70B980899BB
:1023F0004A1C089203F02AF88DF833009DF8330048
:1024000008B1FFE733E00B98343005904FF40070CB
:102410000690FFE70B980078022810D1FFE7059897
:1024200002F054FF20B9FFE70A9801300A90FFE755
:1024300005980230059006980238069010E005983D
:1024400002F02AFF000120B9FFE70A9801300A9044
:10245000FFE7059804300590069804380690FFE7DA
:10246000FFE70998013809900028BCD1FFE7FFE792
:102470000A980E9908600A980B9948610B99087997
:1024800040F001000871FFE7FFE79DF8330010B04E
:1024900080BD000080B58AB00990089107920020A5
:1024A000069009980490FFE7069808990139884238
:1024B00026DAFFE707980DF10E01012202AB01F0C9
:1024C00095FA0298012801D0FFE719E09DF80E0067
:1024D0008DF817009DF817000D2801D1FFE7E3E7FD
:1024E0009DF8170004994A1C049208700698013060
:1024F00006909DF817000A2801D1FFE700E0D3E716
:10250000049900200870069818B1FFE70998019017
:1025100002E000200190FFE701980AB080BD0000B2
:1025200080B592B010900F9110980DA903F07AFB2E
:102530008DF83B009DF83B0028B9FFE71098407DDF
:102540008DF83B00FFE79DF83B0028B1FFE79DF8C1
:102550003B008DF8470003E21098C06A002800F0A5
:10256000DF80FFE70F980130002869D1FFE710985E
:10257000C06A01900198011D01910068039002203A
:1025800002901098806808900898002846D0FFE7CD
:10259000FFE708980590002006900298023002900C
:1025A000FFE7089807900698013006901098089960
:1025B00002F0FEFA08900898012806D8FFE7109963
:1025C000022048758DF84700CAE10898013030B9FB
:1025D000FFE71099012048758DF84700C0E1FFE73B
:1025E0000898079901318842DBD0FFE702980399E8
:1025F00088420BD8FFE7069801990A1D01920860EE
:10260000059801990A1D01920860FFE7FFE7089805
:102610000D9989698842BCD3FFE7FFE702981099BA
:10262000C96A086002980399884204D8FFE70199B3
:102630000020086003E011208DF83B00FFE76EE00A
:102640000F981099C968884204D9FFE71098C068AC
:102650000F90FFE70F98109988610F9800285DD0C0
:10266000FFE710980F990139FEF7CCFB1099C8616C
:102670000D981099C969FEF7F9FB0490049830B9D8
:10268000FFE71099022048758DF8470068E10F9820
:10269000411E0D984089013800EA512104980844F0
:1026A00004901098008BC005B8B3FFE70498109908
:1026B000096A884231D0FFE71098007D00060028A3
:1026C00017D5FFE70D984078109A02F13001126A91
:1026D0000123FFF7F1FC30B1FFE7109901204875A5
:1026E0008DF847003CE11099087D00F07F000875E7
:1026F000FFE70D98407810993031049A0123FFF7D5
:10270000A5FC30B1FFE71099012048758DF847000E
:1027100026E1049810990862FFE7FFE7FFE71AE156
:102720000F981099C96888420AD9FFE71098007D70
:102730008007002804D4FFE71098C0680F90FFE7D7
:1027400010988069099000200A90109988610F986C
:10275000002800F0B480FFE70D98408940020B90FC
:102760000998E0B1FFE70F9801380B9AB0FBF2F03F
:1027700009990139B1FBF2F1884210D3FFE70998BA
:1027800001380B9949420840109988611098816975
:102790000F98401A0F901098C0690C9026E010987E
:1027A00080680C900C98E8B9FFE710980021FEF7BC
:1027B000EFFB0C900C98012806D1FFE7109902203E
:1027C00048758DF84700CBE00C98013030B9FFE731
:1027D0001099012048758DF84700C1E00C981099B8
:1027E0008860FFE70C981099C861FFE70C980028F3
:1027F00064D0FFE7FFE70F980B9988423FD9FFE7C6
:102800000B990F98401A0F900B9A109988691044F1
:1028100088611098007D800700280CD5FFE710988C
:102820000C99FEF7B5FB0C900C9818B9FFE7002047
:102830000F9024E005E010980C9902F0B9F90C9083
:10284000FFE70C98013030B9FFE710990120487577
:102850008DF8470084E00C98022806D3FFE70C9817
:102860000D998969884206D3FFE7109902204875BF
:102870008DF8470074E00C981099C861BBE70F9A77
:102880001099886910448861BDF83C00C005A0B16A
:10289000FFE70D980C99FEF7E9FA0A900A9830B90B
:1028A000FFE71099022048758DF8470058E00F990E
:1028B0000A9800EB51200A90FFE7FFE7FFE7109826
:1028C000C1688069884209D9FFE710998869C860A2
:1028D0001099087D40F040000875FFE71098008BC4
:1028E000C005B8B3FFE70A981099096A884231D049
:1028F000FFE71098007D0006002817D5FFE70D9828
:102900004078109A02F13001126A0123FFF7D4FBDC
:1029100030B1FFE71099012048758DF847001FE09E
:102920001099087D00F07F000875FFE70D9840784A
:10293000109930310A9A0123FFF788FB30B1FFE785
:102940001099012048758DF8470009E00A98109900
:102950000862FFE7FFE79DF83B008DF84700FFE7BF
:102960009DF8470012B080BD80B5ADF51A7D9990F5
:1029700099A88AA9022201F059FD8DF863028A986C
:102980008B909DF86302002840F0EC80FFE78A9965
:1029900004A8C86099998BA801F0B4FF8DF8630270
:1029A0009DF8630220B9FFE708208DF86302FFE776
:1029B0009DF86302042840F0D480FFE78BA8002133
:1029C0000391FEF7E5FA0146039886918A994989B1
:1029D00049028E918DF86302869820B9FFE707209F
:1029E0008DF86302FFE78698012804D1FFE70220F3
:1029F0008DF86302FFE78698013020B9FFE70120D8
:102A00008DF86302FFE79DF8630230B9FFE78A980B
:102A100003F048F88DF86302FFE702F063F9849051
:102A20009DF8630200286AD1FFE78A988699FEF72D
:102A30001DFA87908A9834308990899800214FF444
:102A4000007202F0EDFC8998202101910B2202F026
:102A5000E7FC89992E200290087089991020C8728D
:102A600089981630849902F061FF8A988999869A2C
:102A700002F042FF019A899901F1200002F0B2FCB4
:102A80000298899981F821008D9885908A9800781C
:102A9000032809D1FFE785988A99896A884203D17A
:102AA000FFE700208590FFE78A9889992031859A71
:102AB00002F022FF8A9840898890FFE78898E8B161
:102AC000FFE78798411C87918A9908638A990120BA
:102AD000C8708A9802F0E6FF8DF863029DF86302E1
:102AE00008B1FFE70AE0899800214FF4007202F074
:102AF00097FCFFE7889801388890DFE7FFE79DF8AB
:102B0000630230B9FFE78BA8FFF766F88DF8630220
:102B1000FFE79DF86302E8B9FFE7939889908998E9
:102B20001630849902F002FF8A988999869A02F0F9
:102B3000E3FE89991020C8728A990120C8709DF817
:102B4000630230B9FFE78A9802F048FF8DF863020C
:102B5000FFE705E086998BA8002202F053FEFFE70D
:102B6000FFE7FFE79DF863020DF51A7D80BD0000C9
:102B700080B5A8B0DDF8A8C026908DF897102492F3
:102B80002393012022904FF40070219026A802F098
:102B9000CDF90C900C98B0F1FF3F05DCFFE70B205E
:102BA0008DF89F0000F068BC0C9940F26010C2F2F2
:102BB000000050F8210050B1FFE70C9940F260107E
:102BC000C2F2000050F8211000200870FFE70C98B6
:102BD0008DF8770000208DF876009DF87700FFF7DC
:102BE000E5F98DF82F009DF82F00C00728B1FFE709
:102BF00003208DF89F0000F03FBC9DF82F00400798
:102C0000002805D5FFE70A208DF89F0000F034BCAE
:102C10009DF8770003211AAAFFF7FAF968B9FFE7D0
:102C20001A9850B1FFE71A98B0F5004F05D8FFE7A2
:102C30001A98411E084203D0FFE701201A90FFE7CF
:102C40004FF40070ADF87400249830B1FFE7249879
:102C5000BDF8741088420AD3FFE72498B0F1807F52
:102C600005D8FFE72498411E084205D0FFE713204E
:102C70008DF89F0000F000BCBDF874102498B0FBE4
:102C8000F1F0249023981F902A98BDF87410B0FB9F
:102C9000F1F01B901B98BDF8741048431C901C98D1
:102CA00020B9FFE70E208DF89F00E5E39DF877003F
:102CB000012111AAFFF7ACF920B1FFE701208DF83F
:102CC0009F00D9E39DF8970001073F20002948BFE6
:102CD0000020149011981499884204D2FFE70E2026
:102CE0008DF89F00C8E314991198401A119011981B
:102CF0007F2804D8FFE70E208DF89F00BCE3FFE794
:102D00002498812804D3FFE713208DF89F00B3E3B4
:102D10009DF897008007002811D5FFE79DF89700E0
:102D200000F00700022805D0FFE79DF89700C007D4
:102D300020B9FFE703208DF883000DE0FFE79DF841
:102D40009700C00720B9FFE713208DF89F0093E399
:102D500002208DF88300FFE7FFE7249818909DF884
:102D60008300032856D1FFE7189870BBFFE711983E
:102D7000400C159000200D9001201890FFE70D9950
:102D800046F20470C0F6010030F8111000200A90DD
:102D900071B1FFE70D9946F20470C0F6010030F8FA
:102DA0001110159A0020914298BF01200A90FFE768
:102DB0000A98C00740B1FFE7FFE70D9801300D907A
:102DC000189840001890DAE7FFE711981899B0FBBF
:102DD000F1F019901998BDF8741001EB80000730DC
:102DE000B0FBF1F00F902020109000200E90199869
:102DF0004FF6F671884208D3FFE719984FF6F6713F
:102E0000C0F6FF71884204D3FFE70E208DF89F00C3
:102E100032E35FE0189870BBFFE71198000B159044
:102E200000200D9001201890FFE70D9946F2F66002
:102E3000C0F6010030F811100020099071B1FFE7D1
:102E40000D9946F2F660C0F6010030F81110159A9F
:102E50000020914298BF01200990FFE70998C00720
:102E600040B1FFE7FFE70D9801300D901898400042
:102E70001890DAE7FFE711981899B0FBF1F0199074
:102E8000199840F6F671884206D3FFE71999042095
:102E900000EB410015900BE001208DF8830019989C
:102EA00000EB4000411C032000EB51001590FFE7B0
:102EB0001598BDF8741008440138B0FBF1F00F907C
:102EC00001201090BDF874104FF48040B0FBF1F079
:102ED0000E90FFE7149810990844139013980F99D7
:102EE00008440E990844129012991A9A88180138C9
:102EF00052421040401A15909DF88300032809D1D2
:102F0000FFE71599109808441090159913980844F4
:102F1000139004E015990F9808440F90FFE711985B
:102F20001299189A01EB0211149A891A884204D254
:102F3000FFE70E208DF89F009EE211981099401A2D
:102F40000F99401A0E99401A1899B0FBF1F0199098
:102F50009DF88300032814D1FFE719984FF6F57107
:102F600088420DD8FFE7249830B9FFE71898400849
:102F7000249008B1FFE758E00E208DF89F007BE217
:102F8000FFE79DF8830002283FD1FFE719984FF62D
:102F9000F671884224D3FFE7249848B9FFE71898D0
:102FA0004000402804D8FFE71898400024903CE0F7
:102FB0009DF897008007002804D5FFE703208DF8CF
:102FC000830032E0249838B9FFE718984000249035
:102FD000802801D8FFE728E00E208DF89F004BE203
:102FE000199840F6F57188420ED8FFE7249838B951
:102FF000FFE7189840002490802801D8FFE714E0EC
:103000000E208DF89F0037E2FFE79DF8830001282E
:103010000AD1FFE7199840F6F671884204D3FFE71A
:103020000E208DF89F0027E204E0012000287FF4A5
:1030300094AEFFE71F98BDF87420002102F0F0F96C
:103040001F984CF2B941C0F602010B2202F0CAF9F6
:103050001F980B30BDF8741002F08AFC18981F9965
:1030600048731F980E30BDF8401002F081FC1F9984
:10307000012008741F9811309DF88310033918BF80
:103080000121490202F074FCBDF8460038B9FFE79F
:103090001F981330BDF8441002F06AFC05E01F9839
:1030A0002030119902F042FCFFE71F99F820487583
:1030B0001F9818303F2102F05BFC1F981A30FF2147
:1030C00002F056FC1F981C30149902F02FFC9DF85A
:1030D000830003282FD1FFE71F984330089001F0A9
:1030E00001FE0146089802F021FC1F9824300F9938
:1030F00002F01CFC1F982C30022102F017FC1F98D4
:103100003030012102F034FC1F983230062102F0E9
:103110002FFC1F99802081F840001F99292081F8F9
:1031200042001F9847304CF2A541C0F6020113221D
:1031300002F058F920E01F982730079001F0D2FDE7
:103140000146079802F0F2FB1F981630BDF83C10BC
:1031500002F00EFC1F99802081F824001F9929207D
:1031600081F826001F982B304CF29141C0F60201E5
:10317000132202F037F9FFE71F9800F5FF704AF6B7
:10318000552102F0F5FB9DF877001F99149A012351
:10319000FEF792FF20B1FFE701208DF89F006BE161
:1031A0009DF88300032844D1FFE79DF877001F991D
:1031B000149A063201230693FEF77EFF1F98BDF88E
:1031C0007420002102F02CF91F9845F25221C4F21C
:1031D000611102F0ABFB1F9800F5F27047F272210B
:1031E000C6F2411102F0A2FB1F9800F5F470199984
:1031F000013902F09BFB1F9800F5F670022102F0E6
:1032000095FB1F9800F5FF704AF6552102F0B0FBC0
:10321000069B9DF877001F99149A0732FEF74CFF22
:10322000069B9DF877001F99149A0132FEF744FF20
:10323000FFE71F981C9A0021059102F0F1F805980C
:10324000139917910D90FFE70D9800285AD1FFE7C9
:103250009DF88300032812D1FFE71F986FF0070144
:1032600002F064FB1F9804304FF0FF3102F05EFB68
:103270001F9808306FF0704102F058FB0DE01F9866
:103280009DF883206FF00701012A04BF4FF6F87103
:10329000C0F2FF0102F04AFBFFE70F981690FFE72C
:1032A00016981B99884203D9FFE71B98049002E007
:1032B00016980490FFE7049815909DF877001F99E1
:1032C000179A159BFEF7F8FE20B1FFE701208DF855
:1032D0009F00D1E01F98BDF87420002102F0A0F8F3
:1032E000159917980844179015991698401A169032
:1032F000FFE716980028D3D1FFE7FFE70D980130CC
:103300000D90A1E79DF88300032803D1FFE71898EB
:10331000039002E00E980390FFE703981690FFE7F2
:1033200016981B99884203D9FFE71B98029002E088
:1033300016980290FFE7029815909DF877001F9964
:10334000179A159BFEF7B8FE20B1FFE701208DF814
:103350009F0091E0159917980844179015991698B1
:10336000401A1690FFE716980028D9D1FFE79DF87C
:103370008300032804D1FFE70C208DF8820012E0BF
:103380001198B0F5803F04D3FFE706208DF8820046
:1033900008E09DF883100120022908BF04208DF861
:1033A0008200FFE7FFE79DF897000007002853D44D
:1033B000FFE71F98BDF874200021009102F030F85B
:1033C0001F9800F5FF704AF6552102F0D1FA0098D7
:1033D0001F9901F5DF711E911E9908701E9A012137
:1033E000019151701E9A91701E99C8709DF88200CB
:1033F0001E99087114981199014445F25B60C0F25E
:103400001550A1FB0020091A00EB5100400B15904C
:103410001E99FE20487115993F2040EA91001E999F
:10342000887115981E99C8711E980830149902F079
:103430007DFA1E980C30119902F078FA009A019BDF
:103440009DF877001F99FEF737FE20B1FFE70120B6
:103450008DF89F0010E0FFE79DF8770000221146ED
:10346000FEF7D6FD20B1FFE701208DF89F0003E0B5
:1034700000208DF89F00FFE79DF89F0028B080BDD9
:1034800080B588B0069005918DF8132005980090BE
:10349000684601F04BFD02900298B0F1FF3F04DC5A
:1034A000FFE70B208DF81F0038E0029940F2601012
:1034B000C2F2000050F821000390039838B1FFE7F2
:1034C0000398FDF77BFC039900200870FFE706983E
:1034D00020B1FFE7069900200870FFE70698029ADE
:1034E00040F26011C2F2000141F82200069828B1B2
:1034F000FFE79DF81300012804D0FFE700208DF8B6
:103500001F000BE005A806A9002200F08FFF8DF830
:1035100007009DF807008DF81F00FFE79DF81F00CA
:1035200008B080BD80B5ADF51C7D9A9099918DF85D
:1035300063229A9820B9FFE709208DF86F02C1E154
:103540009DF8630200F03F008DF863029DF863224E
:1035500099A88AA900F06AFF8DF862029DF86202BC
:10356000002840F0A281FFE78A988B908A9904A8EE
:10357000C86099998BA801F0C5F98DF862029DF891
:103580006202C0B9FFE79DF85B020006002804D57F
:10359000FFE706208DF862020CE09DF8630200F060
:1035A000FE01002918BF01218BA8FDF789FB8DF8CA
:1035B0006202FFE7FFE79DF8630210F01C0F00F0C6
:1035C0008480FFE79DF86202E0B1FFE79DF86202A8
:1035D000042810D1FFE7FEF78DFD28B1FFE78BA887
:1035E000FEF7FAFA039002E012200390FFE7039837
:1035F0008DF86202FFE79DF8630240F008008DF845
:10360000630215E09DF8320210F0110F04D0FFE7BD
:1036100007208DF862020AE09DF863024007002847
:1036200004D5FFE708208DF86202FFE7FFE7FFE718
:103630009DF86202002847D1FFE79DF8630200076A
:10364000002841D5FFE701F04DFB899093980E309B
:10365000899902F06BF993981630899902F066F90E
:1036600093992020C8728A98939901F0F9FD889067
:103670008A9893990022029202F03EF90299939857
:103680001C3002F053F98A990120C8708898D0B193
:10369000FFE78A98006B899088998BA8002202F036
:1036A000B1F88DF862029DF8620258B9FFE78A9876
:1036B000899901F0CBFE8DF86202889801388A99C9
:1036C0000861FFE7FFE7FFE71FE09DF86202D8B956
:1036D000FFE79DF83202C006002804D5FFE704206A
:1036E0008DF862020FE09DF863028007002809D57B
:1036F000FFE79DF83202C00720B1FFE707208DF8F1
:103700006202FFE7FFE7FFE7FFE79DF8620248BBC1
:10371000FFE79DF863020007002807D5FFE79DF843
:10372000630240F040008DF86302FFE78A98006B67
:103730009A99486293989A9988629DF8630200F07A
:10374000FE01002918BF01218BA801F09FFC9A9966
:1037500008619A98006920B9FFE702208DF862029B
:10376000FFE7FFE79DF86202002840F09D80FFE739
:103770008A98939901F074FD9A99886093981C3007
:1037800001F08AFD9A99C8609A980021C1628A98CE
:103790009A9A10608A98C0889A9A90809DF86302DD
:1037A0009A9A10759A9841759A9801629A988161CF
:1037B0009A9830304FF4007201F032FE9DF86302A7
:1037C000800600286FD5FFE79A98C06800286AD065
:1037D000FFE79A99C86888618A9840894002879073
:1037E0009A98806886909A98C0688490FFE79DF8C0
:1037F00062120020019041B9FFE78499879A002066
:10380000914288BF01200190FFE70198C007D8B11D
:10381000FFE79A98869901F0CBF98690869801285F
:1038200004D8FFE702208DF86202FFE78698013096
:1038300020B9FFE701208DF86202FFE7FFE78799D3
:103840008498401A8490D2E786989A99C8619DF826
:10385000620238BBFFE7BDF81002C00510B3FFE7F6
:103860008A988699FDF702FB859020B9FFE7022030
:103870008DF8620215E08598849900EB51209A99A1
:1038800008628A9840789A9A02F13001126A0123FC
:10389000FEF7DCFB20B1FFE701208DF86202FFE7B5
:1038A000FFE7FFE7FFE7FFE7FFE79DF8620220B1D0
:1038B000FFE79A9900200860FFE79DF862028DF803
:1038C0006F02FFE79DF86F020DF51C7D80BD0000C3
:1038D00080B5ADF5067D84908391849820B9FFE78B
:1038E00009208DF817027BE08498809083A881A935
:1038F000002200F09BFD8DF80B029DF80B020028C2
:1039000061D1FFE781988099086081996846C86015
:103910008498839900F0F6FF8DF80B029DF80B0256
:10392000002846D1FFE7849890F82F000006002871
:1039300013D4FFE780988079C006002808D5FFE7F8
:1039400081988499096A01F08BFC8099886003E072
:1039500005208DF80B02FFE7FFE79DF80B0238BB4F
:10396000FFE78198C0888099888084980021FEF7BD
:103970008FFA8DF80B029DF80B02C0B9FFE7809813
:10398000806878B1FFE78498002101F07FFB80997F
:1039900008618098006920B9FFE712208DF80B02BA
:1039A000FFE703E0809900200861FFE7FFE7FFE7FA
:1039B000FFE79DF80B02042804D1FFE705208DF8EE
:1039C0000B02FFE7FFE79DF80B0220B1FFE78099AC
:1039D00000200860FFE79DF80B028DF81702FFE753
:1039E0009DF817020DF5067D80BD000080B58EB0F4
:1039F0000C900B910A9209930B9800900999002062
:103A000008600C9807A902F00DF98DF823009DF8C5
:103A1000230030B9FFE70C98407D8DF8230028B1D2
:103A2000FFE79DF823008DF837001CE10C98007D1E
:103A3000C00720B9FFE707208DF8370013E10C9984
:103A4000C8688969401A04900A980499884203D981
:103A5000FFE704980A90FFE7FFE70A98002800F0C4
:103A6000FE80FFE70C98008BC005002840F0CA805C
:103A7000FFE70C98816907984089013800EA5120D6
:103A80000190019888BBFFE70C98806920B9FFE797
:103A90000C988068069010E00C98C06A30B1FFE77F
:103AA0000C988169FDF7AEF9069005E00C98C169A4
:103AB00001F07EF80690FFE7FFE70698012806D898
:103AC000FFE70C99022048758DF83700CBE0069887
:103AD000013030B9FFE70C99012048758DF83700A7
:103AE000C1E006980C99C861FFE707980C99C9696D
:103AF000FDF7BCF90590059830B9FFE70C99022055
:103B000048758DF83700AEE0019905980844059096
:103B10000A98400A02900298E0B3FFE701980299E0
:103B2000084407994989884206D9FFE707984089E0
:103B30000199401A0290FFE7079840780099059A8A
:103B4000029BFEF783FA30B1FFE70C99012048751C
:103B50008DF8370087E00C98007D0006002815D509
:103B6000FFE70C98006A0599401A029988420DD225
:103B7000FFE700980C990A6A059BD21A00EB4220D5
:103B800030314FF4007201F02DFCFFE70298400243
:103B9000039051E00C98006A059988422ED0FFE707
:103BA0000C98007D0006002817D5FFE7079840789D
:103BB0000C9A02F13001126A0123FEF77DFA30B14E
:103BC000FFE70C99012048758DF837004BE00C9900
:103BD000087D00F07F000875FFE7079840780C9992
:103BE0003031059A0123FEF731FA30B1FFE70C9925
:103BF000012048758DF8370035E0FFE705980C99EE
:103C00000862FFE70C9880696FF35F20C0F50070D1
:103C1000039003980A99884203D9FFE70A98039012
:103C2000FFE700980C998A696FF35F2211443031E5
:103C3000039A01F0D7FBFFE703990098084400902E
:103C4000039A0C99886910448861039A0999086855
:103C50001044086003990A98401A0A90FDE6002073
:103C60008DF83700FFE79DF837000EB080BD0000EB
:103C700080B5ADF5047D83908291839880A901F091
:103C8000D1FF8DF807029DF80702B0BBFFE78298CD
:103C900038B9FFE783980021FEF7FAF88DF807029C
:103CA0002AE080996846C86083980021FDF7D2FE1B
:103CB0008DF807029DF80702042804D1FFE70020D1
:103CC0008DF80702FFE79DF80702A0B9FFE7839888
:103CD000829901F035F883980021FDF7E1FD8DF818
:103CE00007029DF80702042804D1FFE700208DF8A1
:103CF0000702FFE7FFE7FFE7FFE79DF807020DF583
:103D0000047D80BD80B586B00490049802A901F0BE
:103D100089FF8DF80F009DF80F0000285DD1FFE7A7
:103D20000498007D4006002856D5FFE70498007DE2
:103D30000006002815D5FFE702984078049A02F1A2
:103D40003001126A0123FEF7B7F920B1FFE7012025
:103D50008DF8170046E00499087D00F07F00087593
:103D6000FFE700F0BFFF019002980499496A01F053
:103D70006DFB8DF80F009DF80F0060BBFFE7049806
:103D8000806A00900099C87A40F02000C872049AB6
:103D900000991068926801F0AFFD00981C300499FA
:103DA000C96801F0C3FD00981630019901F0BEFD0D
:103DB00000981230002101F0DBFD02990120C8704B
:103DC000029801F00BFE8DF80F000499087D00F0B9
:103DD000BF000875FFE7FFE7FFE79DF80F008DF8CC
:103DE0001700FFE79DF8170006B080BD80B5ADF560
:103DF0001E7D9D90002081909DA880A9022200F048
:103E000015FB8DF8730280988F909DF8730200283F
:103E100040F08A80FFE780996846C8609D998FA826
:103E200000F070FD8DF873029DF8730238B9FFE75A
:103E30008FA80221FCF744FF8DF87302FFE79DF87D
:103E4000730200286FD1FFE79DF86B02000600287F
:103E500004D5FFE706208DF8730209E09DF84202C1
:103E6000C00720B1FFE707208DF87302FFE7FFE7E7
:103E70009DF8730298BBFFE78098979901F0F0F9DD
:103E800081909DF84202C006002827D5FFE7809860
:103E900082908198849082A80021FDF7F9FF8DF827
:103EA00073029DF87302C0B9FFE782A80021FDF7F5
:103EB000D1FD8DF873029DF8730220B9FFE707204A
:103EC0008DF87302FFE79DF87302042804D1FFE721
:103ED00000208DF87302FFE7FFE7FFE7FFE79DF89B
:103EE0007302F8B9FFE78FA8FDF77EFF8DF8730224
:103EF0009DF8730258B9FFE7819840B1FFE78199B7
:103F00008FA8002201F07EFC8DF87302FFE79DF878
:103F1000730230B9FFE7809801F060FD8DF87302FD
:103F2000FFE7FFE7FFE7FFE79DF873020DF51E7D52
:103F300080BD000080B58EB00C900B910A92099361
:103F40000B9801900999002008600C9807A901F0CE
:103F500069FE8DF823009DF8230030B9FFE70C9827
:103F6000407D8DF8230028B1FFE79DF823008DF8F0
:103F7000370052E10C98007D8007002804D4FFE749
:103F800007208DF8370048E10C9881690A980844A9
:103F9000884205D2FFE70C988069C0430A90FFE78A
:103FA000FFE70A98002800F02F81FFE70C98008BAC
:103FB000C005002840F0E580FFE70C98816907986C
:103FC0004089013800EA512002900298002846D129
:103FD000FFE70C98806968B9FFE70C988068069045
:103FE000069830B9FFE70C980021FCF7D1FF069046
:103FF000FFE710E00C98C06A30B1FFE70C988169C8
:10400000FCF700FF069005E00C98C169FCF7C0FFC3
:104010000690FFE7FFE7069808B9FFE7F4E0069887
:10402000012806D1FFE70C99022048758DF837006A
:10403000F3E00698013030B9FFE70C99012048758C
:104040008DF83700E9E006980C99C8610C988068F3
:1040500020B9FFE706980C998860FFE7FFE70C9806
:10406000007D0006002817D5FFE7079840780C9AD6
:1040700002F13001126A0123FEF71EF830B1FFE7AA
:104080000C99012048758DF83700C6E00C99087D21
:1040900000F07F000875FFE707980C99C969FCF7E5
:1040A000E5FE0590059830B9FFE70C9902204875A8
:1040B0008DF83700B1E002990598084405900A98F8
:1040C000400A03900398E0B3FFE70298039908447D
:1040D00007994989884206D9FFE7079840890299DC
:1040E000401A0390FFE7079840780199059A039BCF
:1040F000FDF7E2FF30B1FFE70C99012048758DF81C
:1041000037008AE00C98006A0599401A03998842A2
:1041100013D2FFE70C9A02F130000199126A059B55
:10412000D21A01EB42214FF4007201F05BF90C99B5
:10413000087D00F07F000875FFE7039840020490B7
:104140003EE00C98006A0599884216D0FFE70C986B
:10415000C1688069884210D2FFE7079840780C99BF
:104160003031059A0123FDF771FF30B1FFE70C995B
:10417000012048758DF837004FE005980C990862CA
:10418000FFE70C9880696FF35F20C0F50070049022
:1041900004980A99884203D9FFE70A980490FFE738
:1041A0000C9881696FF35F21084430300199049ABB
:1041B00001F018F90C99087D40F080000875FFE7C0
:1041C0000499019808440190049A0C998869104454
:1041D00088610C98C1688069884204D9FFE70C980F
:1041E0008069009003E00C98C0680090FFE7009899
:1041F0000C99C860049A09990868104408600499E9
:104200000A98401A0A90CCE60C99087D40F04000CC
:10421000087500208DF83700FFE79DF837000EB0D5
:1042200080BD000089B0ADF822000791BDF82200E2
:104230007F2805DCFFE7BDF82200ADF8160053E04B
:10424000079848B1FFE746F6C010C0F60100069097
:1042500045F22050019008E04CF61020C0F6020014
:10426000069045F220500190FFE7002002901020B8
:104270000390FFE7039830B3FFE702980199091A0A
:1042800001EBD17100EB61000490BDF822000699AA
:10429000049A31F82210884201D1FFE713E0BDF8FB
:1042A00022000699049A31F82210884203DDFFE7C4
:1042B0000498029002E004980190FFE7FFE703985A
:1042C00001380390D6E7039838B1FFE706980499C0
:1042D00000EB81004088009002E000200090FFE7A2
:1042E0000098ADF81600FFE7BDF8160009B070475A
:1042F00085B0ADF81200BDF8122046F21271C0F67A
:10430000010146F60410C0F60100B2F5805FB8BFA7
:1043100008460390FFE70398811C03910088ADF8DD
:104320000A00BDF80A0038B1FFE7BDF81200BDF879
:104330000A10884201DAFFE773E00398811C0391B9
:104340000088ADF808009DF80900ADF806009DF85A
:104350000800ADF80800BDF81200BDF80A10BDF85D
:1043600008201144884250DAFFE7BDF806000146F4
:104370000091082848D80099DFE801F005101B21BA
:10438000272D33393F000398BDF81210BDF80A20DD
:10439000891A30F81100ADF8120035E0BDF81200AE
:1043A000BDF80A10411A01F00101401AADF81200DF
:1043B0002AE0BDF812001038ADF8120024E0BDF874
:1043C00012002038ADF812001EE0BDF8120030389F
:1043D000ADF8120018E0BDF812001A38ADF812005E
:1043E00012E0BDF812000830ADF812000CE0BDF884
:1043F00012005038ADF8120006E0BDF81200A0F52A
:10440000E350ADF81200FFE70BE0BDF8060038B945
:10441000FFE7BDF80810039800EB41000390FFE7A9
:1044200079E7BDF8120005B07047000080B598B07C
:10443000169015918DF85320159900200860169854
:1044400000F074FD12901298B0F1FF3F04DCFFE71A
:104450000B208DF85F0050E2129940F26010C2F21A
:10446000000050F821000590059820B9FFE70C20C6
:104470008DF85F0041E20598159908609DF853009A
:1044800000F0FE008DF8530005980078F0B1FFE7CA
:1044900005984078FDF7F8FD8DF847009DF8470036
:1044A000C00790B9FFE79DF8530050B1FFE79DF8B2
:1044B00047004007002804D5FFE70A208DF85F0079
:1044C0001BE200208DF85F0017E2FFE7059900204E
:1044D000087012980599487005984078FDF766FDB8
:1044E0008DF847009DF84700C00720B1FFE7032083
:1044F0008DF85F0001E29DF8530050B1FFE79DF891
:1045000047004007002804D5FFE70A208DF85F0028
:10451000F3E10020109005981099FCF755FB8DF8F9
:1045200052009DF85200022809D0FFE79DF8520082
:1045300001285EDCFFE7012000285AD1FFE70020B8
:104540000490FFE7049803281ED8FFE70598049914
:1045500000EB011000F5F97013901398007930B159
:10456000FFE71398083000F097FE039002E0002068
:104570000390FFE70398049A07A941F82200FFE798
:10458000049801300490DDE700200490049820B1E5
:10459000FFE7049801380490FFE7FFE7049907A8B4
:1045A00050F821001090109830B1FFE7059810994D
:1045B000FCF70AFB029002E003200290FFE702985A
:1045C0008DF85200FFE79DF852100020022901905B
:1045D00009DBFFE70498411C04910020042938BF3F
:1045E00001200190FFE70198C0070028D6D1FFE71E
:1045F000FFE79DF85200042804D1FFE701208DF861
:104600005F007AE19DF85200022804DBFFE70D20ED
:104610008DF85F0071E105983F3000F057FEB0F56E
:10462000007F04D0FFE70D208DF85F0065E105985D
:104630004A3000F04BFE0F900F9830B9FFE7059815
:10464000583000F029FE0F90FFE70F980599C861D8
:10465000059991F84400887005988078012809D060
:10466000FFE705988078022804D0FFE70D208DF839
:104670005F0042E1059881780F9848430F900599B3
:1046800091F8410048810598408930B1FFE70598CD
:104690004089411E084204D0FFE70D208DF85F00DD
:1046A0002BE10598453000F011FE05990881059829
:1046B000007A000720B1FFE70D208DF85F001CE1B4
:1046C0000598473000F002FE0E900E9830B9FFE7D3
:1046D0000598543000F0E0FD0E90FFE70598423059
:1046E00000F0F4FDADF81A00BDF81A0020B9FFE79C
:1046F0000D208DF85F0000E1BDF81A000F99084405
:104700000599098900EB11100D900E980D998842BA
:1047100004D2FFE70D208DF85F00EEE00E980D99B2
:10472000401A05994989B0FBF1F00C900C9820B91A
:10473000FFE70D208DF85F00DFE003208DF85200C9
:104740000C984FF6F571884204D8FFE702208DF8E7
:104750005200FFE70C9840F6F571884204D8FFE755
:1047600001208DF85200FFE70C980230059988610E
:104770001098059908621098BDF81A100844059918
:10478000486210980D9908440599C8629DF8520036
:1047900003281DD1FFE705985E3000F097FD20B19A
:1047A000FFE70D208DF85F00A7E00598008920B194
:1047B000FFE70D208DF85F009FE00598603000F066
:1047C0006BFD059988620598806980000B9023E055
:1047D0000598008920B9FFE70D208DF85F008CE077
:1047E0000599486A0F9A104488629DF85200022881
:1047F00005D1FFE7059880694000009009E0059821
:10480000806900EB400100F0010000EB51000090D6
:10481000FFE700980B90FFE70598C0690B9901F23C
:10482000FF11B0EB512F04D2FFE70D208DF85F0090
:1048300063E005994FF0FF304861059908610599DB
:10484000802008719DF85200032842D1FFE70598A7
:10485000643000F03BFD01283BD1FFE7059810993B
:10486000013100F0F3FDA0BBFFE7059900200871BE
:10487000059800F2322000F029FD4AF655218842C1
:1048800026D1FFE70598343000F006FD45F25221AD
:10489000C4F2611188421BD1FFE7059800F506704C
:1048A00000F0FAFC47F27221C6F2411188420FD1A2
:1048B000FFE7059800F5077000F0EEFC05994861E8
:1048C000059800F5087000F0E7FC05990861FFE71E
:1048D000FFE79DF852000599087040F2A611C2F258
:1048E00000010888013008800599C8800598FCF708
:1048F00065FA00208DF85F00FFE79DF85F0018B0B3
:1049000080BD000080B586B00590049105980290A6
:10491000029800680190FFE70498017801202F2990
:10492000009008D0FFE7049800785C38B0FA80F077
:1049300040090090FFE70098C00720B1FFE7049806
:1049400001300490E8E7029900208860049800781C
:104950001F280BD8FFE70599802081F82F000598C4
:104960000021FDF795FA8DF80F0048E0FFE7059864
:1049700004A9FCF7B9FB8DF80F009DF80F0008B1F2
:10498000FFE73BE00598FCF7A9FE8DF80F000598BE
:1049900090F82F008DF80E009DF80F0088B1FFE70A
:1049A0009DF80F0004280BD1FFE79DF80E0040078B
:1049B000002804D4FFE705208DF80F00FFE7FFE78C
:1049C0001CE09DF80E004007002801D5FFE715E028
:1049D00002988079C006002804D4FFE705208DF8EE
:1049E0000F000BE00198059949696FF35F210144BD
:1049F000343100F035FC02998860B8E7FFE79DF894
:104A00000F0006B080BD000082B001900091FFE76A
:104A100041F20000C4F2010000684006002801D401
:104A2000FFE7F5E79DF8040041F20401C4F201013B
:104A30000860019802B0704780B58EB00D900C915F
:104A40000B920A930D980C990B2200F0CBFC0A985C
:104A5000062837D3FFE70A980390FFE70B980088F2
:104A600068B3FFE70B98811C0B910088ADF812002A
:104A700000200690FFE706980F281FD8FFE703994C
:104A8000BDF8120000F0010040EA41000390BDF8BB
:104A900012004008ADF812009DF80E00C00740B1AA
:104AA000FFE7039841F22101C0F201014840039061
:104AB000FFE7FFE7069801300690DCE7CEE70398B2
:104AC0000A90FFE707200690FFE70A98032161F3A9
:104AD0001F108DF81F009DF81F003A2806DBFFE726
:104AE0009DF81F0007308DF81F00FFE79DF81F009D
:104AF000069A511E069108A988540A9800090A903E
:104B0000FFE70A980028E0D1FFE7069A08A97E206F
:104B1000885400200590FFE70599069A00209142ED
:104B2000029008D2FFE70D980599405C203818BF25
:104B300001200290FFE70298C007E0B1FFE70D985F
:104B40000599405C812811DBFFE70D980599405CD1
:104B5000FE280BDCFFE7059806990139884201D150
:104B6000FFE708E0059801300590FFE7FFE70598AB
:104B700001300590D0E7FFE70698072807D8FFE740
:104B80000699481C069008A8405C019002E020208D
:104B90000190FFE701980D99059A531C05938854DD
:104BA000FFE705980828E7D3FFE70EB080BD0000B7
:104BB00080B588B007900691079800680290069823
:104BC000022806D3FFE7069802998969884203D331
:104BD000FFE70120039081E04FF0FF30039002983F
:104BE000007801460191012808D0FFE701980228CA
:104BF00045D0FFE70198032855D06BE00698049054
:104C0000049800EB500004900298416A049A01EB6A
:104C1000522100F01BFC08B1FFE75EE00298049906
:104C20000A466FF35F2210440131049190F834007A
:104C300005900298416A049A01EB522100F006FCAB
:104C400008B1FFE749E0029804996FF35F21084437
:104C500090F83410059840EA012005909DF818005E
:104C6000C00720B1FFE705980009009004E005980F
:104C70006FF31F300090FFE7009803902DE002983B
:104C8000416A069A01EB122100F0E0FB08B1FFE750
:104C900023E002989DF8181000EB4100343000F03A
:104CA00015FB039019E00298416A069A01EBD211B4
:104CB00000F0CCFB08B1FFE70FE00298069901F085
:104CC0007F0100EB8100343000F0E6FA20F0704004
:104CD000039002E001200390FFE7FFE7039808B08C
:104CE00080BD000080B588B049F27010C2F20100AA
:104CF000019002A900220092F1F7D0FE009A0198DB
:104D000007A9F1F78FFE9DF81D209DF81E109DF854
:104D10001F304FF0205000EB436040EA425040EA21
:104D200001409DF808309DF809209DF80A1040EADE
:104D3000C32040EA421040EA510008B080BD0000A4
:104D400080B588B007900691079800680090069992
:104D5000002088750798C06908B9FFE7E3E0079865
:104D6000006B0130002842D0FFE70020049005903E
:104D7000FFE70098C06804994A1C049230F81100BB
:104D8000ADF8060068B3FFE7BDF806000021FFF7A5
:104D900049FAADF80600BDF8060018B9FFE7002093
:104DA00005901EE0BDF80600B0F5807F09DBFFE747
:104DB0009DF807000699059A1144013205928875FD
:104DC000FFE70598FF2803D3FFE70020059008E0E0
:104DD0009DF806000699059A1144013205928875DE
:104DE000C7E706980599014400208875FFE7002071
:104DF00004900590069805990844807DADF804005C
:104E0000FFE705980A285DD8FFE70798006A05992B
:104E10004A1C0592405C8DF80F009DF80F00202879
:104E200001D1FFE7EDE79DF80F00052804D1FFE76A
:104E3000E5208DF80F00FFE70598092812D1FFE75C
:104E4000BDF8040030B9FFE70698049901442E200C
:104E50008875FFE7069904980144013004902E20DC
:104E60004872FFE79DF80F000699049A11444872B2
:104E7000BDF8040010BBFFE79DF80F00412816DBCA
:104E8000FFE79DF80F005A2811DCFFE70798006A3A
:104E9000007B059A0821082A88BF1021084206D005
:104EA000FFE79DF80F0020308DF80F00FFE79DF819
:104EB0000F000699049A11448875FFE704980130A1
:104EC00004909EE7BDF8040070B9FFE706980499C6
:104ED0000144002088750798006A007B18B9FFE735
:104EE00000200490FFE7FFE70698049901440020A2
:104EF00048720798006AC07A069908720798006A93
:104F00001C3000F0C9F9069908600798006A16304D
:104F100000F0C2F9029002980699C880BDF80A0014
:104F200006998880FFE708B080BD000087B0059033
:104F30004FF0FF30019005980068002844D0FFE74B
:104F4000059800680390FFE7039801780020202966
:104F5000009007D3FFE7039800783A3818BF012084
:104F60000090FFE70098C00728B1FFE7FFE703982C
:104F700001300390E8E7039800783A2821D1FFE751
:104F80000598006804900498411C0491007830381A
:104F900002900298092811D8FFE7049803998842E3
:104FA0000CD1FFE7029840B9FFE7029801900398FF
:104FB0000130039005990860FFE7FFE7019806902C
:104FC00005E000200190FFE701980690FFE70698B2
:104FD00007B0704710B58EB00D9046F2746EC0F6F3
:104FE000010ECDF800E0DEF80000DEF80410DEF877
:104FF0000820DEF80C30DEF810C0DEF8144006940D
:10500000CDF814C00493039202910190DEF81800C9
:10501000DEF81C10DEF82020DEF82430DEF828C090
:10502000DEF82CE0CDF830E0CDF82CC00A930992E0
:10503000089107900D98006800F0D4F818B1FFE7C8
:105040001D200290FFE70D984268806801A901EBDE
:10505000820151F8041C884215DDFFE70D990120FB
:1050600088600D994868013048600D9840680D28A7
:1050700008DBFFE70D99012048600D9908680130B1
:105080000860FFE7FFE70EB010BD000086B0049097
:10509000039100200290FFE7029803282CD8FFE735
:1050A0000298010140F26410C2F2000040580499D5
:1050B000096888421BD1FFE7029940F26410C2F2EE
:1050C000000000EB011040680499896888420ED105
:1050D000FFE7029940F26410C2F2000000EB0110F9
:1050E000806804994969884201D1FFE704E0FFE73D
:1050F000029801300290CFE70298042840D1FFE7E0
:1051000000200290FFE702990020032901900CD8AB
:10511000FFE70298010140F26410C2F2000040581B
:10512000002818BF01200190FFE70198C00728B1AF
:10513000FFE7FFE7029801300290E4E702980428B5
:1051400003D1FFE70020059049E004980168029828
:10515000020140F26410C2F2000081500499896893
:10516000029A00EB0212516004994969029A00EB1D
:1051700002129160029900EB011100208881FFE783
:10518000039868B1FFE7029940F26410C2F2000090
:1051900000EB0110808918B1FFE7002005901EE0A8
:1051A000039820B1FFE74FF4807000900AE0029965
:1051B00040F26410C2F2000000EB0110808901305F
:1051C0000090FFE70098029A40F26411C2F20001D9
:1051D00001EB02118881029801300590FFE70598E4
:1051E00006B0704782B001900198C11700EB917131
:1051F00021F00301401AB0B9FFE7019901204BF6F5
:105200005003C0F21E5345F62942CCF28F2201FB17
:1052100002314FEAB10145F62842C0F28F22914295
:10522000009017D8FFE701984BF65002C0F21E52CB
:1052300045F62941CCF28F2100FB01204FEA3011C5
:105240004DF20B72C0F2A3020020914238BF012040
:105250000090FFE7009800F0010002B070470000E6
:1052600080B584B00390029102981A3000F02EF8B5
:1052700001900398007803280AD1FFE702981430C0
:1052800000F024F80146019840EA01400190FFE750
:10529000019804B080BD000082B001900198C078F0
:1052A000009000990198807840EA012000900099D0
:1052B0000198407840EA0120009000990198007818
:1052C00040EA01200090009802B0704782B001903F
:1052D00001984078ADF80200BDF8021001980078FE
:1052E00040EA0120ADF80200BDF8020002B07047AC
:1052F00080B582B0002000900190EEF7AFF8F7F78C
:105300000DFDF4F755F9F4F717F9F4F771FAF4F71E
:10531000FBFAF4F75FFBF4F79DFBF4F733FBF4F7CC
:1053200079FBF4F733F9F4F7BFFB009A312006213B
:10533000EFF7B2F9ECF7F6FBEDF738F9ECF758FDBB
:10534000F3F726F948F63010C2F20100ECF77EFAC6
:1053500048B1FFE74BF64460C0F6020000F09CFC49
:10536000ECF7EEFFFFE748F63010C2F20100ECF771
:1053700067FB18B1FFE7012002B080BD4FF4FA606F
:10538000EDF7C2FDFFE7F4F7CBFBFCE787B0069033
:1053900005910492069803900598029000200190D0
:1053A000FFE70398411C0391007802994A1C02927E
:1053B0000978401A0190FFE70498411E04910020EB
:1053C000009031B1FFE70198B0FA80F040090090F9
:1053D000FFE70098C0070028E3D1FFE7019807B076
:1053E0007047000085B004900391029204980190E8
:1053F00003980090029888B1FFE7FFE70098411CEE
:105400000091007801994A1C01920870FFE7029808
:10541000013802900028F1D1FFE7FFE705B070479F
:1054200084B003900291019203980090FFE70298E4
:1054300000994A1C00920870FFE70198013801901A
:105440000028F4D1FFE704B07047000080B584B0B5
:105450000390029100208DF8070002980399096BD0
:1054600088421ED0FFE7039800F01CFB8DF8070070
:105470009DF80700A0B9FFE7039948783431029AF4
:105480000123FCF7E3FD38B1FFE74FF0FF30029056
:1054900001208DF80700FFE7029803990863FFE7F2
:1054A000FFE79DF8070004B080BD000080B586B01E
:1054B0000490039103981A30FFF708FF18B1FFE733
:1054C0000020059059E00398007800F0BF000D21FE
:1054D00048430D3802900120ADF8020000200190F1
:1054E000FFE701980C2832D8FFE70398019A46F2AB
:1054F000C461C0F60101895C0844FFF7E7FEADF81E
:105500000000BDF8020090B1FFE70298FF2803D326
:10551000FFE70020059030E0BDF80000ADF8020084
:105520000499029A531C029321F812000AE0BDF874
:1055300000004FF6FF71884203D0FFE7002005907E
:105540001BE0FFE7FFE7019801300190C9E70398EE
:105550000078400600280DD5FFE70298FF2803D306
:10556000FFE70020059008E00499029A002021F846
:105570001200FFE701200590FFE7059806B080BD07
:1055800080B58AB009900891079202208DF8130027
:1055900008980228C0F0C980FFE70898099989692E
:1055A000884280F0C280FFE70998007801460391A5
:1055B000012809D0FFE7039802286CD0FFE7039881
:1055C000032800F08480AFE008980690069800EB6E
:1055D000500006900998416A069A01EB5221FFF7A4
:1055E00035FF8DF813009DF8130008B1FFE79BE02D
:1055F000099806990A466FF35F221044013106911B
:10560000343005909DF82000C00750B1FFE70598A1
:10561000007800F00F009DF81C1040EA0110029085
:1056200003E09DF81C000290FFE7029805990870BE
:1056300009990120C8700998416A069A01EB522124
:10564000FFF704FF8DF813009DF8130008B1FFE782
:105650006AE0099806996FF35F2108443430059099
:105660009DF82000C00728B1FFE70798C0F3071096
:10567000019009E00598007800F0F0000799C1F367
:10568000032108440190FFE70198059908700999E2
:105690000120C87048E00998416A089A01EB12217C
:1056A000FFF7D4FE8DF813009DF8130008B1FFE753
:1056B0003AE009989DF8201000EB41003430BDF825
:1056C0001C1000F055F909990120C8702CE00998C8
:1056D000416A089A01EBD211FFF7B8FE8DF813006A
:1056E0009DF8130008B1FFE71EE0079800900998A5
:1056F000089901F07F0100EB81003430FFF7CCFD09
:1057000001460098090F61F31F70079009980899E6
:1057100001F07F0100EB81003430079900F006F9B9
:1057200009990120C870FFE7FFE79DF813000AB050
:1057300080BD000080B588B0079006918DF81720D5
:105740008DF816309DF816000699487306990F20BB
:10575000C872069800210191017306981A3000F072
:1057600007F901989DF817100D2251430D39049146
:10577000ADF80A000390FFE7BDF80A004FF6FF718D
:10578000884209D0FFE7079804994A1C049230F830
:105790001100ADF80A00FFE70698039A46F2C461CB
:1057A000C0F60101895C0844BDF80A1000F0E0F879
:1057B000BDF80A0028B9FFE74FF6FF70ADF80A0000
:1057C000FFE7FFE70398013003900D28D4D3FFE7EC
:1057D000BDF80A004FF6FF71884206D0FFE7079830
:1057E000049930F8110038B9FFE79DF8170040F030
:1057F00040008DF81700FFE79DF817000699087024
:1058000008B080BD80B588B0069005910492002054
:105810008DF80F000698006801900598022806D3BD
:10582000FFE7059801998969884204D3FFE70220C0
:105830008DF81F005CE0049890B1FFE7019804998F
:105840004FF0FF32FFF79CFE8DF80F009DF80F0020
:1058500028B1FFE79DF80F008DF81F0048E0FFE733
:10586000FFE706980599FFF7A3F90290029808B997
:10587000FFE739E00298012804D1FFE702208DF804
:105880001F0035E00298013020B9FFE701208DF8B4
:105890001F002DE0019805990022FFF771FE8DF899
:1058A0000F009DF80F0028B1FFE79DF80F008DF85D
:1058B0001F001DE0019948698969023988420AD2AE
:1058C000FFE701994869013048610199087940F082
:1058D00001000871FFE702980590FFE7059801991C
:1058E00089698842BDD3FFE700208DF81F00FFE7DC
:1058F0009DF81F0008B080BD80B584B00390029170
:10590000019202981A30BDF8041000F031F80398A3
:105910000078032807D1FFE702981430BDF806107D
:1059200000F026F8FFE704B080BD000082B00190CF
:105930000091009801994A1C019208700098000A91
:105940000090009801994A1C019208700098000A82
:105950000090009801994A1C019208700098000A72
:105960000090009801994A1C0192087002B070479B
:1059700082B00190ADF802109DF8020001994A1C16
:10598000019208709DF80300ADF802009DF8020036
:1059900001994A1C0192087002B0704783B00290CE
:1059A00000208DF807000B200090FFE79DF80710FE
:1059B000480840EAC11002994A1C0292097808443A
:1059C0008DF80700FFE70098013800900028EDD11E
:1059D000FFE79DF8070003B07047000080B584B072
:1059E0000390039800F05EF88DF80B009DF80B0013
:1059F000002853D1FFE703980078032841D1FFE73F
:105A00000398007901283CD1FFE703983430002146
:105A100001914FF40072FFF703FD039800F232206A
:105A20004AF65521FFF7A4FF0398343045F252217E
:105A3000C4F26111FFF77AFF039800F5067047F290
:105A40007221C6F24111FFF771FF039901F507704A
:105A50004969FFF76BFF039901F508700969FFF7C2
:105A600065FF0399086A01300863039A507802F1D0
:105A70003401126B0123FCF71FFB01980399087195
:105A8000FFE70398407800221146FCF7C1FA20B1E5
:105A9000FFE701208DF80B00FFE7FFE79DF80B0003
:105AA00004B080BD80B584B0039000208DF8030061
:105AB0000398C078B8B3FFE70398006B029003998E
:105AC00048783431029A0123FCF7F6FA20B1FFE757
:105AD00001208DF8030025E003990020C87002988A
:105AE000039AD169526A801A88421AD2FFE7039852
:105AF00080780190FFE70198022811D3FFE703980F
:105B0000C169029808440290039948783431029A96
:105B10000123FCF7D1FAFFE7019801380190EAE789
:105B2000FFE7FFE7FFE79DF8030004B080BD00003A
:105B300080B5ADF5107D8E908E990DF137000590F2
:105B40004FF40072EAF7B5FB059800218DF8371283
:105B50004CF2AE51C0F602010622EAF7CBFB70B15F
:105B6000FFE74CF2B551C0F602010DF137000622F5
:105B7000EAF7C0FB18B1FFE700208F904DE06946BF
:105B800007A8C86008A8886009A848600AA8086033
:105B90004CF2BC51C0F602010DF137000CAA0BAB60
:105BA000EAF7ECFB06900698062803D0FFE70020F2
:105BB0008F9032E00C98172808DCFFE70B983B2801
:105BC00004DCFFE70A983C2803DBFFE700208F9006
:105BD00023E0089801280CDBFFE708980C2808DC74
:105BE000FFE70998012804DBFFE70998202803DB79
:105BF000FFE700208F9010E00798B0F5FD6F06DBFF
:105C0000FFE7079840F63401884203DBFFE70020F6
:105C10008F9002E001208F90FFE78F980DF5107DA7
:105C200080BD000080B584B00390029109208DF8FA
:105C300007000398E8B1FFE703980068C8B1FFE7E1
:105C4000039800680078A0B1FFE703998888096885
:105C5000C98888420DD1FFE7039800684078FCF7B7
:105C600013FAC00720B9FFE700208DF80700FFE70F
:105C7000FFE79DF8070020B9FFE703980068009050
:105C800002E000200090FFE70098029908609DF86C
:105C9000070004B080BD00000FB4054B10B503A988
:105CA000044A029800F000F910BC5DF814FB0000F3
:105CB000094A0108040000200FB47CB50C0009ADAE
:105CC00001D0611E00E00021CDE90001064B6A46CB
:105CD0002946089800F0E8F8002C02D0009A00212C
:105CE00011707CBC5DF814FBD76501080048704753
:105CF0000800002002E008C8121F08C1002AFAD1DB
:105D000070477047002001E001C1121F002AFBD13B
:105D1000704700002DE9FF5F82B00021DDE904300B
:105D2000020DDDF840B0034318D044F61050A2F243
:105D3000FF3242431514119801281FD0A5EB0B0028
:105D4000401C5FEA000A4FF000064E4FDFF8389122
:105D5000B046504615D5CAF1000413E0119801244D
:105D60004AA3012801D16FEA0B010298119AC0E9F8
:105D70000031C0E9024206B0BDE8F09FCBF100005F
:105D8000DFE704460021404A491842EB0450CDE9C0
:105D9000001012E0E00707D032463B464046494635
:105DA000EAF715FB8046894632463B4610461946BF
:105DB000EAF70DFB06460F466410002CEAD1DDE938
:105DC0000401DDE90023BAF1000F06DAEAF7FFFA71
:105DD00042464B46EAF7FBFA05E0EBF7D4F84246B9
:105DE0004B46EBF7D0F804460E460022284BEBF763
:105DF00051F903D84FF0FF30014607E00022254B50
:105E000020463146EBF718F8EBF72CF9102409E09F
:105E1000002C0ADB0A220023EAF7E4F9039B303264
:105E20001A55641E50EA0102F2D1641C039AC4F1AF
:105E300011031444119A012A03D0012208430DD101
:105E40000AE0084304D000204FF0110B119072E7D4
:105E5000A3EB0B056D1E0DE05B4504DD4FF000026A
:105E600005F1010504E003DA4FF00002A5F1010598
:105E7000002AECD002981199C0E90231C0E900452E
:105E800079E70000000014400000F03F30000000FF
:105E90000000F0430000E03F30380A2801D2012022
:105EA00070470020704700002DE9FF4F95B09B46DA
:105EB0008946064600250FE2252877D1002427468B
:105EC000F84A0121059400E0044316F8013F203B05
:105ED00001FA03F01042F7D130782A2811D06FF080
:105EE0002F033078A0F13002092A16D8059A44F021
:105EF000020402EB820203EB42021044761C05907E
:105F0000EFE759F8042B0592002A03DA504244F4D3
:105F10000054059044F00204761C30782E2816D1E7
:105F200016F8010F44F004042A280DD06FF02F0258
:105F30003078A0F13003092B09D807EB870302EB77
:105F40004303C718761CF3E759F8047B761C3078B6
:105F50006C280FD006DC4C2817D068280DD06A2892
:105F600014D104E0742810D07A280FD10DE044F445
:105F700000140AE044F4801401E044F44014727800
:105F8000824202D104F58014761C761C3078662893
:105F90000BD013DC582877D009DC002875D04528B1
:105FA000F6D04628F4D047281AD19DE118E063289E
:105FB00035D0642879D0652812D195E1702873D046
:105FC00008DC6728F1D069286FD06E280DD06F28C3
:105FD00006D1B5E073282CD0752875D0782874D0F8
:105FE0005A46179990476D1C75E1C4F30250022878
:105FF00009D003280DD0D9F8001004280DD00D6069
:1060000009F1040967E1D9F80010EA17C1E9005263
:10601000F6E7D9F800100D80F2E70D70F0E719F8F7
:10602000041B8DF8001000208DF80100EA460120C5
:1060300003E059F804AB4FF0FF3061074FF0000167
:1060400002D40DE008F101018846B9420FDA80451B
:10605000F8DB1AF808100029F4D108E008F1010172
:1060600088468142FADB1AF808100029F6D1059813
:106070005B46A0EB080721463846179A00F094FAD1
:10608000284400EB080507E04DE029E10DE01AF88F
:10609000010B5A4617999047B8F10108F7D25B46B1
:1060A00021463846179A13E142E00A220092C4F3CF
:1060B00002524FF0000A022A08D059F804CB032AF2
:1060C0004FEAEC710AD00DE029E02AE009F107015E
:1060D00021F00702F2E802C1914609E00FFA8CFCB8
:1060E0004FEAEC71042A03D14FFA8CFC4FEAEC71B1
:1060F000002907DA0A460021DCF1000C61EB0201FD
:106100002D2202E0220504D52B228DF80420012245
:1061100003E0E20701D02022F7E7904659E00A2188
:1061200002E010220DE010214FF0000A00910BE078
:1061300010224FF0000A44F004040827009203E004
:1061400008224FF0000A0092C4F30252022A05D03E
:1061500059F804CB0021032A08D009E009F107010E
:1061600021F00702F2E802C1914605E01FFA8CFC1B
:10617000042A01D10CF0FF0C4FF00008220728D5AB
:10618000702806D0009B83F0100353EA0A0305D061
:106190000EE040228DF80420012208E05CEA0102B2
:1061A00006D030228DF804208DF80500022290469A
:1061B000009B83F0080353EA0A030AD15CEA010258
:1061C00001D1620705D530228DF804204FF0010877
:1061D0007F1E582804D034A003900EA802900DE032
:1061E00036A0F9E753466046009AE9F7FBFF84467C
:1061F0000398825C0298401E029002705CEA0100E3
:10620000F0D1029806A9081A00F1200A600702D509
:1062100024F4803400E00127574502DDA7EB0A0093
:1062200000E0002000EB0A01009005984144401A6C
:106230000590E00306D45B462146179A059800F0C6
:10624000B3F90544002706E001A85A46C05D179936
:1062500090476D1C7F1C4745F6DBE0030CD55B4681
:106260002146179A059800F09FF9054404E0302074
:106270005A46179990476D1C0099481E00900029B6
:10628000F5DC08E0029802995A460078491C029110
:10629000179990476D1CBAF10001AAF1010AF1DCCF
:1062A00065E10000092801003031323334353637DA
:1062B0003839616263646566000000003031323352
:1062C00034353637383941424344454600000000F2
:1062D00000F058F90544761C307800287FF4ECADC6
:1062E00019B02846BDE8F08F620700D4062709F1EF
:1062F000070222F0070CFCE80223E14603F0004805
:106300005FEA080C02D00FF2702C0DE05FEA045C2B
:1063100002D50FF2682C07E05FEAC47C02D00FF2CE
:10632000602C01E0AFF2700C4FF0FF3823F0004317
:10633000CDF850C065280CD006DC452809D0462889
:106340001DD047283DD13DE0662818D067287ED172
:1063500038E00021112F01DB112000E0781CCDE98D
:10636000000106A90EA8FFF7D5FCDDE90F010E9A82
:1063700003910021009207F1010A04914DE04FF0D2
:1063800000400097CDE9011006A90EA8FFF7C2FC56
:10639000DDE90F0203920E9B11990022DDF80CA09B
:1063A0000093049211B9791C00EB010AB7EB0A00C3
:1063B00004D4C0F1FF3007F1010A0490AAEB0700F2
:1063C000019044E0012F00DA01270021112F01DDA7
:1063D000112000E03846CDE9000106A90EA8FFF71C
:1063E00099FCDDE90F010E9A0391002104910092BE
:1063F000BA4621070CD40399514500DA8A46BAF10E
:10640000010F05DD009AAAF10101515C302908D085
:10641000B84202DA10F1040F06DA0121CDE90110C9
:1064200015E0AAF10101E9E7002805DC049901441F
:106430000491AAEB000102E0411C514500DD8A46AF
:106440000499401A401C01904FF000400290200730
:1064500004D40198504501DBCDF8048000208DF86C
:106460004F0002980DF14F07B0F1004F25D02B20BF
:106470000E9002984FF0020800280CDA4042029079
:106480002D200E9007E00A210298EAF72EF830310D
:10649000029007F8011DB8F10001A8F10108F2DC33
:1064A00002980028EFD1791E0E980870307800F01D
:1064B000200040F0450007F8020D12A8C01B00F1B3
:1064C00007081498007800B1012000EB0A01019838
:1064D00001EBE07105984144401A401E0590E0032D
:1064E00006D45B462146179A059800F05DF80544EE
:1064F0001498007818B15A46179990476D1CE0031C
:1065000024D55B462146179A059800F04DF80544BE
:106510001CE00498002807DBDDE90301884203DD65
:106520000098405C179901E0179930205A4690472F
:10653000049805F10105401C04900198401E01904B
:1065400004D12E205A46179990476D1CBAF10001CC
:10655000AAF1010ADDDC05E017F8010B5A4617998C
:1065600090476D1CB8F10001A8F10108F4DC5B460E
:106570002146179A0598ABE62D0000002B0000007D
:10658000200000002DE9F041044600251E46174674
:10659000880404D405E039462020B0476D1C641EF1
:1065A000F9D52846BDE8F0812DE9F04104460025E3
:1065B0001E469046C80301D5302700E020278804F6
:1065C00004D505E041463846B0476D1C641EF9D538
:1065D0002846BDE8F0814A68002A06D00A68531CA4
:1065E0000B6010704868401E486070470040404093
:1065F0004040404040404141414141404040404096
:106600004040404040404040404040404005020241
:106610000202020202020202020202020220202000
:10662000202020202020200202020202020290905C
:10663000909090901010101010101010101010105A
:1066400010101010101010100202020202028888AE
:1066500088888888080808080808080808080808BA
:1066600008080808080808080202020240000000A2
:10667000ED6501081F0000001C0000001F00000065
:106680001E0000001F0000001E0000001F00000090
:106690001F0000001E0000001F0000001E00000080
:1066A0001F000000000000000000000001020304C1
:1066B0000607080900000000010203040006101686
:1066C0000006101601030507090E10121416181CF7
:1066D0001E008002021F00000053544D2020202085
:1066E0002050726F647563742020202020202020A9
:1066F00020302E3031000100040010004000000165
:106700000002000001000200040008001000200048
:10671000000061001A03E0001703F8000703FF0000
:106720000100780100013001320106013901100138
:106730004A012E017901060180014D0043028101C9
:106740008201820184018401860187018701890118
:106750008A018B018B018D018E018F0190019101C6
:10676000910193019401F601960197019801980116
:106770003D029B019C019D0120029F01A001A001FF
:10678000A201A201A401A401A601A701A701A901D8
:10679000AA01AB01AC01AC01AE01AF01AF01B10187
:1067A000B201B301B301B501B501B701B801B80138
:1067B000BA01BB01BC01BC01BE01F701C001C101AE
:1067C000C201C301C401C501C401C701C801C70199
:1067D000CA01CB01CA01CD011001DD0101008E010A
:1067E000DE011201F3010300F101F401F401F801EB
:1067F0002801220212013A020900652C3B023B02E9
:106800003D02662C3F0240024102410246020A015B
:106810005302400081018601550289018A01580214
:106820008F015A0290015C025D025E025F029301D9
:1068300061026202940164026502660267029701C6
:1068400096016A02622C6C026D026E029C0170025B
:1068500071029D01730274029F0176027702780231
:1068600079027A027B027C02642C7E027F02A601FE
:1068700081028202A9018402850286028702AE019A
:106880004402B101B20145028D028E028F029002D4
:106890009102B7017B030300FD03FE03FF03AC037A
:1068A00004008603880389038A03B1031103C2032A
:1068B0000200A303A303C4030803CC0303008C0357
:1068C0008E038F03D8031801F2030A00F903F303C0
:1068D000F403F503F603F703F703F903FA03FA03E6
:1068E0003004200350041007600422018A0436019A
:1068F000C1040E01CF040100C004D00444016105AD
:10690000260400007D1D0100632C001E9601A01EC0
:106910005A01001F0806101F0606201F0806301F18
:106920000806401F0606511F0700591F521F5B1F14
:10693000541F5D1F561F5F1F601F0806701F0E004B
:10694000BA1FBB1FC81FC91FCA1FCB1FDA1FDB1FFF
:10695000F81FF91FEA1FEB1FFA1FFB1F801F080615
:10696000901F0806A01F0806B01F0400B81FB91F1B
:10697000B21FBC1FCC1F0100C31FD01F0206E01FA7
:106980000206E51F0100EC1FF21F0100FC1F4E2153
:106990000100322170211002842101008321D024C2
:1069A0001A05302C2F04602C0201672C0601752C6F
:1069B0000201802C6401002D260841FF1A0300000B
:1069C0008000AC204081024E4181044E4281054E40
:1069D0004381064E44810F4E4581124E4681174E2B
:1069E00047811F4E4881204E4981214E4A81234EC6
:1069F0004B81264E4C81294E4D812E4E4E812F4E7D
:106A00004F81314E5081334E5181354E5281374E38
:106A100053813C4E5481404E5581414E5681424EE9
:106A20005781444E5881464E59814A4E5A81514EA3
:106A30005B81554E5C81574E5D815A4E5E815B4E47
:106A40005F81624E6081634E6181644E6281654EFA
:106A50006381674E6481684E65816A4E66816B4EC4
:106A600067816C4E68816D4E69816E4E6A816F4E92
:106A70006B81724E6C81744E6D81754E6E81764E57
:106A80006F81774E7081784E7181794E72817A4E26
:106A900073817B4E74817C4E75817D4E76817F4EF5
:106AA0007781804E7881814E7981824E7A81834EC2
:106AB0007B81844E7C81854E7D81874E7E818A4E8E
:106AC0008081904E8181964E8281974E8381994E2E
:106AD00084819C4E85819D4E86819E4E8781A34EEA
:106AE0008881AA4E8981AF4E8A81B04E8B81B14E8A
:106AF0008C81B44E8D81B64E8E81B74E8F81B84E4B
:106B00009081B94E9181BC4E9281BD4E9381BE4E13
:106B10009481C84E9581CC4E9681CF4E9781D04EB0
:106B20009881D24E9981DA4E9A81DB4E9B81DC4E60
:106B30009C81E04E9D81E24E9E81E64E9F81E74E14
:106B4000A081E94EA181ED4EA281EE4EA381EF4ED0
:106B5000A481F14EA581F44EA681F84EA781F94E8D
:106B6000A881FA4EA981FC4EAA81FE4EAB81004F4E
:106B7000AC81024FAD81034FAE81044FAF81054F11
:106B8000B081064FB181074FB281084FB3810B4FDF
:106B9000B4810C4FB581124FB681134FB781144F9A
:106BA000B881154FB981164FBA811C4FBB811D4F5B
:106BB000BC81214FBD81234FBE81284FBF81294F0A
:106BC000C0812C4FC1812D4FC2812E4FC381314FC7
:106BD000C481334FC581354FC681374FC781394F87
:106BE000C8813B4FC9813E4FCA813F4FCB81404F47
:106BF000CC81414FCD81424FCE81444FCF81454F13
:106C0000D081474FD181484FD281494FD3814A4FDC
:106C1000D4814B4FD5814C4FD681524FD781544FA1
:106C2000D881564FD981614FDA81624FDB81664F3F
:106C3000DC81684FDD816A4FDE816B4FDF816D4FF4
:106C4000E0816E4FE181714FE281724FE381754FB8
:106C5000E481774FE581784FE681794FE7817A4F7C
:106C6000E8817D4FE981804FEA81814FEB81824F3E
:106C7000EC81854FED81864FEE81874FEF818A4F02
:106C8000F0818C4FF1818E4FF281904FF381924FC2
:106C9000F481934FF581954FF681964FF781984F88
:106CA000F881994FF9819A4FFA819C4FFB819E4F51
:106CB000FC819F4FFD81A14FFE81A24F4082A44FD6
:106CC0004182AB4F4282AD4F4382B04F4482B14FBD
:106CD0004582B24F4682B34F4782B44F4882B64F87
:106CE0004982B74F4A82B84F4B82B94F4C82BA4F54
:106CF0004D82BB4F4E82BC4F4F82BD4F5082BE4F24
:106D00005182C04F5282C14F5382C24F5482C64FEC
:106D10005582C74F5682C84F5782C94F5882CB4FB2
:106D20005982CC4F5A82CD4F5B82D24F5C82D34F77
:106D30005D82D44F5E82D54F5F82D64F6082D94F3D
:106D40006182DB4F6282E04F6382E24F6482E44FF4
:106D50006582E54F6682E74F6782EB4F6882EC4FB2
:106D60006982F04F6A82F24F6B82F44F6C82F54F6A
:106D70006D82F64F6E82F74F6F82F94F7082FB4F34
:106D80007182FC4F7282FD4F7382FF4F74820050FC
:106D900075820150768202507782035078820450C7
:106DA000798205507A8206507B8207507C82085097
:106DB0007D8209507E820A5080820B5081820E5063
:106DC0008282105083821150848213508582155024
:106DD000868216508782175088821B5089821D50E8
:106DE0008A821E508B8220508C8222508D822350AA
:106DF0008E8224508F82275090822B5091822F5068
:106E00009282305093823150948232509582335026
:106E100096823450978235509882365099823750F6
:106E20009A8238509B8239509C823B509D823D50C3
:106E30009E823F509F824050A0824150A18242508A
:106E4000A2824450A3824550A4824650A582495054
:106E5000A6824A50A7824B50A8824D50A98250501A
:106E6000AA825150AB825250AC825350AD825450E2
:106E7000AE825650AF825750B0825850B1825950AE
:106E8000B2825B50B3825D50B4825E50B5825F5077
:106E9000B6826050B7826150B8826250B982635046
:106EA000BA826450BB826650BC826750BD82685013
:106EB000BE826950BF826A50C0826B50C1826D50E1
:106EC000C2826E50C3826F50C4827050C5827150AE
:106ED000C6827250C7827350C8827450C98275507E
:106EE000CA827850CB827950CC827A50CD827C5045
:106EF000CE827D50CF828150D0828250D182835009
:106F0000D2828450D3828650D4828750D5828950D1
:106F1000D6828A50D7828B50D8828C50D9828E509C
:106F2000DA828F50DB829050DC829150DD82925069
:106F3000DE829350DF829450E0829550E182965039
:106F4000E2829750E3829850E4829950E5829A5009
:106F5000E6829B50E7829C50E8829D50E9829E50D9
:106F6000EA829F50EB82A050EC82A150ED82A250A9
:106F7000EE82A450EF82A650F082AA50F182AB506C
:106F8000F282AD50F382AE50F482AF50F582B05031
:106F9000F682B150F782B350F882B450F982B550FE
:106FA000FA82B650FB82B750FC82B850FD82B950CD
:106FB000FE82BC504083BD504183BE504283BF50CF
:106FC0004383C0504483C1504583C2504683C3505D
:106FD0004783C4504883C5504983C6504A83C7502D
:106FE0004B83C8504C83C9504D83CA504E83CB50FD
:106FF0004F83CC505083CD505183CE505283D050CC
:107000005383D1505483D2505583D3505683D45098
:107010005783D5505883D7505983D8505A83D95065
:107020005B83DB505C83DC505D83DD505E83DE5030
:107030005F83DF506083E0506183E1506283E25000
:107040006383E3506483E4506583E5506683E850CE
:107050006783E9506883EA506983EB506A83EF5095
:107060006B83F0506C83F1506D83F2506E83F4505B
:107070006F83F6507083F7507183F8507283F95024
:107080007383FA507483FC507583FD507683FE50F1
:107090007783FF5078830051798301517A830251BD
:1070A0007B8303517C8304517D8305517E8308518A
:1070B0008083095181830A5182830C5183830D514E
:1070C00084830E5185830F5186831051878311511C
:1070D00088831351898314518A8315518B831651E8
:1070E0008C8317518D8318518E8319518F831A51B8
:1070F00090831B5191831C5192831D5193831E5188
:1071000094831F5195832051968322519783235155
:1071100098832451998325519A8326519B83275123
:107120009C8328519D8329519E832A519F832B51F3
:10713000A0832C51A1832D51A2832E51A3832F51C3
:10714000A4833051A5833151A6833251A783335193
:10715000A8833451A9833551AA833651AB83375163
:10716000AC833851AD833951AE833A51AF833B5133
:10717000B0833C51B1833D51B2833E51B383425100
:10718000B4834751B5834A51B6834C51B7834E51AE
:10719000B8834F51B9835051BA835251BB83535175
:1071A000BC835751BD835851BE835951BF835B5136
:1071B000C0835D51C1835E51C2835F51C3836051FF
:1071C000C4836151C5836351C6836451C7836651CB
:1071D000C8836751C9836951CA836A51CB836F5190
:1071E000CC837251CD837A51CE837E51CF837F5130
:1071F000D0838351D1838451D2838651D3838751E5
:10720000D4838A51D5838B51D6838E51D7838F51A6
:10721000D8839051D9839151DA839351DB83945170
:10722000DC839851DD839A51DE839D51DF839E512B
:10723000E0839F51E183A151E283A351E383A651EF
:10724000E483A751E583A851E683A951E783AA51B6
:10725000E883AD51E983AE51EA83B451EB83B85171
:10726000EC83B951ED83BA51EE83BE51EF83BF5128
:10727000F083C151F183C251F283C351F383C551ED
:10728000F483C851F583CA51F683CD51F783CE51AB
:10729000F883D051F983D251FA83D351FB83D4516F
:1072A000FC83D551FD83D651FE83D7514084D851FC
:1072B0004184D9514284DA514384DC514484DE5103
:1072C0004584DF514684E2514784E3514884E551C7
:1072D0004984E6514A84E7514B84E8514C84E95192
:1072E0004D84EA514E84EC514F84EE515084F1515B
:1072F0005184F2515284F4515384F7515484FE5115
:1073000055840452568405525784095258840B52AE
:1073100059840C525A840F525B8410525C8413526D
:107320005D8414525E8415525F841C5260841E5228
:1073300061841F52628421526384225264842352E6
:1073400065842552668426526784275268842A52AF
:1073500069842C526A842F526B8431526C8432526D
:107360006D8434526E8435526F843C5270843E5228
:1073700071844452728445527384465274844752D5
:10738000758448527684495277844B5278844E52A1
:1073900079844F527A8452527B8453527C84555262
:1073A0007D8457527E8458528084595281845A5227
:1073B00082845B5283845D5284845F5285846052F0
:1073C00086846252878463528884645289846652B8
:1073D0008A8468528B846B528C846C528D846D527B
:1073E0008E846E528F847052908471529184735245
:1073F0009284745293847552948476529584775211
:10740000968478529784795298847A5299847B52E0
:107410009A847C529B847E529C8480529D848352A9
:107420009E8484529F848552A0848652A184875270
:10743000A2848952A3848A52A4848B52A5848C523C
:10744000A6848D52A7848E52A8848F52A98491520B
:10745000AA849252AB849452AC849552AD849652D5
:10746000AE849752AF849852B0849952B1849A52A4
:10747000B2849C52B384A452B484A552B584A6525B
:10748000B684A752B784AE52B884AF52B984B05212
:10749000BA84B452BB84B552BC84B652BD84B752D0
:1074A000BE84B852BF84B952C084BA52C184BB52A0
:1074B000C284BC52C384BD52C484C052C584C1526C
:1074C000C684C252C784C452C884C552C984C65235
:1074D000CA84C852CB84CA52CC84CC52CD84CD52FB
:1074E000CE84CE52CF84CF52D084D152D184D352C5
:1074F000D284D452D384D552D484D752D584D9528D
:10750000D684DA52D784DB52D884DC52D984DD5257
:10751000DA84DE52DB84E052DC84E152DD84E25224
:10752000DE84E352DF84E552E084E652E184E752F0
:10753000E284E852E384E952E484EA52E584EB52BF
:10754000E684EC52E784ED52E884EE52E984EF528F
:10755000EA84F152EB84F252EC84F352ED84F4525B
:10756000EE84F552EF84F652F084F752F184F8522B
:10757000F284FB52F384FC52F484FD52F5840153EF
:10758000F6840253F7840353F8840453F9840753B1
:10759000FA840953FB840A53FC840B53FD840C5377
:1075A000FE840E5340851153418512534285135377
:1075B000438514534485185345851B5346851C53F6
:1075C00047851E5348851F53498522534A852453B6
:1075D0004B8525534C8527534D8528534E8529537C
:1075E0004F852B5350852C5351852D5352852F5346
:1075F0005385305354853153558532535685335313
:107600005785345358853553598536535A853753E2
:107610005B8538535C853C535D853D535E854053A7
:107620005F854253608544536185465362854B5361
:1076300063854C5364854D5365855053668554531B
:10764000678558536885595369855B536A855D53CF
:107650006B8565536C8568536D856A536E856C5375
:107660006F856D537085725371857653728579532A
:1076700073857B5374857C5375857D5376857E53E6
:107680007785805378858153798583537A858753AD
:107690007B8588537C858A537D858E537E858F5369
:1076A000808590538185915382859253838593532E
:1076B00084859453858596538685975387859953FA
:1076C00088859B5389859C538A859E538B85A053BF
:1076D0008C85A1538D85A4538E85A7538F85AA537E
:1076E0009085AB539185AC539285AD539385AF5341
:1076F0009485B0539585B1539685B2539785B3530E
:107700009885B4539985B5539A85B7539B85B853DB
:107710009C85B9539D85BA539E85BC539F85BD53A7
:10772000A085BE53A185C053A285C353A385C4536E
:10773000A485C553A585C653A685C753A785CE5333
:10774000A885CF53A985D053AA85D253AB85D353EF
:10775000AC85D553AD85DA53AE85DC53AF85DD53AB
:10776000B085DE53B185E153B285E253B385E7536B
:10777000B485F453B585FA53B685FE53B785FF53E8
:10778000B8850054B9850254BA850554BB850754A1
:10779000BC850B54BD851454BE851854BF8519543F
:1077A000C0851A54C1851C54C2852254C3852454F3
:1077B000C4852554C5852A54C6853054C78533549D
:1077C000C8853654C9853754CA853A54CB853D544B
:1077D000CC853F54CD854154CE854254CF85445409
:1077E000D0854554D1854754D2854954D3854C54CE
:1077F000D4854D54D5854E54D6854F54D785515494
:10780000D8855A54D9855D54DA855E54DB855F543A
:10781000DC856054DD856154DE856354DF85655405
:10782000E0856754E1856954E2856A54E3856B54C9
:10783000E4856C54E5856D54E6856E54E7856F5498
:10784000E8857054E9857454EA857954EB857A5457
:10785000EC857E54ED857F54EE858154EF8583540D
:10786000F0858554F1858754F2858854F3858954D1
:10787000F4858A54F5858D54F6859154F785935493
:10788000F8859754F9859854FA859C54FB859E5445
:10789000FC859F54FD85A054FE85A1544086A254CA
:1078A0004186A5544286AE544386B0544486B254B1
:1078B0004586B5544686B6544786B7544886B9546B
:1078C0004986BA544A86BC544B86BE544C86C3542F
:1078D0004D86C5544E86CA544F86CB545086D654D6
:1078E0005186D8545286DB545386E0545486E15472
:1078F0005586E2545686E3545786E4545886EB5432
:107900005986EC545A86EF545B86F0545C86F154E9
:107910005D86F4545E86F5545F86F6546086F754AF
:107920006186F8546286F9546386FB546486FE547B
:107930006586005566860255678603556886045538
:10794000698605556A8608556B860A556C860B55FF
:107950006D860C556E860D556F860E5570861255C8
:10796000718613557286155573861655748617558C
:10797000758618557686195577861A5578861C555A
:1079800079861D557A861E557B861F557C86215526
:107990007D8625557E8626558086285581862955E3
:1079A00082862B5583862D5584863255858634559F
:1079B0008686355587863655888638558986395561
:1079C0008A863A558B863B558C863D558D8640552B
:1079D0008E8642558F8645559086475591864855E7
:1079E00092864B5593864C5594864D5595864E55AB
:1079F00096864F5597865155988652559986535578
:107A00009A8654559B8657559C8658559D86595540
:107A10009E865A559F865B55A0865D55A1865E550C
:107A2000A2865F55A3866055A4866255A5866355D8
:107A3000A6866855A7866955A8866B55A9866F5591
:107A4000AA867055AB867155AC867255AD86735556
:107A5000AE867455AF867955B0867A55B1867D5518
:107A6000B2867F55B3868555B4868655B5868C55C6
:107A7000B6868D55B7868E55B8869055B98692557F
:107A8000BA869355BB869555BC869655BD86975547
:107A9000BE869A55BF869B55C0869E55C186A05509
:107AA000C286A155C386A255C486A355C586A455D2
:107AB000C686A555C786A655C886A855C986A955A0
:107AC000CA86AA55CB86AB55CC86AC55CD86AD556E
:107AD000CE86AE55CF86AF55D086B055D186B2553D
:107AE000D286B455D386B655D486B855D586BA5500
:107AF000D686BC55D786BF55D886C055D986C155C0
:107B0000DA86C255DB86C355DC86C655DD86C75589
:107B1000DE86C855DF86CA55E086CB55E186CE5550
:107B2000E286CF55E386D055E486D555E586D75510
:107B3000E686D855E786D955E886DA55E986DB55D5
:107B4000EA86DE55EB86E055EC86E255ED86E75594
:107B5000EE86E955EF86ED55F086EE55F186F05547
:107B6000F286F155F386F455F486F655F586F85508
:107B7000F686F955F786FA55F886FB55F986FC55D1
:107B8000FA86FF55FB860256FC860356FD86045690
:107B9000FE860556408706564187075642870A5695
:107BA00043870B5644870D56458710564687115616
:107BB0004787125648871356498714564A871556E1
:107BC0004B8716564C8717564D8719564E871A56AF
:107BD0004F871C5650871D56518720565287215675
:107BE000538722565487255655872656568728563A
:107BF0005787295658872A5659872B565A872E5603
:107C00005B872F565C8730565D8733565E873556C7
:107C10005F8737566087385661873A5662873C5689
:107C200063873D5664873E56658740566687415652
:107C30006787425668874356698744566A87455620
:107C40006B8746566C8747566D8748566E874956F0
:107C50006F874A5670874B5671874F5672875056BA
:107C60007387515674875256758753567687555683
:107C70007787565678875A5679875B567A875D5646
:107C80007B875E567C875F567D8760567E87615610
:107C900080876356818765568287665683876756D5
:107CA00084876D5685876E5686876F568787705690
:107CB00088877256898773568A8774568B8775565C
:107CC0008C8777568D8778568E8779568F877A5628
:107CD00090877D5691877E5692877F5693878056F0
:107CE00094878156958782569687835697878456C0
:107CF00098878756998788569A8789569B878A5688
:107D00009C878B569D878C569E878D569F87905655
:107D1000A0879156A1879256A2879456A38795561D
:107D2000A4879656A5879756A6879856A7879956EB
:107D3000A8879A56A9879B56AA879C56AB879D56BB
:107D4000AC879E56AD879F56AE87A056AF87A1568B
:107D5000B087A256B187A456B287A556B387A65658
:107D6000B487A756B587A856B687A956B787AA5627
:107D7000B887AB56B987AC56BA87AD56BB87AE56F7
:107D8000BC87B056BD87B156BE87B256BF87B356C3
:107D9000C087B456C187B556C287B656C387B85692
:107DA000C487B956C587BA56C687BB56C787BD565E
:107DB000C887BE56C987BF56CA87C056CB87C1562B
:107DC000CC87C256CD87C356CE87C456CF87C556FB
:107DD000D087C656D187C756D287C856D387C956CB
:107DE000D487CB56D587CC56D687CD56D787CE5697
:107DF000D887CF56D987D056DA87D156DB87D25667
:107E0000DC87D356DD87D556DE87D656DF87D85632
:107E1000E087D956E187DC56E287E356E387E556EB
:107E2000E487E656E587E756E687E856E787E956AA
:107E3000E887EA56E987EC56EA87EE56EB87EF5675
:107E4000EC87F256ED87F356EE87F656EF87F75636
:107E5000F087F856F187FB56F287FC56F3870057F8
:107E6000F4870157F5870257F6870557F7870757B5
:107E7000F8870B57F9870C57FA870D57FB870E5772
:107E8000FC870F57FD871057FE8711574088125700
:107E9000418813574288145743881557448816570A
:107EA00045881757468818574788195748881A57DA
:107EB00049881B574A881D574B881E574C882057A6
:107EC0004D8821574E8822574F8824575088255770
:107ED000518826575288275753882B575488315733
:107EE00055883257568834575788355758883657EB
:107EF000598837575A8838575B883C575C883D57B4
:107F00005D883F575E8841575F8843576088445774
:107F1000618845576288465763884857648849573F
:107F200065884B57668852576788535768885457F7
:107F3000698855576A8856576B8858576C885957BF
:107F40006D8862576E8863576F886557708867576A
:107F500071886C5772886E57738870577488715720
:107F600075887257768874577788755778887857E8
:107F7000798879577A887A577B887D577C887E57AD
:107F80007D887F577E888057808881578188875772
:107F9000828888578388895784888A5785888D572F
:107FA00086888E5787888F578888905789889157F9
:107FB0008A8894578B8895578C8896578D889757C1
:107FC0008E8898578F88995790889A5791889C5790
:107FD00092889D5793889E5794889F579588A55758
:107FE0009688A8579788AA579888AC579988AF570A
:107FF0009A88B0579B88B1579C88B3579D88B557CE
:108000009E88B6579F88B757A088B957A188BA5796
:10801000A288BB57A388BC57A488BD57A588BE5764
:10802000A688BF57A788C057A888C157A988C45732
:10803000AA88C557AB88C657AC88C757AD88C857FC
:10804000AE88C957AF88CA57B088CC57B188CD57CA
:10805000B288D057B388D157B488D357B588D6578C
:10806000B688D757B788DB57B888DC57B988DE574A
:10807000BA88E157BB88E257BC88E357BD88E5570B
:10808000BE88E657BF88E757C088E857C188E957D8
:10809000C288EA57C388EB57C488EC57C588EE57A7
:1080A000C688F057C788F157C888F257C988F35770
:1080B000CA88F557CB88F657CC88F757CD88FB5739
:1080C000CE88FC57CF88FE57D088FF57D1880158FB
:1080D000D2880358D3880458D4880558D5880858BE
:1080E000D6880958D7880A58D8880C58D9880E5885
:1080F000DA880F58DB881058DC881258DD8813584E
:10810000DE881458DF881658E0881758E188185818
:10811000E2881A58E3881B58E4881C58E5881D58E3
:10812000E6881F58E7882258E8882358E9882558A8
:10813000EA882658EB882758EC882858ED88295873
:10814000EE882B58EF882C58F0882D58F1882E583F
:10815000F2882F58F3883158F4883258F58833580C
:10816000F6883458F7883658F8883758F9883858D8
:10817000FA883958FB883A58FC883B58FD883C58A7
:10818000FE883D5840893E5841893F5842894058B1
:10819000438941584489425845894358468945583E
:1081A0004789465848894758498948584A8949580B
:1081B0004B894A584C894B584D894E584E894F58D7
:1081C0004F8950585089525851895358528955589F
:1081D00053895658548957585589595856895A5869
:1081E00057895B5858895C5859895D585A895F5836
:1081F0005B8960585C8961585D8962585E89635803
:108200005F896458608966586189675862896858CF
:108210006389695864896A5865896D5866896E589A
:1082200067896F5868897058698971586A89725866
:108230006B8973586C8974586D8975586E89765836
:108240006F897758708978587189795872897A5806
:1082500073897B5874897C5875897D5876897F58D5
:108260007789825878898458798986587A89875895
:108270007B8988587C898A587D898B587E898C585F
:1082800080898D5881898E5882898F58838990582A
:1082900084899158858994588689955887899658F4
:1082A00088899758898998588A899B588B899C58BE
:1082B0008C899D588D89A0588E89A1588F89A25884
:1082C0009089A3589189A4589289A5589389A65852
:1082D0009489A7589589AA589689AB589789AC581C
:1082E0009889AD589989AE589A89AF589B89B058EA
:1082F0009C89B1589D89B2589E89B3589F89B458BA
:10830000A089B558A189B658A289B758A389B85889
:10831000A489B958A589BA58A689BB58A789BD5858
:10832000A889BE58A989BF58AA89C058AB89C25824
:10833000AC89C358AD89C458AE89C658AF89C758EF
:10834000B089C858B189C958B289CA58B389CB58BD
:10835000B489CC58B589CD58B689CE58B789CF588D
:10836000B889D058B989D258BA89D358BB89D4585A
:10837000BC89D658BD89D758BE89D858BF89D95825
:10838000C089DA58C189DB58C289DC58C389DD58F5
:10839000C489DE58C589DF58C689E058C789E158C5
:1083A000C889E258C989E358CA89E558CB89E65893
:1083B000CC89E758CD89E858CE89E958CF89EA5861
:1083C000D089ED58D189EF58D289F158D389F25824
:1083D000D489F458D589F558D689F758D789F858EB
:1083E000D889FA58D989FB58DA89FC58DB89FD58B5
:1083F000DC89FE58DD89FF58DE890059DF89015983
:10840000E0890359E1890559E2890659E389085948
:10841000E4890959E5890A59E6890B59E7890C5914
:10842000E8890E59E9891059EA891159EB891259DD
:10843000EC891359ED891759EE891859EF891B59A1
:10844000F0891D59F1891E59F2892059F389215962
:10845000F4892259F5892359F6892659F78928592B
:10846000F8892C59F9893059FA893259FB893359DD
:10847000FC893559FD893659FE893B59408A3D5959
:10848000418A3E59428A3F59438A4059448A435956
:10849000458A4559468A4659478A4A59488A4C5915
:1084A000498A4D594A8A50594B8A52594C8A5359D4
:1084B0004D8A59594E8A5B594F8A5C59508A5D5989
:1084C000518A5E59528A5F59538A6159548A635955
:1084D000558A6459568A6659578A6759588A68591D
:1084E000598A69595A8A6A595B8A6B595C8A6C59EC
:1084F0005D8A6D595E8A6E595F8A6F59608A7059BC
:10850000618A7159628A7259638A7559648A775986
:10851000658A7A59668A7B59678A7C59688A7E5946
:10852000698A7F596A8A80596B8A85596C8A895908
:108530006D8A8B596E8A8C596F8A8E59708A8F59C1
:10854000718A9059728A9159738A9459748A95598B
:10855000758A9859768A9A59778A9B59788A9C594C
:10856000798A9D597A8A9F597B8AA0597C8AA15918
:108570007D8AA2597E8AA659808AA759818AAC59D8
:10858000828AAD59838AB059848AB159858AB35990
:10859000868AB459878AB559888AB659898AB7595B
:1085A0008A8AB8598B8ABA598C8ABC598D8ABD5926
:1085B0008E8ABF598F8AC059908AC159918AC259EF
:1085C000928AC359938AC459948AC559958AC759BE
:1085D000968AC859978AC959988ACC59998ACD5987
:1085E0009A8ACE599B8ACF599C8AD5599D8AD65949
:1085F0009E8AD9599F8ADB59A08ADE59A18ADF5900
:10860000A28AE059A38AE159A48AE259A58AE459C9
:10861000A68AE659A78AE759A88AE959A98AEA5990
:10862000AA8AEB59AB8AED59AC8AEE59AD8AEF595B
:10863000AE8AF059AF8AF159B08AF259B18AF3592A
:10864000B28AF459B38AF559B48AF659B58AF759FA
:10865000B68AF859B78AFA59B88AFC59B98AFD59C5
:10866000BA8AFE59BB8A005ABC8A025ABD8A0A5A83
:10867000BE8A0B5ABF8A0D5AC08A0E5AC18A0F5A37
:10868000C28A105AC38A125AC48A145AC58A155A01
:10869000C68A165AC78A175AC88A195AC98A1A5ACC
:1086A000CA8A1B5ACB8A1D5ACC8A1E5ACD8A215A95
:1086B000CE8A225ACF8A245AD08A265AD18A275A59
:1086C000D28A285AD38A2A5AD48A2B5AD58A2C5A23
:1086D000D68A2D5AD78A2E5AD88A2F5AD98A305AF2
:1086E000DA8A335ADB8A355ADC8A375ADD8A385AB5
:1086F000DE8A395ADF8A3A5AE08A3B5AE18A3D5A81
:10870000E28A3E5AE38A3F5AE48A415AE58A425A4B
:10871000E68A435AE78A445AE88A455AE98A475A18
:10872000EA8A485AEB8A4B5AEC8A4C5AED8A4D5ADF
:10873000EE8A4E5AEF8A4F5AF08A505AF18A515AAD
:10874000F28A525AF38A535AF48A545AF58A565A7C
:10875000F68A575AF78A585AF88A595AF98A5B5A48
:10876000FA8A5C5AFB8A5D5AFC8A5E5AFD8A5F5A15
:10877000FE8A605A408B615A418B635A428B645A1D
:10878000438B655A448B665A458B685A468B695AA7
:10879000478B6B5A488B6C5A498B6D5A4A8B6E5A71
:1087A0004B8B6F5A4C8B705A4D8B715A4E8B725A41
:1087B0004F8B735A508B785A518B795A528B7B5A04
:1087C000538B7C5A548B7D5A558B7E5A568B805ACC
:1087D000578B815A588B825A598B835A5A8B845A99
:1087E0005B8B855A5C8B865A5D8B875A5E8B885A69
:1087F0005F8B895A608B8A5A618B8B5A628B8C5A39
:10880000638B8D5A648B8E5A658B8F5A668B905A08
:10881000678B915A688B935A698B945A6A8B955AD5
:108820006B8B965A6C8B975A6D8B985A6E8B995AA4
:108830006F8B9C5A708B9D5A718B9E5A728B9F5A6C
:10884000738BA05A748BA15A758BA25A768BA35A3C
:10885000778BA45A788BA55A798BA65A7A8BA75A0C
:108860007B8BA85A7C8BA95A7D8BAB5A7E8BAC5ADA
:10887000808BAD5A818BAE5A828BAF5A838BB05AA4
:10888000848BB15A858BB45A868BB65A878BB75A6C
:10889000888BB95A898BBA5A8A8BBB5A8B8BBC5A34
:1088A0008C8BBD5A8D8BBF5A8E8BC05A8F8BC35AFF
:1088B000908BC45A918BC55A928BC65A938BC75AC8
:1088C000948BC85A958BCA5A968BCB5A978BCD5A94
:1088D000988BCE5A998BCF5A9A8BD05A9B8BD15A60
:1088E0009C8BD35A9D8BD55A9E8BD75A9F8BD95A26
:1088F000A08BDA5AA18BDB5AA28BDD5AA38BDE5AEE
:10890000A48BDF5AA58BE25AA68BE45AA78BE55AB3
:10891000A88BE75AA98BE85AAA8BEA5AAB8BEC5A78
:10892000AC8BED5AAD8BEE5AAE8BEF5AAF8BF05A43
:10893000B08BF25AB18BF35AB28BF45AB38BF55A0F
:10894000B48BF65AB58BF75AB68BF85AB78BF95ADF
:10895000B88BFA5AB98BFB5ABA8BFC5ABB8BFD5AAF
:10896000BC8BFE5ABD8BFF5ABE8B005BBF8B015B7D
:10897000C08B025BC18B035BC28B045BC38B055B4B
:10898000C48B065BC58B075BC68B085BC78B0A5B1A
:10899000C88B0B5BC98B0C5BCA8B0D5BCB8B0E5BE7
:1089A000CC8B0F5BCD8B105BCE8B115BCF8B125BB7
:1089B000D08B135BD18B145BD28B155BD38B185B85
:1089C000D48B195BD58B1A5BD68B1B5BD78B1C5B4F
:1089D000D88B1D5BD98B1E5BDA8B1F5BDB8B205B1F
:1089E000DC8B215BDD8B225BDE8B235BDF8B245BEF
:1089F000E08B255BE18B265BE28B275BE38B285BBF
:108A0000E48B295BE58B2A5BE68B2B5BE78B2C5B8E
:108A1000E88B2D5BE98B2E5BEA8B2F5BEB8B305B5E
:108A2000EC8B315BED8B335BEE8B355BEF8B365B29
:108A3000F08B385BF18B395BF28B3A5BF38B3B5BF2
:108A4000F48B3C5BF58B3D5BF68B3E5BF78B3F5BC2
:108A5000F88B415BF98B425BFA8B435BFB8B445B8E
:108A6000FC8B455BFD8B465BFE8B475B408C485B1C
:108A7000418C495B428C4A5B438C4B5B448C4C5B26
:108A8000458C4D5B468C4E5B478C4F5B488C525BF4
:108A9000498C565B4A8C5E5B4B8C605B4C8C615B9B
:108AA0004D8C675B4E8C685B4F8C6B5B508C6D5B49
:108AB000518C6E5B528C6F5B538C725B548C745B0D
:108AC000558C765B568C775B578C785B588C795BD2
:108AD000598C7B5B5A8C7C5B5B8C7E5B5C8C7F5B9C
:108AE0005D8C825B5E8C865B5F8C8A5B608C8D5B51
:108AF000618C8E5B628C905B638C915B648C925B0F
:108B0000658C945B668C965B678C9F5B688CA75BBF
:108B1000698CA85B6A8CA95B6B8CAC5B6C8CAD5B65
:108B20006D8CAE5B6E8CAF5B6F8CB15B708CB25B2F
:108B3000718CB75B728CBA5B738CBB5B748CBC5BE7
:108B4000758CC05B768CC15B778CC35B788CC85BA3
:108B5000798CC95B7A8CCA5B7B8CCB5B7C8CCD5B64
:108B60007D8CCE5B7E8CCF5B808CD15B818CD45B2B
:108B7000828CD55B838CD65B848CD75B858CD85BF1
:108B8000868CD95B878CDA5B888CDB5B898CDC5BC1
:108B90008A8CE05B8B8CE25B8C8CE35B8D8CE65B80
:108BA0008E8CE75B8F8CE95B908CEA5B918CEB5B46
:108BB000928CEC5B938CED5B948CEF5B958CF15B12
:108BC000968CF25B978CF35B988CF45B998CF55BDD
:108BD0009A8CF65B9B8CF75B9C8CFD5B9D8CFE5BA3
:108BE0009E8C005C9F8C025CA08C035CA18C055C5D
:108BF000A28C075CA38C085CA48C0B5CA58C0C5C21
:108C0000A68C0D5CA78C0E5CA88C105CA98C125CE9
:108C1000AA8C135CAB8C175CAC8C195CAD8C1B5CA8
:108C2000AE8C1E5CAF8C1F5CB08C205CB18C215C68
:108C3000B28C235CB38C265CB48C285CB58C295C2C
:108C4000B68C2A5CB78C2B5CB88C2D5CB98C2E5CF6
:108C5000BA8C2F5CBB8C305CBC8C325CBD8C335CC2
:108C6000BE8C355CBF8C365CC08C375CC18C435C81
:108C7000C28C445CC38C465CC48C475CC58C4C5C29
:108C8000C68C4D5CC78C525CC88C535CC98C545CE0
:108C9000CA8C565CCB8C575CCC8C585CCD8C5A5CA7
:108CA000CE8C5B5CCF8C5C5CD08C5D5CD18C5F5C73
:108CB000D28C625CD38C645CD48C675CD58C685C31
:108CC000D68C695CD78C6A5CD88C6B5CD98C6C5CFC
:108CD000DA8C6D5CDB8C705CDC8C725CDD8C735CC4
:108CE000DE8C745CDF8C755CE08C765CE18C775C90
:108CF000E28C785CE38C7B5CE48C7C5CE58C7D5C5A
:108D0000E68C7E5CE78C805CE88C835CE98C845C20
:108D1000EA8C855CEB8C865CEC8C875CED8C895CEA
:108D2000EE8C8A5CEF8C8B5CF08C8E5CF18C8F5CB3
:108D3000F28C925CF38C935CF48C955CF58C9D5C6E
:108D4000F68C9E5CF78C9F5CF88CA05CF98CA15C27
:108D5000FA8CA45CFB8CA55CFC8CA65CFD8CA75CEF
:108D6000FE8CA85C408DAA5C418DAE5C428DAF5CF0
:108D7000438DB05C448DB25C458DB45C468DB65C71
:108D8000478DB95C488DBA5C498DBB5C4A8DBC5C33
:108D90004B8DBE5C4C8DC05C4D8DC25C4E8DC35CFA
:108DA0004F8DC55C508DC65C518DC75C528DC85CC3
:108DB000538DC95C548DCA5C558DCC5C568DCD5C91
:108DC000578DCE5C588DCF5C598DD05C5A8DD15C5F
:108DD0005B8DD35C5C8DD45C5D8DD55C5E8DD65C2B
:108DE0005F8DD75C608DD85C618DDA5C628DDB5CF9
:108DF000638DDC5C648DDD5C658DDE5C668DDF5CC7
:108E0000678DE05C688DE25C698DE35C6A8DE75C90
:108E10006B8DE95C6C8DEB5C6D8DEC5C6E8DEE5C4E
:108E20006F8DEF5C708DF15C718DF25C728DF35C17
:108E3000738DF45C748DF55C758DF65C768DF75CE6
:108E4000778DF85C788DF95C798DFA5C7A8DFC5CB5
:108E50007B8DFD5C7C8DFE5C7D8DFF5C7E8D005D81
:108E6000808D015D818D045D828D055D838D085D42
:108E7000848D095D858D0A5D868D0B5D878D0C5D0A
:108E8000888D0D5D898D0F5D8A8D105D8B8D115DD7
:108E90008C8D125D8D8D135D8E8D155D8F8D175DA3
:108EA000908D185D918D195D928D1A5D938D1C5D6D
:108EB000948D1D5D958D1F5D968D205D978D215D37
:108EC000988D225D998D235D9A8D255D9B8D285D02
:108ED0009C8D2A5D9D8D2B5D9E8D2C5D9F8D2F5DC4
:108EE000A08D305DA18D315DA28D325DA38D335D8E
:108EF000A48D355DA58D365DA68D375DA78D385D5A
:108F0000A88D395DA98D3A5DAA8D3B5DAB8D3C5D29
:108F1000AC8D3F5DAD8D405DAE8D415DAF8D425DF1
:108F2000B08D435DB18D445DB28D455DB38D465DC1
:108F3000B48D485DB58D495DB68D4D5DB78D4E5D87
:108F4000B88D4F5DB98D505DBA8D515DBB8D525D51
:108F5000BC8D535DBD8D545DBE8D555DBF8D565D21
:108F6000C08D575DC18D595DC28D5A5DC38D5C5DED
:108F7000C48D5E5DC58D5F5DC68D605DC78D615DB5
:108F8000C88D625DC98D635DCA8D645DCB8D655D85
:108F9000CC8D665DCD8D675DCE8D685DCF8D6A5D54
:108FA000D08D6D5DD18D6E5DD28D705DD38D715D17
:108FB000D48D725DD58D735DD68D755DD78D765DE3
:108FC000D88D775DD98D785DDA8D795DDB8D7A5DB1
:108FD000DC8D7B5DDD8D7C5DDE8D7D5DDF8D7E5D81
:108FE000E08D7F5DE18D805DE28D815DE38D835D50
:108FF000E48D845DE58D855DE68D865DE78D875D1D
:10900000E88D885DE98D895DEA8D8A5DEB8D8B5DEC
:10901000EC8D8C5DED8D8D5DEE8D8E5DEF8D8F5DBC
:10902000F08D905DF18D915DF28D925DF38D935D8C
:10903000F48D945DF58D955DF68D965DF78D975D5C
:10904000F88D985DF98D9A5DFA8D9B5DFB8D9C5D29
:10905000FC8D9E5DFD8D9F5DFE8DA05D408EA15DB2
:10906000418EA25D428EA35D438EA45D448EA55DBC
:10907000458EA65D468EA75D478EA85D488EA95D8C
:10908000498EAA5D4A8EAB5D4B8EAC5D4C8EAD5D5C
:109090004D8EAE5D4E8EAF5D4F8EB05D508EB15D2C
:1090A000518EB25D528EB35D538EB45D548EB55DFC
:1090B000558EB65D568EB85D578EB95D588EBA5DC9
:1090C000598EBB5D5A8EBC5D5B8EBD5D5C8EBE5D98
:1090D0005D8EBF5D5E8EC05D5F8EC15D608EC25D68
:1090E000618EC35D628EC45D638EC65D648EC75D36
:1090F000658EC85D668EC95D678ECA5D688ECB5D04
:10910000698ECC5D6A8ECE5D6B8ECF5D6C8ED05DD0
:109110006D8ED15D6E8ED25D6F8ED35D708ED45D9F
:10912000718ED55D728ED65D738ED75D748ED85D6F
:10913000758ED95D768EDA5D778EDC5D788EDF5D3B
:10914000798EE05D7A8EE35D7B8EE45D7C8EEA5DF8
:109150007D8EEC5D7E8EED5D808EF05D818EF55DA9
:10916000828EF65D838EF85D848EF95D858EFA5D64
:10917000868EFB5D878EFC5D888EFF5D898E005E2E
:109180008A8E045E8B8E075E8C8E095E8D8E0A5EE3
:109190008E8E0B5E8F8E0D5E908E0E5E918E125EA9
:1091A000928E135E938E175E948E1E5E958E1F5E5A
:1091B000968E205E978E215E988E225E998E235E1B
:1091C0009A8E245E9B8E255E9C8E285E9D8E295EE7
:1091D0009E8E2A5E9F8E2B5EA08E2C5EA18E2F5EB1
:1091E000A28E305EA38E325EA48E335EA58E345E78
:1091F000A68E355EA78E365EA88E395EA98E3A5E43
:10920000AA8E3E5EAB8E3F5EAC8E405EAD8E415E02
:10921000AE8E435EAF8E465EB08E475EB18E485EC8
:10922000B28E495EB38E4A5EB48E4B5EB58E4D5E95
:10923000B68E4E5EB78E4F5EB88E505EB98E515E62
:10924000BA8E525EBB8E535EBC8E565EBD8E575E2E
:10925000BE8E585EBF8E595EC08E5A5EC18E5C5EF9
:10926000C28E5D5EC38E5F5EC48E605EC58E635EC1
:10927000C68E645EC78E655EC88E665EC98E675E8A
:10928000CA8E685ECB8E695ECC8E6A5ECD8E6B5E5A
:10929000CE8E6C5ECF8E6D5ED08E6E5ED18E6F5E2A
:1092A000D28E705ED38E715ED48E755ED58E775EF3
:1092B000D68E795ED78E7E5ED88E815ED98E825EA6
:1092C000DA8E835EDB8E855EDC8E885EDD8E895E67
:1092D000DE8E8C5EDF8E8D5EE08E8E5EE18E925E27
:1092E000E28E985EE38E9B5EE48E9D5EE58EA15ECF
:1092F000E68EA25EE78EA35EE88EA45EE98EA85E8F
:10930000EA8EA95EEB8EAA5EEC8EAB5EED8EAC5E55
:10931000EE8EAE5EEF8EAF5EF08EB05EF18EB15E21
:10932000F28EB25EF38EB45EF48EBA5EF58EBB5EE4
:10933000F68EBC5EF78EBD5EF88EBF5EF98EC05EA7
:10934000FA8EC15EFB8EC25EFC8EC35EFD8EC45E75
:10935000FE8EC55E408FC65E418FC75E428FC85E7F
:10936000438FCB5E448FCC5E458FCD5E468FCE5E05
:10937000478FCF5E488FD05E498FD45E4A8FD55ECF
:109380004B8FD75E4C8FD85E4D8FD95E4E8FDA5E95
:109390004F8FDC5E508FDD5E518FDE5E528FDF5E61
:1093A000538FE05E548FE15E558FE25E568FE35E31
:1093B000578FE45E588FE55E598FE65E5A8FE75E01
:1093C0005B8FE95E5C8FEB5E5D8FEC5E5E8FED5ECA
:1093D0005F8FEE5E608FEF5E618FF05E628FF15E99
:1093E000638FF25E648FF35E658FF55E668FF85E65
:1093F000678FF95E688FFB5E698FFC5E6A8FFD5E2A
:109400006B8F055F6C8F065F6D8F075F6E8F095FD7
:109410006F8F0C5F708F0D5F718F0E5F728F105F9B
:10942000738F125F748F145F758F165F768F195F5D
:10943000778F1A5F788F1C5F798F1D5F7A8F1E5F21
:109440007B8F215F7C8F225F7D8F235F7E8F245FE8
:10945000808F285F818F2B5F828F2C5F838F2E5FA1
:10946000848F305F858F325F868F335F878F345F65
:10947000888F355F898F365F8A8F375F8B8F385F34
:109480008C8F3B5F8D8F3D5F8E8F3E5F8F8F3F5FF9
:10949000908F415F918F425F928F435F938F445FC4
:1094A000948F455F958F465F968F475F978F485F94
:1094B000988F495F998F4A5F9A8F4B5F9B8F4C5F64
:1094C0009C8F4D5F9D8F4E5F9E8F4F5F9F8F515F33
:1094D000A08F545FA18F595FA28F5A5FA38F5B5FEC
:1094E000A48F5C5FA58F5E5FA68F5F5FA78F605FB5
:1094F000A88F635FA98F655FAA8F675FAB8F685F77
:10950000AC8F6B5FAD8F6E5FAE8F6F5FAF8F725F33
:10951000B08F745FB18F755FB28F765FB38F785FF6
:10952000B48F7A5FB58F7D5FB68F7E5FB78F7F5FB9
:10953000B88F835FB98F865FBA8F8D5FBB8F8E5F69
:10954000BC8F8F5FBD8F915FBE8F935FBF8F945F26
:10955000C08F965FC18F9A5FC28F9B5FC38F9D5FE5
:10956000C48F9E5FC58F9F5FC68FA05FC78FA25FAE
:10957000C88FA35FC98FA45FCA8FA55FCB8FA65F7B
:10958000CC8FA75FCD8FA95FCE8FAB5FCF8FAC5F46
:10959000D08FAF5FD18FB05FD28FB15FD38FB25F0B
:1095A000D48FB35FD58FB45FD68FB65FD78FB85FD8
:1095B000D88FB95FD98FBA5FDA8FBB5FDB8FBE5FA1
:1095C000DC8FBF5FDD8FC05FDE8FC15FDF8FC25F6B
:1095D000E08FC75FE18FC85FE28FCA5FE38FCB5F29
:1095E000E48FCE5FE58FD35FE68FD45FE78FD55FE3
:1095F000E88FDA5FE98FDB5FEA8FDC5FEB8FDE5F9E
:10960000EC8FDF5FED8FE25FEE8FE35FEF8FE55F63
:10961000F08FE65FF18FE85FF28FE95FF38FEC5F29
:10962000F48FEF5FF58FF05FF68FF25FF78FF35FE8
:10963000F88FF45FF98FF65FFA8FF75FFB8FF95FB2
:10964000FC8FFA5FFD8FFC5FFE8F07604090086023
:109650004190096042900B6043900C604490106010
:1096600045901160469013604790176048901860CD
:1096700049901A604A901E604B901F604C90226087
:109680004D9023604E9024604F902C6050902D6040
:1096900051902E60529030605390316054903260FF
:1096A00055903360569034605790366058903760CC
:1096B000599038605A9039605B903A605C903D6098
:1096C0005D903E605E9040605F9044606090456059
:1096D0006190466062904760639048606490496022
:1096E00065904A6066904C6067904E6068904F60ED
:1096F000699051606A9053606B9054606C905660B2
:109700006D9057606E9058606F905B6070905C6079
:1097100071905E6072905F60739060607490616041
:10972000759065607690666077906E6078907160F5
:10973000799072607A9074607B9075607C907760AD
:109740007D907E607E90806080908160819082605C
:109750008290856083908660849087608590886021
:1097600086908A6087908B6088908E6089908F60E9
:109770008A9090608B9091608C9093608D909560B2
:109780008E9097608F9098609090996091909C6077
:1097900092909E609390A1609490A2609590A46036
:1097A0009690A5609790A7609890A9609990AA60FC
:1097B0009A90AE609B90B0609C90B3609D90B560B5
:1097C0009E90B6609F90B760A090B960A190BA607B
:1097D000A290BD60A390BE60A490BF60A590C06041
:1097E000A690C160A790C260A890C360A990C46011
:1097F000AA90C760AB90C860AC90C960AD90CC60D7
:10980000AE90CD60AF90CE60B090CF60B190D060A0
:10981000B290D260B390D360B490D460B590D6606B
:10982000B690D760B790D960B890DB60B990DE6031
:10983000BA90E160BB90E260BC90E360BD90E460F0
:10984000BE90E560BF90EA60C090F160C190F260A8
:10985000C290F560C390F760C490F860C590FB605B
:10986000C690FC60C790FD60C890FE60C990FF6024
:10987000CA900261CB900361CC900461CD900561E8
:10988000CE900761CF900A61D0900B61D1900C61AE
:10989000D2901061D3901161D4901261D590136170
:1098A000D6901461D7901661D8901761D99018613D
:1098B000DA901961DB901B61DC901C61DD901D6109
:1098C000DE901E61DF902161E0902261E1902561D0
:1098D000E2902861E3902961E4902A61E5902C618F
:1098E000E6902D61E7902E61E8902F61E99030615C
:1098F000EA903161EB903261EC903361ED9034612C
:10990000EE903561EF903661F0903761F1903861FB
:10991000F2903961F3903A61F4903B61F5903C61CB
:10992000F6903D61F7903E61F8904061F990416199
:10993000FA904261FB904361FC904461FD90456167
:10994000FE904661409147614191496142914B616E
:1099500043914D6144914F614591506146915261EF
:109960004791536148915461499156614A915761B9
:109970004B9158614C9159614D915A614E915B6187
:109980004F915C6150915E6151915F615291606154
:109990005391616154916361559164615691656120
:1099A000579166615891696159916A615A916B61E9
:1099B0005B916C615C916D615D916E615E916F61B7
:1099C0005F91716160917261619173616291746183
:1099D00063917661649178616591796166917A614C
:1099E00067917B6168917C6169917D616A917E611B
:1099F0006B917F616C9180616D9181616E918261EB
:109A00006F918361709184617191856172918661BA
:109A100073918761749188617591896176918A618A
:109A200077918C6178918D6179918F617A91906154
:109A30007B9191617C9192617D9193617E91956121
:109A400080919661819197618291986183919961EA
:109A500084919A6185919B6186919C6187919E61B9
:109A600088919F618991A0618A91A1618B91A26186
:109A70008C91A3618D91A4618E91A5618F91A66156
:109A80009091AA619191AB619291AD619391AE6118
:109A90009491AF619591B0619691B1619791B261E6
:109AA0009891B3619991B4619A91B5619B91B661B6
:109AB0009C91B8619D91B9619E91BA619F91BB6182
:109AC000A091BC61A191BD61A291BF61A391C06150
:109AD000A491C161A591C361A691C461A791C5611B
:109AE000A891C661A991C761AA91C961AB91CC61E6
:109AF000AC91CD61AD91CE61AE91CF61AF91D061AE
:109B0000B091D361B191D561B291D661B391D76172
:109B1000B491D861B591D961B691DA61B791DB6141
:109B2000B891DC61B991DD61BA91DE61BB91DF6111
:109B3000BC91E061BD91E161BE91E261BF91E361E1
:109B4000C091E461C191E561C291E761C391E861AF
:109B5000C491E961C591EA61C691EB61C791EC617D
:109B6000C891ED61C991EE61CA91EF61CB91F0614D
:109B7000CC91F161CD91F261CE91F361CF91F4611D
:109B8000D091F661D191F761D291F861D391F961E9
:109B9000D491FA61D591FB61D691FC61D791FD61B9
:109BA000D891FE61D9910062DA910162DB91026283
:109BB000DC910362DD910462DE910562DF91076250
:109BC000E0910962E1911362E2911462E3911962FA
:109BD000E4911C62E5911D62E6911E62E7912062AC
:109BE000E8912362E9912662EA912762EB9128626B
:109BF000EC912962ED912B62EE912D62EF912F6233
:109C0000F0913062F1913162F2913262F3913562FA
:109C1000F4913662F5913862F6913962F7913A62C1
:109C2000F8913B62F9913C62FA914262FB91446285
:109C3000FC914562FD914662FE914A6240924F62FC
:109C400041925062429255624392566244925762E8
:109C50004592596246925A6247925C6248925D62AE
:109C600049925E624A925F624B9260624C9261627C
:109C70004D9262624E9264624F9265625092686247
:109C800051927162529272625392746254927562EE
:109C9000559277625692786257927A6258927B62B6
:109CA00059927D625A9281625B9282625C92836277
:109CB0005D9285625E9286625F9287626092886240
:109CC00061928B6262928C6263928D6264928E6208
:109CD00065928F62669290626792946268929962CE
:109CE00069929C626A929D626B929E626C92A36280
:109CF0006D92A6626E92A7626F92A9627092AA623A
:109D00007192AD627292AE627392AF627492B062FF
:109D10007592B2627692B3627792B4627892B662CA
:109D20007992B7627A92B8627B92BA627C92BE6292
:109D30007D92C0627E92C1628092C3628192CB6248
:109D40008292CF628392D1628492D5628592DD62E3
:109D50008692DE628792E0628892E1628992E46292
:109D60008A92EA628B92EB628C92F0628D92F2623E
:109D70008E92F5628F92F8629092F9629192FA62F5
:109D80009292FB62939200639492036395920463B0
:109D9000969205639792066398920A6399920B6371
:109DA0009A920C639B920D639C920F639D92106339
:109DB0009E9212639F921363A0921463A192156303
:109DC000A2921763A3921863A4921963A5921C63CD
:109DD000A6922663A7922763A8922963A9922C636F
:109DE000AA922D63AB922E63AC923063AD92316335
:109DF000AE923363AF923463B0923563B1923663FF
:109E0000B2923763B3923863B4923B63B5923C63CA
:109E1000B6923E63B7923F63B8924063B992416392
:109E2000BA924463BB924763BC924863BD924A6353
:109E3000BE925163BF925263C0925363C192546306
:109E4000C2925663C3925763C4925863C5925963D2
:109E5000C6925A63C7925B63C8925C63C9925D63A2
:109E6000CA926063CB926463CC926563CD92666361
:109E7000CE926863CF926A63D0926B63D1926C6327
:109E8000D2926F63D3927063D4927263D5927363EC
:109E9000D6927463D7927563D8927863D9927963B6
:109EA000DA927C63DB927D63DC927E63DD927F637A
:109EB000DE928163DF928363E0928463E192856343
:109EC000E2928663E3928B63E4928D63E592916301
:109ED000E6929363E7929463E8929563E9929763BD
:109EE000EA929963EB929A63EC929B63ED929C6386
:109EF000EE929D63EF929E63F0929F63F192A16355
:109F0000F292A463F392A663F492AB63F592AF630B
:109F1000F692B163F792B263F892B563F992B663C1
:109F2000FA92B963FB92BB63FC92BD63FD92BF637F
:109F3000FE92C0634093C1634193C2634293C36383
:109F40004393C5634493C7634593C8634693CA6309
:109F50004793CB634893CC634993D1634A93D363CC
:109F60004B93D4634C93D5634D93D7634E93D8638F
:109F70004F93D9635093DA635193DB635293DC635D
:109F80005393DD635493DF635593E2635693E46325
:109F90005793E5635893E6635993E7635A93E863ED
:109FA0005B93EB635C93EC635D93EE635E93EF63B3
:109FB0005F93F0636093F1636193F3636293F5637E
:109FC0006393F7636493F9636593FA636693FB6342
:109FD0006793FC636893FE63699303646A93046404
:109FE0006B9306646C9307646D9308646E930964C5
:109FF0006F930A6470930D6471930E64729311648D
:10A00000739312647493156475931664769317644E
:10A01000779318647893196479931A647A931D641A
:10A020007B931F647C9322647D9323647E932464DA
:10A0300080932564819327648293286483932964A1
:10A0400084932B6485932E6486932F648793306466
:10A0500088933164899332648A9333648B93356433
:10A060008C9336648D9337648E9338648F93396400
:10A0700090933B6491933C6492933E6493934064C9
:10A0800094934264959343649693496497934B6485
:10A0900098934C6499934D649A934E649B934F6448
:10A0A0009C9350649D9351649E9353649F93556415
:10A0B000A0935664A1935764A2935964A3935A64DE
:10A0C000A4935B64A5935C64A6935D64A7935F64AB
:10A0D000A8936064A9936164AA936264AB93636478
:10A0E000AC936464AD936564AE936664AF93686447
:10A0F000B0936A64B1936B64B2936C64B3936E640F
:10A10000B4936F64B5937064B6937164B7937264DB
:10A11000B8937364B9937464BA937564BB937664AB
:10A12000BC937764BD937B64BE937C64BF937D6472
:10A13000C0937E64C1937F64C2938064C39381643F
:10A14000C4938364C5938664C6938864C793896403
:10A15000C8938A64C9938B64CA938C64CB938D64CF
:10A16000CC938E64CD938F64CE939064CF9393649D
:10A17000D0939464D1939764D2939864D3939A6460
:10A18000D4939B64D5939C64D6939D64D7939F642A
:10A19000D893A064D993A164DA93A264DB93A364F7
:10A1A000DC93A564DD93A664DE93A764DF93A864C3
:10A1B000E093AA64E193AB64E293AF64E393B16488
:10A1C000E493B264E593B364E693B464E793B6644E
:10A1D000E893B964E993BB64EA93BD64EB93BE640E
:10A1E000EC93BF64ED93C164EE93C364EF93C464D6
:10A1F000F093C664F193C764F293C864F393C9649F
:10A20000F493CA64F593CB64F693CC64F793CF646C
:10A21000F893D164F993D364FA93D464FB93D5642F
:10A22000FC93D664FD93D964FE93DA644094DB64B6
:10A230004194DC644294DD644394DF644494E064BC
:10A240004594E1644694E3644794E5644894E76484
:10A250004994E8644A94E9644B94EA644C94EB644E
:10A260004D94EC644E94ED644F94EE645094EF641E
:10A270005194F0645294F1645394F2645494F364EE
:10A280005594F4645694F5645794F6645894F764BE
:10A290005994F8645A94F9645B94FA645C94FB648E
:10A2A0005D94FC645E94FD645F94FE646094FF645E
:10A2B0006194016562940265639403656494046526
:10A2C00065940565669406656794076568940865F6
:10A2D00069940A656A940B656B940C656C940D65C2
:10A2E0006D940E656E940F656F9410657094116592
:10A2F000719413657294146573941565749416655E
:10A30000759417657694196577941A6578941B652A
:10A3100079941C657A941D657B941E657C941F65F9
:10A320007D9420657E9421658094226581942365C7
:10A330008294246583942665849427658594286592
:10A340008694296587942A6588942C6589942D655F
:10A350008A9430658B9431658C9432658D94336525
:10A360008E9437658F943A6590943C6591943D65E1
:10A3700092944065939441659494426595944365A5
:10A3800096944465979446659894476599944A6570
:10A390009A944B659B944D659C944E659D94506535
:10A3A0009E9452659F945365A0945465A1945765FB
:10A3B000A2945865A3945A65A4945C65A5945F65BE
:10A3C000A6946065A7946165A8946465A994656581
:10A3D000AA946765AB946865AC946965AD946A6549
:10A3E000AE946D65AF946E65B0946F65B194716510
:10A3F000B2947365B3947565B4947665B5947865D5
:10A40000B6947965B7947A65B8947B65B9947C65A0
:10A41000BA947D65BB947E65BC947F65BD94806570
:10A42000BE948165BF948265C0948365C194846540
:10A43000C2948565C3948665C4948865C59489650E
:10A44000C6948A65C7948D65C8948E65C9948F65D6
:10A45000CA949265CB949465CC949565CD94966599
:10A46000CE949865CF949A65D0949D65D1949E655D
:10A47000D294A065D394A265D494A365D594A6651F
:10A48000D694A865D794AA65D894AC65D994AE65DE
:10A49000DA94B165DB94B265DC94B365DD94B465A0
:10A4A000DE94B565DF94B665E094B765E194B86570
:10A4B000E294BA65E394BB65E494BE65E594BF6538
:10A4C000E694C065E794C265E894C765E994C865F9
:10A4D000EA94C965EB94CA65EC94CD65ED94D065BA
:10A4E000EE94D165EF94D365F094D465F194D5657D
:10A4F000F294D865F394D965F494DA65F594DB6544
:10A50000F694DC65F794DD65F894DE65F994DF6513
:10A51000FA94E165FB94E365FC94E465FD94EA65D7
:10A52000FE94EB654095F2654195F3654295F465BF
:10A530004395F5654495F8654595F9654695FB6540
:10A540004795FC654895FD654995FE654A95FF650B
:10A550004B9501664C9504664D9505664E950766CC
:10A560004F9508665095096651950B6652950D6694
:10A570005395106654951166559512665695166654
:10A58000579517665895186659951A665A951B6619
:10A590005B951C665C951E665D9521665E952266E0
:10A5A0005F952366609524666195266662952966A7
:10A5B00063952A6664952B6665952C6666952E666E
:10A5C0006795306668953266699533666A95376631
:10A5D0006B9538666C9539666D953A666E953B66F7
:10A5E0006F953D6670953F667195406672954266BF
:10A5F0007395446674954566759546667695476687
:10A60000779548667895496679954A667A954D6654
:10A610007B954E667C9550667D9551667E95586615
:10A620008095596681955B6682955C6683955D66CB
:10A6300084955E6685956066869562668795636695
:10A6400088956566899567668A9569668B956A6659
:10A650008C956B668D956C668E956D668F95716623
:10A6600090957266919573669295756693957866E6
:10A670009495796695957B6696957C6697957D66AB
:10A6800098957F66999580669A9581669B95836675
:10A690009C9585669D9586669E9588669F9589663C
:10A6A000A0958A66A1958B66A2958D66A3958E6608
:10A6B000A4958F66A5959066A6959266A7959366D4
:10A6C000A8959466A9959566AA959866AB9599669E
:10A6D000AC959A66AD959B66AE959C66AF959E6669
:10A6E000B0959F66B195A066B295A166B395A26636
:10A6F000B495A366B595A466B695A566B795A66606
:10A70000B895A966B995AA66BA95AB66BB95AC66CD
:10A71000BC95AD66BD95AF66BE95B066BF95B1669A
:10A72000C095B266C195B366C295B566C395B66667
:10A73000C495B766C595B866C695BA66C795BB6633
:10A74000C895BC66C995BD66CA95BF66CB95C066FF
:10A75000CC95C166CD95C266CE95C366CF95C466CD
:10A76000D095C566D195C666D295C766D395C8669D
:10A77000D495C966D595CA66D695CB66D795CC666D
:10A78000D895CD66D995CE66DA95CF66DB95D0663D
:10A79000DC95D166DD95D266DE95D366DF95D4660D
:10A7A000E095D566E195D666E295D766E395D866DD
:10A7B000E495DA66E595DE66E695DF66E795E066A0
:10A7C000E895E166E995E266EA95E366EB95E4666D
:10A7D000EC95E566ED95E766EE95E866EF95EA6639
:10A7E000F095EB66F195EC66F295ED66F395EE6605
:10A7F000F495EF66F595F166F695F566F795F666CC
:10A80000F895F866F995FA66FA95FB66FB95FD668C
:10A81000FC950167FD950267FE9503674096046706
:10A8200041960567429606674396076744960C670C
:10A8300045960E6746960F674796116748961267CA
:10A84000499613674A9616674B9618674C96196790
:10A850004D961A674E961C674F961E675096206756
:10A860005196216752962267539623675496246720
:10A8700055962567569627675796296758962E67E7
:10A88000599630675A9632675B9633675C9636679F
:10A890005D9637675E9638675F96396760963B6767
:10A8A00061963C6762963E6763963F676496416730
:10A8B00065964467669645676796476768964A67F0
:10A8C00069964B676A964D676B9652676C965467AC
:10A8D0006D9655676E9657676F965867709659676D
:10A8E00071965A6772965B6773965D677496626736
:10A8F00075966367769664677796666778966767F6
:10A9000079966B677A966C677B966E677C967167B3
:10A910007D9674677E96766780967867819679676C
:10A9200082967A6783967B6784967D678596806733
:10A9300086968267879683678896856789968667F5
:10A940008A9688678B968A678C968C678D968D67BA
:10A950008E968E678F968F67909691679196926785
:10A96000929693679396946794969667959699674F
:10A9700096969B6797969F679896A0679996A1670A
:10A980009A96A4679B96A6679C96A9679D96AC67C6
:10A990009E96AE679F96B167A096B267A196B46780
:10A9A000A296B967A396BA67A496BB67A596BC673B
:10A9B000A696BD67A796BE67A896BF67A996C0670B
:10A9C000AA96C267AB96C567AC96C667AD96C767D1
:10A9D000AE96C867AF96C967B096CA67B196CB679F
:10A9E000B296CC67B396CD67B496CE67B596D56769
:10A9F000B696D667B796D767B896DB67B996DF671E
:10AA0000BA96E167BB96E367BC96E467BD96E667D6
:10AA1000BE96E767BF96E867C096EA67C196EB67A0
:10AA2000C296ED67C396EE67C496F267C596F56762
:10AA3000C696F667C796F767C896F867C996F96726
:10AA4000CA96FA67CB96FB67CC96FC67CD96FE67F5
:10AA5000CE960168CF960268D0960368D1960468B6
:10AA6000D2960668D3960D68D4961068D59612686B
:10AA7000D6961468D7961568D8961868D996196826
:10AA8000DA961A68DB961B68DC961C68DD961E68F1
:10AA9000DE961F68DF962068E0962268E1962368BC
:10AAA000E2962468E3962568E4962668E59627688A
:10AAB000E6962868E7962B68E8962C68E9962D6854
:10AAC000EA962E68EB962F68EC963068ED96316822
:10AAD000EE963468EF963568F0963668F1963A68E7
:10AAE000F2963B68F3963F68F4964768F5964B6894
:10AAF000F6964D68F7964F68F8965268F99656683C
:10AB0000FA965768FB965868FC965968FD965A68FD
:10AB1000FE965B6840975C6841975D6842975E6807
:10AB200043975F6844976A6845976C6846976D6875
:10AB300047976E6848976F68499770684A97716839
:10AB40004B9772684C9773684D9775684E97786805
:10AB50004F97796850977A6851977B6852977C68CD
:10AB600053977D6854977E6855977F68569780689D
:10AB70005797826858978468599787685A97886862
:10AB80005B9789685C978A685D978B685E978C682D
:10AB90005F978D6860978E686197906862979168FB
:10ABA00063979268649794686597956866979668C6
:10ABB000679798686897996869979A686A979B6891
:10ABC0006B979C686C979D686D979E686E979F6861
:10ABD0006F97A0687097A1687197A3687297A4682F
:10ABE0007397A5687497A9687597AA687697AB68F4
:10ABF0007797AC687897AE687997B1687A97B268BA
:10AC00007B97B4687C97B6687D97B7687E97B8687D
:10AC10008097B9688197BA688297BB688397BC6848
:10AC20008497BD688597BE688697BF688797C16817
:10AC30008897C3688997C4688A97C5688B97C668E0
:10AC40008C97C7688D97C8688E97CA688F97CC68AD
:10AC50009097CE689197CF689297D0689397D16874
:10AC60009497D3689597D4689697D6689797D7683E
:10AC70009897D9689997DB689A97DC689B97DD6805
:10AC80009C97DE689D97DF689E97E1689F97E268D2
:10AC9000A097E468A197E568A297E668A397E7689C
:10ACA000A497E868A597E968A697EA68A797EB686C
:10ACB000A897EC68A997ED68AA97EF68AB97F26838
:10ACC000AC97F368AD97F468AE97F668AF97F768FE
:10ACD000B097F868B197FB68B297FD68B397FE68C4
:10ACE000B497FF68B5970069B6970269B79703698B
:10ACF000B8970469B9970669BA970769BB97086955
:10AD0000BC970969BD970A69BE970C69BF970F691F
:10AD1000C0971169C1971369C2971469C3971569E0
:10AD2000C4971669C5971769C6971869C7971969AF
:10AD3000C8971A69C9971B69CA971C69CB971D697F
:10AD4000CC971E69CD972169CE972269CF97236949
:10AD5000D0972569D1972669D2972769D397286913
:10AD6000D4972969D5972A69D6972B69D7972C69E3
:10AD7000D8972E69D9972F69DA973169DB973269AD
:10AD8000DC973369DD973569DE973669DF97376978
:10AD9000E0973869E1973A69E2973B69E3973C6944
:10ADA000E4973E69E5974069E6974169E79743690B
:10ADB000E8974469E9974569EA974669EB974769D7
:10ADC000EC974869ED974969EE974A69EF974B69A7
:10ADD000F0974C69F1974D69F2974E69F3974F6977
:10ADE000F4975069F5975169F6975269F797536947
:10ADF000F8975569F9975669FA975869FB97596911
:10AE0000FC975B69FD975C69FE975F694098616993
:10AE10004198626942986469439865694498676992
:10AE2000459868694698696947986A6948986C695D
:10AE300049986D694A986F694B9870694C98726926
:10AE40004D9873694E9874694F98756950987669F2
:10AE500051987A6952987B6953987D6954987E69B4
:10AE600055987F695698816957988369589885697C
:10AE700059988A695A988B695B988C695C988E6935
:10AE80005D988F695E9890695F9891696098926902
:10AE900061989369629896696398976964989969CB
:10AEA00065989A6966989D6967989E6968989F6990
:10AEB0006998A0696A98A1696B98A2696C98A3695E
:10AEC0006D98A4696E98A5696F98A6697098A9692C
:10AED0007198AA697298AC697398AE697498AF69F1
:10AEE0007598B0697698B2697798B3697898B569BA
:10AEF0007998B6697A98B8697B98B9697C98BA6983
:10AF00007D98BC697E98BD698098BE698198BF694B
:10AF10008298C0698398C2698498C3698598C46916
:10AF20008698C5698798C6698898C7698998C869E5
:10AF30008A98C9698B98CB698C98CD698D98CF69AF
:10AF40008E98D1698F98D2699098D3699198D56974
:10AF50009298D6699398D7699498D8699598D96941
:10AF60009698DA699798DC699898DD699998DE690E
:10AF70009A98E1699B98E2699C98E3699D98E469D5
:10AF80009E98E5699F98E669A098E769A198E869A5
:10AF9000A298E969A398EA69A498EB69A598EC6975
:10AFA000A698EE69A798EF69A898F069A998F16941
:10AFB000AA98F369AB98F469AC98F569AD98F6690D
:10AFC000AE98F769AF98F869B098F969B198FA69DD
:10AFD000B298FB69B398FC69B498FE69B598006AA9
:10AFE000B698016AB798026AB898036AB998046A71
:10AFF000BA98056ABB98066ABC98076ABD98086A41
:10B00000BE98096ABF980B6AC0980C6AC1980D6A0D
:10B01000C2980E6AC3980F6AC498106AC598116ADC
:10B02000C698126AC798136AC898146AC998156AAC
:10B03000CA98166ACB98196ACC981A6ACD981B6A76
:10B04000CE981C6ACF981D6AD0981E6AD198206A43
:10B05000D298226AD398236AD498246AD598256A0C
:10B06000D698266AD798276AD898296AD9982B6AD9
:10B07000DA982C6ADB982D6ADC982E6ADD98306AA3
:10B08000DE98326ADF98336AE098346AE198366A6B
:10B09000E298376AE398386AE498396AE5983A6A38
:10B0A000E6983B6AE7983C6AE8983F6AE998406A04
:10B0B000EA98416AEB98426AEC98436AED98456ACF
:10B0C000EE98466AEF98486AF098496AF1984A6A99
:10B0D000F2984B6AF3984C6AF4984D6AF5984E6A68
:10B0E000F6984F6AF798516AF898526AF998536A35
:10B0F000FA98546AFB98556AFC98566AFD98576A04
:10B10000FE985A6A40995C6A41995D6A42995E6A02
:10B1100043995F6A4499606A4599626A4699636A8D
:10B120004799646A4899666A4999676A4A99686A58
:10B130004B99696A4C996A6A4D996B6A4E996C6A27
:10B140004F996D6A50996E6A51996F6A5299706AF7
:10B150005399726A5499736A5599746A5699756AC3
:10B160005799766A5899776A5999786A5A997A6A92
:10B170005B997B6A5C997D6A5D997E6A5E997F6A5C
:10B180005F99816A6099826A6199836A6299856A26
:10B190006399866A6499876A6599886A6699896AF3
:10B1A00067998A6A68998B6A69998C6A6A998D6AC3
:10B1B0006B998F6A6C99926A6D99936A6E99946A89
:10B1C0006F99956A7099966A7199986A7299996A55
:10B1D00073999A6A74999B6A75999C6A76999D6A23
:10B1E00077999E6A78999F6A7999A16A7A99A26AF1
:10B1F0007B99A36A7C99A46A7D99A56A7E99A66ABF
:10B200008099A76A8199A86A8299AA6A8399AD6A86
:10B210008499AE6A8599AF6A8699B06A8799B16A4E
:10B220008899B26A8999B36A8A99B46A8B99B56A1E
:10B230008C99B66A8D99B76A8E99B86A8F99B96AEE
:10B240009099BA6A9199BB6A9299BC6A9399BD6ABE
:10B250009499BE6A9599BF6A9699C06A9799C16A8E
:10B260009899C26A9999C36A9A99C46A9B99C56A5E
:10B270009C99C66A9D99C76A9E99C86A9F99C96A2E
:10B28000A099CA6AA199CB6AA299CC6AA399CD6AFE
:10B29000A499CE6AA599CF6AA699D06AA799D16ACE
:10B2A000A899D26AA999D36AAA99D46AAB99D56A9E
:10B2B000AC99D66AAD99D76AAE99D86AAF99D96A6E
:10B2C000B099DA6AB199DB6AB299DC6AB399DD6A3E
:10B2D000B499DE6AB599DF6AB699E06AB799E16A0E
:10B2E000B899E26AB999E36ABA99E46ABB99E56ADE
:10B2F000BC99E66ABD99E76ABE99E86ABF99E96AAE
:10B30000C099EA6AC199EB6AC299EC6AC399ED6A7D
:10B31000C499EE6AC599EF6AC699F06AC799F16A4D
:10B32000C899F26AC999F36ACA99F46ACB99F56A1D
:10B33000CC99F66ACD99F76ACE99F86ACF99F96AED
:10B34000D099FA6AD199FB6AD299FC6AD399FD6ABD
:10B35000D499FE6AD599FF6AD699006BD799016B8B
:10B36000D899026BD999036BDA99046BDB99056B59
:10B37000DC99066BDD99076BDE99086BDF99096B29
:10B38000E0990A6BE1990B6BE2990C6BE3990D6BF9
:10B39000E4990E6BE5990F6BE699106BE799116BC9
:10B3A000E899126BE999136BEA99146BEB99156B99
:10B3B000EC99166BED99176BEE99186BEF99196B69
:10B3C000F0991A6BF1991B6BF2991C6BF3991D6B39
:10B3D000F4991E6BF5991F6BF699256BF799266BFF
:10B3E000F899286BF999296BFA992A6BFB992B6BC1
:10B3F000FC992C6BFD992D6BFE992E6B409A2F6B4F
:10B40000419A306B429A316B439A336B449A346B56
:10B41000459A356B469A366B479A386B489A3B6B20
:10B42000499A3C6B4A9A3D6B4B9A3F6B4C9A406BE6
:10B430004D9A416B4E9A426B4F9A446B509A456BB2
:10B44000519A486B529A4A6B539A4B6B549A4D6B74
:10B45000559A4E6B569A4F6B579A506B589A516B40
:10B46000599A526B5A9A536B5B9A546B5C9A556B10
:10B470005D9A566B5E9A576B5F9A586B609A5A6BDF
:10B48000619A5B6B629A5C6B639A5D6B649A5E6BAC
:10B49000659A5F6B669A606B679A616B689A686B76
:10B4A000699A696B6A9A6B6B6B9A6C6B6C9A6D6B31
:10B4B0006D9A6E6B6E9A6F6B6F9A706B709A716B00
:10B4C000719A726B729A736B739A746B749A756BD0
:10B4D000759A766B769A776B779A786B789A7A6B9F
:10B4E000799A7D6B7A9A7E6B7B9A7F6B7C9A806B64
:10B4F0007D9A856B7E9A886B809A8C6B819A8E6B15
:10B50000829A8F6B839A906B849A916B859A946BD5
:10B51000869A956B879A976B889A986B899A996B9C
:10B520008A9A9C6B8B9A9D6B8C9A9E6B8D9A9F6B63
:10B530008E9AA06B8F9AA26B909AA36B919AA46B30
:10B54000929AA56B939AA66B949AA76B959AA86BFF
:10B55000969AA96B979AAB6B989AAC6B999AAD6BCC
:10B560009A9AAE6B9B9AAF6B9C9AB06B9D9AB16B9B
:10B570009E9AB26B9F9AB66BA09AB86BA19AB96B60
:10B58000A29ABA6BA39ABB6BA49ABC6BA59ABD6B2B
:10B59000A69ABE6BA79AC06BA89AC36BA99AC46BF4
:10B5A000AA9AC66BAB9AC76BAC9AC86BAD9AC96BBB
:10B5B000AE9ACA6BAF9ACC6BB09ACE6BB19AD06B85
:10B5C000B29AD16BB39AD86BB49ADA6BB59ADC6B3A
:10B5D000B69ADD6BB79ADE6BB89ADF6BB99AE06BFF
:10B5E000BA9AE26BBB9AE36BBC9AE46BBD9AE56BCB
:10B5F000BE9AE66BBF9AE76BC09AE86BC19AE96B9B
:10B60000C29AEC6BC39AED6BC49AEE6BC59AF06B61
:10B61000C69AF16BC79AF26BC89AF46BC99AF66B2B
:10B62000CA9AF76BCB9AF86BCC9AFA6BCD9AFB6BF4
:10B63000CE9AFC6BCF9AFE6BD09AFF6BD19A006CBE
:10B64000D29A016CD39A026CD49A036CD59A046C8A
:10B65000D69A086CD79A096CD89A0A6CD99A0B6C4E
:10B66000DA9A0C6CDB9A0E6CDC9A126CDD9A176C11
:10B67000DE9A1C6CDF9A1D6CE09A1E6CE19A206CBD
:10B68000E29A236CE39A256CE49A2B6CE59A2C6C75
:10B69000E69A2D6CE79A316CE89A336CE99A366C2D
:10B6A000EA9A376CEB9A396CEC9A3A6CED9A3B6CEF
:10B6B000EE9A3C6CEF9A3E6CF09A3F6CF19A436CB8
:10B6C000F29A446CF39A456CF49A486CF59A4B6C78
:10B6D000F69A4C6CF79A4D6CF89A4E6CF99A4F6C3E
:10B6E000FA9A516CFB9A526CFC9A536CFD9A566C08
:10B6F000FE9A586C409B596C419B5A6C429B626C01
:10B70000439B636C449B656C459B666C469B676C76
:10B71000479B6B6C489B6C6C499B6D6C4A9B6E6C39
:10B720004B9B6F6C4C9B716C4D9B736C4E9B756C03
:10B730004F9B776C509B786C519B7A6C529B7B6CC7
:10B74000539B7C6C549B7F6C559B806C569B846C8C
:10B75000579B876C589B8A6C599B8B6C5A9B8D6C42
:10B760005B9B8E6C5C9B916C5D9B926C5E9B956C05
:10B770005F9B966C609B976C619B986C629B9A6CCC
:10B78000639B9C6C649B9D6C659B9E6C669BA06C94
:10B79000679BA26C689BA86C699BAC6C6A9BAF6C46
:10B7A0006B9BB06C6C9BB46C6D9BB56C6E9BB66CFC
:10B7B0006F9BB76C709BBA6C719BC06C729BC16CB9
:10B7C000739BC26C749BC36C759BC66C769BC76C79
:10B7D000779BC86C789BCB6C799BCD6C7A9BCE6C3D
:10B7E0007B9BCF6C7C9BD16C7D9BD26C7E9BD86C01
:10B7F000809BD96C819BDA6C829BDC6C839BDD6CBB
:10B80000849BDF6C859BE46C869BE66C879BE76C76
:10B81000889BE96C899BEC6C8A9BED6C8B9BF26C32
:10B820008C9BF46C8D9BF96C8E9BFF6C8F9B006DD9
:10B83000909B026D919B036D929B056D939B066D92
:10B84000949B086D959B096D969B0A6D979B0D6D5A
:10B85000989B0F6D999B106D9A9B116D9B9B136D1F
:10B860009C9B146D9D9B156D9E9B166D9F9B186DEB
:10B87000A09B1C6DA19B1D6DA29B1F6DA39B206DAA
:10B88000A49B216DA59B226DA69B236DA79B246D78
:10B89000A89B266DA99B286DAA9B296DAB9B2C6D3F
:10B8A000AC9B2D6DAD9B2F6DAE9B306DAF9B346D02
:10B8B000B09B366DB19B376DB29B386DB39B3A6DC3
:10B8C000B49B3F6DB59B406DB69B426DB79B446D7D
:10B8D000B89B496DB99B4C6DBA9B506DBB9B556D28
:10B8E000BC9B566DBD9B576DBE9B586DBF9B5B6DE2
:10B8F000C09B5D6DC19B5F6DC29B616DC39B626DA3
:10B90000C49B646DC59B656DC69B676DC79B686D69
:10B91000C89B6B6DC99B6C6DCA9B6D6DCB9B706D2D
:10B92000CC9B716DCD9B726DCE9B736DCF9B756DF6
:10B93000D09B766DD19B796DD29B7A6DD39B7B6DBD
:10B94000D49B7D6DD59B7E6DD69B7F6DD79B806D87
:10B95000D89B816DD99B836DDA9B846DDB9B866D53
:10B96000DC9B876DDD9B8A6DDE9B8B6DDF9B8D6D18
:10B97000E09B8F6DE19B906DE29B926DE39B966DDA
:10B98000E49B976DE59B986DE69B996DE79B9A6D9F
:10B99000E89B9C6DE99BA26DEA9BA56DEB9BAC6D52
:10B9A000EC9BAD6DED9BB06DEE9BB16DEF9BB36D00
:10B9B000F09BB46DF19BB66DF29BB76DF39BB96DC7
:10B9C000F49BBA6DF59BBB6DF69BBC6DF79BBD6D93
:10B9D000F89BBE6DF99BC16DFA9BC26DFB9BC36D5D
:10B9E000FC9BC86DFD9BC96DFE9BCA6D409CCD6DD7
:10B9F000419CCE6D429CCF6D439CD06D449CD26DDA
:10BA0000459CD36D469CD46D479CD56D489CD76DA5
:10BA1000499CDA6D4A9CDB6D4B9CDC6D4C9CDF6D68
:10BA20004D9CE26D4E9CE36D4F9CE56D509CE76D27
:10BA3000519CE86D529CE96D539CEA6D549CED6DF0
:10BA4000559CEF6D569CF06D579CF26D589CF46DB3
:10BA5000599CF56D5A9CF66D5B9CF86D5C9CFA6D7B
:10BA60005D9CFD6D5E9CFE6D5F9CFF6D609C006E3D
:10BA7000619C016E629C026E639C036E649C046E0A
:10BA8000659C066E669C076E679C086E689C096ED6
:10BA9000699C0B6E6A9C0F6E6B9C126E6C9C136E95
:10BAA0006D9C156E6E9C186E6F9C196E709C1B6E53
:10BAB000719C1C6E729C1E6E739C1F6E749C226E19
:10BAC000759C266E769C276E779C286E789C2A6ED5
:10BAD000799C2C6E7A9C2E6E7B9C306E7C9C316E99
:10BAE0007D9C336E7E9C356E809C366E819C376E5D
:10BAF000829C396E839C3B6E849C3C6E859C3D6E23
:10BB0000869C3E6E879C3F6E889C406E899C416EF1
:10BB10008A9C426E8B9C456E8C9C466E8D9C476EBB
:10BB20008E9C486E8F9C496E909C4A6E919C4B6E89
:10BB3000929C4C6E939C4F6E949C506E959C516E53
:10BB4000969C526E979C556E989C576E999C596E18
:10BB50009A9C5A6E9B9C5C6E9C9C5D6E9D9C5E6EDE
:10BB60009E9C606E9F9C616EA09C626EA19C636EA9
:10BB7000A29C646EA39C656EA49C666EA59C676E79
:10BB8000A69C686EA79C696EA89C6A6EA99C6C6E48
:10BB9000AA9C6D6EAB9C6F6EAC9C706EAD9C716E12
:10BBA000AE9C726EAF9C736EB09C746EB19C756EE1
:10BBB000B29C766EB39C776EB49C786EB59C796EB1
:10BBC000B69C7A6EB79C7B6EB89C7C6EB99C7D6E81
:10BBD000BA9C806EBB9C816EBC9C826EBD9C846E48
:10BBE000BE9C876EBF9C886EC09C8A6EC19C8B6E0B
:10BBF000C29C8C6EC39C8D6EC49C8E6EC59C916ED7
:10BC0000C69C926EC79C936EC89C946EC99C956EA0
:10BC1000CA9C966ECB9C976ECC9C996ECD9C9A6E6E
:10BC2000CE9C9B6ECF9C9D6ED09C9E6ED19CA06E38
:10BC3000D29CA16ED39CA36ED49CA46ED59CA66E00
:10BC4000D69CA86ED79CA96ED89CAB6ED99CAC6EC6
:10BC5000DA9CAD6EDB9CAE6EDC9CB06EDD9CB36E90
:10BC6000DE9CB56EDF9CB86EE09CB96EE19CBC6E4C
:10BC7000E29CBE6EE39CBF6EE49CC06EE59CC36E0E
:10BC8000E69CC46EE79CC56EE89CC66EE99CC86ED7
:10BC9000EA9CC96EEB9CCA6EEC9CCC6EED9CCD6EA2
:10BCA000EE9CCE6EEF9CD06EF09CD26EF19CD66E68
:10BCB000F29CD86EF39CD96EF49CDB6EF59CDC6E26
:10BCC000F69CDD6EF79CE36EF89CE76EF99CEA6EDD
:10BCD000FA9CEB6EFB9CEC6EFC9CED6EFD9CEE6E9C
:10BCE000FE9CEF6E409DF06E419DF16E429DF26EA6
:10BCF000439DF36E449DF56E459DF66E469DF76E31
:10BD0000479DF86E489DFA6E499DFB6E4A9DFC6EFC
:10BD10004B9DFD6E4C9DFE6E4D9DFF6E4E9D006FCA
:10BD20004F9D016F509D036F519D046F529D056F94
:10BD3000539D076F549D086F559D0A6F569D0B6F5D
:10BD4000579D0C6F589D0D6F599D0E6F5A9D106F2A
:10BD50005B9D116F5C9D126F5D9D166F5E9D176FF1
:10BD60005F9D186F609D196F619D1A6F629D1B6FBB
:10BD7000639D1C6F649D1D6F659D1E6F669D1F6F8B
:10BD8000679D216F689D226F699D236F6A9D256F56
:10BD90006B9D266F6C9D276F6D9D286F6E9D2C6F20
:10BDA0006F9D2E6F709D306F719D326F729D346FDD
:10BDB000739D356F749D376F759D386F769D396FA4
:10BDC000779D3A6F789D3B6F799D3C6F7A9D3D6F73
:10BDD0007B9D3F6F7C9D406F7D9D416F7E9D426F3F
:10BDE000809D436F819D446F829D456F839D486F09
:10BDF000849D496F859D4A6F869D4C6F879D4E6FD0
:10BE0000889D4F6F899D506F8A9D516F8B9D526F9A
:10BE10008C9D536F8D9D546F8E9D556F8F9D566F6A
:10BE2000909D576F919D596F929D5A6F939D5B6F37
:10BE3000949D5D6F959D5F6F969D606F979D616FFF
:10BE4000989D636F999D646F9A9D656F9B9D676FC9
:10BE50009C9D686F9D9D696F9E9D6A6F9F9D6B6F96
:10BE6000A09D6C6FA19D6F6FA29D706FA39D716F60
:10BE7000A49D736FA59D756FA69D766FA79D776F27
:10BE8000A89D796FA99D7B6FAA9D7D6FAB9D7E6FED
:10BE9000AC9D7F6FAD9D806FAE9D816FAF9D826FBA
:10BEA000B09D836FB19D856FB29D866FB39D876F87
:10BEB000B49D8A6FB59D8B6FB69D8F6FB79D906F48
:10BEC000B89D916FB99D926FBA9D936FBB9D946F12
:10BED000BC9D956FBD9D966FBE9D976FBF9D986FE2
:10BEE000C09D996FC19D9A6FC29D9B6FC39D9D6FB1
:10BEF000C49D9E6FC59D9F6FC69DA06FC79DA26F7D
:10BF0000C89DA36FC99DA46FCA9DA56FCB9DA66F49
:10BF1000CC9DA86FCD9DA96FCE9DAA6FCF9DAB6F15
:10BF2000D09DAC6FD19DAD6FD29DAE6FD39DAF6FE5
:10BF3000D49DB06FD59DB16FD69DB26FD79DB46FB4
:10BF4000D89DB56FD99DB76FDA9DB86FDB9DBA6F7D
:10BF5000DC9DBB6FDD9DBC6FDE9DBD6FDF9DBE6F49
:10BF6000E09DBF6FE19DC16FE29DC36FE39DC46F14
:10BF7000E49DC56FE59DC66FE69DC76FE79DC86FE1
:10BF8000E89DCA6FE99DCB6FEA9DCC6FEB9DCD6FAD
:10BF9000EC9DCE6FED9DCF6FEE9DD06FEF9DD36F7B
:10BFA000F09DD46FF19DD56FF29DD66FF39DD76F45
:10BFB000F49DD86FF59DD96FF69DDA6FF79DDB6F15
:10BFC000F89DDC6FF99DDD6FFA9DDF6FFB9DE26FE1
:10BFD000FC9DE36FFD9DE46FFE9DE56F409EE66F67
:10BFE000419EE76F429EE86F439EE96F449EEA6F71
:10BFF000459EEB6F469EEC6F479EED6F489EF06F3F
:10C00000499EF16F4A9EF26F4B9EF36F4C9EF46F08
:10C010004D9EF56F4E9EF66F4F9EF76F509EF86FD8
:10C02000519EF96F529EFA6F539EFB6F549EFC6FA8
:10C03000559EFD6F569EFE6F579EFF6F589E007077
:10C04000599E01705A9E02705B9E03705C9E047044
:10C050005D9E05705E9E06705F9E0770609E087014
:10C06000619E0970629E0A70639E0B70649E0C70E4
:10C07000659E0D70669E0E70679E0F70689E1070B4
:10C08000699E12706A9E13706B9E14706C9E157080
:10C090006D9E16706E9E17706F9E1870709E197050
:10C0A000719E1C70729E1D70739E1E70749E1F7018
:10C0B000759E2070769E2170779E2270789E2470E7
:10C0C000799E25707A9E26707B9E27707C9E2870B4
:10C0D0007D9E29707E9E2A70809E2B70819E2C7082
:10C0E000829E2D70839E2E70849E2F70859E307050
:10C0F000869E3170879E3270889E3370899E347020
:10C100008A9E36708B9E37708C9E38708D9E3A70EA
:10C110008E9E3B708F9E3C70909E3D70919E3E70B7
:10C12000929E3F70939E4070949E4170959E427087
:10C13000969E4370979E4470989E4570999E467057
:10C140009A9E47709B9E48709C9E49709D9E4A7027
:10C150009E9E4B709F9E4D70A09E4E70A19E5070F3
:10C16000A29E5170A39E5270A49E5370A59E5470BF
:10C17000A69E5570A79E5670A89E5770A99E58708F
:10C18000AA9E5970AB9E5A70AC9E5B70AD9E5C705F
:10C19000AE9E5D70AF9E5F70B09E6070B19E61702C
:10C1A000B29E6270B39E6370B49E6470B59E6570FB
:10C1B000B69E6670B79E6770B89E6870B99E6970CB
:10C1C000BA9E6A70BB9E6E70BC9E7170BD9E72708E
:10C1D000BE9E7370BF9E7470C09E7770C19E797052
:10C1E000C29E7A70C39E7B70C49E7D70C59E817016
:10C1F000C69E8270C79E8370C89E8470C99E8670DA
:10C20000CA9E8770CB9E8870CC9E8B70CD9E8C70A2
:10C21000CE9E8D70CF9E8F70D09E9070D19E91706B
:10C22000D29E9370D39E9770D49E9870D59E9A702C
:10C23000D69E9B70D79E9E70D89E9F70D99EA070F0
:10C24000DA9EA170DB9EA270DC9EA370DD9EA470BE
:10C25000DE9EA570DF9EA670E09EA770E19EA8708E
:10C26000E29EA970E39EAA70E49EB070E59EB27053
:10C27000E69EB470E79EB570E89EB670E99EBA700F
:10C28000EA9EBE70EB9EBF70EC9EC470ED9EC570C2
:10C29000EE9EC670EF9EC770F09EC970F19ECB7087
:10C2A000F29ECC70F39ECD70F49ECE70F59ECF7052
:10C2B000F69ED070F79ED170F89ED270F99ED37022
:10C2C000FA9ED470FB9ED570FC9ED670FD9ED770F2
:10C2D000FE9EDA70409FDC70419FDD70429FDE70F1
:10C2E000439FE070449FE170459FE270469FE3707A
:10C2F000479FE570489FEA70499FEE704A9FF07033
:10C300004B9FF1704C9FF2704D9FF3704E9FF470F5
:10C310004F9FF570509FF670519FF870529FFA70C2
:10C32000539FFB70549FFC70559FFE70569FFF708B
:10C33000579F0071589F0171599F02715A9F037155
:10C340005B9F04715C9F05715D9F06715E9F077125
:10C350005F9F0871609F0B71619F0C71629F0D71EF
:10C36000639F0E71649F0F71659F1171669F1271BB
:10C37000679F1471689F1771699F1B716A9F1C7179
:10C380006B9F1D716C9F1E716D9F1F716E9F207141
:10C390006F9F2171709F2271719F2371729F247111
:10C3A000739F2571749F2771759F2871769F2971DE
:10C3B000779F2A71789F2B71799F2C717A9F2D71AD
:10C3C0007B9F2E717C9F32717D9F33717E9F347174
:10C3D000809F3571819F3771829F3871839F39713A
:10C3E000849F3A71859F3B71869F3C71879F3D7109
:10C3F000889F3E71899F3F718A9F40718B9F4171D9
:10C400008C9F42718D9F43718E9F44718F9F4671A7
:10C41000909F4771919F4871929F4971939F4B7173
:10C42000949F4D71959F4F71969F5071979F517139
:10C43000989F5271999F53719A9F54719B9F557108
:10C440009C9F56719D9F57719E9F58719F9F5971D8
:10C45000A09F5A71A19F5B71A29F5D71A39F5F71A5
:10C46000A49F6071A59F6171A69F6271A79F637170
:10C47000A89F6571A99F6971AA9F6A71AB9F6B7133
:10C48000AC9F6C71AD9F6D71AE9F6F71AF9F7071FE
:10C49000B09F7171B19F7471B29F7571B39F7671C6
:10C4A000B49F7771B59F7971B69F7B71B79F7C718F
:10C4B000B89F7E71B99F7F71BA9F8071BB9F817158
:10C4C000BC9F8271BD9F8371BE9F8571BF9F867126
:10C4D000C09F8771C19F8871C29F8971C39F8B71F3
:10C4E000C49F8C71C59F8D71C69F8E71C79F9071BF
:10C4F000C89F9171C99F9271CA9F9371CB9F95718B
:10C50000CC9F9671CD9F9771CE9F9A71CF9F9B7153
:10C51000D09F9C71D19F9D71D29F9E71D39FA1711D
:10C52000D49FA271D59FA371D69FA471D79FA571E7
:10C53000D89FA671D99FA771DA9FA971DB9FAA71B5
:10C54000DC9FAB71DD9FAD71DE9FAE71DF9FAF7180
:10C55000E09FB071E19FB171E29FB271E39FB4714E
:10C56000E49FB671E59FB771E69FB871E79FBA7116
:10C57000E89FBB71E99FBC71EA9FBD71EB9FBE71E3
:10C58000EC9FBF71ED9FC071EE9FC171EF9FC271B3
:10C59000F09FC471F19FC571F29FC671F39FC7717F
:10C5A000F49FC871F59FC971F69FCA71F79FCB714F
:10C5B000F89FCC71F99FCD71FA9FCF71FB9FD0711D
:10C5C000FC9FD171FD9FD271FE9FD37140A0D671A7
:10C5D00041A0D77142A0D87143A0D97144A0DA71AB
:10C5E00045A0DB7146A0DC7147A0DD7148A0DE717B
:10C5F00049A0DF714AA0E1714BA0E2714CA0E37148
:10C600004DA0E4714EA0E6714FA0E87150A0E97111
:10C6100051A0EA7152A0EB7153A0EC7154A0ED71DE
:10C6200055A0EF7156A0F07157A0F17158A0F271AA
:10C6300059A0F3715AA0F4715BA0F5715CA0F6717A
:10C640005DA0F7715EA0F8715FA0FA7160A0FB7148
:10C6500061A0FC7162A0FD7163A0FE7164A0FF7116
:10C6600065A0007266A0017267A0027268A00372E2
:10C6700069A004726AA005726BA007726CA00872B0
:10C680006DA009726EA00A726FA00B7270A00C727E
:10C6900071A00D7272A00E7273A00F7274A010724E
:10C6A00075A0117276A0127277A0137278A014721E
:10C6B00079A015727AA016727BA017727CA01872EE
:10C6C0007DA019727EA01A7280A01B7281A01C72BC
:10C6D00082A01E7283A01F7284A0207285A0217286
:10C6E00086A0227287A0237288A0247289A0257256
:10C6F0008AA026728BA027728CA029728DA02B7223
:10C700008EA02D728FA02E7290A02F7291A03272E7
:10C7100092A0337293A0347294A03A7295A03C72A6
:10C7200096A03E7297A0407298A0417299A0427262
:10C730009AA043729BA044729CA045729DA0467231
:10C740009EA049729FA04A72A0A04B72A1A04E72F7
:10C75000A2A04F72A3A05072A4A05172A5A05372C0
:10C76000A6A05472A7A05572A8A05772A9A058728B
:10C77000AAA05A72ABA05C72ACA05E72ADA060724F
:10C78000AEA06372AFA06472B0A06572B1A068720F
:10C79000B2A06A72B3A06B72B4A06C72B5A06D72D5
:10C7A000B6A07072B7A07172B8A07372B9A074729B
:10C7B000BAA07672BBA07772BCA07872BDA07B7263
:10C7C000BEA07C72BFA07D72C0A08272C1A0837225
:10C7D000C2A08572C3A08672C4A08772C5A08872E9
:10C7E000C6A08972C7A08C72C8A08E72C9A09072B0
:10C7F000CAA09172CBA09372CCA09472CDA0957276
:10C80000CEA09672CFA09772D0A09872D1A0997244
:10C81000D2A09A72D3A09B72D4A09C72D5A09D7214
:10C82000D6A09E72D7A0A072D8A0A172D9A0A272E1
:10C83000DAA0A372DBA0A472DCA0A572DDA0A672B0
:10C84000DEA0A772DFA0A872E0A0A972E1A0AA7280
:10C85000E2A0AB72E3A0AE72E4A0B172E5A0B27246
:10C86000E6A0B372E7A0B572E8A0BA72E9A0BB7205
:10C87000EAA0BC72EBA0BD72ECA0BE72EDA0BF72CC
:10C88000EEA0C072EFA0C572F0A0C672F1A0C77290
:10C89000F2A0C972F3A0CA72F4A0CB72F5A0CC7258
:10C8A000F6A0CF72F7A0D172F8A0D372F9A0D4721B
:10C8B000FAA0D572FBA0D672FCA0D872FDA0DA72E5
:10C8C000FEA0DB72A1A10030A2A10130A3A1023021
:10C8D000A4A1B700A5A1C902A6A1C702A7A1A8004B
:10C8E000A8A10330A9A10530AAA11420ABA15EFF25
:10C8F000ACA11620ADA12620AEA11820AFA1192011
:10C90000B0A11C20B1A11D20B2A11430B3A11530DB
:10C91000B4A10830B5A10930B6A10A30B7A10B30D7
:10C92000B8A10C30B9A10D30BAA10E30BBA10F30A7
:10C93000BCA11630BDA11730BEA11030BFA111306F
:10C94000C0A1B100C1A1D700C2A1F700C3A1362286
:10C95000C4A12722C5A12822C6A11122C7A10F2246
:10C96000C8A12A22C9A12922CAA10822CBA1372203
:10C97000CCA11A22CDA1A522CEA12522CFA1202271
:10C98000D0A11223D1A19922D2A12B22D3A12E2250
:10C99000D4A16122D5A14C22D6A14822D7A13D2203
:10C9A000D8A11D22D9A16022DAA16E22DBA16F22BB
:10C9B000DCA16422DDA16522DEA11E22DFA13522D9
:10C9C000E0A13422E1A14226E2A14026E3A1B00089
:10C9D000E4A13220E5A13320E6A10321E7A104FF71
:10C9E000E8A1A400E9A1E0FFEAA1E1FFEBA130206A
:10C9F000ECA1A700EDA11621EEA10626EFA10526C8
:10CA0000F0A1CB25F1A1CF25F2A1CE25F3A1C72519
:10CA1000F4A1C625F5A1A125F6A1A025F7A1B3256E
:10CA2000F8A1B225F9A13B20FAA19221FBA1902106
:10CA3000FCA19121FDA19321FEA11330A1A270219F
:10CA4000A2A27121A3A27221A4A27321A5A2742182
:10CA5000A6A27521A7A27621A8A27721A9A2782152
:10CA6000AAA27921B1A28824B2A28924B3A28A24DD
:10CA7000B4A28B24B5A28C24B6A28D24B7A28E2496
:10CA8000B8A28F24B9A29024BAA29124BBA2922466
:10CA9000BCA29324BDA29424BEA29524BFA2962436
:10CAA000C0A29724C1A29824C2A29924C3A29A2406
:10CAB000C4A29B24C5A27424C6A27524C7A276244E
:10CAC000C8A27724C9A27824CAA27924CBA27A2446
:10CAD000CCA27B24CDA27C24CEA27D24CFA27E2416
:10CAE000D0A27F24D1A28024D2A28124D3A28224E6
:10CAF000D4A28324D5A28424D6A28524D7A28624B6
:10CB0000D8A28724D9A26024DAA26124DBA26224FD
:10CB1000DCA26324DDA26424DEA26524DFA26624F5
:10CB2000E0A26724E1A26824E2A26924E5A22032FF
:10CB3000E6A22132E7A22232E8A22332E9A224327D
:10CB4000EAA22532EBA22632ECA22732EDA228324D
:10CB5000EEA22932F1A26021F2A26121F3A26221A8
:10CB6000F4A26321F5A26421F6A26521F7A2662151
:10CB7000F8A26721F9A26821FAA26921FBA26A2121
:10CB8000FCA26B21A1A301FFA2A302FFA3A303FFA9
:10CB9000A4A3E5FFA5A305FFA6A306FFA7A307FF80
:10CBA000A8A308FFA9A309FFAAA30AFFABA30BFF31
:10CBB000ACA30CFFADA30DFFAEA30EFFAFA30FFF01
:10CBC000B0A310FFB1A311FFB2A312FFB3A313FFD1
:10CBD000B4A314FFB5A315FFB6A316FFB7A317FFA1
:10CBE000B8A318FFB9A319FFBAA31AFFBBA31BFF71
:10CBF000BCA31CFFBDA31DFFBEA31EFFBFA31FFF41
:10CC0000C0A320FFC1A321FFC2A322FFC3A323FF10
:10CC1000C4A324FFC5A325FFC6A326FFC7A327FFE0
:10CC2000C8A328FFC9A329FFCAA32AFFCBA32BFFB0
:10CC3000CCA32CFFCDA32DFFCEA32EFFCFA32FFF80
:10CC4000D0A330FFD1A331FFD2A332FFD3A333FF50
:10CC5000D4A334FFD5A335FFD6A336FFD7A337FF20
:10CC6000D8A338FFD9A339FFDAA33AFFDBA33BFFF0
:10CC7000DCA33CFFDDA33DFFDEA33EFFDFA33FFFC0
:10CC8000E0A340FFE1A341FFE2A342FFE3A343FF90
:10CC9000E4A344FFE5A345FFE6A346FFE7A347FF60
:10CCA000E8A348FFE9A349FFEAA34AFFEBA34BFF30
:10CCB000ECA34CFFEDA34DFFEEA34EFFEFA34FFF00
:10CCC000F0A350FFF1A351FFF2A352FFF3A353FFD0
:10CCD000F4A354FFF5A355FFF6A356FFF7A357FFA0
:10CCE000F8A358FFF9A359FFFAA35AFFFBA35BFF70
:10CCF000FCA35CFFFDA35DFFFEA3E3FFA1A4413005
:10CD0000A2A44230A3A44330A4A44430A5A4453037
:10CD1000A6A44630A7A44730A8A44830A9A4493007
:10CD2000AAA44A30ABA44B30ACA44C30ADA44D30D7
:10CD3000AEA44E30AFA44F30B0A45030B1A45130A7
:10CD4000B2A45230B3A45330B4A45430B5A4553077
:10CD5000B6A45630B7A45730B8A45830B9A4593047
:10CD6000BAA45A30BBA45B30BCA45C30BDA45D3017
:10CD7000BEA45E30BFA45F30C0A46030C1A46130E7
:10CD8000C2A46230C3A46330C4A46430C5A46530B7
:10CD9000C6A46630C7A46730C8A46830C9A4693087
:10CDA000CAA46A30CBA46B30CCA46C30CDA46D3057
:10CDB000CEA46E30CFA46F30D0A47030D1A4713027
:10CDC000D2A47230D3A47330D4A47430D5A47530F7
:10CDD000D6A47630D7A47730D8A47830D9A47930C7
:10CDE000DAA47A30DBA47B30DCA47C30DDA47D3097
:10CDF000DEA47E30DFA47F30E0A48030E1A4813067
:10CE0000E2A48230E3A48330E4A48430E5A4853036
:10CE1000E6A48630E7A48730E8A48830E9A4893006
:10CE2000EAA48A30EBA48B30ECA48C30EDA48D30D6
:10CE3000EEA48E30EFA48F30F0A49030F1A49130A6
:10CE4000F2A49230F3A49330A1A5A130A2A5A23000
:10CE5000A3A5A330A4A5A430A5A5A530A6A5A6305A
:10CE6000A7A5A730A8A5A830A9A5A930AAA5AA302A
:10CE7000ABA5AB30ACA5AC30ADA5AD30AEA5AE30FA
:10CE8000AFA5AF30B0A5B030B1A5B130B2A5B230CA
:10CE9000B3A5B330B4A5B430B5A5B530B6A5B6309A
:10CEA000B7A5B730B8A5B830B9A5B930BAA5BA306A
:10CEB000BBA5BB30BCA5BC30BDA5BD30BEA5BE303A
:10CEC000BFA5BF30C0A5C030C1A5C130C2A5C2300A
:10CED000C3A5C330C4A5C430C5A5C530C6A5C630DA
:10CEE000C7A5C730C8A5C830C9A5C930CAA5CA30AA
:10CEF000CBA5CB30CCA5CC30CDA5CD30CEA5CE307A
:10CF0000CFA5CF30D0A5D030D1A5D130D2A5D23049
:10CF1000D3A5D330D4A5D430D5A5D530D6A5D63019
:10CF2000D7A5D730D8A5D830D9A5D930DAA5DA30E9
:10CF3000DBA5DB30DCA5DC30DDA5DD30DEA5DE30B9
:10CF4000DFA5DF30E0A5E030E1A5E130E2A5E23089
:10CF5000E3A5E330E4A5E430E5A5E530E6A5E63059
:10CF6000E7A5E730E8A5E830E9A5E930EAA5EA3029
:10CF7000EBA5EB30ECA5EC30EDA5ED30EEA5EE30F9
:10CF8000EFA5EF30F0A5F030F1A5F130F2A5F230C9
:10CF9000F3A5F330F4A5F430F5A5F530F6A5F63099
:10CFA000A1A69103A2A69203A3A69303A4A6940309
:10CFB000A5A69503A6A69603A7A69703A8A69803D9
:10CFC000A9A69903AAA69A03ABA69B03ACA69C03A9
:10CFD000ADA69D03AEA69E03AFA69F03B0A6A00379
:10CFE000B1A6A103B2A6A303B3A6A403B4A6A50346
:10CFF000B5A6A603B6A6A703B7A6A803B8A6A90315
:10D00000C1A6B103C2A6B203C3A6B303C4A6B403A8
:10D01000C5A6B503C6A6B603C7A6B703C8A6B80378
:10D02000C9A6B903CAA6BA03CBA6BB03CCA6BC0348
:10D03000CDA6BD03CEA6BE03CFA6BF03D0A6C00318
:10D04000D1A6C103D2A6C303D3A6C403D4A6C503E5
:10D05000D5A6C603D6A6C703D7A6C803D8A6C903B4
:10D06000E0A635FEE1A636FEE2A639FEE3A63AFECC
:10D07000E4A63FFEE5A640FEE6A63DFEE7A63EFE90
:10D08000E8A641FEE9A642FEEAA643FEEBA644FE60
:10D09000EEA63BFEEFA63CFEF0A637FEF1A638FE5C
:10D0A000F2A631FEF4A633FEF5A634FEA1A71004C5
:10D0B000A2A71104A3A71204A4A71304A5A71404EC
:10D0C000A6A71504A7A70104A8A71604A9A71704D3
:10D0D000AAA71804ABA71904ACA71A04ADA71B0490
:10D0E000AEA71C04AFA71D04B0A71E04B1A71F0460
:10D0F000B2A72004B3A72104B4A72204B5A7230430
:10D10000B6A72404B7A72504B8A72604B9A72704FF
:10D11000BAA72804BBA72904BCA72A04BDA72B04CF
:10D12000BEA72C04BFA72D04C0A72E04C1A72F049F
:10D13000D1A73004D2A73104D3A73204D4A7330433
:10D14000D5A73404D6A73504D7A75104D8A73604E9
:10D15000D9A73704DAA73804DBA73904DCA73A04D7
:10D16000DDA73B04DEA73C04DFA73D04E0A73E04A7
:10D17000E1A73F04E2A74004E3A74104E4A7420477
:10D18000E5A74304E6A74404E7A74504E8A7460447
:10D19000E9A74704EAA74804EBA74904ECA74A0417
:10D1A000EDA74B04EEA74C04EFA74D04F0A74E04E7
:10D1B000F1A74F0440A8CA0241A8CB0242A8D90255
:10D1C00043A8132044A8152045A8252046A83520AB
:10D1D00047A8052148A8092149A896214AA89721CE
:10D1E0004BA898214CA899214DA815224EA81F2282
:10D1F0004FA8232250A8522251A8662252A8672283
:10D2000053A8BF2254A8502555A8512556A85225E9
:10D2100057A8532558A8542559A855255AA8562526
:10D220005BA857255CA858255DA859255EA85A25F6
:10D230005FA85B2560A85C2561A85D2562A85E25C6
:10D2400063A85F2564A8602565A8612566A8622596
:10D2500067A8632568A8642569A865256AA8662566
:10D260006BA867256CA868256DA869256EA86A2536
:10D270006FA86B2570A86C2571A86D2572A86E2506
:10D2800073A86F2574A8702575A8712576A87225D6
:10D2900077A8732578A8812579A882257AA883257F
:10D2A0007BA884257CA885257DA886257EA8872542
:10D2B00080A8882581A8892582A88A2583A88B250E
:10D2C00084A88C2585A88D2586A88E2587A88F25DE
:10D2D00088A8932589A894258AA895258BA8BC257C
:10D2E0008CA8BD258DA8E2258EA8E3258FA8E4256E
:10D2F00090A8E52591A8092692A8952293A8123016
:10D3000094A81D3095A81E30A1A80101A2A8E10093
:10D31000A3A8CE01A4A8E000A5A81301A6A8E9002F
:10D32000A7A81B01A8A8E800A9A82B01AAA8ED009E
:10D33000ABA8D001ACA8EC00ADA84D01AEA8F3009D
:10D34000AFA8D201B0A8F200B1A86B01B2A8FA0050
:10D35000B3A8D401B4A8F900B5A8D601B6A8D801DD
:10D36000B7A8DA01B8A8DC01B9A8FC00BAA8EA009D
:10D37000BBA85102BDA84401BEA84801C0A86102D3
:10D38000C5A80531C6A80631C7A80731C8A8083105
:10D39000C9A80931CAA80A31CBA80B31CCA80C31D5
:10D3A000CDA80D31CEA80E31CFA80F31D0A81031A5
:10D3B000D1A81131D2A81231D3A81331D4A8143175
:10D3C000D5A81531D6A81631D7A81731D8A8183145
:10D3D000D9A81931DAA81A31DBA81B31DCA81C3115
:10D3E000DDA81D31DEA81E31DFA81F31E0A82031E5
:10D3F000E1A82131E2A82231E3A82331E4A82431B5
:10D40000E5A82531E6A82631E7A82731E8A8283184
:10D41000E9A8293140A9213041A9223042A923306D
:10D4200043A9243044A9253045A9263046A92730F0
:10D4300047A9283048A9293049A9A3324AA98E33DF
:10D440004BA98F334CA99C334DA99D334EA99E33D4
:10D450004FA9A13350A9C43351A9CE3352A9D13316
:10D4600053A9D23354A9D53355A930FE56A9E2FFAA
:10D4700057A9E4FF59A921215AA931325CA91020EA
:10D4800060A9FC3061A99B3062A99C3063A9FD3082
:10D4900064A9FE3065A9063066A99D3067A99E3053
:10D4A00068A949FE69A94AFE6AA94BFE6BA94CFE10
:10D4B0006CA94DFE6DA94EFE6EA94FFE6FA950FEE0
:10D4C00070A951FE71A952FE72A954FE73A955FEAE
:10D4D00074A956FE75A957FE76A959FE77A95AFE7A
:10D4E00078A95BFE79A95CFE7AA95DFE7BA95EFE48
:10D4F0007CA95FFE7DA960FE7EA961FE80A962FE17
:10D5000081A963FE82A964FE83A965FE84A966FEE3
:10D5100085A968FE86A969FE87A96AFE88A96BFEAF
:10D5200096A90730A4A90025A5A90125A6A9022529
:10D53000A7A90325A8A90425A9A90525AAA90625FF
:10D54000ABA90725ACA90825ADA90925AEA90A25CF
:10D55000AFA90B25B0A90C25B1A90D25B2A90E259F
:10D56000B3A90F25B4A91025B5A91125B6A912256F
:10D57000B7A91325B8A91425B9A91525BAA916253F
:10D58000BBA91725BCA91825BDA91925BEA91A250F
:10D59000BFA91B25C0A91C25C1A91D25C2A91E25DF
:10D5A000C3A91F25C4A92025C5A92125C6A92225AF
:10D5B000C7A92325C8A92425C9A92525CAA926257F
:10D5C000CBA92725CCA92825CDA92925CEA92A254F
:10D5D000CFA92B25D0A92C25D1A92D25D2A92E251F
:10D5E000D3A92F25D4A93025D5A93125D6A93225EF
:10D5F000D7A93325D8A93425D9A93525DAA93625BF
:10D60000DBA93725DCA93825DDA93925DEA93A258E
:10D61000DFA93B25E0A93C25E1A93D25E2A93E255E
:10D62000E3A93F25E4A94025E5A94125E6A942252E
:10D63000E7A94325E8A94425E9A94525EAA94625FE
:10D64000EBA94725ECA94825EDA94925EEA94A25CE
:10D65000EFA94B2540AADC7241AADD7242AADF7213
:10D6600043AAE27244AAE37245AAE47246AAE572AA
:10D6700047AAE67248AAE77249AAEA724AAAEB7276
:10D680004BAAF5724CAAF6724DAAF9724EAAFD7217
:10D690004FAAFE7250AAFF7251AA007352AA0273D7
:10D6A00053AA047354AA057355AA067356AA07739E
:10D6B00057AA087358AA097359AA0B735AAA0C736C
:10D6C0005BAA0D735CAA0F735DAA10735EAA117337
:10D6D0005FAA127360AA147361AA187362AA1973FD
:10D6E00063AA1A7364AA1F7365AA207366AA2373B8
:10D6F00067AA247368AA267369AA27736AAA28737B
:10D700006BAA2D736CAA2F736DAA30736EAA327335
:10D710006FAA337370AA357371AA367372AA3A73FB
:10D7200073AA3B7374AA3C7375AA3D7376AA4073BF
:10D7300077AA417378AA427379AA43737AAA447389
:10D740007BAA45737CAA46737DAA47737EAA487359
:10D7500080AA497381AA4A7382AA4B7383AA4C7325
:10D7600084AA4E7385AA4F7386AA517387AA5373EE
:10D7700088AA547389AA55738AAA56738BAA5873B8
:10D780008CAA59738DAA5A738EAA5B738FAA5C7385
:10D7900090AA5D7391AA5E7392AA5F7393AA617354
:10D7A00094AA627395AA637396AA647397AA657321
:10D7B00098AA667399AA67739AAA68739BAA6973F1
:10D7C0009CAA6A739DAA6B739EAA6E739FAA7073BC
:10D7D000A0AA717340AB727341AB737342AB7473A5
:10D7E00043AB757344AB767345AB777346AB7873D5
:10D7F00047AB797348AB7A7349AB7B734AAB7C73A5
:10D800004BAB7D734CAB7F734DAB80734EAB817371
:10D810004FAB827350AB837351AB857352AB86733E
:10D8200053AB887354AB8A7355AB8C7356AB8D7303
:10D8300057AB8F7358AB907359AB92735AAB9373CA
:10D840005BAB94735CAB95735DAB97735EAB987396
:10D850005FAB997360AB9A7361AB9C7362AB9D7362
:10D8600063AB9E7364ABA07365ABA17366ABA3732C
:10D8700067ABA47368ABA57369ABA6736AABA773F8
:10D880006BABA8736CABAA736DABAC736EABAD73C3
:10D890006FABB17370ABB47371ABB57372ABB6737E
:10D8A00073ABB87374ABB97375ABBC7376ABBD7344
:10D8B00077ABBE7378ABBF7379ABC1737AABC3730D
:10D8C0007BABC4737CABC5737DABC6737EABC773D8
:10D8D00080ABCB7381ABCC7382ABCE7383ABD27393
:10D8E00084ABD37385ABD47386ABD57387ABD67358
:10D8F00088ABD77389ABD8738AABDA738BABDB7326
:10D900008CABDC738DABDD738EABDF738FABE173F0
:10D9100090ABE27391ABE37392ABE47393ABE673BA
:10D9200094ABE87395ABEA7396ABEB7397ABEC7380
:10D9300098ABEE7399ABEF739AABF0739BABF1734B
:10D940009CABF3739DABF4739EABF5739FABF67317
:10D95000A0ABF77340ACF87341ACF97342ACFA7307
:10D9600043ACFB7344ACFC7345ACFD7346ACFE7337
:10D9700047ACFF7348AC007449AC01744AAC027404
:10D980004BAC04744CAC07744DAC08744EAC0B74C7
:10D990004FAC0C7450AC0D7451AC0E7452AC11748D
:10D9A00053AC127454AC137455AC147456AC157457
:10D9B00057AC167458AC177459AC18745AAC197427
:10D9C0005BAC1C745CAC1D745DAC1E745EAC1F74EF
:10D9D0005FAC207460AC217461AC237462AC2474BD
:10D9E00063AC277464AC297465AC2B7466AC2D747D
:10D9F00067AC2F7468AC317469AC32746AAC37743C
:10DA00006BAC38746CAC39746DAC3A746EAC3B74FE
:10DA10006FAC3D7470AC3E7471AC3F7472AC4074CA
:10DA200073AC427474AC437475AC447476AC457496
:10DA300077AC467478AC477479AC48747AAC497466
:10DA40007BAC4A747CAC4B747DAC4C747EAC4D7436
:10DA500080AC4E7481AC4F7482AC507483AC517402
:10DA600084AC527485AC537486AC547487AC5674D1
:10DA700088AC587489AC5D748AAC60748BAC61748A
:10DA80008CAC62748DAC63748EAC64748FAC657452
:10DA900090AC667491AC677492AC687493AC697422
:10DAA00094AC6A7495AC6B7496AC6C7497AC6E74F1
:10DAB00098AC6F7499AC71749AAC72749BAC7374BB
:10DAC0009CAC74749DAC75749EAC78749FAC797486
:10DAD000A0AC7A7440AD7B7441AD7C7442AD7D7472
:10DAE00043AD7F7444AD827445AD847446AD857496
:10DAF00047AD867448AD887449AD89744AAD8A745F
:10DB00004BAD8C744CAD8D744DAD8F744EAD917426
:10DB10004FAD927450AD937451AD947452AD9574F1
:10DB200053AD967454AD977455AD987456AD9974C1
:10DB300057AD9A7458AD9B7459AD9D745AAD9F748E
:10DB40005BADA0745CADA1745DADA2745EADA37459
:10DB50005FADA47460ADA57461ADA67462ADAA7426
:10DB600063ADAB7464ADAC7465ADAD7466ADAE74ED
:10DB700067ADAF7468ADB07469ADB1746AADB274BD
:10DB80006BADB3746CADB4746DADB5746EADB6748D
:10DB90006FADB77470ADB87471ADB97472ADBB745C
:10DBA00073ADBC7474ADBD7475ADBE7476ADBF7429
:10DBB00077ADC07478ADC17479ADC2747AADC374F9
:10DBC0007BADC4747CADC5747DADC6747EADC774C9
:10DBD00080ADC87481ADC97482ADCA7483ADCB7495
:10DBE00084ADCC7485ADCD7486ADCE7487ADCF7465
:10DBF00088ADD07489ADD1748AADD3748BADD47433
:10DC00008CADD5748DADD6748EADD7748FADD87400
:10DC100090ADD97491ADDA7492ADDB7493ADDD74CF
:10DC200094ADDF7495ADE17496ADE57497ADE7748E
:10DC300098ADE87499ADE9749AADEA749BADEB7454
:10DC40009CADEC749DADED749EADF0749FADF17420
:10DC5000A0ADF27440AEF37441AEF57442AEF87408
:10DC600043AEF97444AEFA7445AEFB7446AEFC7430
:10DC700047AEFD7448AEFE7449AE00754AAE0175FC
:10DC80004BAE02754CAE03754DAE05754EAE0675C6
:10DC90004FAE077550AE087551AE097552AE0A7594
:10DCA00053AE0B7554AE0C7555AE0E7556AE107561
:10DCB00057AE127558AE147559AE15755AAE167525
:10DCC0005BAE17755CAE1B755DAE1D755EAE1E75E9
:10DCD0005FAE207560AE217561AE227562AE2375B0
:10DCE00063AE247564AE267565AE277566AE2A757B
:10DCF00067AE2E7568AE347569AE36756AAE397525
:10DD00006BAE3C756CAE3D756DAE3F756EAE4175DC
:10DD10006FAE427570AE437571AE447572AE4675A6
:10DD200073AE477574AE497575AE4A7576AE4D756E
:10DD300077AE507578AE517579AE52757AAE53752F
:10DD40007BAE55757CAE56757DAE57757EAE5875FB
:10DD500080AE5D7581AE5E7582AE5F7583AE6075B7
:10DD600084AE617585AE627586AE637587AE647587
:10DD700088AE677589AE68758AAE69758BAE6B754E
:10DD80008CAE6C758DAE6D758EAE6E758FAE6F751B
:10DD900090AE707591AE717592AE737593AE7575E8
:10DDA00094AE767595AE777596AE7A7597AE7B75AF
:10DDB00098AE7C7599AE7D759AAE7E759BAE80757A
:10DDC0009CAE81759DAE82759EAE84759FAE857545
:10DDD000A0AE877540AF887541AF897542AF8A752F
:10DDE00043AF8C7544AF8D7545AF8E7546AF90755A
:10DDF00047AF937548AF957549AF98754AAF9B7516
:10DE00004BAF9C754CAF9E754DAFA2754EAFA675CE
:10DE10004FAFA77550AFA87551AFA97552AFAA758E
:10DE200053AFAD7554AFB67555AFB77556AFBA753C
:10DE300057AFBB7558AFBF7559AFC0755AAFC175F5
:10DE40005BAFC6755CAFCB755DAFCC755EAFCE75A5
:10DE50005FAFCF7560AFD07561AFD17562AFD3756D
:10DE600063AFD77564AFD97565AFDA7566AFDC752A
:10DE700067AFDD7568AFDF7569AFE0756AAFE175F3
:10DE80006BAFE5756CAFE9756DAFEC756EAFED75A9
:10DE90006FAFEE7570AFEF7571AFF27572AFF3756E
:10DEA00073AFF57574AFF67575AFF77576AFF87536
:10DEB00077AFFA7578AFFB7579AFFD757AAFFE7500
:10DEC0007BAF02767CAF04767DAF06767EAF0776B9
:10DED00080AF087681AF097682AF0B7683AF0D767F
:10DEE00084AF0E7685AF0F7686AF117687AF127648
:10DEF00088AF137689AF14768AAF16768BAF1A7611
:10DF00008CAF1C768DAF1D768EAF1E768FAF2176CF
:10DF100090AF237691AF277692AF287693AF2C7689
:10DF200094AF2E7695AF2F7696AF317697AF327647
:10DF300098AF367699AF37769AAF39769BAF3A7607
:10DF40009CAF3B769DAF3D769EAF41769FAF4276CC
:10DF5000A0AF447640B0457641B0467642B04776B1
:10DF600043B0487644B0497645B04A7646B04B76E1
:10DF700047B04E7648B04F7649B050764AB05176A9
:10DF80004BB052764CB053764DB055764EB0577676
:10DF90004FB0587650B0597651B05A7652B05B7641
:10DFA00053B05D7654B05F7655B0607656B061760A
:10DFB00057B0627658B0647659B065765AB06676D6
:10DFC0005BB067765CB068765DB069765EB06A76A5
:10DFD0005FB06C7660B06D7661B06E7662B0707670
:10DFE00063B0717664B0727665B0737666B074763D
:10DFF00067B0757668B0767669B077766AB079760C
:10E000006BB07A766CB07C766DB07F766EB08076D1
:10E010006FB0817670B0837671B0857672B0897694
:10E0200073B08A7674B08C7675B08D7676B08F7654
:10E0300077B0907678B0927679B094767AB095761B
:10E040007BB097767CB098767DB09A767EB09B76E2
:10E0500080B09C7681B09D7682B09E7683B09F76AC
:10E0600084B0A07685B0A17686B0A27687B0A3767C
:10E0700088B0A57689B0A6768AB0A7768BB0A87648
:10E080008CB0A9768DB0AA768EB0AB768FB0AC7618
:10E0900090B0AD7691B0AF7692B0B07693B0B376E3
:10E0A00094B0B57695B0B67696B0B77697B0B876A8
:10E0B00098B0B97699B0BA769AB0BB769BB0BC7678
:10E0C0009CB0BD769DB0BE769EB0C0769FB0C17646
:10E0D000A0B0C376A1B04A55A2B03F96A3B0C35733
:10E0E000A4B02863A5B0CE54A6B00955A7B0C054BB
:10E0F000A8B09176A9B04C76AAB03C85ABB0EE77CB
:10E10000ACB07E82ADB08D78AEB03172AFB09896C3
:10E11000B0B08D97B1B0286CB2B0895BB3B0FA4F94
:10E12000B4B00963B5B09766B6B0B85CB7B0FA8062
:10E13000B8B04868B9B0AE80BAB00266BBB0CE76AF
:10E14000BCB0F951BDB05665BEB0AC71BFB0F17F87
:10E15000C0B08488C1B0B250C2B06559C3B0CA6102
:10E16000C4B0B36FC5B0AD82C6B04C63C7B0526225
:10E17000C8B0ED53C9B02754CAB0067BCBB06B51C1
:10E18000CCB0A475CDB0F45DCEB0D462CFB0CB8DA1
:10E19000D0B07697D1B08A62D2B01980D3B05D5733
:10E1A000D4B03897D5B0627FD6B03872D7B07D760C
:10E1B000D8B0CF67D9B07E76DAB04664DBB0704FA6
:10E1C000DCB0258DDDB0DC62DEB0177ADFB09165A2
:10E1D000E0B0ED73E1B02C64E2B07362E3B02C8286
:10E1E000E4B08198E5B07F67E6B04872E7B06E6250
:10E1F000E8B0CC62E9B0344FEAB0E374EBB04A5314
:10E20000ECB09E52EDB0CA7EEEB0A690EFB02E5E9E
:10E21000F0B08668F1B09C69F2B08081F3B0D17E35
:10E22000F4B0D268F5B0C578F6B08C86F7B05195E9
:10E23000F8B08D50F9B0248CFAB0DE82FBB0DE80ED
:10E24000FCB00553FDB01289FEB0655240B1C476F2
:10E2500041B1C77642B1C97643B1CB7644B1CC76F1
:10E2600045B1D37646B1D57647B1D97648B1DA769D
:10E2700049B1DC764AB1DD764BB1DE764CB1E07661
:10E280004DB1E1764EB1E2764FB1E37650B1E4762E
:10E2900051B1E67652B1E77653B1E87654B1E976FA
:10E2A00055B1EA7656B1EB7657B1EC7658B1ED76CA
:10E2B00059B1F0765AB1F3765BB1F5765CB1F6768A
:10E2C0005DB1F7765EB1FA765FB1FB7660B1FD764F
:10E2D00061B1FF7662B1007763B1027764B1037711
:10E2E00065B1057766B1067767B10A7768B10C77D3
:10E2F00069B10E776AB10F776BB110776CB1117796
:10E300006DB112776EB113776FB1147770B1157765
:10E3100071B1167772B1177773B1187774B11B7733
:10E3200075B11C7776B11D7777B11E7778B12177FB
:10E3300079B123777AB124777BB125777CB12777C0
:10E340007DB12A777EB12B7780B12C7781B12E7782
:10E3500082B1307783B1317784B1327785B1337749
:10E3600086B1347787B1397788B13B7789B13D770A
:10E370008AB13E778BB13F778CB142778DB14477CC
:10E380008EB145778FB1467790B1487791B1497793
:10E3900092B14A7793B14B7794B14C7795B14D7761
:10E3A00096B14E7797B14F7798B1527799B153772D
:10E3B0009AB154779BB155779CB156779DB15777F9
:10E3C0009EB158779FB15977A0B15C77A1B1848590
:10E3D000A2B1F996A3B1DD4FA4B12158A5B17199AD
:10E3E000A6B19D5BA7B1B162A8B1A562A9B1B4669F
:10E3F000AAB1798CABB18D9CACB10672ADB16F672F
:10E40000AEB19178AFB1B260B0B15153B1B1175361
:10E41000B2B1888FB3B1CC80B4B11D8DB5B1A19428
:10E42000B6B10D50B7B1C872B8B10759B9B1EB6008
:10E43000BAB11971BBB1AB88BCB15459BDB1EF824F
:10E44000BEB12C67BFB1287BC0B1295DC1B1F77ED9
:10E45000C2B12D75C3B1F56CC4B1668EC5B1F88F6C
:10E46000C6B13C90C7B13B9FC8B1D46BC9B119913B
:10E47000CAB1147BCBB17C5FCCB1A778CDB1D684C7
:10E48000CEB13D85CFB1D56BD0B1D96BD1B1D66B03
:10E49000D2B1015ED3B1875ED4B1F975D5B1ED9536
:10E4A000D6B15D65D7B10A5FD8B1C55FD9B19F8FCD
:10E4B000DAB1C158DBB1C281DCB17F90DDB15B96CE
:10E4C000DEB1AD97DFB1B98FE0B1167FE1B12C8D30
:10E4D000E2B14162E3B1BF4FE4B1D853E5B15E535D
:10E4E000E6B1A88FE7B1A98FE8B1AB8FE9B14D9044
:10E4F000EAB10768EBB16A5FECB19881EDB1688869
:10E50000EEB1D69CEFB18B61F0B12B52F1B12A760E
:10E51000F2B16C5FF3B18C65F4B1D26FF5B1E86E16
:10E52000F6B1BE5BF7B14864F8B17551F9B1B051BD
:10E53000FAB1C467FBB1194EFCB1C979FDB17C9940
:10E54000FEB1B37040B25D7741B25E7742B25F77A1
:10E5500043B2607744B2647745B2677746B2697771
:10E5600047B26A7748B26D7749B26E774AB26F7731
:10E570004BB270774CB271774DB272774EB27377FF
:10E580004FB2747750B2757751B2767752B27777CF
:10E5900053B2787754B27A7755B27B7756B27C779C
:10E5A00057B2817758B2827759B283775AB2867759
:10E5B0005BB287775CB288775DB289775EB28A7723
:10E5C0005FB28B7760B28F7761B2907762B29377E8
:10E5D00063B2947764B2957765B2967766B29777AF
:10E5E00067B2987768B2997769B29A776AB29B777F
:10E5F0006BB29C776CB29D776DB29E776EB2A1774D
:10E600006FB2A37770B2A47771B2A67772B2A8770F
:10E6100073B2AB7774B2AD7775B2AE7776B2AF77CF
:10E6200077B2B17778B2B27779B2B4777AB2B67797
:10E630007BB2B7777CB2B8777DB2B9777EB2BA7762
:10E6400080B2BC7781B2BE7782B2C07783B2C17725
:10E6500084B2C27785B2C37786B2C47787B2C577F2
:10E6600088B2C67789B2C7778AB2C8778BB2C977C2
:10E670008CB2CA778DB2CB778EB2CC778FB2CE7791
:10E6800090B2CF7791B2D07792B2D17793B2D2775E
:10E6900094B2D37795B2D47796B2D57797B2D6772E
:10E6A00098B2D87799B2D9779AB2DA779BB2DD77F8
:10E6B0009CB2DE779DB2DF779EB2E0779FB2E177C2
:10E6C000A0B2E477A1B2C575A2B2765EA3B2BB7365
:10E6D000A4B2E083A5B2AD64A6B2E862A7B2B594D5
:10E6E000A8B2E26CA9B25A53AAB2C352ABB20F6439
:10E6F000ACB2C294ADB2947BAEB22F4FAFB21B5E40
:10E70000B0B23682B1B21681B2B28A81B3B2246E8F
:10E71000B4B2CA6CB5B2739AB6B25563B7B25C53B1
:10E72000B8B2FA54B9B26588BAB2E057BBB20D4E6E
:10E73000BCB2035EBDB2656BBEB23F7CBFB2E890B7
:10E74000C0B21660C1B2E664C2B21C73C3B2C18863
:10E75000C4B25067C5B24D62C6B2228DC7B26C77E3
:10E76000C8B2298EC9B2C791CAB2695FCBB2DC8385
:10E77000CCB22185CDB21099CEB2C253CFB295861C
:10E78000D0B28B6BD1B2ED60D2B2E860D3B27F7001
:10E79000D4B2CD82D5B23182D6B2D34ED7B2A76C25
:10E7A000D8B2CF85D9B2CD64DAB2D97CDBB2FD69FB
:10E7B000DCB2F966DDB24983DEB29553DFB2567B37
:10E7C000E0B2A74FE1B28C51E2B24B6DE3B2425CD2
:10E7D000E4B26D8EE5B2D263E6B2C953E7B22C83E0
:10E7E000E8B23683E9B2E567EAB2B478EBB23D64E9
:10E7F000ECB2DF5BEDB2945CEEB2EE5DEFB2E78BB4
:10E80000F0B2C662F1B2F467F2B27A8CF3B200648D
:10E81000F4B2BA63F5B24987F6B28B99F7B2178CA6
:10E82000F8B2207FF9B2F294FAB2A74EFBB210967A
:10E83000FCB2A498FDB20C66FEB2167340B3E67744
:10E8400041B3E87742B3EA7743B3EF7744B3F07765
:10E8500045B3F17746B3F27747B3F47748B3F5772A
:10E8600049B3F7774AB3F9774BB3FA774CB3FB77F1
:10E870004DB3FC774EB303784FB3047850B30578AB
:10E8800051B3067852B3077853B3087854B30A7873
:10E8900055B30B7856B30E7857B30F7858B310783A
:10E8A00059B313785AB315785BB319785CB31B78F6
:10E8B0005DB31E785EB320785FB3217860B32278B1
:10E8C00061B3247862B3287863B32A7864B32B7871
:10E8D00065B32E7866B32F7867B3317868B3327832
:10E8E00069B333786AB335786BB336786CB33D78F7
:10E8F0006DB33F786EB341786FB3427870B34378AD
:10E9000071B3447872B3467873B3487874B3497876
:10E9100075B34A7876B34B7877B34D7878B34F7840
:10E9200079B351787AB353787BB354787CB3587801
:10E930007DB359787EB35A7880B35B7881B35C78C5
:10E9400082B35E7883B35F7884B3607885B361788F
:10E9500086B3627887B3637888B3647889B365785F
:10E960008AB366788BB367788CB368788DB369782F
:10E970008EB36F788FB3707890B3717891B37278EB
:10E9800092B3737893B3747894B3757895B37678BB
:10E9900096B3787897B3797898B37A7899B37B7887
:10E9A0009AB37D789BB37E789CB37F789DB3807853
:10E9B0009EB381789FB38278A0B38378A1B33A578E
:10E9C000A2B31D5CA3B3385EA4B37F95A5B37F50FB
:10E9D000A6B3A080A7B38253A8B35E65A9B345755B
:10E9E000AAB33155ABB32150ACB3858DADB38462BE
:10E9F000AEB39E94AFB31D67B0B33256B1B36E6F72
:10EA0000B2B3E25DB3B33554B4B39270B5B3668FAD
:10EA1000B6B36F62B7B3A464B8B3A363B9B37B5F93
:10EA2000BAB3886FBBB3F490BCB3E381BDB3B08F0E
:10EA3000BEB3185CBFB36866C0B3F15FC1B3896C85
:10EA4000C2B34896C3B3818DC4B36C88C5B3916417
:10EA5000C6B3F079C7B3CE57C8B3596AC9B3106209
:10EA6000CAB34854CBB3584ECCB30B7ACDB3E9609C
:10EA7000CEB3846FCFB3DA8BD0B37F62D1B31E90A5
:10EA8000D2B38B9AD3B3E479D4B30354D5B3F4752A
:10EA9000D6B30163D7B31953D8B3606CD9B3DF8F42
:10EAA000DAB31B5FDBB3709ADCB33B80DDB37F9FCF
:10EAB000DEB3884FDFB33A5CE0B3648DE1B3C57F6A
:10EAC000E2B3A565E3B3BD70E4B34551E5B3B2511C
:10EAD000E6B36B86E7B3075DE8B3A05BE9B3BD625D
:10EAE000EAB36C91EBB37475ECB30C8EEDB3207A92
:10EAF000EEB30161EFB3797BF0B3C74EF1B3F87EAB
:10EB0000F2B38577F3B3114EF4B3ED81F5B31D5233
:10EB1000F6B3FA51F7B3716AF8B3A853F9B3878E15
:10EB2000FAB30495FBB3CF96FCB3C16EFDB3649604
:10EB3000FEB35A6940B4847841B4857842B486788B
:10EB400043B4887844B48A7845B48B7846B48F78D7
:10EB500047B4907848B4927849B494784AB4957898
:10EB60004BB496784CB499784DB49D784EB49E7859
:10EB70004FB4A07850B4A27851B4A47852B4A67817
:10EB800053B4A87854B4A97855B4AA7856B4AB78DD
:10EB900057B4AC7858B4AD7859B4AE785AB4AF78AD
:10EBA0005BB4B5785CB4B6785DB4B7785EB4B87869
:10EBB0005FB4BA7860B4BB7861B4BC7862B4BD7835
:10EBC00063B4BF7864B4C07865B4C27866B4C378FF
:10EBD00067B4C47868B4C67869B4C7786AB4C878CA
:10EBE0006BB4CC786CB4CD786DB4CE786EB4CF788D
:10EBF0006FB4D17870B4D27871B4D37872B4D67857
:10EC000073B4D77874B4D87875B4DA7876B4DB781E
:10EC100077B4DC7878B4DD7879B4DE787AB4DF78EC
:10EC20007BB4E0787CB4E1787DB4E2787EB4E378BC
:10EC300080B4E47881B4E57882B4E67883B4E77888
:10EC400084B4E97885B4EA7886B4EB7887B4ED7853
:10EC500088B4EE7889B4EF788AB4F0788BB4F17820
:10EC60008CB4F3788DB4F5788EB4F6788FB4F878E8
:10EC700090B4F97891B4FB7892B4FC7893B4FD78B1
:10EC800094B4FE7895B4FF7896B4007997B402797D
:10EC900098B4037999B404799AB406799BB4077946
:10ECA0009CB408799DB409799EB40A799FB40B7914
:10ECB000A0B40C79A1B44078A2B4A850A3B4D7777B
:10ECC000A4B41064A5B4E689A6B40459A7B4E36358
:10ECD000A8B4DD5DA9B47F7AAAB43D69ABB4204F76
:10ECE000ACB43982ADB49855AEB4324EAFB4AE7553
:10ECF000B0B4977AB1B4625EB2B48A5EB3B4EF9541
:10ED0000B4B41B52B5B43954B6B48A70B7B4766390
:10ED1000B8B42495B9B48257BAB42566BBB43F6978
:10ED2000BCB48791BDB40755BEB4F36DBFB4AF7E1C
:10ED3000C0B42288C1B43362C2B4F07EC3B4B57526
:10ED4000C4B42883C5B4C178C6B4CC96C7B49E8F6A
:10ED5000C8B44861C9B4F774CAB4CD8BCBB4646B82
:10ED6000CCB43A52CDB4508DCEB4216BCFB46A80BE
:10ED7000D0B47184D1B4F156D2B40653D3B4CE4ECC
:10ED8000D4B41B4ED5B4D151D6B4977CD7B48B91A3
:10ED9000D8B4077CD9B4C34FDAB47F8EDBB4E17B3F
:10EDA000DCB49C7ADDB46764DEB4145DDFB4AC50CF
:10EDB000E0B40681E1B40176E2B4B97CE3B4EC6D71
:10EDC000E4B4E07FE5B45167E6B4585BE7B4F85BC0
:10EDD000E8B4CB78E9B4AE64EAB41364EBB4AA63E4
:10EDE000ECB42B63EDB41995EEB42D64EFB4BE8F83
:10EDF000F0B4547BF1B42976F2B45362F3B42759DA
:10EE0000F4B44654F5B4796BF6B4A350F7B4346255
:10EE1000F8B4265EF9B4866BFAB4E34EFBB4378DD2
:10EE2000FCB48B88FDB4855FFEB42E9040B50D799F
:10EE300041B50E7942B50F7943B5107944B51179D2
:10EE400045B5127946B5147947B5157948B516799F
:10EE500049B517794AB518794BB519794CB51A796E
:10EE60004DB51B794EB51C794FB51D7950B51F793D
:10EE700051B5207952B5217953B5227954B523790A
:10EE800055B5257956B5267957B5277958B52879D6
:10EE900059B529795AB52A795BB52B795CB52C79A6
:10EEA0005DB52D795EB52E795FB52F7960B5307976
:10EEB00061B5317962B5327963B5337964B5357945
:10EEC00065B5367966B5377967B5387968B5397912
:10EED00069B53D796AB53F796BB542796CB54379CF
:10EEE0006DB544796EB545796FB5477970B54A7996
:10EEF00071B54B7972B54C7973B54D7974B54E795E
:10EF000075B54F7976B5507977B5517978B552792D
:10EF100079B554797AB555797BB558797CB55979F5
:10EF20007DB561797EB5637980B5647981B566799F
:10EF300082B5697983B56A7984B56B7985B56C7961
:10EF400086B56E7987B5707988B5717989B572792A
:10EF50008AB573798BB574798CB575798DB57679F9
:10EF60008EB579798FB57B7990B57C7991B57D79BE
:10EF700092B57E7993B57F7994B5827995B5837989
:10EF800096B5867997B5877998B5887999B589794D
:10EF90009AB58B799BB58C799CB58D799DB58E7919
:10EFA0009EB590799FB59179A0B59279A1B5206071
:10EFB000A2B53D80A3B5C562A4B5394EA5B55553DC
:10EFC000A6B5F890A7B5B863A8B5C680A9B5E6659B
:10EFD000AAB52E6CABB5464FACB5EE60ADB5E16DE4
:10EFE000AEB5DE8BAFB5395FB0B5CB86B1B5535F8B
:10EFF000B2B52163B3B55A51B4B56183B5B5636891
:10F00000B6B50052B7B56363B8B5488EB9B51250FE
:10F01000BAB59B5CBBB57779BCB5FC5BBDB530526E
:10F02000BEB53B7ABFB5BC60C0B55390C1B5D7760D
:10F03000C2B5B75FC3B5975FC4B58476C5B56C8EEE
:10F04000C6B56F70C7B57B76C8B5497BC9B5AA7719
:10F05000CAB5F351CBB59390CCB52458CDB54E4F2E
:10F06000CEB5F46ECFB5EA8FD0B54C65D1B51B7B6C
:10F07000D2B5C472D3B5A46DD4B5DF7FD5B5E15A8E
:10F08000D6B5B562D7B5955ED8B53057D9B58284B7
:10F09000DAB52C7BDBB51D5EDCB51F5FDDB51290EC
:10F0A000DEB5147FDFB5A098E0B58263E1B5C76E29
:10F0B000E2B59878E3B5B970E4B57851E5B55B97FA
:10F0C000E6B5AB57E7B53575E8B5434FE9B53875E3
:10F0D000EAB5975EEBB5E660ECB56059EDB5C06D8D
:10F0E000EEB5BF6BEFB58978F0B5FC53F1B5D596A9
:10F0F000F2B5CB51F3B50152F4B58963F5B50A54B5
:10F10000F6B59394F7B5038CF8B5CC8DF9B5397293
:10F11000FAB59F78FBB57687FCB5ED8FFDB50D8C04
:10F12000FEB5E05340B6937941B6947942B69579ED
:10F1300043B6967944B6977945B6987946B69979A3
:10F1400047B69B7948B69C7949B69D794AB69E796F
:10F150004BB69F794CB6A0794DB6A1794EB6A2793F
:10F160004FB6A37950B6A47951B6A57952B6A6790F
:10F1700053B6A87954B6A97955B6AA7956B6AB79DB
:10F1800057B6AC7958B6AD7959B6AE795AB6AF79AB
:10F190005BB6B0795CB6B1795DB6B2795EB6B4797A
:10F1A0005FB6B57960B6B67961B6B77962B6B87947
:10F1B00063B6BC7964B6BF7965B6C27966B6C47900
:10F1C00067B6C57968B6C77969B6C8796AB6CA79C3
:10F1D0006BB6CC796CB6CE796DB6CF796EB6D07988
:10F1E0006FB6D37970B6D47971B6D67972B6D7794D
:10F1F00073B6D97974B6DA7975B6DB7976B6DC7917
:10F2000077B6DD7978B6DE7979B6E0797AB6E179E4
:10F210007BB6E2797CB6E5797DB6E8797EB6EA79A7
:10F2200080B6EC7981B6EE7982B6F17983B6F2795F
:10F2300084B6F37985B6F47986B6F57987B6F6792A
:10F2400088B6F77989B6F9798AB6FA798BB6FC79F6
:10F250008CB6FE798DB6FF798EB6017A8FB6047AB8
:10F2600090B6057A91B6077A92B6087A93B6097A7B
:10F2700094B60A7A95B60C7A96B60F7A97B6107A43
:10F2800098B6117A99B6127A9AB6137A9BB6157A0D
:10F290009CB6167A9DB6187A9EB6197A9FB61B7AD6
:10F2A000A0B61C7AA1B6014EA2B6EF76A3B6EE5375
:10F2B000A4B68994A5B67698A6B60E9FA7B62D9546
:10F2C000A8B69A5BA9B6A28BAAB6224EABB61C4EC4
:10F2D000ACB6AC51ADB66384AEB6C261AFB6A8529F
:10F2E000B0B60B68B1B6974FB2B66B60B3B6BB5150
:10F2F000B4B61E6DB5B65C51B6B69662B7B6976534
:10F30000B8B66196B9B6468CBAB61790BBB6D87582
:10F31000BCB6FD90BDB66377BEB6D26BBFB68A727F
:10F32000C0B6EC72C1B6FB8BC2B63558C3B679779E
:10F33000C4B64C8DC5B65C67C6B64095C7B69A8054
:10F34000C8B6A65EC9B6216ECAB69259CBB6EF7AD8
:10F35000CCB6ED77CDB63B95CEB6B56BCFB6AD6539
:10F36000D0B60E7FD1B60658D2B65151D3B61F963D
:10F37000D4B6F95BD5B6A958D6B62854D7B6728E8E
:10F38000D8B66665D9B67F98DAB6E456DBB69D94F2
:10F39000DCB6FE76DDB64190DEB68763DFB6C654D6
:10F3A000E0B61A59E1B63A59E2B69B57E3B6B28EC7
:10F3B000E4B63567E5B6FA8DE6B63582E7B6415272
:10F3C000E8B6F060E9B61558EAB6FE86EBB6E85C3A
:10F3D000ECB6459EEDB6C44FEEB69D98EFB6B98B30
:10F3E000F0B6255AF1B67660F2B68453F3B67C6275
:10F3F000F4B64F90F5B60291F6B67F99F7B669600C
:10F40000F8B60C80F9B63F51FAB63380FBB6145CFF
:10F41000FCB67599FDB6316DFEB68C4E40B71D7ABF
:10F4200041B71F7A42B7217A43B7227A44B7247A88
:10F4300045B7257A46B7267A47B7277A48B7287A54
:10F4400049B7297A4AB72A7A4BB72B7A4CB72C7A24
:10F450004DB72D7A4EB72E7A4FB72F7A50B7307AF4
:10F4600051B7317A52B7327A53B7347A54B7357AC2
:10F4700055B7367A56B7387A57B73A7A58B73E7A88
:10F4800059B7407A5AB7417A5BB7427A5CB7437A48
:10F490005DB7447A5EB7457A5FB7477A60B7487A16
:10F4A00061B7497A62B74A7A63B74B7A64B74C7AE4
:10F4B00065B74D7A66B74E7A67B74F7A68B7507AB4
:10F4C00069B7527A6AB7537A6BB7547A6CB7557A80
:10F4D0006DB7567A6EB7587A6FB7597A70B75A7A4D
:10F4E00071B75B7A72B75C7A73B75D7A74B75E7A1C
:10F4F00075B75F7A76B7607A77B7617A78B7627AEC
:10F5000079B7637A7AB7647A7BB7657A7CB7667ABB
:10F510007DB7677A7EB7687A80B7697A81B76A7A89
:10F5200082B76B7A83B76C7A84B76D7A85B76E7A57
:10F5300086B76F7A87B7717A88B7727A89B7737A24
:10F540008AB7757A8BB77B7A8CB77C7A8DB77D7AE0
:10F550008EB77E7A8FB7827A90B7857A91B7877A9D
:10F5600092B7897A93B78A7A94B78B7A95B78C7A5F
:10F5700096B78E7A97B78F7A98B7907A99B7937A29
:10F580009AB7947A9BB7997A9CB79A7A9DB79B7AE7
:10F590009EB79E7A9FB7A17AA0B7A27AA1B7308D05
:10F5A000A2B7D153A3B75A7FA4B74F7BA5B7104FCB
:10F5B000A6B74F4EA7B70096A8B7D56CA9B7D0731A
:10F5C000AAB7E985ABB7065EACB76A75ADB7FB7F86
:10F5D000AEB70A6AAFB7FE77B0B79294B1B7417EC3
:10F5E000B2B7E151B3B7E670B4B7CD53B5B7D48F66
:10F5F000B6B70383B7B7298DB8B7AF72B9B76D99EE
:10F60000BAB7DB6CBBB74A57BCB7B382BDB7B965F5
:10F61000BEB7AA80BFB73F62C0B73296C1B7A8597C
:10F62000C2B7FF4EC3B7BF8BC4B7BA7EC5B73E657E
:10F63000C6B7F283C7B75E97C8B76155C9B7DE983A
:10F64000CAB7A580CBB72A53CCB7FD8BCDB7205412
:10F65000CEB7BA80CFB79F5ED0B7B86CD1B7398D6F
:10F66000D2B7AC82D3B75A91D4B72954D5B71B6C53
:10F67000D6B70652D7B7B77ED8B75F57D9B71A7182
:10F68000DAB77E6CDBB7897CDCB74B59DDB7FD4E52
:10F69000DEB7FF5FDFB72461E0B7AA7CE1B7304E89
:10F6A000E2B7015CE3B7AB67E4B70287E5B7F05CAC
:10F6B000E6B70B95E7B7CE98E8B7AF75E9B7FD7039
:10F6C000EAB72290EBB7AF51ECB71D7FEDB7BD8B1A
:10F6D000EEB74959EFB7E451F0B75B4FF1B7265495
:10F6E000F2B72B59F3B77765F4B7A480F5B7755B1C
:10F6F000F6B77662F7B7C262F8B7908FF9B7455E92
:10F70000FAB71F6CFBB7267BFCB70F4FFDB7D84F7E
:10F71000FEB70D6740B8A37A41B8A47A42B8A77A79
:10F7200043B8A97A44B8AA7A45B8AB7A46B8AE7A53
:10F7300047B8AF7A48B8B07A49B8B17A4AB8B27A1D
:10F740004BB8B47A4CB8B57A4DB8B67A4EB8B77AE9
:10F750004FB8B87A50B8B97A51B8BA7A52B8BB7AB9
:10F7600053B8BC7A54B8BD7A55B8BE7A56B8C07A88
:10F7700057B8C17A58B8C27A59B8C37A5AB8C47A55
:10F780005BB8C57A5CB8C67A5DB8C77A5EB8C87A25
:10F790005FB8C97A60B8CA7A61B8CC7A62B8CD7AF3
:10F7A00063B8CE7A64B8CF7A65B8D07A66B8D17AC1
:10F7B00067B8D27A68B8D37A69B8D47A6AB8D57A91
:10F7C0006BB8D77A6CB8D87A6DB8DA7A6EB8DB7A5B
:10F7D0006FB8DC7A70B8DD7A71B8E17A72B8E27A23
:10F7E00073B8E47A74B8E77A75B8E87A76B8E97AE3
:10F7F00077B8EA7A78B8EB7A79B8EC7A7AB8EE7AB0
:10F800007BB8F07A7CB8F17A7DB8F27A7EB8F37A78
:10F8100080B8F47A81B8F57A82B8F67A83B8F77A44
:10F8200084B8F87A85B8FB7A86B8FC7A87B8FE7A0D
:10F8300088B8007B89B8017B8AB8027B8BB8057BCE
:10F840008CB8077B8DB8097B8EB80C7B8FB80D7B8D
:10F8500090B80E7B91B8107B92B8127B93B8137B53
:10F8600094B8167B95B8177B96B8187B97B81A7B17
:10F8700098B81C7B99B81D7B9AB81F7B9BB8217BDD
:10F880009CB8227B9DB8237B9EB8277B9FB8297BA1
:10F89000A0B82D7BA1B86E6DA2B8AA6DA3B88F7960
:10F8A000A4B8B188A5B8175FA6B82B75A7B89A6297
:10F8B000A8B8858FA9B8EF4FAAB8DC91ABB8A765F7
:10F8C000ACB82F81ADB85181AEB89C5EAFB8508155
:10F8D000B0B8748DB1B86F52B2B88689B3B84B8DD9
:10F8E000B4B80D59B5B88550B6B8D84EB7B81C964F
:10F8F000B8B83672B9B87981BAB81F8DBBB8CC5BCD
:10F90000BCB8A38BBDB84496BEB88759BFB81A7FA0
:10F91000C0B89054C1B87656C2B80E56C3B8E58B7D
:10F92000C4B83965C5B88269C6B89994C7B8D676DF
:10F93000C8B8896EC9B8725ECAB81875CBB84667C0
:10F94000CCB8D167CDB8FF7ACEB89D80CFB8768DD0
:10F95000D0B81F61D1B8C679D2B86265D3B8638D0B
:10F96000D4B88851D5B81A52D6B8A294D7B8387F2F
:10F97000D8B89B80D9B8B27EDAB8975CDBB82F6E66
:10F98000DCB86067DDB8D97BDEB88B76DFB8D89A93
:10F99000E0B88F81E1B8947FE2B8D57CE3B81E640B
:10F9A000E4B85095E5B83F7AE6B84A54E7B8E5546C
:10F9B000E8B84C6BE9B80164EAB80862EBB83D9E60
:10F9C000ECB8F380EDB89975EEB87252EFB869975C
:10F9D000F0B85B84F1B83C68F2B8E486F3B80196FD
:10F9E000F4B89496F5B8EC94F6B82A4EF7B80454E7
:10F9F000F8B8D97EF9B83968FAB8DF8DFBB8158048
:10FA0000FCB8F466FDB89A5EFEB8B97F40B92F7BAA
:10FA100041B9307B42B9327B43B9347B44B9357B41
:10FA200045B9367B46B9377B47B9397B48B93B7B0B
:10FA300049B93D7B4AB93F7B4BB9407B4CB9417BCF
:10FA40004DB9427B4EB9437B4FB9447B50B9467B9D
:10FA500051B9487B52B94A7B53B94D7B54B94E7B5F
:10FA600055B9537B56B9557B57B9577B58B9597B14
:10FA700059B95C7B5AB95E7B5BB95F7B5CB9617BD2
:10FA80005DB9637B5EB9647B5FB9657B60B9667B9A
:10FA900061B9677B62B9687B63B9697B64B96A7B6A
:10FAA00065B96B7B66B96C7B67B96D7B68B96F7B39
:10FAB00069B9707B6AB9737B6BB9747B6CB9767BFF
:10FAC0006DB9787B6EB97A7B6FB97C7B70B97D7BC1
:10FAD00071B97F7B72B9817B73B9827B74B9837B87
:10FAE00075B9847B76B9867B77B9877B78B9887B53
:10FAF00079B9897B7AB98A7B7BB98B7B7CB98C7B22
:10FB00007DB98E7B7EB98F7B80B9917B81B9927BE9
:10FB100082B9937B83B9967B84B9987B85B9997BAD
:10FB200086B99A7B87B99B7B88B99E7B89B99F7B75
:10FB30008AB9A07B8BB9A37B8CB9A47B8DB9A57B3B
:10FB40008EB9AE7B8FB9AF7B90B9B07B91B9B27BE8
:10FB500092B9B37B93B9B57B94B9B67B95B9B77BB2
:10FB600096B9B97B97B9BA7B98B9BB7B99B9BC7B7D
:10FB70009AB9BD7B9BB9BE7B9CB9BF7B9DB9C07B4D
:10FB80009EB9C27B9FB9C37BA0B9C47BA1B9C25740
:10FB9000A2B93F80A3B99768A4B9E55DA5B93B6553
:10FBA000A6B99F52A7B96D60A8B99A9FA9B99B4FF2
:10FBB000AAB9AC8EABB96C51ACB9AB5BADB9135F44
:10FBC000AEB9E95DAFB95E6CB0B9F162B1B9218D82
:10FBD000B2B97151B3B9A994B4B9FE52B5B99F6C19
:10FBE000B6B9DF82B7B9D772B8B9A257B9B98467C5
:10FBF000BAB92D8DBBB91F59BCB99C8FBDB9C7838C
:10FC0000BEB99554BFB98D7BC0B9304FC1B9BD6C79
:10FC1000C2B9645BC3B9D159C4B9139FC5B9E45320
:10FC2000C6B9CA86C7B9A89AC8B9378CC9B9A1805C
:10FC3000CAB94565CBB97E98CCB9FA56CDB9C79645
:10FC4000CEB92E52CFB9DC74D0B95052D1B9E15BE4
:10FC5000D2B90263D3B90289D4B9564ED5B9D062AC
:10FC6000D6B92A60D7B9FA68D8B97351D9B9985BAF
:10FC7000DAB9A051DBB9C289DCB9A17BDDB98699BB
:10FC8000DEB9507FDFB9EF60E0B94C70E1B92F8D7C
:10FC9000E2B94951E3B97F5EE4B91B90E5B97074EC
:10FCA000E6B9C489E7B92D57E8B94578E9B9525F93
:10FCB000EAB99F9FEBB9FA95ECB9688FEDB93C9B17
:10FCC000EEB9E18BEFB97876F0B94268F1B9DC674B
:10FCD000F2B9EA8DF3B9358DF4B93D52F5B98A8F91
:10FCE000F6B9DA6EF7B9CD68F8B90595F9B9ED90BE
:10FCF000FAB9FD56FBB99C67FCB9F988FDB9C78F05
:10FD0000FEB9C85440BAC57B41BAC87B42BAC97B68
:10FD100043BACA7B44BACB7B45BACD7B46BACE7BCD
:10FD200047BACF7B48BAD07B49BAD27B4ABAD47B98
:10FD30004BBAD57B4CBAD67B4DBAD77B4EBAD87B63
:10FD40004FBADB7B50BADC7B51BADE7B52BADF7B29
:10FD500053BAE07B54BAE27B55BAE37B56BAE47BF4
:10FD600057BAE77B58BAE87B59BAE97B5ABAEB7BBA
:10FD70005BBAEC7B5CBAED7B5DBAEF7B5EBAF07B85
:10FD80005FBAF27B60BAF37B61BAF47B62BAF57B4F
:10FD900063BAF67B64BAF87B65BAF97B66BAFA7B1C
:10FDA00067BAFB7B68BAFD7B69BAFF7B6ABA007CE5
:10FDB0006BBA017C6CBA027C6DBA037C6EBA047CAF
:10FDC0006FBA057C70BA067C71BA087C72BA097C7D
:10FDD00073BA0A7C74BA0D7C75BA0E7C76BA107C44
:10FDE00077BA117C78BA127C79BA137C7ABA147C0F
:10FDF0007BBA157C7CBA177C7DBA187C7EBA197CDC
:10FE000080BA1A7C81BA1B7C82BA1C7C83BA1D7CA6
:10FE100084BA1E7C85BA207C86BA217C87BA227C73
:10FE200088BA237C89BA247C8ABA257C8BBA287C40
:10FE30008CBA297C8DBA2B7C8EBA2C7C8FBA2D7C07
:10FE400090BA2E7C91BA2F7C92BA307C93BA317CD6
:10FE500094BA327C95BA337C96BA347C97BA357CA6
:10FE600098BA367C99BA377C9ABA397C9BBA3A7C74
:10FE70009CBA3B7C9DBA3C7C9EBA3D7C9FBA3E7C42
:10FE8000A0BA427CA1BAB89AA2BA695BA3BA776D4C
:10FE9000A4BA266CA5BAA54EA6BAB35BA7BA879A30
:10FEA000A8BA6391A9BAA861AABAAF90ABBAE99708
:10FEB000ACBA2B54ADBAB56DAEBAD25BAFBAFD5188
:10FEC000B0BA8A55B1BA557FB2BAF07FB3BABC6442
:10FED000B4BA4D63B5BAF165B6BABE61B7BA8D6052
:10FEE000B8BA0A71B9BA576CBABA496CBBBA2F59C9
:10FEF000BCBA6D67BDBA2A82BEBAD558BFBA8E5693
:10FF0000C0BA6A8CC1BAEB6BC2BADD90C3BA7D5974
:10FF1000C4BA1780C5BAF753C6BA696DC7BA755463
:10FF2000C8BA9D55C9BA7783CABACF83CBBA3868E5
:10FF3000CCBABE79CDBA8C54CEBA554FCFBA08548C
:10FF4000D0BAD276D1BA898CD2BA0296D3BAB36C6F
:10FF5000D4BAB86DD5BA6B8DD6BA1089D7BA649EAB
:10FF6000D8BA3A8DD9BA3F56DABAD19EDBBAD5752E
:10FF7000DCBA885FDDBAE072DEBA6860DFBAFC54D2
:10FF8000E0BAA84EE1BA2A6AE2BA6188E3BA5260DE
:10FF9000E4BA708FE5BAC454E6BAD870E7BA798685
:10FFA000E8BA3F9EE9BA2A6DEABA8F5BEBBA185FEE
:10FFB000ECBAA27EEDBA8955EEBAAF4FEFBA347300
:10FFC000F0BA3C54F1BA9A53F2BA1950F3BA0E543B
:10FFD000F4BA7C54F5BA4E4EF6BAFD5FF7BA5A74CD
:10FFE000F8BAF658F9BA6B84FABAE180FBBA7487AA
:10FFF000FCBAD072FDBACA7CFEBA566E40BB437CD6
:020000040802F0
:1000000041BB447C42BB457C43BB467C44BB477CF4
:1000100045BB487C46BB497C47BB4A7C48BB4B7CC4
:1000200049BB4C7C4ABB4E7C4BBB4F7C4CBB507C91
:100030004DBB517C4EBB527C4FBB537C50BB547C60
:1000400051BB557C52BB567C53BB577C54BB587C30
:1000500055BB597C56BB5A7C57BB5B7C58BB5C7C00
:1000600059BB5D7C5ABB5E7C5BBB5F7C5CBB607CD0
:100070005DBB617C5EBB627C5FBB637C60BB647CA0
:1000800061BB657C62BB667C63BB677C64BB687C70
:1000900065BB697C66BB6A7C67BB6B7C68BB6C7C40
:1000A00069BB6D7C6ABB6E7C6BBB6F7C6CBB707C10
:1000B0006DBB717C6EBB727C6FBB757C70BB767CDC
:1000C00071BB777C72BB787C73BB797C74BB7A7CA8
:1000D00075BB7E7C76BB7F7C77BB807C78BB817C6C
:1000E00079BB827C7ABB837C7BBB847C7CBB857C3C
:1000F0007DBB867C7EBB877C80BB887C81BB8A7C09
:1001000082BB8B7C83BB8C7C84BB8D7C85BB8E7CD3
:1001100086BB8F7C87BB907C88BB937C89BB947C9F
:100120008ABB967C8BBB997C8CBB9A7C8DBB9B7C61
:100130008EBBA07C8FBBA17C90BBA37C91BBA67C1B
:1001400092BBA77C93BBA87C94BBA97C95BBAB7CE2
:1001500096BBAC7C97BBAD7C98BBAF7C99BBB07CAD
:100160009ABBB47C9BBBB57C9CBBB67C9DBBB77C6F
:100170009EBBB87C9FBBBA7CA0BBBB7CA1BB275FEE
:10018000A2BB4E86A3BB2C55A4BBA462A5BB924EBA
:10019000A6BBAA6CA7BB3762A8BBB182A9BBD754C8
:1001A000AABB4E53ABBB3E73ACBBD16EADBB3B7574
:1001B000AEBB1252AFBB1653B0BBDD8BB1BBD06927
:1001C000B2BB8A5FB3BB0060B4BBEE6DB5BB4F572B
:1001D000B6BB226BB7BBAF73B8BB5368B9BBD88F84
:1001E000BABB137FBBBB6263BCBBA360BDBB245562
:1001F000BEBBEA75BFBB628CC0BB1571C1BBA36D32
:10020000C2BBA65BC3BB7B5EC4BB5283C5BB4C6198
:10021000C6BBC49EC7BBFA78C8BB5787C9BB277C7F
:10022000CABB8776CBBBF051CCBBF660CDBB4C7163
:10023000CEBB4366CFBB4C5ED0BB4D60D1BB0E8CFA
:10024000D2BB7070D3BB2563D4BB898FD5BBBD5FD8
:10025000D6BB6260D7BBD486D8BBDE56D9BBC16BD8
:10026000DABB9460DBBB6761DCBB4953DDBBE0609C
:10027000DEBB6666DFBB3F8DE0BBFD79E1BB1A4F9D
:10028000E2BBE970E3BB476CE4BBB38BE5BBF28B2D
:10029000E6BBD87EE7BB6483E8BB0F66E9BB5A5A6E
:1002A000EABB429BEBBB516DECBBF76DEDBB418CE8
:1002B000EEBB3B6DEFBB194FF0BB6B70F1BBB7836F
:1002C000F2BB1662F3BBD160F4BB0D97F5BB278D73
:1002D000F6BB7879F7BBFB51F8BB3E57F9BBFA5731
:1002E000FABB3A67FBBB7875FCBB3D7AFDBBEF7987
:1002F000FEBB957B40BCBF7C41BCC07C42BCC27C89
:1003000043BCC37C44BCC47C45BCC67C46BCC97CE5
:1003100047BCCB7C48BCCE7C49BCCF7C4ABCD07CA3
:100320004BBCD17C4CBCD27C4DBCD37C4EBCD47C71
:100330004FBCD87C50BCDA7C51BCDB7C52BCDD7C31
:1003400053BCDE7C54BCE17C55BCE27C56BCE37CF7
:1003500057BCE47C58BCE57C59BCE67C5ABCE77CC5
:100360005BBCE97C5CBCEA7C5DBCEB7C5EBCEC7C91
:100370005FBCED7C60BCEE7C61BCF07C62BCF17C5F
:1003800063BCF27C64BCF37C65BCF47C66BCF57C2D
:1003900067BCF67C68BCF77C69BCF97C6ABCFA7CFB
:1003A0006BBCFC7C6CBCFD7C6DBCFE7C6EBCFF7CC5
:1003B0006FBC007D70BC017D71BC027D72BC037D91
:1003C00073BC047D74BC057D75BC067D76BC077D61
:1003D00077BC087D78BC097D79BC0B7D7ABC0C7D2F
:1003E0007BBC0D7D7CBC0E7D7DBC0F7D7EBC107DFD
:1003F00080BC117D81BC127D82BC137D83BC147DC9
:1004000084BC157D85BC167D86BC177D87BC187D98
:1004100088BC197D89BC1A7D8ABC1B7D8BBC1C7D68
:100420008CBC1D7D8DBC1E7D8EBC1F7D8FBC217D37
:1004300090BC237D91BC247D92BC257D93BC267D00
:1004400094BC287D95BC297D96BC2A7D97BC2C7DCB
:1004500098BC2D7D99BC2E7D9ABC307D9BBC317D96
:100460009CBC327D9DBC337D9EBC347D9FBC357D64
:10047000A0BC367DA1BC8C80A2BC6599A3BCF98FC1
:10048000A4BCC06FA5BCA58BA6BC219EA7BCEC5983
:10049000A8BCE97EA9BC097FAABC0954ABBC816792
:1004A000ACBCD868ADBC918FAEBC4D7CAFBCC69621
:1004B000B0BCCA53B1BC2560B2BCBE75B3BC726CD3
:1004C000B4BC7353B5BCC95AB6BCA77EB7BC2463D1
:1004D000B8BCE051B9BC0A81BABCF15DBBBCDF84D9
:1004E000BCBC8062BDBC8051BEBC635BBFBC0E4F58
:1004F000C0BC6D79C1BC4252C2BCB860C3BC4E6DB9
:10050000C4BCC45BC5BCC25BC6BCA18BC7BCB08B42
:10051000C8BCE265C9BCCC5FCABC4596CBBC93598C
:10052000CCBCE77ECDBCAA7ECEBC0956CFBCB7679B
:10053000D0BC3959D1BC734FD2BCB65BD3BCA0522E
:10054000D4BC5A83D5BC8A98D6BC3E8DD7BC3275F4
:10055000D8BCBE94D9BC4750DABC3C7ADBBCF74E61
:10056000DCBCB667DDBC7E9ADEBCC15ADFBC7C6BEE
:10057000E0BCD176E1BC5A57E2BC165CE3BC3A7BE6
:10058000E4BCF495E5BC4E71E6BC7C51E7BCA980A7
:10059000E8BC7082E9BC7859EABC047FEBBC2783D5
:1005A000ECBCC068EDBCEC67EEBCB178EFBC777812
:1005B000F0BCE362F1BC6163F2BC807BF3BCED4F45
:1005C000F4BC6A52F5BCCF51F6BC5083F7BCDB6972
:1005D000F8BC7492F9BCF58DFABC318DFBBCC189B5
:1005E000FCBC2E95FDBCAD7BFEBCF64E40BD377D00
:1005F00041BD387D42BD397D43BD3A7D44BD3B7D23
:1006000045BD3C7D46BD3D7D47BD3E7D48BD3F7DF2
:1006100049BD407D4ABD417D4BBD427D4CBD437DC2
:100620004DBD447D4EBD457D4FBD467D50BD477D92
:1006300051BD487D52BD497D53BD4A7D54BD4B7D62
:1006400055BD4C7D56BD4D7D57BD4E7D58BD4F7D32
:1006500059BD507D5ABD517D5BBD527D5CBD537D02
:100660005DBD547D5EBD557D5FBD567D60BD577DD2
:1006700061BD587D62BD597D63BD5A7D64BD5B7DA2
:1006800065BD5C7D66BD5D7D67BD5E7D68BD5F7D72
:1006900069BD607D6ABD617D6BBD627D6CBD637D42
:1006A0006DBD647D6EBD657D6FBD667D70BD677D12
:1006B00071BD687D72BD697D73BD6A7D74BD6B7DE2
:1006C00075BD6C7D76BD6D7D77BD6F7D78BD707DB0
:1006D00079BD717D7ABD727D7BBD737D7CBD747D7E
:1006E0007DBD757D7EBD767D80BD787D81BD797D4A
:1006F00082BD7A7D83BD7B7D84BD7C7D85BD7D7D16
:1007000086BD7E7D87BD7F7D88BD807D89BD817DE5
:100710008ABD827D8BBD837D8CBD847D8DBD857DB5
:100720008EBD867D8FBD877D90BD887D91BD897D85
:1007300092BD8A7D93BD8B7D94BD8C7D95BD8D7D55
:1007400096BD8E7D97BD8F7D98BD907D99BD917D25
:100750009ABD927D9BBD937D9CBD947D9DBD957DF5
:100760009EBD967D9FBD977DA0BD987DA1BD655026
:10077000A2BD3082A3BD5152A4BD6F99A5BD106E1C
:10078000A6BD856EA7BDA76DA8BDFA5EA9BDF55033
:10079000AABDDC59ABBD065CACBD466DADBD5F6CA2
:1007A000AEBD8675AFBD8B84B0BD6868B1BD56590E
:1007B000B2BDB28BB3BD2053B4BD7191B5BD4D96E2
:1007C000B6BD4985B7BD1269B8BD0179B9BD2671FD
:1007D000BABDF680BBBDA44EBCBDCA90BDBD476DC1
:1007E000BEBD849ABFBD075AC0BDBC56C1BD05641D
:1007F000C2BDF094C3BDEB77C4BDA54FC5BD1A8182
:10080000C6BDE172C7BDD289C8BD7A99C9BD347F62
:10081000CABDDE7ECBBD7F52CCBD5965CDBD7591C5
:10082000CEBD7F8FCFBD838FD0BDEB53D1BD967A28
:10083000D2BDED63D3BDA563D4BD8676D5BDF879B1
:10084000D6BD5788D7BD3696D8BD2A62D9BDAB5222
:10085000DABD8282DBBD5468DCBD7067DDBD7763C5
:10086000DEBD6B77DFBDED7AE0BD016DE1BDD37E0E
:10087000E2BDE389E3BDD059E4BD1262E5BDC9859F
:10088000E6BDA582E7BD4C75E8BD1F50E9BDCB4E66
:10089000EABDA575EBBDEB8BECBD4A5CEDBDFE5D25
:1008A000EEBD4B7BEFBDA465F0BDD191F1BDCA4E4D
:1008B000F2BD256DF3BD5F89F4BD277DF5BD26959D
:1008C000F6BDC54EF7BD288CF8BDDB8FF9BD73971B
:1008D000FABD4B66FBBD8179FCBDD18FFDBDEC70CF
:1008E000FEBD786D40BE997D41BE9A7D42BE9B7D26
:1008F00043BE9C7D44BE9D7D45BE9E7D46BE9F7D84
:1009000047BEA07D48BEA17D49BEA27D4ABEA37D53
:100910004BBEA47D4CBEA57D4DBEA77D4EBEA87D21
:100920004FBEA97D50BEAA7D51BEAB7D52BEAC7DEF
:1009300053BEAD7D54BEAF7D55BEB07D56BEB17DBC
:1009400057BEB27D58BEB37D59BEB47D5ABEB57D8B
:100950005BBEB67D5CBEB77D5DBEB87D5EBEB97D5B
:100960005FBEBA7D60BEBB7D61BEBC7D62BEBD7D2B
:1009700063BEBE7D64BEBF7D65BEC07D66BEC17DFB
:1009800067BEC27D68BEC37D69BEC47D6ABEC57DCB
:100990006BBEC67D6CBEC77D6DBEC87D6EBEC97D9B
:1009A0006FBECA7D70BECB7D71BECC7D72BECD7D6B
:1009B00073BECE7D74BECF7D75BED07D76BED17D3B
:1009C00077BED27D78BED37D79BED47D7ABED57D0B
:1009D0007BBED67D7CBED77D7DBED87D7EBED97DDB
:1009E00080BEDA7D81BEDB7D82BEDC7D83BEDD7DA7
:1009F00084BEDE7D85BEDF7D86BEE07D87BEE17D77
:100A000088BEE27D89BEE37D8ABEE47D8BBEE57D46
:100A10008CBEE67D8DBEE77D8EBEE87D8FBEE97D16
:100A200090BEEA7D91BEEB7D92BEEC7D93BEED7DE6
:100A300094BEEE7D95BEEF7D96BEF07D97BEF17DB6
:100A400098BEF27D99BEF37D9ABEF47D9BBEF57D86
:100A50009CBEF67D9DBEF77D9EBEF87D9FBEF97D56
:100A6000A0BEFA7DA1BE3D5CA2BEB252A3BE46832B
:100A7000A4BE6251A5BE0E83A6BE5B77A7BE7666F6
:100A8000A8BEB89CA9BEAC4EAABECA60ABBEBE7C16
:100A9000ACBEB37CADBECF7EAEBE954EAFBE668B58
:100AA000B0BE6F66B1BE8898B2BE5997B3BE8358C8
:100AB000B4BE6C65B5BE5C95B6BE845FB7BEC97585
:100AC000B8BE5697B9BEDF7ABABEDE7ABBBEC05199
:100AD000BCBEAF70BDBE987ABEBEEA63BFBE767ABA
:100AE000C0BEA07EC1BE9673C2BEED97C3BE454ECA
:100AF000C4BE7870C5BE5D4EC6BE5291C7BEA95376
:100B0000C8BE5165C9BEE765CABEFC81CBBE0582C1
:100B1000CCBE8E54CDBE315CCEBE9A75CFBEA097F2
:100B2000D0BED862D1BED972D2BEBD75D3BE455C2F
:100B3000D4BE799AD5BECA83D6BE405CD7BE805497
:100B4000D8BEE977D9BE3E4EDABEAE6CDBBE5A8067
:100B5000DCBED262DDBE6E63DEBEE85DDFBE775115
:100B6000E0BEDD8DE1BE1E8EE2BE2F95E3BEF14FED
:100B7000E4BEE553E5BEE760E6BEAC70E7BE675293
:100B8000E8BE5063E9BE439EEABE1F5AEBBE265044
:100B9000ECBE3777EDBE7753EEBEE27EEFBE8564E6
:100BA000F0BE2B65F1BE8962F2BE9863F3BE1450AD
:100BB000F4BE3572F5BEC989F6BEB351F7BEC08B1F
:100BC000F8BEDD7EF9BE4757FABECC83FBBEA794C4
:100BD000FCBE9B51FDBE1B54FEBEFB5C40BFFB7DBB
:100BE00041BFFC7D42BFFD7D43BFFE7D44BFFF7D15
:100BF00045BF007E46BF017E47BF027E48BF037EE1
:100C000049BF047E4ABF057E4BBF067E4CBF077EB0
:100C10004DBF087E4EBF097E4FBF0A7E50BF0B7E80
:100C200051BF0C7E52BF0D7E53BF0E7E54BF0F7E50
:100C300055BF107E56BF117E57BF127E58BF137E20
:100C400059BF147E5ABF157E5BBF167E5CBF177EF0
:100C50005DBF187E5EBF197E5FBF1A7E60BF1B7EC0
:100C600061BF1C7E62BF1D7E63BF1E7E64BF1F7E90
:100C700065BF207E66BF217E67BF227E68BF237E60
:100C800069BF247E6ABF257E6BBF267E6CBF277E30
:100C90006DBF287E6EBF297E6FBF2A7E70BF2B7E00
:100CA00071BF2C7E72BF2D7E73BF2E7E74BF2F7ED0
:100CB00075BF307E76BF317E77BF327E78BF337EA0
:100CC00079BF347E7ABF357E7BBF367E7CBF377E70
:100CD0007DBF387E7EBF397E80BF3A7E81BF3C7E3D
:100CE00082BF3D7E83BF3E7E84BF3F7E85BF407E08
:100CF00086BF427E87BF437E88BF447E89BF457ED4
:100D00008ABF467E8BBF487E8CBF497E8DBF4A7EA0
:100D10008EBF4B7E8FBF4C7E90BF4D7E91BF4E7E6F
:100D200092BF4F7E93BF507E94BF517E95BF527E3F
:100D300096BF537E97BF547E98BF557E99BF567E0F
:100D40009ABF577E9BBF587E9CBF597E9DBF5A7EDF
:100D50009EBF5B7E9FBF5C7EA0BF5D7EA1BFCA4F72
:100D6000A2BFE37AA3BF5A6DA4BFE190A5BF8F9A3B
:100D7000A6BF8055A7BF9654A8BF6153A9BFAF5463
:100D8000AABF005FABBFE963ACBF7769ADBFEF51EE
:100D9000AEBF6861AFBF0A52B0BF2A58B1BFD852C8
:100DA000B2BF4E57B3BF0D78B4BF0B77B5BFB75EB8
:100DB000B6BF7761B7BFE07CB8BF5B62B9BF97626F
:100DC000BABFA24EBBBF9570BCBF0380BDBFF76268
:100DD000BEBFE470BFBF6097C0BF7757C1BFDB82A3
:100DE000C2BFEF67C3BFF568C4BFD578C5BF9798CA
:100DF000C6BFD179C7BFF358C8BFB354C9BFEF53FB
:100E0000CABF346ECBBF4B51CCBF3B52CDBFA25BF0
:100E1000CEBFFE8BCFBFAF80D0BF4355D1BFA6574B
:100E2000D2BF7360D3BF5157D4BF2D54D5BF7A7A88
:100E3000D6BF5060D7BF545BD8BFA763D9BFA062ED
:100E4000DABFE353DBBF6362DCBFC75BDDBFAF6705
:100E5000DEBFED54DFBF9F7AE0BFE682E1BF77914E
:100E6000E2BF935EE3BFE488E4BF3859E5BFAE5705
:100E7000E6BF0E63E7BFE88DE8BFEF80E9BF5757D5
:100E8000EABF777BEBBFA94FECBFEB5FEDBFBD5B6C
:100E9000EEBF3E6BEFBF2153F0BF507BF1BFC2727C
:100EA000F2BF4668F3BFFF77F4BF3677F5BFF7654B
:100EB000F6BFB551F7BF8F4EF8BFD476F9BFBF5C10
:100EC000FABFA57AFBBF7584FCBF4E59FDBF419B9D
:100ED000FEBF805040C05E7E41C05F7E42C0607EEB
:100EE00043C0617E44C0627E45C0637E46C0647E6E
:100EF00047C0657E48C0667E49C0677E4AC0687E3E
:100F00004BC0697E4CC06A7E4DC06B7E4EC06C7E0D
:100F10004FC06D7E50C06E7E51C06F7E52C0707EDD
:100F200053C0717E54C0727E55C0737E56C0747EAD
:100F300057C0757E58C0767E59C0777E5AC0787E7D
:100F40005BC0797E5CC07A7E5DC07B7E5EC07C7E4D
:100F50005FC07D7E60C07E7E61C07F7E62C0807E1D
:100F600063C0817E64C0837E65C0847E66C0857EEA
:100F700067C0867E68C0877E69C0887E6AC0897EB9
:100F80006BC08A7E6CC08B7E6DC08C7E6EC08D7E89
:100F90006FC08E7E70C08F7E71C0907E72C0917E59
:100FA00073C0927E74C0937E75C0947E76C0957E29
:100FB00077C0967E78C0977E79C0987E7AC0997EF9
:100FC0007BC09A7E7CC09C7E7DC09D7E7EC09E7EC6
:100FD00080C0AE7E81C0B47E82C0BB7E83C0BC7E3A
:100FE00084C0D67E85C0E47E86C0EC7E87C0F97E54
:100FF00088C00A7F89C0107F8AC01E7F8BC0377F60
:101000008CC0397F8DC03B7F8EC03C7F8FC03D7FC1
:1010100090C03E7F91C03F7F92C0407F93C0417F90
:1010200094C0437F95C0467F96C0477F97C0487F56
:1010300098C0497F99C04A7F9AC04B7F9BC04C7F24
:101040009CC04D7F9DC04E7F9EC04F7F9FC0527FF2
:10105000A0C0537FA1C08899A2C02761A3C0836E9E
:10106000A4C06457A5C00666A6C04663A7C0F056D4
:10107000A8C0EC62A9C06962AAC0D35EABC01496D6
:10108000ACC08357ADC0C962AEC08755AFC0218721
:10109000B0C04A81B1C0A38FB2C06655B3C0B1839E
:1010A000B4C06567B5C0568DB6C0DD84B7C06A5A96
:1010B000B8C00F68B9C0E662BAC0EE7BBBC011967B
:1010C000BCC07051BDC09C6FBEC0308CBFC0FD6342
:1010D000C0C0C889C1C0D261C2C0067FC3C0C270CF
:1010E000C4C0E56EC5C00574C6C09469C7C0FC72B3
:1010F000C8C0CA5EC9C0CE90CAC01767CBC06A6DEF
:10110000CCC05E63CDC0B352CEC06272CFC001808E
:10111000D0C06C4FD1C0E559D2C06A91D3C0D9704C
:10112000D4C09D6DD5C0D252D6C0504ED7C0F79610
:10113000D8C06D95D9C07E85DAC0CA78DBC02F7D56
:10114000DCC02151DDC09257DEC0C264DFC08B809D
:10115000E0C07B7CE1C0EA6CE2C0F168E3C05E699C
:10116000E4C0B751E5C09853E6C0A868E7C08172F3
:10117000E8C0CE9EE9C0F17BEAC0F872EBC0BB7953
:10118000ECC0136FEDC00674EEC04E67EFC0CC919B
:10119000F0C0A49CF1C03C79F2C08983F3C05483B1
:1011A000F4C00F54F5C01768F6C03D4EF7C0895320
:1011B000F8C0B152F9C03E78FAC08653FBC029523C
:1011C000FCC08850FDC08B4FFEC0D04F40C1567F41
:1011D00041C1597F42C15B7F43C15C7F44C15D7F98
:1011E00045C15E7F46C1607F47C1637F48C1647F60
:1011F00049C1657F4AC1667F4BC1677F4CC16B7F28
:101200004DC16C7F4EC16D7F4FC16F7F50C1707FEC
:1012100051C1737F52C1757F53C1767F54C1777FAF
:1012200055C1787F56C17A7F57C17B7F58C17C7F7B
:1012300059C17D7F5AC17F7F5BC1807F5CC1827F46
:101240005DC1837F5EC1847F5FC1857F60C1867F12
:1012500061C1877F62C1887F63C1897F64C18B7FE1
:1012600065C18D7F66C18F7F67C1907F68C1917FA7
:1012700069C1927F6AC1937F6BC1957F6CC1967F74
:101280006DC1977F6EC1987F6FC1997F70C19B7F41
:1012900071C19C7F72C1A07F73C1A27F74C1A37F03
:1012A00075C1A57F76C1A67F77C1A87F78C1A97FC8
:1012B00079C1AA7F7AC1AB7F7BC1AC7F7CC1AD7F96
:1012C0007DC1AE7F7EC1B17F80C1B37F81C1B47F5C
:1012D00082C1B57F83C1B67F84C1B77F85C1BA7F24
:1012E00086C1BB7F87C1BE7F88C1C07F89C1C27FE5
:1012F0008AC1C37F8BC1C47F8CC1C67F8DC1C77FAC
:101300008EC1C87F8FC1C97F90C1CB7F91C1CD7F76
:1013100092C1CF7F93C1D07F94C1D17F95C1D27F3D
:1013200096C1D37F97C1D67F98C1D77F99C1D97F06
:101330009AC1DA7F9BC1DB7F9CC1DC7F9DC1DD7FD1
:101340009EC1DE7F9FC1E27FA0C1E37FA1C1E275A4
:10135000A2C1CB7AA3C1927CA4C1A56CA5C1B6964B
:10136000A6C19B52A7C18374A8C1E954A9C1E94F82
:10137000AAC15480ABC1B283ACC1DE8FADC1709540
:10138000AEC1C95EAFC11C60B0C19F6DB1C1185E76
:10139000B2C15B65B3C13881B4C1FE94B5C14B60C5
:1013A000B6C1BC70B7C1C37EB8C1AE7CB9C1C951AA
:1013B000BAC18168BBC1B17CBCC16F82BDC1244EC2
:1013C000BEC1868FBFC1CF91C0C17E66C1C1AE4EC6
:1013D000C2C1058CC3C1A964C4C14A80C5C1DA5069
:1013E000C6C19775C7C1CE71C8C1E55BC9C1BD8F04
:1013F000CAC1666FCBC1864ECCC18264CDC1639534
:10140000CEC1D65ECFC19965D0C11752D1C1C288B5
:10141000D2C1C870D3C1A352D4C10E73D5C1337425
:10142000D6C19767D7C1F778D8C11697D9C1344EBE
:10143000DAC1BB90DBC1DE9CDCC1CB6DDDC1DB5111
:10144000DEC1418DDFC11D54E0C1CE62E1C1B27386
:10145000E2C1F183E3C1F696E4C1849FE5C1C39480
:10146000E6C1364FE7C19A7FE8C1CC51E9C175703A
:10147000EAC17596EBC1AD5CECC18698EDC1E6534F
:10148000EEC1E44EEFC19C6EF0C10974F1C1B469C4
:10149000F2C16B78F3C18F99F4C15975F5C1185237
:1014A000F6C12476F7C1416DF8C1F367F9C16D51FA
:1014B000FAC1999FFBC14B80FCC19954FDC13C7B93
:1014C000FEC1BF7A40C2E47F41C2E77F42C2E87FEB
:1014D00043C2EA7F44C2EB7F45C2EC7F46C2ED7F48
:1014E00047C2EF7F48C2F27F49C2F47F4AC2F57F0C
:1014F0004BC2F67F4CC2F77F4DC2F87F4EC2F97FD8
:101500004FC2FA7F50C2FD7F51C2FE7F52C2FF7FA1
:1015100053C2028054C2078055C2088056C2098057
:1015200057C20A8058C20E8059C20F805AC2118019
:101530005BC213805CC21A805DC21B805EC21D80CC
:101540005FC21E8060C21F8061C2218062C2238090
:1015500063C2248064C22B8065C22C8066C22D8049
:1015600067C22E8068C22F8069C230806AC2328012
:101570006BC234806CC239806DC23A806EC23C80CE
:101580006FC23E8070C2408071C2418072C244808E
:1015900073C2458074C2478075C2488076C2498054
:1015A00077C24E8078C24F8079C250807AC2518013
:1015B0007BC253807CC255807DC256807EC25780DC
:1015C00080C2598081C25B8082C25C8083C25D80A0
:1015D00084C25E8085C25F8086C2608087C261806F
:1015E00088C2628089C263808AC264808BC265803F
:1015F0008CC266808DC267808EC268808FC26B800D
:1016000090C26C8091C26D8092C26E8093C26F80D6
:1016100094C2708095C2728096C2738097C27480A3
:1016200098C2758099C276809AC277809BC2788072
:101630009CC279809DC27A809EC27B809FC27C8042
:10164000A0C27D80A1C28696A2C28457A3C2E262D4
:10165000A4C24796A5C27C69A6C2045AA7C2026466
:10166000A8C2D37BA9C20F6FAAC24B96ABC2A682F7
:10167000ACC26253ADC28598AEC2905EAFC28970F3
:10168000B0C2B363B1C26453B2C24F86B3C2819CCD
:10169000B4C2939EB5C28C78B6C23297B7C2EF8DF2
:1016A000B8C2428DB9C27F9EBAC25E6FBBC2847996
:1016B000BCC2555FBDC24696BEC22E62BFC2749AFE
:1016C000C0C21554C1C2DD94C2C2A34FC3C2C56516
:1016D000C4C2655CC5C2615CC6C2157FC7C2518603
:1016E000C8C22F6CC9C28B5FCAC28773CBC2E46EFB
:1016F000CCC2FF7ECDC2E65CCEC21B63CFC26A5BAA
:10170000D0C2E66ED1C27553D2C2714ED3C2A063AD
:10171000D4C26575D5C2A162D6C26E8FD7C2264F1C
:10172000D8C2D14ED9C2A66CDAC2B67EDBC2BA8BA1
:10173000DCC21D84DDC2BA87DEC2577FDFC23B90A8
:10174000E0C22395E1C2A97BE2C2A19AE3C2F88874
:10175000E4C23D84E5C21B6DE6C2869AE7C2DC7E28
:10176000E8C28859E9C2BB9EEAC29B73EBC201780A
:10177000ECC28286EDC26C9AEEC2829AEFC21B5610
:10178000F0C21754F1C2CB57F2C2704EF3C2A69EFC
:10179000F4C25653F5C2C88FF6C20981F7C29277D8
:1017A000F8C29299F9C2EE86FAC2E16EFBC21385C5
:1017B000FCC2FC66FDC26261FEC22B6F40C37E802C
:1017C00041C3818042C3828043C3858044C38880F3
:1017D00045C38A8046C38D8047C38E8048C38F80AF
:1017E00049C390804AC391804BC392804CC394807C
:1017F0004DC395804EC397804FC3998050C39E8040
:1018000051C3A38052C3A68053C3A78054C3A880EA
:1018100055C3AC8056C3B08057C3B38058C3B5809E
:1018200059C3B6805AC3B8805BC3B9805CC3BB8060
:101830005DC3C5805EC3C7805FC3C88060C3C98005
:1018400061C3CA8062C3CB8063C3CF8064C3D080CE
:1018500065C3D18066C3D28067C3D38068C3D48098
:1018600069C3D5806AC3D8806BC3DF806CC3E08056
:101870006DC3E2806EC3E3806FC3E68070C3EE8009
:1018800071C3F58072C3F78073C3F98074C3FB80A2
:1018900075C3FE8076C3FF8077C3008178C3018162
:1018A00079C303817AC304817BC305817CC307812B
:1018B0007DC308817EC30B8180C30C8181C31581E8
:1018C00082C3178183C3198184C31B8185C31C8193
:1018D00086C31D8187C31F8188C3208189C321815D
:1018E0008AC322818BC323818CC324818DC325812C
:1018F0008EC326818FC3278190C3288191C32981FC
:1019000092C32A8193C32B8194C32D8195C32E81C9
:1019100096C3308197C3338198C3348199C335818D
:101920009AC337819BC339819CC33A819DC33B8154
:101930009EC33C819FC33D81A0C33F81A1C3298C2D
:10194000A2C39282A3C32B83A4C3F276A5C3136C54
:10195000A6C3D95FA7C3BD83A8C32B73A9C305833F
:10196000AAC31A95ABC3DB6BACC3DB77ADC3C6941C
:10197000AEC36F53AFC30283B0C39251B1C33D5ED8
:10198000B2C38C8CB3C3388DB4C3484EB5C3AB73EC
:10199000B6C39A67B7C38568B8C37691B9C30997C8
:1019A000BAC36471BBC3A16CBCC30977BDC3925AEF
:1019B000BEC34195BFC3CF6BC0C38E7FC1C3276673
:1019C000C2C3D05BC3C3B959C4C39A5AC5C3E8954F
:1019D000C6C3F795C7C3EC4EC8C30C84C9C399846A
:1019E000CAC3AC6ACBC3DF76CCC33095CDC31B73FF
:1019F000CEC3A668CFC35F5BD0C32F77D1C39A9104
:101A0000D2C36197D3C3DC7CD4C3F78FD5C31C8CFE
:101A1000D6C3255FD7C3737CD8C3D879D9C3C5894A
:101A2000DAC3CC6CDBC31C87DCC3C65BDDC3425EA0
:101A3000DEC3C968DFC32077E0C3F57EE1C39551FB
:101A4000E2C34D51E3C3C952E4C3295AE5C3057F3C
:101A5000E6C36297E7C3D782E8C3CF63E9C384775D
:101A6000EAC3D085EBC3D279ECC33A6EEDC3995E7D
:101A7000EEC39959EFC31185F0C36D70F1C3116CBA
:101A8000F2C3BF62F3C3BF76F4C34F65F5C3AF6063
:101A9000F6C3FD95F7C30E66F8C39F87F9C3239E6F
:101AA000FAC3ED94FBC30D54FCC37D54FDC32C8CD1
:101AB000FEC3786440C4408141C4418142C4428134
:101AC00043C4438144C4448145C4458146C44781DD
:101AD00047C4498148C44D8149C44E814AC44F819D
:101AE0004BC452814CC456814DC457814EC4588159
:101AF0004FC45B8150C45C8151C45D8152C45E811E
:101B000053C45F8154C4618155C4628156C46381EA
:101B100057C4648158C4668159C468815AC46A81B3
:101B20005BC46B815CC46C815DC46F815EC4728177
:101B30005FC4738160C4758161C4768162C477813A
:101B400063C4788164C4818165C4838166C48481EF
:101B500067C4858168C4868169C487816AC48981B4
:101B60006BC48B816CC48C816DC48D816EC48E817D
:101B70006FC4908170C4928171C4938172C4948146
:101B800073C4958174C4968175C4978176C4998114
:101B900077C49A8178C49E8179C49F817AC4A081D8
:101BA0007BC4A1817CC4A2817DC4A4817EC4A581A3
:101BB00080C4A78181C4A98182C4AB8183C4AC8164
:101BC00084C4AD8185C4AE8186C4AF8187C4B08131
:101BD00088C4B18189C4B2818AC4B4818BC4B581FF
:101BE0008CC4B6818DC4B7818EC4B8818FC4B981CD
:101BF00090C4BC8191C4BD8192C4BE8193C4BF8195
:101C000094C4C48195C4C58196C4C78197C4C88152
:101C100098C4C98199C4CB819AC4CD819BC4CE811B
:101C20009CC4CF819DC4D0819EC4D1819FC4D281E8
:101C3000A0C4D381A1C47964A2C41186A3C4216ABB
:101C4000A4C49C81A5C4E878A6C46964A7C4549BB5
:101C5000A8C4B962A9C42B67AAC4AB83ABC4A858F3
:101C6000ACC4D89EADC4AB6CAEC4206FAFC4DE5B59
:101C7000B0C44C96B1C40B8CB2C45F72B3C4D0670D
:101C8000B4C4C762B5C46172B6C4A94EB7C4C6595C
:101C9000B8C4CD6BB9C49358BAC4AE66BBC4555E64
:101CA000BCC4DF52BDC45561BEC42867BFC4EE7654
:101CB000C0C46677C1C46772C2C4467AC3C4FF6237
:101CC000C4C4EA54C5C45054C6C4A094C7C4A390A5
:101CD000C8C41C5AC9C4B37ECAC4166CCBC4434E14
:101CE000CCC47659CDC41080CEC44859CFC4575304
:101CF000D0C43775D1C4BE96D2C4CA56D3C42063EB
:101D0000D4C41181D5C47C60D6C4F995D7C4D66D2E
:101D1000D8C46254D9C48199DAC48551DBC4E95A64
:101D2000DCC4FD80DDC4AE59DEC41397DFC42A5085
:101D3000E0C4E56CE1C43C5CE2C4DF62E3C4604F34
:101D4000E4C43F53E5C47B81E6C40690E7C4BA6EA1
:101D5000E8C42B85E9C4C862EAC4745EEBC4BE78EB
:101D6000ECC4B564EDC47B63EEC4F55FEFC4185AF0
:101D7000F0C47F91F1C41F9EF2C43F5CF3C44F6373
:101D8000F4C44280F5C47D5BF6C46E55F7C44A9531
:101D9000F8C44D95F9C4856DFAC4A860FBC4E0672A
:101DA000FCC4DE72FDC4DD51FEC4815B40C5D4813C
:101DB00041C5D58142C5D68143C5D78144C5D881A7
:101DC00045C5D98146C5DA8147C5DB8148C5DC8177
:101DD00049C5DD814AC5DE814BC5DF814CC5E08147
:101DE0004DC5E1814EC5E2814FC5E48150C5E58115
:101DF00051C5E68152C5E88153C5E98154C5EB81DF
:101E000055C5EE8156C5EF8157C5F08158C5F181A2
:101E100059C5F2815AC5F5815BC5F6815CC5F7816C
:101E20005DC5F8815EC5F9815FC5FA8160C5FD8138
:101E300061C5FF8162C5038263C5078264C50882EC
:101E400065C5098266C50A8267C50B8268C50E82B0
:101E500069C50F826AC511826BC513826CC5158274
:101E60006DC516826EC517826FC5188270C519823E
:101E700071C51A8272C51D8273C5208274C5248201
:101E800075C5258276C5268277C5278278C52982C1
:101E900079C52E827AC532827BC53A827CC53C8266
:101EA0007DC53D827EC53F8280C5408281C541821D
:101EB00082C5428283C5438284C5458285C54682E8
:101EC00086C5488287C54A8288C54C8289C54D82AD
:101ED0008AC54E828BC550828CC551828DC5528277
:101EE0008EC553828FC5548290C5558291C5568246
:101EF00092C5578293C5598294C55B8295C55C8211
:101F000096C55D8297C55E8298C5608299C56182DB
:101F10009AC562829BC563829CC564829DC56582A9
:101F20009EC566829FC56782A0C56982A1C5E7621A
:101F3000A2C5DE6CA3C55B72A4C56D62A5C5AE94D7
:101F4000A6C5BD7EA7C51381A8C5536DA9C59C5163
:101F5000AAC5045FABC57459ACC5AA52ADC5126021
:101F6000AEC57359AFC59666B0C55086B1C59F75ED
:101F7000B2C52A63B3C5E661B4C5EF7CB5C5FA8BBB
:101F8000B6C5E654B7C5276BB8C5259EB9C5B46BB1
:101F9000BAC5D585BBC55554BCC57650BDC5A46C66
:101FA000BEC56A55BFC5B48DC0C52C72C1C5155E0E
:101FB000C2C51560C3C53674C4C5CD62C5C59263BC
:101FC000C6C54C72C7C5985FC8C5436EC9C53E6DCE
:101FD000CAC50065CBC5586FCCC5D876CDC5D078FD
:101FE000CEC5FC76CFC55475D0C52452D1C5DB53C0
:101FF000D2C5534ED3C59E5ED4C5C165D5C52A8012
:10200000D6C5D680D7C59B62D8C58654D9C52852B7
:10201000DAC5AE70DBC58D88DCC5D18DDDC5E16C60
:10202000DEC57854DFC5DA80E0C5F957E1C5F4882C
:10203000E2C5548DE3C56A96E4C54D91E5C5694F87
:10204000E6C59B6CE7C5B755E8C5C676E9C53078E7
:10205000EAC5A862EBC5F970ECC58E6FEDC56D5F82
:10206000EEC5EC84EFC5DA68F0C57C78F1C5F77B86
:10207000F2C5A881F3C50B67F4C54F9EF5C567632C
:10208000F6C5B078F7C56F57F8C51278F9C5399716
:10209000FAC57962FBC5AB62FCC58852FDC53574D3
:1020A000FEC5D76B40C66A8241C66B8242C66C824F
:1020B00043C66D8244C6718245C6758246C6768225
:1020C00047C6778248C6788249C67B824AC67C82E8
:1020D0004BC680824CC681824DC683824EC68582A5
:1020E0004FC6868250C6878251C6898252C68C826C
:1020F00053C6908254C6938255C6948256C6958222
:1021000057C6968258C69A8259C69B825AC69E82E4
:102110005BC6A0825CC6A2825DC6A3825EC6A782A1
:102120005FC6B28260C6B58261C6B68262C6BA8236
:1021300063C6BB8264C6BC8265C6BF8266C6C082F7
:1021400067C6C28268C6C38269C6C5826AC6C682BD
:102150006BC6C9826CC6D0826DC6D6826EC6D98265
:102160006FC6DA8270C6DD8271C6E28272C6E7820D
:1021700073C6E88274C6E98275C6EA8276C6EC82C6
:1021800077C6ED8278C6EE8279C6F0827AC6F28290
:102190007BC6F3827CC6F5827DC6F6827EC6F88257
:1021A00080C6FA8281C6FC8282C6FD8283C6FE8218
:1021B00084C6FF8285C6008386C60A8387C60B83D2
:1021C00088C60D8389C610838AC612838BC6138383
:1021D0008CC616838DC618838EC619838FC61D8341
:1021E00090C61E8391C61F8392C6208393C6218307
:1021F00094C6228395C6238396C6248397C62583D7
:1022000098C6268399C629839AC62A839BC62E839D
:102210009CC630839DC632839EC637839FC63B8350
:10222000A0C63D83A1C66455A2C63E81A3C6B275B1
:10223000A4C6AE76A5C63953A6C6DE75A7C6FB50A2
:10224000A8C6415CA9C66C8BAAC6C77BABC64F505B
:10225000ACC64772ADC6979AAEC6D898AFC6026FE5
:10226000B0C6E274B1C66879B2C68764B3C6A57752
:10227000B4C6FC62B5C69198B6C62B8DB7C6C1541C
:10228000B8C65880B9C6524EBAC66A57BBC6F9829C
:10229000BCC60D84BDC6735EBEC6ED51BFC6F67426
:1022A000C0C6C48BC1C64F5CC2C66157C3C6FC6CF6
:1022B000C4C68798C5C6465AC6C63478C7C6449BA6
:1022C000C8C6EB8FC9C6957CCAC65652CBC65162EA
:1022D000CCC6FA94CDC6C64ECEC68683CFC6618420
:1022E000D0C6E983D1C6B284D2C6D457D3C6346728
:1022F000D4C60357D5C66E66D6C6666DD7C6318CB2
:10230000D8C6DD66D9C61170DAC61F67DBC63A6B60
:10231000DCC61668DDC61A62DEC6BB59DFC6034ED0
:10232000E0C6C451E1C6066FE2C6D267E3C68F6C51
:10233000E4C67651E5C6CB68E6C64759E7C6676B83
:10234000E8C66675E9C60E5DEAC61081EBC6509F09
:10235000ECC6D765EDC64879EEC64179EFC6919ACD
:10236000F0C6778DF1C6825CF2C65E4EF3C6014FB1
:10237000F4C62F54F5C65159F6C60C78F7C6685600
:10238000F8C6146CF9C6C48FFAC6035FFBC67D6C31
:10239000FCC6E36CFDC6AB8BFEC6906340C73E83B4
:1023A00041C73F8342C7418343C7428344C74483F5
:1023B00045C7458346C7488347C74A8348C74B83B9
:1023C00049C74C834AC74D834BC74E834CC7538381
:1023D0004DC755834EC756834FC7578350C7588341
:1023E00051C7598352C75D8353C7628354C77083F3
:1023F00055C7718356C7728357C7738358C7748391
:1024000059C775835AC776835BC779835CC77A835C
:102410005DC77E835EC77F835FC7808360C781831C
:1024200061C7828362C7838363C7848364C78783EA
:1024300065C7888366C78A8367C78B8368C78C83B1
:1024400069C78D836AC78F836BC790836CC791837D
:102450006DC794836EC795836FC7968370C7978344
:1024600071C7998372C79A8373C79D8374C79F830B
:1024700075C7A18376C7A28377C7A38378C7A483D0
:1024800079C7A5837AC7A6837BC7A7837CC7AC839C
:102490007DC7AD837EC7AE8380C7AF8381C7B58359
:1024A00082C7BB8383C7BE8384C7BF8385C7C283FC
:1024B00086C7C38387C7C48388C7C68389C7C883C1
:1024C0008AC7C9838BC7CB838CC7CD838DC7CE8387
:1024D0008EC7D0838FC7D18390C7D28391C7D38350
:1024E00092C7D58393C7D78394C7D98395C7DA8317
:1024F00096C7DB8397C7DE8398C7E28399C7E383D8
:102500009AC7E4839BC7E6839CC7E7839DC7E8839C
:102510009EC7EB839FC7EC83A0C7ED83A1C7706004
:10252000A2C73D6DA3C77572A4C76662A5C78E9486
:10253000A6C7C594A7C74353A8C7C18FA9C77E7BA9
:10254000AAC7DF4EABC7268CACC77E4EADC7D49EA4
:10255000AEC7B194AFC7B394B0C74D52B1C75C6FAB
:10256000B2C76390B3C7456DB4C7348CB5C71158B3
:10257000B6C74C5DB7C7206BB8C7496BB9C7AA6768
:10258000BAC75B54BBC75481BCC78C7FBDC79958C1
:10259000BEC73785BFC73A5FC0C7A262C1C7476A17
:1025A000C2C73995C3C77265C4C78460C5C76568AB
:1025B000C6C7A777C7C7544EC8C7A84FC9C7E75DE6
:1025C000CAC79897CBC7AC64CCC7D87FCDC7ED5CE2
:1025D000CEC7CF4FCFC78D7AD0C70752D1C704839C
:1025E000D2C7144ED3C72F60D4C7837AD5C7A69459
:1025F000D6C7B54FD7C7B24ED8C7E679D9C7347456
:10260000DAC7E452DBC7B982DCC7D264DDC7BD7963
:10261000DEC7DD5BDFC7816CE0C75297E1C77B8F08
:10262000E2C7226CE3C73E50E4C77F53E5C7056E9F
:10263000E6C7CE64E7C77466E8C7306CE9C7C56013
:10264000EAC77798EBC7F78BECC7865EEDC73C749B
:10265000EEC7777AEFC7CB79F0C7184EF1C7B190C4
:10266000F2C70374F3C7426CF4C7DA56F5C74B914F
:10267000F6C7C56CF7C78B8DF8C73A53F9C7C6863E
:10268000FAC7F266FBC7AF8EFCC7485CFDC7719AFC
:10269000FEC7206E40C8EE8341C8EF8342C8F38373
:1026A00043C8F48344C8F58345C8F68346C8F78316
:1026B00047C8FA8348C8FB8349C8FC834AC8FE83DD
:1026C0004BC8FF834CC800844DC802844EC80584A3
:1026D0004FC8078450C8088451C8098452C80A8466
:1026E00053C8108454C8128455C8138456C814841F
:1026F00057C8158458C8168459C817845AC81984ED
:102700005BC81A845CC81B845DC81E845EC81F84B5
:102710005FC8208460C8218461C8228462C8238481
:1027200063C8298464C82A8465C82B8466C82C843D
:1027300067C82D8468C82E8469C82F846AC830840D
:102740006BC832846CC833846DC834846EC83584D9
:102750006FC8368470C8378471C8398472C83A84A7
:1027600073C83B8474C83E8475C83F8476C840846F
:1027700077C8418478C8428479C843847AC844843D
:102780007BC845847CC847847DC848847EC849840A
:1027900080C84A8481C84B8482C84C8483C84D84D5
:1027A00084C84E8485C84F8486C8508487C85284A4
:1027B00088C8538489C854848AC855848BC8568471
:1027C0008CC858848DC85D848EC85E848FC85F8431
:1027D00090C8608491C8628492C8648493C86584F8
:1027E00094C8668495C8678496C8688497C86A84C4
:1027F00098C86E8499C86F849AC870849BC8728484
:102800009CC874849DC877849EC879849FC87B8443
:10281000A0C87C84A1C8D653A2C8365AA3C88B9F2F
:10282000A4C8A38DA5C8BB53A6C80857A7C8A79816
:10283000A8C84367A9C89B91AAC8C96CABC868510E
:10284000ACC8CA75ADC8F362AEC8AC72AFC8385276
:10285000B0C89D52B1C83A7FB2C89470B3C8387638
:10286000B4C87453B5C84A9EB6C8B769B7C86E78BD
:10287000B8C8C096B9C8D988BAC8A47FBBC83671D1
:10288000BCC8C371BDC88951BEC8D367BFC8E47492
:10289000C0C8E458C1C81865C2C8B756C3C8A98B18
:1028A000C4C87699C5C87062C6C8D57EC7C8F96065
:1028B000C8C8ED70C9C8EC58CAC8C14ECBC8BA4E1A
:1028C000CCC8CD5FCDC8E797CEC8FB4ECFC8A48B90
:1028D000D0C80352D1C88A59D2C8AB7ED3C854627B
:1028E000D4C8CD4ED5C8E565D6C80E62D7C83883E2
:1028F000D8C8C984D9C86383DAC88D87DBC8947106
:10290000DCC8B66EDDC8B95BDEC8D27EDFC89751C1
:10291000E0C8C963E1C8D467E2C88980E3C83983E5
:10292000E4C81588E5C81251E6C87A5BE7C8825941
:10293000E8C8B18FE9C8734EEAC85D6CEBC8655151
:10294000ECC82589EDC86F8FEEC82E96EFC84A8572
:10295000F0C85E74F1C81095F2C8F095F3C8A66D82
:10296000F4C8E582F5C8315FF6C89264F7C8126D05
:10297000F8C82884F9C86E81FAC8C39CFBC85E58A1
:10298000FCC85B8DFDC8094EFEC8C15340C97D849B
:1029900041C97E8442C97F8443C9808444C98184FB
:1029A00045C9838446C9848447C9858448C98684C7
:1029B00049C98A844AC98D844BC98F844CC9908483
:1029C0004DC991844EC992844FC9938450C994844F
:1029D00051C9958452C9968453C9988454C99A841C
:1029E00055C99B8456C99D8457C99E8458C99F84E4
:1029F00059C9A0845AC9A2845BC9A3845CC9A484B0
:102A00005DC9A5845EC9A6845FC9A78460C9A8847E
:102A100061C9A98462C9AA8463C9AB8464C9AC844E
:102A200065C9AD8466C9AE8467C9B08468C9B1841C
:102A300069C9B3846AC9B5846BC9B6846CC9B784E3
:102A40006DC9BB846EC9BC846FC9BE8470C9C084A3
:102A500071C9C28472C9C38473C9C58474C9C68468
:102A600075C9C78476C9C88477C9CB8478C9CC8432
:102A700079C9CE847AC9CF847BC9D2847CC9D484F5
:102A80007DC9D5847EC9D78480C9D88481C9D984B9
:102A900082C9DA8483C9DB8484C9DC8485C9DE8485
:102AA00086C9E18487C9E28488C9E48489C9E78446
:102AB0008AC9E8848BC9E9848CC9EA848DC9EB840E
:102AC0008EC9ED848FC9EE8490C9EF8491C9F184D9
:102AD00092C9F28493C9F38494C9F48495C9F584A6
:102AE00096C9F68497C9F78498C9F88499C9F98476
:102AF0009AC9FA849BC9FB849CC9FD849DC9FE8444
:102B00009EC900859FC90185A0C90285A1C91E4F24
:102B1000A2C96365A3C95168A4C9D355A5C9274EE5
:102B2000A6C91464A7C99A9AA8C96B62A9C9C25A4E
:102B3000AAC95F74ABC97282ACC9A96DADC9EE6890
:102B4000AEC9E750AFC98E83B0C90278B1C940673A
:102B5000B2C93952B3C9996CB4C9B17EB5C9BB50B9
:102B6000B6C96555B7C95E71B8C95B7BB9C952664C
:102B7000BAC9CA73BBC9EB82BCC94967BDC9715C1C
:102B8000BEC92052BFC97D71C0C96B88C1C9EA9551
:102B9000C2C95596C3C9C564C4C9618DC5C9B381CD
:102BA000C6C98455C7C9556CC8C94762C9C92E7FF3
:102BB000CAC99258CBC9244FCCC94655CDC94F8DEF
:102BC000CEC94C66CFC90A4ED0C91A5CD1C9F388A8
:102BD000D2C9A268D3C94E63D4C90D7AD5C9E770EA
:102BE000D6C98D82D7C9FA52D8C9F697D9C9115C0E
:102BF000DAC9E854DBC9B590DCC9CD7EDDC96259BC
:102C0000DEC94A8DDFC9C786E0C90C82E1C90D82E1
:102C1000E2C9668DE3C94464E4C9045CE5C9516155
:102C2000E6C9896DE7C93E79E8C9BE8BE9C937783D
:102C3000EAC93375EBC97B54ECC9384FEDC9AB8E8B
:102C4000EEC9F16DEFC9205AF0C9C57EF1C95E79B0
:102C5000F2C9886CF3C9A15BF4C9765AF5C91A7533
:102C6000F6C9BE80F7C94E61F8C9176EF9C9F058A8
:102C7000FAC91F75FBC92575FCC97272FDC9475396
:102C8000FEC9F37E40CA038541CA048542CA058550
:102C900043CA068544CA078545CA088546CA0985C8
:102CA00047CA0A8548CA0B8549CA0D854ACA0E8596
:102CB0004BCA0F854CCA10854DCA12854ECA148561
:102CC0004FCA158550CA168551CA188552CA19852A
:102CD00053CA1B8554CA1C8555CA1D8556CA1E85F4
:102CE00057CA208558CA228559CA23855ACA2485BD
:102CF0005BCA25855CCA26855DCA27855ECA28858C
:102D00005FCA298560CA2A8561CA2D8562CA2E8557
:102D100063CA2F8564CA308565CA318566CA328523
:102D200067CA338568CA348569CA35856ACA3685F3
:102D30006BCA3E856CCA3F856DCA40856ECA4185A7
:102D40006FCA428570CA448571CA458572CA468574
:102D500073CA478574CA4B8575CA4C8576CA4D853A
:102D600077CA4E8578CA4F8579CA50857ACA518507
:102D70007BCA52857CCA53857DCA54857ECA5585D7
:102D800080CA578581CA588582CA5A8583CA5B859D
:102D900084CA5C8585CA5D8586CA5F8587CA608569
:102DA00088CA618589CA62858ACA63858BCA658536
:102DB0008CCA66858DCA67858ECA69858FCA6A8501
:102DC00090CA6B8591CA6C8592CA6D8593CA6E85CF
:102DD00094CA6F8595CA708596CA718597CA73859E
:102DE00098CA758599CA76859ACA77859BCA788567
:102DF0009CCA7C859DCA7D859ECA7F859FCA808529
:102E0000A0CA8185A1CA0177A2CADB76A3CA69528A
:102E1000A4CADC80A5CA2357A6CA085EA7CA31592E
:102E2000A8CAEE72A9CABD65AACA7F6EABCAD78B03
:102E3000ACCA385CADCA7186AECA4153AFCAF3772B
:102E4000B0CAFE62B1CAF665B2CAC04EB3CADF9854
:102E5000B4CA8086B5CA9E5BB6CAC68BB7CAF253DF
:102E6000B8CAE277B9CA7F4FBACA4E5CBBCA769A73
:102E7000BCCACB59BDCA0F5FBECA3A79BFCAEB58AC
:102E8000C0CA164EC1CAFF67C2CA8B4EC3CAED6222
:102E9000C4CA938AC5CA1D90C6CABF52C7CA2F6684
:102EA000C8CADC55C9CA6C56CACA0290CBCAD54E2C
:102EB000CCCA8D4FCDCACA91CECA7099CFCA0F6CF9
:102EC000D0CA025ED1CA4360D2CAA45BD3CAC68943
:102ED000D4CAD58BD5CA3665D6CA4B62D7CA96999D
:102EE000D8CA885BD9CAFF5BDACA8863DBCA2E55A9
:102EF000DCCAD753DDCA2676DECA7D51DFCA2C85EF
:102F0000E0CAA267E1CAB368E2CA8A6BE3CA926206
:102F1000E4CA938FE5CAD453E6CA1282E7CAD16DD8
:102F2000E8CA8F75E9CA664EEACA4E8DEBCA705B75
:102F3000ECCA9F71EDCAAF85EECA9166EFCAD96639
:102F4000F0CA727FF1CA0087F2CACD9EF3CA209FF1
:102F5000F4CA5E5CF5CA2F67F6CAF08FF7CA11682B
:102F6000F8CA5F67F9CA0D62FACAD67AFBCA8558F1
:102F7000FCCAB65EFDCA7065FECA316F40CB828561
:102F800041CB838542CB868543CB888544CB8985DD
:102F900045CB8A8546CB8B8547CB8C8548CB8D85A9
:102FA00049CB8E854ACB90854BCB91854CCB928576
:102FB0004DCB93854ECB94854FCB958550CB968545
:102FC00051CB978552CB988553CB998554CB9A8515
:102FD00055CB9D8556CB9E8557CB9F8558CBA085DD
:102FE00059CBA1855ACBA2855BCBA3855CCBA585AC
:102FF0005DCBA6855ECBA7855FCBA98560CBAB8576
:1030000061CBAC8562CBAD8563CBB18564CBB2853A
:1030100065CBB38566CBB48567CBB58568CBB68504
:1030200069CBB8856ACBBA856BCBBB856CCBBC85CD
:103030006DCBBD856ECBBE856FCBBF8570CBC0859C
:1030400071CBC28572CBC38573CBC48574CBC58568
:1030500075CBC68576CBC78577CBC88578CBCA8537
:1030600079CBCB857ACBCC857BCBCD857CCBCE8504
:103070007DCBD1857ECBD28580CBD48581CBD685C7
:1030800082CBD78583CBD88584CBD98585CBDA8590
:1030900086CBDB8587CBDD8588CBDE8589CBDF855D
:1030A0008ACBE0858BCBE1858CCBE2858DCBE3852C
:1030B0008ECBE5858FCBE68590CBE78591CBE885F8
:1030C00092CBEA8593CBEB8594CBEC8595CBED85C4
:1030D00096CBEE8597CBEF8598CBF08599CBF18594
:1030E0009ACBF2859BCBF3859CCBF4859DCBF58564
:1030F0009ECBF6859FCBF785A0CBF885A1CB5560FD
:10310000A2CB3752A3CB0D80A4CB5464A5CB70883F
:10311000A6CB2975A7CB055EA8CB1368A9CBF46213
:10312000AACB1C97ABCBCC53ACCB3D72ADCB018CB7
:10313000AECB346CAFCB6177B0CB0E7AB1CB2E5423
:10314000B2CBAC77B3CB7A98B4CB1C82B5CBF48B33
:10315000B6CB5578B7CB1467B8CBC170B9CBAF65D8
:10316000BACB9564BBCB3656BCCB1D60BDCBC17909
:10317000BECBF853BFCB1D4EC0CB7B6BC1CB868083
:10318000C2CBFA5BC3CBE355C4CBDB56C5CB3A4FBE
:10319000C6CB3C4FC7CB7299C8CBF35DC9CB7E671A
:1031A000CACB3880CBCB0260CCCB8298CDCB019000
:1031B000CECB8B5BCFCBBC8BD0CBF58BD1CB1C6478
:1031C000D2CB5882D3CBDE64D4CBFD55D5CBCF82C6
:1031D000D6CB6591D7CBD74FD8CB207DD9CB1F90FD
:1031E000DACB9F7CDBCBF350DCCB5158DDCBAF6E21
:1031F000DECBBF5BDFCBC98BE0CB8380E1CB7891AB
:10320000E2CB9C84E3CB977BE4CB7D86E5CB8B96AE
:10321000E6CB8F96E7CBE57EE8CBD39AE9CB8E78E9
:10322000EACB815CEBCB577AECCB4290EDCBA79607
:10323000EECB5F79EFCB595BF0CB5F63F1CB0B7BD0
:10324000F2CBD184F3CBAD68F4CB0655F5CB297F17
:10325000F6CB1074F7CB227DF8CB0195F9CB406209
:10326000FACB4C58FBCBD64EFCCB835BFDCB7959CC
:10327000FECB545840CCF98541CCFA8542CCFC8534
:1032800043CCFD8544CCFE8545CC008646CC0186EA
:1032900047CC028648CC038649CC04864ACC0686B5
:1032A0004BCC07864CCC08864DCC09864ECC0A8682
:1032B0004FCC0B8650CC0C8651CC0D8652CC0E8652
:1032C00053CC0F8654CC108655CC128656CC138620
:1032D00057CC148658CC158659CC17865ACC1886EC
:1032E0005BCC19865CCC1A865DCC1B865ECC1C86BA
:1032F0005FCC1D8660CC1E8661CC1F8662CC20868A
:1033000063CC218664CC228665CC238666CC248659
:1033100067CC258668CC268669CC28866ACC2A8626
:103320006BCC2B866CCC2C866DCC2D866ECC2E86F1
:103330006FCC2F8670CC308671CC318672CC3286C1
:1033400073CC338674CC348675CC358676CC368691
:1033500077CC378678CC398679CC3A867ACC3B865E
:103360007BCC3D867CCC3E867DCC3F867ECC408629
:1033700080CC418681CC428682CC438683CC4486F5
:1033800084CC458685CC468686CC478687CC4886C5
:1033900088CC498689CC4A868ACC4B868BCC4C8695
:1033A0008CCC52868DCC53868ECC55868FCC56864F
:1033B00090CC578691CC588692CC598693CC5B861C
:1033C00094CC5C8695CC5D8696CC5F8697CC6086E7
:1033D00098CC618699CC63869ACC64869BCC6586B2
:1033E0009CCC66869DCC67869ECC68869FCC698681
:1033F000A0CC6A86A1CC6D73A2CC1E63A3CC4B8EED
:10340000A4CC0F8EA5CCCE80A6CCD482A7CCAC62A7
:10341000A8CCF053A9CCF06CAACC5E91ABCC2A59C5
:10342000ACCC0160ADCC706CAECC4D57AFCC4A6427
:10343000B0CC2A8DB1CC2B76B2CCE96EB3CC5B5735
:10344000B4CC806AB5CCF075B6CC6D6FB7CC2D8C92
:10345000B8CC088CB9CC6657BACCEF6BBBCC928891
:10346000BCCCB378BDCCA263BECCF953BFCCAD709D
:10347000C0CC646CC1CC5858C2CC2A64C3CC0258AE
:10348000C4CCE068C5CC9B81C6CC1055C7CCD67CDB
:10349000C8CC1850C9CCBA8ECACCCC6DCBCC9F8DC1
:1034A000CCCCEB70CDCC8F63CECC9B6DCFCCD46E1F
:1034B000D0CCE67ED1CC0484D2CC4368D3CC03906C
:1034C000D4CCD86DD5CC7696D6CCA88BD7CC575942
:1034D000D8CC7972D9CCE485DACC7E81DBCCBC75D2
:1034E000DCCC8A8ADDCCAF68DECC5452DFCC228EB5
:1034F000E0CC1195E1CCD063E2CC9898E3CC448E3B
:10350000E4CC7C55E5CC534FE6CCFF66E7CC8F5638
:10351000E8CCD560E9CC956DEACC4352EBCC495C64
:10352000ECCC2959EDCCFB6DEECC6B58EFCC307563
:10353000F0CC1C75F1CC6C60F2CC1482F3CC4681DB
:10354000F4CC1163F5CC6167F6CCE28FF7CC3A7717
:10355000F8CCF38DF9CC348DFACCC194FBCC165E4B
:10356000FCCC8553FDCC2C54FECCC37040CD6D8675
:1035700041CD6F8642CD708643CD728644CD738631
:1035800045CD748646CD758647CD768648CD7786FF
:1035900049CD78864ACD83864BCD84864CCD8586B1
:1035A0004DCD86864ECD87864FCD888650CD898677
:1035B00051CD8E8652CD8F8653CD908654CD918637
:1035C00055CD928656CD948657CD968658CD978602
:1035D00059CD98865ACD99865BCD9A865CCD9B86CF
:1035E0005DCD9E865ECD9F865FCDA08660CDA18697
:1035F00061CDA28662CDA58663CDA68664CDAB865D
:1036000065CDAD8666CDAE8667CDB28668CDB38614
:1036100069CDB7866ACDB8866BCDB9866CCDBB86D1
:103620006DCDBC866ECDBD866FCDBE8670CDBF869E
:1036300071CDC18672CDC28673CDC38674CDC58669
:1036400075CDC88676CDCC8677CDCD8678CDD28621
:1036500079CDD3867ACDD5867BCDD6867CCDD786DF
:103660007DCDDA867ECDDC8680CDDD8681CDE0869F
:1036700082CDE18683CDE28684CDE38685CDE58665
:1036800086CDE68687CDE78688CDE88689CDEA8631
:103690008ACDEB868BCDEC868CCDEF868DCDF586F5
:1036A0008ECDF6868FCDF78690CDFA8691CDFB86AE
:1036B00092CDFC8693CDFD8694CDFF8695CD018776
:1036C00096CD048797CD058798CD068799CD0B8732
:1036D0009ACD0C879BCD0E879CCD0F879DCD1087F3
:1036E0009ECD11879FCD1487A0CD1687A1CD406CAC
:1036F000A2CDF75EA3CD5C50A4CDAD4EA5CDAD5E01
:10370000A6CD3A63A7CD4782A8CD1A90A9CD50681F
:10371000AACD6E91ABCDB377ACCD0C54ADCDDC94CE
:10372000AECD645FAFCDE57AB0CD7668B1CD4563FF
:10373000B2CD527BB3CDDF7EB4CDDB75B5CD775046
:10374000B6CD9562B7CD3459B8CD0F90B9CDF851FB
:10375000BACDC379BBCD817ABCCDFE56BDCD925FCB
:10376000BECD1490BFCD826DC0CD605CC1CD1F5762
:10377000C2CD1054C3CD5451C4CD4D6EC5CDE2560B
:10378000C6CDA863C7CD9398C8CD7F81C9CD158715
:10379000CACD2A89CBCD0090CCCD1E54CDCD6F5C47
:1037A000CECDC081CFCDD662D0CD5862D1CD3181C2
:1037B000D2CD359ED3CD4096D4CD6E9AD5CD7C9AC0
:1037C000D6CD2D69D7CDA559D8CDD362D9CD3E550B
:1037D000DACD1663DBCDC754DCCDD986DDCD3C6DAB
:1037E000DECD035ADFCDE674E0CD9C88E1CD6A6B77
:1037F000E2CD1659E3CD4C8CE4CD2F5FE5CD7E6E46
:10380000E6CDA973E7CD7D98E8CD384EE9CDF770C8
:10381000EACD8C5BEBCD9778ECCD3D63EDCD5A6670
:10382000EECD9676EFCDCB60F0CD9B5BF1CD495AD6
:10383000F2CD074EF3CD5581F4CD6A6CF5CD8B7387
:10384000F6CDA14EF7CD8967F8CD517FF9CD805FD8
:10385000FACDFA65FBCD1B67FCCDD85FFDCD845951
:10386000FECD015A40CE198741CE1B8742CE1D871F
:1038700043CE1F8744CE208745CE248746CE268759
:1038800047CE278748CE288749CE2A874ACE2B871E
:103890004BCE2C874CCE2D874DCE2F874ECE3087EA
:1038A0004FCE328750CE338751CE358752CE3687B2
:1038B00053CE388754CE398755CE3A8756CE3C877B
:1038C00057CE3D8758CE408759CE41875ACE428742
:1038D0005BCE43875CCE44875DCE45875ECE468710
:1038E0005FCE4A8760CE4B8761CE4D8762CE4F87D1
:1038F00063CE508764CE518765CE528766CE54879B
:1039000067CE558768CE568769CE58876ACE5A8764
:103910006BCE5B876CCE5C876DCE5D876ECE5E872F
:103920006FCE5F8770CE618771CE628772CE6687F9
:1039300073CE678774CE688775CE698776CE6A87BF
:1039400077CE6B8778CE6C8779CE6D877ACE6F878E
:103950007BCE71877CCE72877DCE73877ECE758756
:1039600080CE778781CE788782CE798783CE7A871B
:1039700084CE7F8785CE808786CE818787CE8487D9
:1039800088CE868789CE87878ACE89878BCE8A879D
:103990008CCE8C878DCE8E878ECE8F878FCE908764
:1039A00090CE918791CE928792CE948793CE958731
:1039B00094CE968795CE988796CE998797CE9A87FC
:1039C00098CE9B8799CE9C879ACE9D879BCE9E87CB
:1039D0009CCEA0879DCEA1879ECEA2879FCEA38797
:1039E000A0CEA487A1CECD5DA2CEAE5FA3CE7153F3
:1039F000A4CEE697A5CEDD8FA6CE4568A7CEF45619
:103A0000A8CE2F55A9CEDF60AACE3A4EABCE4D6FD1
:103A1000ACCEF47EADCEC782AECE0E84AFCED4593E
:103A2000B0CE1F4FB1CE2A4FB2CE3E5CB3CEAC7EED
:103A3000B4CE2A67B5CE1A85B6CE7354B7CE4F75BD
:103A4000B8CEC380B9CE8255BACE4F9BBBCE4D4FB8
:103A5000BCCE2D6EBDCE138CBECE095CBFCE7061C8
:103A6000C0CE6B53C1CE1F76C2CE296EC3CE8A861E
:103A7000C4CE8765C5CEFB95C6CEB97EC7CE3B54B6
:103A8000C8CE337AC9CE0A7DCACEEE95CBCEE155EB
:103A9000CCCEC17FCDCEEE74CECE1D63CFCE1787F8
:103AA000D0CEA16DD1CE9D7AD2CE1162D3CEA165FA
:103AB000D4CE6753D5CEE163D6CE836CD7CEEB5D43
:103AC000D8CE5C54D9CEA894DACE4C4EDBCE616C05
:103AD000DCCEEC8BDDCE4B5CDECEE065DFCE9C82B7
:103AE000E0CEA768E1CE3E54E2CE3454E3CECB6BB9
:103AF000E4CE666BE5CE944EE6CE4263E7CE485305
:103B0000E8CE1E82E9CE0D4FEACEAE4FEBCE5E5729
:103B1000ECCE0A62EDCEFE96EECE6466EFCE697212
:103B2000F0CEFF52F1CEA152F2CE9F60F3CEEF8BDA
:103B3000F4CE1466F5CE9971F6CE9067F7CE7F89F4
:103B4000F8CE5278F9CEFD77FACE7066FBCE3B56B2
:103B5000FCCE3854FDCE2195FECE7A7240CFA5879B
:103B600041CFA68742CFA78743CFA98744CFAA8753
:103B700045CFAE8746CFB08747CFB18748CFB28712
:103B800049CFB4874ACFB6874BCFB7874CCFB887DA
:103B90004DCFB9874ECFBB874FCFBC8750CFBE87A5
:103BA00051CFBF8752CFC18753CFC28754CFC3876E
:103BB00055CFC48756CFC58757CFC78758CFC8873B
:103BC00059CFC9875ACFCC875BCFCD875CCFCE8703
:103BD0005DCFCF875ECFD0875FCFD48760CFD587CB
:103BE00061CFD68762CFD78763CFD88764CFD98795
:103BF00065CFDA8766CFDC8767CFDD8768CFDE8762
:103C000069CFDF876ACFE1876BCFE2876CCFE3872D
:103C10006DCFE4876ECFE6876FCFE78770CFE887F9
:103C200071CFE98772CFEB8773CFEC8774CFED87C5
:103C300075CFEF8776CFF08777CFF18778CFF28790
:103C400079CFF3877ACFF4877BCFF5877CCFF68760
:103C50007DCFF7877ECFF88780CFFA8781CFFB872C
:103C600082CFFC8783CFFD8784CFFF8785CF0088F5
:103C700086CF018887CF028888CF048889CF0588BE
:103C80008ACF06888BCF07888CCF08888DCF09888C
:103C90008ECF0B888FCF0C8890CF0D8891CF0E8858
:103CA00092CF0F8893CF108894CF118895CF128828
:103CB00096CF148897CF178898CF188899CF1988EE
:103CC0009ACF1A889BCF1C889CCF1D889DCF1E88B9
:103CD0009ECF1F889FCF2088A0CF2388A1CF007AB6
:103CE000A2CF6F60A3CF0C5EA4CF8960A5CF9D81CA
:103CF000A6CF1559A7CFDC60A8CF8471A9CFEF70EC
:103D0000AACFAA6EABCF506CACCF8072ADCF846A15
:103D1000AECFAD88AFCF2D5EB0CF604EB1CFB35A2E
:103D2000B2CF9C55B3CFE394B4CF176DB5CFFB7C26
:103D3000B6CF9996B7CF0F62B8CFC67EB9CF8E7780
:103D4000BACF7E86BBCF2353BCCF1E97BDCF968FF5
:103D5000BECF8766BFCFE15CC0CFA04FC1CFED72B1
:103D6000C2CF0B4EC3CFA653C4CF0F59C5CF1354E8
:103D7000C6CF8063C7CF2895C8CF4851C9CFD94E89
:103D8000CACF9C9CCBCFA47ECCCFB854CDCF248DB2
:103D9000CECF5488CFCF3782D0CFF295D1CF8E6D92
:103DA000D2CF265FD3CFCC5AD4CF3E66D5CF69963B
:103DB000D6CFB073D7CF2E73D8CFBF53D9CF7A8198
:103DC000DACF8599DBCFA17FDCCFAA5BDDCF7796F9
:103DD000DECF5096DFCFBF7EE0CFF876E1CFA253A3
:103DE000E2CF7695E3CF9999E4CFB17BE5CF4489D3
:103DF000E6CF586EE7CF614EE8CFD47FE9CF657943
:103E0000EACFE68BEBCFF360ECCFCD54EDCFAB4EEA
:103E1000EECF7998EFCFF75DF0CF616AF1CFCF5059
:103E2000F2CF1154F3CF618CF4CF2784F5CF5D78B6
:103E3000F6CF0497F7CF4A52F8CFEE54F9CFA356F6
:103E4000FACF0095FBCF886DFCCFB55BFDCFC66D7B
:103E5000FECF536640D0248841D0258842D02688A2
:103E600043D0278844D0288845D0298846D02A883E
:103E700047D02B8848D02C8849D02D884AD02E880E
:103E80004BD02F884CD030884DD031884ED03388DD
:103E90004FD0348850D0358851D0368852D03788AA
:103EA00053D0388854D03A8855D03B8856D03D8876
:103EB00057D03E8858D03F8859D041885AD0428840
:103EC0005BD043885CD046885DD047885ED0488808
:103ED0005FD0498860D04A8861D04B8862D04E88D4
:103EE00063D04F8864D0508865D0518866D052889E
:103EF00067D0538868D0558869D056886AD058886A
:103F00006BD05A886CD05B886DD05C886ED05D8831
:103F10006FD05E8870D05F8871D0608872D06688FC
:103F200073D0678874D06A8875D06D8876D06F88B2
:103F300077D0718878D0738879D074887AD0758872
:103F40007BD076887CD078887DD079887ED07A883E
:103F500080D07B8881D07C8882D0808883D0838801
:103F600084D0868885D0878886D0898887D08A88BB
:103F700088D08C8889D08E888AD08F888BD0908882
:103F80008CD091888DD093888ED094888FD095884E
:103F900090D0978891D0988892D0998893D09A8819
:103FA00094D09B8895D09D8896D09E8897D09F88E6
:103FB00098D0A08899D0A1889AD0A3889BD0A588B2
:103FC0009CD0A6889DD0A7889ED0A8889FD0A9887D
:103FD000A0D0AA88A1D00F5CA2D05D5BA3D021683D
:103FE000A4D09680A5D07855A6D0117BA7D04865DF
:103FF000A8D05469A9D09B4EAAD0476BABD04E87AE
:10400000ACD08B97ADD04F53AED01F63AFD03A64D6
:10401000B0D0AA90B1D09C65B2D0C180B3D0108C82
:10402000B4D09951B5D0B068B6D07853B7D0F9872D
:10403000B8D0C861B9D0C46CBAD0FB6CBBD0228CEC
:10404000BCD0515CBDD0AA85BED0AF82BFD00C958C
:10405000C0D0236BC1D09B8FC2D0B065C3D0FB5FF3
:10406000C4D0C35FC5D0E14FC6D04588C7D01F6656
:10407000C8D06581C9D02973CAD0FA60CBD0745139
:10408000CCD01152CDD08B57CED0625FCFD0A29082
:10409000D0D04C88D1D09291D2D0785ED3D04F6717
:1040A000D4D02760D5D0D359D6D04451D7D0F651EB
:1040B000D8D0F880D9D00853DAD0796CDBD0C49648
:1040C000DCD08A71DDD0114FDED0EE4FDFD09E7F85
:1040D000E0D03D67E1D0C555E2D00895E3D0C07986
:1040E000E4D09688E5D0E37EE6D09F58E7D00C6216
:1040F000E8D00097E9D05A86EAD01856EBD07B98E2
:10410000ECD0905FEDD0B88BEED0C484EFD0579157
:10411000F0D0D953F1D0ED65F2D08F5EF3D05C755D
:10412000F4D06460F5D06E7DF6D07F5AF7D0EA7E89
:10413000F8D0ED7EF9D0698FFAD0A755FBD0A35BFC
:10414000FCD0AC60FDD0CB65FED0847340D1AC8890
:1041500041D1AE8842D1AF8843D1B08844D1B28832
:1041600045D1B38846D1B48847D1B58848D1B688FF
:1041700049D1B8884AD1B9884BD1BA884CD1BB88CB
:104180004DD1BD884ED1BE884FD1BF8850D1C08897
:1041900051D1C38852D1C48853D1C78854D1C8885B
:1041A00055D1CA8856D1CB8857D1CC8858D1CD8823
:1041B00059D1CF885AD1D0885BD1D1885CD1D388EE
:1041C0005DD1D6885ED1D7885FD1DA8860D1DB88AF
:1041D00061D1DC8862D1DD8863D1DE8864D1E0887A
:1041E00065D1E18866D1E68867D1E78868D1E9883A
:1041F00069D1EA886AD1EB886BD1EC886CD1ED8803
:104200006DD1EE886ED1EF886FD1F28870D1F588CC
:1042100071D1F68872D1F78873D1FA8874D1FB888E
:1042200075D1FD8876D1FF8877D1008978D1018951
:1042300079D103897AD104897BD105897CD106891A
:104240007DD107897ED1088980D1098981D10B89E7
:1042500082D10C8983D10D8984D10E8985D10F89B2
:1042600086D1118987D1148988D1158989D1168978
:104270008AD117898BD118898CD11C898DD11D8940
:104280008ED11E898FD11F8990D1208991D1228909
:1042900092D1238993D1248994D1268995D12789D4
:1042A00096D1288997D1298998D12C8999D12D899E
:1042B0009AD12E899BD12F899CD131899DD1328968
:1042C0009ED133899FD13589A0D13789A1D1099059
:1042D000A2D16376A3D12977A4D1DA7EA5D1749730
:1042E000A6D19B85A7D1665BA8D1747AA9D1EA969D
:1042F000AAD14088ABD1CB52ACD18F71ADD1AA5FDE
:10430000AED1EC65AFD1E28BB0D1FB5BB1D16F9A8E
:10431000B2D1E15DB3D1896BB4D15B6CB5D1AD8B5A
:10432000B6D1AF8BB7D10A90B8D1C58FB9D18B5365
:10433000BAD1BC62BBD1269EBCD12D9EBDD140540A
:10434000BED12B4EBFD1BD82C0D15972C1D19C8686
:10435000C2D1165DC3D15988C4D1AF6DC5D1C59640
:10436000C6D1D154C7D19A4EC8D1B68BC9D1097123
:10437000CAD1BD54CBD10996CCD1DF70CDD1F96D66
:10438000CED1D076CFD1254ED0D11478D1D11287CD
:10439000D2D1A95CD3D1F65ED4D1008AD5D19C9874
:1043A000D6D10E96D7D18E70D8D1BF6CD9D1445901
:1043B000DAD1A963DBD13C77DCD14D88DDD1146F34
:1043C000DED17382DFD13058E0D1D571E1D18C5389
:1043D000E2D11A78E3D1C196E4D10155E5D1665F07
:1043E000E6D13071E7D1B45BE8D11A8CE9D18C9A6F
:1043F000EAD1836BEBD12E59ECD12F9EEDD1E77929
:10440000EED16867EFD16C62F0D16F4FF1D1A17539
:10441000F2D18A7FF3D10B6DF4D13396F5D1276CAD
:10442000F6D1F04EF7D1D275F8D17B51F9D137687A
:10443000FAD13E6FFBD18090FCD17081FDD19659AD
:10444000FED1767440D2388941D2398942D23A8934
:1044500043D23B8944D23C8945D23D8946D23E89EC
:1044600047D23F8948D2408949D242894AD24389BA
:104470004BD245894CD246894DD247894ED2488984
:104480004FD2498950D24A8951D24B8952D24C8954
:1044900053D24D8954D24E8955D24F8956D2508924
:1044A00057D2518958D2528959D253895AD25489F4
:1044B0005BD255895CD256895DD257895ED25889C4
:1044C0005FD2598960D25A8961D25B8962D25C8994
:1044D00063D25D8964D2608965D2618966D262895E
:1044E00067D2638968D2648969D265896AD267892B
:1044F0006BD268896CD269896DD26A896ED26B89F8
:104500006FD26C8970D26D8971D26E8972D26F89C7
:1045100073D2708974D2718975D2728976D2738997
:1045200077D2748978D2758979D276897AD2778967
:104530007BD278897CD279897DD27A897ED27C8936
:1045400080D27D8981D27E8982D2808983D28289FC
:1045500084D2848985D2858986D2878987D28889C1
:1045600088D2898989D28A898AD28B898BD28C898F
:104570008CD28D898DD28E898ED28F898FD290895F
:1045800090D2918991D2928992D2938993D294892F
:1045900094D2958995D2968996D2978997D29889FF
:1045A00098D2998999D29A899AD29B899BD29C89CF
:1045B0009CD29D899DD29E899ED29F899FD2A0899F
:1045C000A0D2A189A1D24764A2D2275CA3D26590D0
:1045D000A4D2917AA5D2238CA6D2DA59A7D2AC5410
:1045E000A8D20082A9D26F83AAD28189ABD20080DF
:1045F000ACD23069ADD24E56AED23680AFD2377221
:10460000B0D2CE91B1D2B651B2D25F4EB3D275987C
:10461000B4D29663B5D21A4EB6D2F653B7D2F36679
:10462000B8D24B81B9D21C59BAD2B26DBBD2004EAE
:10463000BCD2F958BDD23B53BED2D663BFD2F1949F
:10464000C0D29D4FC1D20A4FC2D26388C3D29098C4
:10465000C4D23759C5D25790C6D2FB79C7D2EA4ED9
:10466000C8D2F080C9D29175CAD2826CCBD29C5B81
:10467000CCD2E859CDD25D5FCED20569CFD281864A
:10468000D0D21A50D1D2F25DD2D2594ED3D2E377E2
:10469000D4D2E54ED5D27A82D6D29162D7D21366E1
:1046A000D8D29190D9D2795CDAD2BF4EDBD2795F81
:1046B000DCD2C681DDD23890DED28480DFD2AB7509
:1046C000E0D2A64EE1D2D488E2D20F61E3D2C56B2C
:1046D000E4D2C65FE5D2494EE6D2CA76E7D2A26EF0
:1046E000E8D2E38BE9D2AE8BEAD20A8CEBD2D18B43
:1046F000ECD2025FEDD2FC7FEED2CC7FEFD2CE7E49
:10470000F0D23583F1D26B83F2D2E056F3D2B76B9D
:10471000F4D2F397F5D23496F6D2FB59F7D21F5460
:10472000F8D2F694F9D2EB6DFAD2C55BFBD26E9952
:10473000FCD2395CFDD2155FFED2909640D3A2899F
:1047400041D3A38942D3A48943D3A58944D3A6895D
:1047500045D3A78946D3A88947D3A98948D3AA892D
:1047600049D3AB894AD3AC894BD3AD894CD3AE89FD
:104770004DD3AF894ED3B0894FD3B18950D3B289CD
:1047800051D3B38952D3B48953D3B58954D3B6899D
:1047900055D3B78956D3B88957D3B98958D3BA896D
:1047A00059D3BB895AD3BC895BD3BD895CD3BE893D
:1047B0005DD3BF895ED3C0895FD3C38960D3CD8900
:1047C00061D3D38962D3D48963D3D58964D3D7899C
:1047D00065D3D88966D3D98967D3DB8968D3DD8966
:1047E00069D3DF896AD3E0896BD3E1896CD3E2892D
:1047F0006DD3E4896ED3E7896FD3E88970D3E989F3
:1048000071D3EA8972D3EC8973D3ED8974D3EE89BD
:1048100075D3F08976D3F18977D3F28978D3F48987
:1048200079D3F5897AD3F6897BD3F7897CD3F88954
:104830007DD3F9897ED3FA8980D3FB8981D3FC8922
:1048400082D3FD8983D3FE8984D3FF8985D3018AEE
:1048500086D3028A87D3038A88D3048A89D3058AB8
:104860008AD3068A8BD3088A8CD3098A8DD30A8A85
:104870008ED30B8A8FD30C8A90D30D8A91D30E8A54
:1048800092D30F8A93D3108A94D3118A95D3128A24
:1048900096D3138A97D3148A98D3158A99D3168AF4
:1048A0009AD3178A9BD3188A9CD3198A9DD31A8AC4
:1048B0009ED31B8A9FD31C8AA0D31D8AA1D3705379
:1048C000A2D3F182A3D3316AA4D3745AA5D3709E24
:1048D000A6D3945EA7D3287FA8D3B983A9D3248471
:1048E000AAD32584ABD36783ACD34787ADD3CE8F10
:1048F000AED3628DAFD3C876B0D3715FB1D3969883
:10490000B2D36C78B3D32066B4D3DF54B5D3E562A9
:10491000B6D3634FB7D3C381B8D3C875B9D3B85E24
:10492000BAD3CD96BBD30A8EBCD3F986BDD38F54F0
:10493000BED3F36CBFD38C6DC0D3386CC1D37F6052
:10494000C2D3C752C3D32875C4D37D5EC5D3184F15
:10495000C6D3A060C7D3E75FC8D3245CC9D3317581
:10496000CAD3AE90CBD3C094CCD3B972CDD3B96CEB
:10497000CED3386ECFD34991D0D30967D1D3CB539F
:10498000D2D3F353D3D3514FD4D3C991D5D3F18BD1
:10499000D6D3C853D7D37C5ED8D3C28FD9D3E46DD6
:1049A000DAD38E4EDBD3C276DCD38669DDD35E8666
:1049B000DED31A61DFD30682E0D3594FE1D3DE4F55
:1049C000E2D33E90E3D37C9CE4D30961E5D31D6E32
:1049D000E6D3146EE7D38596E8D3884EE9D3315AEF
:1049E000EAD3E896EBD30E4EECD37F5CEDD3B979E6
:1049F000EED3875BEFD3ED8BF0D3BD7FF1D389731B
:104A0000F2D3DF57F3D38B82F4D3C190F5D30154A3
:104A1000F6D34790F7D3BB55F8D3EA5CF9D3A15F3F
:104A2000FAD30861FBD3326BFCD3F172FDD3B280B1
:104A3000FED3898A40D41E8A41D41F8A42D4208A58
:104A400043D4218A44D4228A45D4238A46D4248A52
:104A500047D4258A48D4268A49D4278A4AD4288A22
:104A60004BD4298A4CD42A8A4DD42B8A4ED42C8AF2
:104A70004FD42D8A50D42E8A51D42F8A52D4308AC2
:104A800053D4318A54D4328A55D4338A56D4348A92
:104A900057D4358A58D4368A59D4378A5AD4388A62
:104AA0005BD4398A5CD43A8A5DD43B8A5ED43C8A32
:104AB0005FD43D8A60D43F8A61D4408A62D4418AFF
:104AC00063D4428A64D4438A65D4448A66D4458ACE
:104AD00067D4468A68D4478A69D4498A6AD44A8A9C
:104AE0006BD44B8A6CD44C8A6DD44D8A6ED44E8A6A
:104AF0006FD44F8A70D4508A71D4518A72D4528A3A
:104B000073D4538A74D4548A75D4558A76D4568A09
:104B100077D4578A78D4588A79D4598A7AD45A8AD9
:104B20007BD45B8A7CD45C8A7DD45D8A7ED45E8AA9
:104B300080D45F8A81D4608A82D4618A83D4628A75
:104B400084D4638A85D4648A86D4658A87D4668A45
:104B500088D4678A89D4688A8AD4698A8BD46A8A15
:104B60008CD46B8A8DD46C8A8ED46D8A8FD46E8AE5
:104B700090D46F8A91D4708A92D4718A93D4728AB5
:104B800094D4738A95D4748A96D4758A97D4768A85
:104B900098D4778A99D4788A9AD47A8A9BD47B8A53
:104BA0009CD47C8A9DD47D8A9ED47E8A9FD47F8A21
:104BB000A0D4808AA1D4746DA2D4D35BA3D4D588A9
:104BC000A4D48498A5D46B8CA6D46D9AA7D4339E14
:104BD000A8D40A6EA9D4A451AAD44351ABD4A357E4
:104BE000ACD48188ADD49F53AED4F463AFD4958F49
:104BF000B0D4ED56B1D45854B2D40657B3D43F73A1
:104C0000B4D4906EB5D4187FB6D4DC8FB7D4D1822B
:104C1000B8D43F61B9D42860BAD46296BBD4F066E8
:104C2000BCD4A67EBDD48A8DBED4C38DBFD4A5947A
:104C3000C0D4B35CC1D4A47CC2D40867C3D4A6607A
:104C4000C4D40596C5D41880C6D4914EC7D4E79075
:104C5000C8D40053C9D46896CAD44151CBD4D08F9C
:104C6000CCD47485CDD45D91CED45566CFD4F59790
:104C7000D0D4555BD1D41D53D2D43878D3D4426725
:104C8000D4D43D68D5D4C954D6D47E70D7D4B05BC3
:104C9000D8D47D8FD9D48D51DAD42857DBD4B154F0
:104CA000DCD41265DDD48266DED45E8DDFD4438D24
:104CB000E0D40F81E1D46C84E2D46D90E3D4DF7C46
:104CC000E4D4FF51E5D4FB85E6D4A367E7D4E965D6
:104CD000E8D4A16FE9D4A486EAD4818EEBD46A56D5
:104CE000ECD42090EDD48276EED47670EFD4E571DA
:104CF000F0D4238DF1D4E962F2D41952F3D4FD6CCF
:104D0000F4D43C8DF5D40E60F6D49E58F7D48E6161
:104D1000F8D4FE66F9D4608DFAD44E62FBD4B35554
:104D2000FCD4236EFDD42D67FED4678F40D5818AD5
:104D300041D5828A42D5838A43D5848A44D5858ADF
:104D400045D5868A46D5878A47D5888A48D58B8AAD
:104D500049D58C8A4AD58D8A4BD58E8A4CD58F8A77
:104D60004DD5908A4ED5918A4FD5928A50D5948A46
:104D700051D5958A52D5968A53D5978A54D5988A13
:104D800055D5998A56D59A8A57D59B8A58D59C8AE3
:104D900059D59D8A5AD59E8A5BD59F8A5CD5A08AB3
:104DA0005DD5A18A5ED5A28A5FD5A38A60D5A48A83
:104DB00061D5A58A62D5A68A63D5A78A64D5A88A53
:104DC00065D5A98A66D5AA8A67D5AB8A68D5AC8A23
:104DD00069D5AD8A6AD5AE8A6BD5AF8A6CD5B08AF3
:104DE0006DD5B18A6ED5B28A6FD5B38A70D5B48AC3
:104DF00071D5B58A72D5B68A73D5B78A74D5B88A93
:104E000075D5B98A76D5BA8A77D5BB8A78D5BC8A62
:104E100079D5BD8A7AD5BE8A7BD5BF8A7CD5C08A32
:104E20007DD5C18A7ED5C28A80D5C38A81D5C48A00
:104E300082D5C58A83D5C68A84D5C78A85D5C88ACE
:104E400086D5C98A87D5CA8A88D5CB8A89D5CC8A9E
:104E50008AD5CD8A8BD5CE8A8CD5CF8A8DD5D08A6E
:104E60008ED5D18A8FD5D28A90D5D38A91D5D48A3E
:104E700092D5D58A93D5D68A94D5D78A95D5D88A0E
:104E800096D5D98A97D5DA8A98D5DB8A99D5DC8ADE
:104E90009AD5DD8A9BD5DE8A9CD5DF8A9DD5E08AAE
:104EA0009ED5E18A9FD5E28AA0D5E38AA1D5E19477
:104EB000A2D5F895A3D52877A4D50568A5D5A86966
:104EC000A6D58B54A7D54D4EA8D5B870A9D5C88BFB
:104ED000AAD55864ABD58B65ACD5855BADD5847A46
:104EE000AED53A50AFD5E85BB0D5BB77B1D5E16B65
:104EF000B2D5798AB3D5987CB4D5BE6CB5D5CF760A
:104F0000B6D5A965B7D5978FB8D52D5DB9D5555C00
:104F1000BAD53886BBD50868BCD56053BDD51862F4
:104F2000BED5D97ABFD55B6EC0D5FD7EC1D51F6A0F
:104F3000C2D5E07AC3D5705FC4D5336FC5D5205FC5
:104F4000C6D58C63C7D5A86DC8D55667C9D5084ED8
:104F5000CAD5105ECBD5268DCCD5D74ECDD5C08049
:104F6000CED53476CFD59C96D0D5DB62D1D52D6603
:104F7000D2D57E62D3D5BC6CD4D5758DD5D56771AD
:104F8000D6D5697FD7D54651D8D58780D9D5EC53AA
:104F9000DAD56E90DBD59862DCD5F254DDD5F0869B
:104FA000DED5998FDFD50580E0D51795E1D517853A
:104FB000E2D5D98FE3D5596DE4D5CD73E5D59F659D
:104FC000E6D51F77E7D50475E8D52778E9D5FB81C5
:104FD000EAD51E8DEBD58894ECD5A64FEDD5956717
:104FE000EED5B975EFD5CA8BF0D50797F1D52F63FC
:104FF000F2D54795F3D53596F4D5B884F5D5236326
:10500000F6D54177F7D5815FF8D5F072F9D5894E9D
:10501000FAD51460FBD57465FCD5EF62FDD5636BE2
:10502000FED53F6540D6E48A41D6E58A42D6E68A77
:1050300043D6E78A44D6E88A45D6E98A46D6EA8A3C
:1050400047D6EB8A48D6EC8A49D6ED8A4AD6EE8A0C
:105050004BD6EF8A4CD6F08A4DD6F18A4ED6F28ADC
:105060004FD6F38A50D6F48A51D6F58A52D6F68AAC
:1050700053D6F78A54D6F88A55D6F98A56D6FA8A7C
:1050800057D6FB8A58D6FC8A59D6FD8A5AD6FE8A4C
:105090005BD6FF8A5CD6008B5DD6018B5ED6028B19
:1050A0005FD6038B60D6048B61D6058B62D6068BE8
:1050B00063D6088B64D6098B65D60A8B66D60B8BB4
:1050C00067D60C8B68D60D8B69D60E8B6AD60F8B84
:1050D0006BD6108B6CD6118B6DD6128B6ED6138B54
:1050E0006FD6148B70D6158B71D6168B72D6178B24
:1050F00073D6188B74D6198B75D61A8B76D61B8BF4
:1051000077D61C8B78D61D8B79D61E8B7AD61F8BC3
:105110007BD6208B7CD6218B7DD6228B7ED6238B93
:1051200080D6248B81D6258B82D6278B83D6288B5D
:1051300084D6298B85D62A8B86D62B8B87D62C8B2B
:1051400088D62D8B89D62E8B8AD62F8B8BD6308BFB
:105150008CD6318B8DD6328B8ED6338B8FD6348BCB
:1051600090D6358B91D6368B92D6378B93D6388B9B
:1051700094D6398B95D63A8B96D63B8B97D63C8B6B
:1051800098D63D8B99D63E8B9AD63F8B9BD6408B3B
:105190009CD6418B9DD6428B9ED6438B9FD6448B0B
:1051A000A0D6458BA1D6275EA2D6C775A3D6D1902F
:1051B000A4D6C18BA5D69D82A6D69D67A7D62F65FE
:1051C000A8D63154A9D61887AAD6E577ABD6A2803F
:1051D000ACD60281ADD6416CAED64B4EAFD6C77EB3
:1051E000B0D64C80B1D6F476B2D60D69B3D6966BF4
:1051F000B4D66762B5D63C50B6D6844FB7D64057C2
:10520000B8D60763B9D6626BBAD6BE8DBBD6EA53A1
:10521000BCD6E865BDD6B87EBED6D75FBFD61A630A
:10522000C0D6B763C1D6F381C2D6F481C3D66E7F30
:10523000C4D61C5EC5D6D95CC6D63652C7D67A66E9
:10524000C8D6E979C9D61A7ACAD6288DCBD699702C
:10525000CCD6D475CDD6DE6ECED6BB6CCFD6927AF8
:10526000D0D62D4ED1D6C576D2D6E05FD3D69F9478
:10527000D4D67788D5D6C87ED6D6CD79D7D6BF80B6
:10528000D8D6CD91D9D6F24EDAD6174FDBD61F82BB
:10529000DCD66854DDD6DE5DDED6326DDFD6CC8B53
:1052A000E0D6A57CE1D6748FE2D69880E3D61A5E6C
:1052B000E4D69254E5D6B176E6D6995BE7D63C665D
:1052C000E8D6A49AE9D6E073EAD62A68EBD6DB865C
:1052D000ECD63167EDD62A73EED6F88BEFD6DB8BA2
:1052E000F0D61090F1D6F97AF2D6DB70F3D66E7163
:1052F000F4D6C462F5D6A977F6D63156F7D63B4E2A
:10530000F8D65784F9D6F167FAD6A952FBD6C086EB
:10531000FCD62E8DFDD6F894FED6517B40D7468B19
:1053200041D7478B42D7488B43D7498B44D74A8BC9
:1053300045D74B8B46D74C8B47D74D8B48D74E8B99
:1053400049D74F8B4AD7508B4BD7518B4CD7528B69
:105350004DD7538B4ED7548B4FD7558B50D7568B39
:1053600051D7578B52D7588B53D7598B54D75A8B09
:1053700055D75B8B56D75C8B57D75D8B58D75E8BD9
:1053800059D75F8B5AD7608B5BD7618B5CD7628BA9
:105390005DD7638B5ED7648B5FD7658B60D7678B78
:1053A00061D7688B62D7698B63D76A8B64D76B8B45
:1053B00065D76D8B66D76E8B67D76F8B68D7708B11
:1053C00069D7718B6AD7728B6BD7738B6CD7748BE1
:1053D0006DD7758B6ED7768B6FD7778B70D7788BB1
:1053E00071D7798B72D77A8B73D77B8B74D77C8B81
:1053F00075D77D8B76D77E8B77D77F8B78D7808B51
:1054000079D7818B7AD7828B7BD7838B7CD7848B20
:105410007DD7858B7ED7868B80D7878B81D7888BEE
:1054200082D7898B83D78A8B84D78B8B85D78C8BBC
:1054300086D78D8B87D78E8B88D78F8B89D7908B8C
:105440008AD7918B8BD7928B8CD7938B8DD7948B5C
:105450008ED7958B8FD7968B90D7978B91D7988B2C
:1054600092D7998B93D79A8B94D79B8B95D79C8BFC
:1054700096D79D8B97D79E8B98D79F8B99D7AC8BC0
:105480009AD7B18B9BD7BB8B9CD7C78B9DD7D08B23
:105490009ED7EA8B9FD7098CA0D71E8CA1D74F4FE0
:1054A000A2D7E86CA3D75D79A4D77B9AA5D79362DE
:1054B000A6D72A72A7D7FD62A8D7134EA9D7167808
:1054C000AAD76C8FABD7B064ACD75A8DADD7C67B9B
:1054D000AED76968AFD7845EB0D7C588B1D78659D3
:1054E000B2D79E64B3D7EE58B4D7B672B5D70E69AB
:1054F000B6D72595B7D7FD8FB8D7588DB9D7605790
:10550000BAD7007FBBD7068CBCD7C651BDD749637D
:10551000BED7D962BFD75353C0D74C68C1D7227406
:10552000C2D70183C3D74C91C4D74455C5D7407760
:10553000C6D77C70C7D74A6DC8D77951C9D7A85488
:10554000CAD7448DCBD7FF59CCD7CB6ECDD7C46D3E
:10555000CED75C5BCFD72B7DD0D7D44ED1D77D7C37
:10556000D2D7D36ED3D7505BD4D7EA81D5D70D6EBF
:10557000D6D7575BD7D7039BD8D7D568D9D72A8E2C
:10558000DAD7975BDBD7FC7EDCD73B60DDD7B57E17
:10559000DED7B990DFD7708DE0D74F59E1D7CD6313
:1055A000E2D7DF79E3D7B38DE4D75253E5D7CF65A0
:1055B000E6D75679E7D7C58BE8D73B96E9D7C47EBF
:1055C000EAD7BB94EBD7827EECD73456EDD78991DE
:1055D000EED70067EFD76A7FF0D70A5CF1D77590F6
:1055E000F2D72866F3D7E65DF4D7504FF5D7DE67DC
:1055F000F6D75A50F7D75C4FF8D75057F9D7A75E70
:1056000040D8388C41D8398C42D83A8C43D83B8C1E
:1056100044D83C8C45D83D8C46D83E8C47D83F8CEE
:1056200048D8408C49D8428C4AD8438C4BD8448CBB
:105630004CD8458C4DD8488C4ED84A8C4FD84B8C82
:1056400050D84D8C51D84E8C52D84F8C53D8508C4A
:1056500054D8518C55D8528C56D8538C57D8548C1A
:1056600058D8568C59D8578C5AD8588C5BD8598CE6
:105670005CD85B8C5DD85C8C5ED85D8C5FD85E8CB2
:1056800060D85F8C61D8608C62D8638C63D8648C7E
:1056900064D8658C65D8668C66D8678C67D8688C4A
:1056A00068D8698C69D86C8C6AD86D8C6BD86E8C14
:1056B0006CD86F8C6DD8708C6ED8718C6FD8728CE2
:1056C00070D8748C71D8758C72D8768C73D8778CAE
:1056D00074D87B8C75D87C8C76D87D8C77D87E8C72
:1056E00078D87F8C79D8808C7AD8818C7BD8838C41
:1056F0007CD8848C7DD8868C7ED8878C80D8888C0A
:1057000081D88B8C82D88D8C83D88E8C84D88F8CCA
:1057100085D8908C86D8918C87D8928C88D8938C99
:1057200089D8958C8AD8968C8BD8978C8CD8998C64
:105730008DD89A8C8ED89B8C8FD89C8C90D89D8C31
:1057400091D89E8C92D89F8C93D8A08C94D8A18C01
:1057500095D8A28C96D8A38C97D8A48C98D8A58CD1
:1057600099D8A68C9AD8A78C9BD8A88C9CD8A98CA1
:105770009DD8AA8C9ED8AB8C9FD8AC8CA0D8AD8C71
:10578000A1D88D4EA2D80C4EA3D84051A4D8104E0B
:10579000A5D8FF5EA6D84553A7D8154EA8D8984ED1
:1057A000A9D81E4EAAD8329BABD86C5BACD8695630
:1057B000ADD8284EAED8BA79AFD83F4EB0D8155331
:1057C000B1D8474EB2D82D59B3D83B72B4D86E5326
:1057D000B5D8106CB6D8DF56B7D8E480B8D897994A
:1057E000B9D8D36BBAD87E77BBD8179FBCD8364E02
:1057F000BDD89F4EBED8109FBFD85C4EC0D8694E52
:10580000C1D8934EC2D88882C3D85B5BC4D86C55CC
:10581000C5D80F56C6D8C44EC7D88D53C8D89D53C7
:10582000C9D8A353CAD8A553CBD8AE53CCD8659703
:10583000CDD85D8DCED81A53CFD8F553D0D82653B6
:10584000D1D82E53D2D83E53D3D85C8DD4D86653FA
:10585000D5D86353D6D80252D7D80852D8D80E52CA
:10586000D9D82D52DAD83352DBD83F52DCD8405247
:10587000DDD84C52DED85E52DFD86152E0D85C529F
:10588000E1D8AF84E2D87D52E3D88252E4D8815285
:10589000E5D89052E6D89352E7D88251E8D8547FA1
:1058A000E9D8BB4EEAD8C34EEBD8C94EECD8C24EAD
:1058B000EDD8E84EEED8E14EEFD8EB4EF0D8DE4E04
:1058C000F1D81B4FF2D8F34EF3D8224FF4D8644FDF
:1058D000F5D8F54EF6D8254FF7D8274FF8D8094F09
:1058E000F9D82B4FFAD85E4FFBD8674FFCD83865F4
:1058F000FDD85A4FFED85D4F40D9AE8C41D9AF8C00
:1059000042D9B08C43D9B18C44D9B28C45D9B38C2F
:1059100046D9B48C47D9B58C48D9B68C49D9B78CFF
:105920004AD9B88C4BD9B98C4CD9BA8C4DD9BB8CCF
:105930004ED9BC8C4FD9BD8C50D9BE8C51D9BF8C9F
:1059400052D9C08C53D9C18C54D9C28C55D9C38C6F
:1059500056D9C48C57D9C58C58D9C68C59D9C78C3F
:105960005AD9C88C5BD9C98C5CD9CA8C5DD9CB8C0F
:105970005ED9CC8C5FD9CD8C60D9CE8C61D9CF8CDF
:1059800062D9D08C63D9D18C64D9D28C65D9D38CAF
:1059900066D9D48C67D9D58C68D9D68C69D9D78C7F
:1059A0006AD9D88C6BD9D98C6CD9DA8C6DD9DB8C4F
:1059B0006ED9DC8C6FD9DD8C70D9DE8C71D9DF8C1F
:1059C00072D9E08C73D9E18C74D9E28C75D9E38CEF
:1059D00076D9E48C77D9E58C78D9E68C79D9E78CBF
:1059E0007AD9E88C7BD9E98C7CD9EA8C7DD9EB8C8F
:1059F0007ED9EC8C80D9ED8C81D9EE8C82D9EF8C5C
:105A000083D9F08C84D9F18C85D9F28C86D9F38C2A
:105A100087D9F48C88D9F58C89D9F68C8AD9F78CFA
:105A20008BD9F88C8CD9F98C8DD9FA8C8ED9FB8CCA
:105A30008FD9FC8C90D9FD8C91D9FE8C92D9FF8C9A
:105A400093D9008D94D9018D95D9028D96D9038D66
:105A500097D9048D98D9058D99D9068D9AD9078D36
:105A60009BD9088D9CD9098D9DD90A8D9ED90B8D06
:105A70009FD90C8DA0D90D8DA1D95F4FA2D9574FB9
:105A8000A3D9324FA4D93D4FA5D9764FA6D9744F8B
:105A9000A7D9914FA8D9894FA9D9834FAAD98F4F98
:105AA000ABD97E4FACD97B4FADD9AA4FAED97C4F85
:105AB000AFD9AC4FB0D9944FB1D9E64FB2D9E84F76
:105AC000B3D9EA4FB4D9C54FB5D9DA4FB6D9E34FF8
:105AD000B7D9DC4FB8D9D14FB9D9DF4FBAD9F84FC0
:105AE000BBD92950BCD94C50BDD9F34FBED92C508D
:105AF000BFD90F50C0D92E50C1D92D50C2D9FE4F99
:105B0000C3D91C50C4D90C50C5D92550C6D928506A
:105B1000C7D97E50C8D94350C9D95550CAD9485061
:105B2000CBD94E50CCD96C50CDD97B50CED9A550C5
:105B3000CFD9A750D0D9A950D1D9BA50D2D9D6509F
:105B4000D3D90651D4D9ED50D5D9EC50D6D9E65099
:105B5000D7D9EE50D8D90751D9D90B51DAD9DD4E62
:105B6000DBD93D6CDCD9584FDDD9654FDED9CE4F3E
:105B7000DFD9A09FE0D9466CE1D9747CE2D96E519F
:105B8000E3D9FD5DE4D9C99EE5D99899E6D981515B
:105B9000E7D91459E8D9F952E9D90D53EAD9078A56
:105BA000EBD91053ECD9EB51EDD91959EED9555128
:105BB000EFD9A04EF0D95651F1D9B34EF2D96E8833
:105BC000F3D9A488F4D9B54EF5D91481F6D9D28881
:105BD000F7D98079F8D9345BF9D90388FAD9B87F35
:105BE000FBD9AB51FCD9B151FDD9BD51FED9BC5146
:105BF00040DA0E8D41DA0F8D42DA108D43DA118DC5
:105C000044DA128D45DA138D46DA148D47DA158D94
:105C100048DA168D49DA178D4ADA188D4BDA198D64
:105C20004CDA1A8D4DDA1B8D4EDA1C8D4FDA208D31
:105C300050DA518D51DA528D52DA578D53DA5F8D29
:105C400054DA658D55DA688D56DA698D57DA6A8DC2
:105C500058DA6C8D59DA6E8D5ADA6F8D5BDA718D88
:105C60005CDA728D5DDA788D5EDA798D5FDA7A8D45
:105C700060DA7B8D61DA7C8D62DA7D8D63DA7E8D10
:105C800064DA7F8D65DA808D66DA828D67DA838DDE
:105C900068DA868D69DA878D6ADA888D6BDA898DA4
:105CA0006CDA8C8D6DDA8D8D6EDA8E8D6FDA8F8D6C
:105CB00070DA908D71DA928D72DA938D73DA958D38
:105CC00074DA968D75DA978D76DA988D77DA998D04
:105CD00078DA9A8D79DA9B8D7ADA9C8D7BDA9D8DD4
:105CE0007CDA9E8D7DDAA08D7EDAA18D80DAA28DA0
:105CF00081DAA48D82DAA58D83DAA68D84DAA78D68
:105D000085DAA88D86DAA98D87DAAA8D88DAAB8D37
:105D100089DAAC8D8ADAAD8D8BDAAE8D8CDAAF8D07
:105D20008DDAB08D8EDAB28D8FDAB68D90DAB78DCE
:105D300091DAB98D92DABB8D93DABD8D94DAC08D8C
:105D400095DAC18D96DAC28D97DAC58D98DAC78D4E
:105D500099DAC88D9ADAC98D9BDACA8D9CDACD8D15
:105D60009DDAD08D9EDAD28D9FDAD38DA0DAD48DD4
:105D7000A1DAC751A2DA9651A3DAA251A4DAA55149
:105D8000A5DAA08BA6DAA68BA7DAA78BA8DAAA8B4E
:105D9000A9DAB48BAADAB58BABDAB78BACDAC28BE3
:105DA000ADDAC38BAEDACB8BAFDACF8BB0DACE8B7A
:105DB000B1DAD28BB2DAD38BB3DAD48BB4DAD68B36
:105DC000B5DAD88BB6DAD98BB7DADC8BB8DADF8BF9
:105DD000B9DAE08BBADAE48BBBDAE88BBCDAE98BB0
:105DE000BDDAEE8BBEDAF08BBFDAF38BC0DAF68B5E
:105DF000C1DAF98BC2DAFC8BC3DAFF8BC4DA008C10
:105E0000C5DA028CC6DA048CC7DA078CC8DA0C8CC7
:105E1000C9DA0F8CCADA118CCBDA128CCCDA148C7A
:105E2000CDDA158CCEDA168CCFDA198CD0DA1B8C41
:105E3000D1DA188CD2DA1D8CD3DA1F8CD4DA208C0C
:105E4000D5DA218CD6DA258CD7DA278CD8DA2A8CC9
:105E5000D9DA2B8CDADA2E8CDBDA2F8CDCDA328C86
:105E6000DDDA338CDEDA358CDFDA368CE0DA695352
:105E7000E1DA7A53E2DA1D96E3DA2296E4DA219641
:105E8000E5DA3196E6DA2A96E7DA3D96E8DA3C96E4
:105E9000E9DA4296EADA4996EBDA5496ECDA5F965A
:105EA000EDDA6796EEDA6C96EFDA7296F0DA7496BF
:105EB000F1DA8896F2DA8D96F3DA9796F4DAB096FC
:105EC000F5DA9790F6DA9B90F7DA9D90F8DA9990E8
:105ED000F9DAAC90FADAA190FBDAB490FCDAB3907C
:105EE000FDDAB690FEDABA9040DBD58D41DBD88D75
:105EF00042DBD98D43DBDC8D44DBE08D45DBE18D7E
:105F000046DBE28D47DBE58D48DBE68D49DBE78D3F
:105F10004ADBE98D4BDBED8D4CDBEE8D4DDBF08DFF
:105F20004EDBF18D4FDBF28D50DBF48D51DBF68DC6
:105F300052DBFC8D53DBFE8D54DBFF8D55DB008E79
:105F400056DB018E57DB028E58DB038E59DB048E45
:105F50005ADB068E5BDB078E5CDB088E5DDB0B8E0F
:105F60005EDB0D8E5FDB0E8E60DB108E61DB118ED3
:105F700062DB128E63DB138E64DB158E65DB168E9F
:105F800066DB178E67DB188E68DB198E69DB1A8E6D
:105F90006ADB1B8E6BDB1C8E6CDB208E6DDB218E37
:105FA0006EDB248E6FDB258E70DB268E71DB278EF9
:105FB00072DB288E73DB2B8E74DB2D8E75DB308EBF
:105FC00076DB328E77DB338E78DB348E79DB368E80
:105FD0007ADB378E7BDB388E7CDB3B8E7DDB3C8E49
:105FE0007EDB3E8E80DB3F8E81DB438E82DB458E07
:105FF00083DB468E84DB4C8E85DB4D8E86DB4E8EBE
:1060000087DB4F8E88DB508E89DB538E8ADB548E84
:106010008BDB558E8CDB568E8DDB578E8EDB588E50
:106020008FDB5A8E90DB5B8E91DB5C8E92DB5D8E1C
:1060300093DB5E8E94DB5F8E95DB608E96DB618EEC
:1060400097DB628E98DB638E99DB648E9ADB658EBC
:106050009BDB678E9CDB688E9DDB6A8E9EDB6B8E86
:106060009FDB6E8EA0DB718EA1DBB890A2DBB090BF
:10607000A3DBCF90A4DBC590A5DBBE90A6DBD090C0
:10608000A7DBC490A8DBC790A9DBD390AADBE6907E
:10609000ABDBE290ACDBDC90ADDBD790AEDBDB9032
:1060A000AFDBEB90B0DBEF90B1DBFE90B2DB0491A5
:1060B000B3DB2291B4DB1E91B5DB2391B6DB3191CA
:1060C000B7DB2F91B8DB3991B9DB4391BADB46914D
:1060D000BBDB0D52BCDB4259BDDBA252BEDBAC5276
:1060E000BFDBAD52C0DBBE52C1DBFF54C2DBD052BE
:1060F000C3DBD652C4DBF052C5DBDF53C6DBEE7127
:10610000C7DBCD77C8DBF45EC9DBF551CADBFC51D8
:10611000CBDB2F9BCCDBB653CDDB015FCEDB5A75DF
:10612000CFDBEF5DD0DB4C57D1DBA957D2DBA157DA
:10613000D3DB7E58D4DBBC58D5DBC558D6DBD15871
:10614000D7DB2957D8DB2C57D9DB2A57DADB335773
:10615000DBDB3957DCDB2E57DDDB2F57DEDB5C5713
:10616000DFDB3B57E0DB4257E1DB6957E2DB85577A
:10617000E3DB6B57E4DB8657E5DB7C57E6DB7B57DD
:10618000E7DB6857E8DB6D57E9DB7657EADB7357E7
:10619000EBDBAD57ECDBA457EDDB8C57EEDBB257F6
:1061A000EFDBCF57F0DBA757F1DBB457F2DB9357A8
:1061B000F3DBA057F4DBD557F5DBD857F6DBDA571E
:1061C000F7DBD957F8DBD257F9DBB857FADBF457CE
:1061D000FBDBEF57FCDBF857FDDBE457FEDBDD575D
:1061E00040DC738E41DC758E42DC778E43DC788E2A
:1061F00044DC798E45DC7A8E46DC7B8E47DC7D8EF6
:1062000048DC7E8E49DC808E4ADC828E4BDC838EBD
:106210004CDC848E4DDC868E4EDC888E4FDC898E85
:1062200050DC8A8E51DC8B8E52DC8C8E53DC8D8E52
:1062300054DC8E8E55DC918E56DC928E57DC938E1C
:1062400058DC958E59DC968E5ADC978E5BDC988EE6
:106250005CDC998E5DDC9A8E5EDC9B8E5FDC9D8EB5
:1062600060DC9F8E61DCA08E62DCA18E63DCA28E7E
:1062700064DCA38E65DCA48E66DCA58E67DCA68E4E
:1062800068DCA78E69DCA88E6ADCA98E6BDCAA8E1E
:106290006CDCAD8E6DDCAE8E6EDCB08E6FDCB18EE4
:1062A00070DCB38E71DCB48E72DCB58E73DCB68EAE
:1062B00074DCB78E75DCB88E76DCB98E77DCBB8E7D
:1062C00078DCBC8E79DCBD8E7ADCBE8E7BDCBF8E4A
:1062D0007CDCC08E7DDCC18E7EDCC28E80DCC38E19
:1062E00081DCC48E82DCC58E83DCC68E84DCC78EE6
:1062F00085DCC88E86DCC98E87DCCA8E88DCCB8EB6
:1063000089DCCC8E8ADCCD8E8BDCCF8E8CDCD08E83
:106310008DDCD18E8EDCD28E8FDCD38E90DCD48E51
:1063200091DCD58E92DCD68E93DCD78E94DCD88E21
:1063300095DCD98E96DCDA8E97DCDB8E98DCDC8EF1
:1063400099DCDD8E9ADCDE8E9BDCDF8E9CDCE08EC1
:106350009DDCE18E9EDCE28E9FDCE38EA0DCE48E91
:10636000A1DC0B58A2DC0D58A3DCFD57A4DCED57D3
:10637000A5DC0058A6DC1E58A7DC1958A8DC445838
:10638000A9DC2058AADC6558ABDC6C58ACDC815821
:10639000ADDC8958AEDC9A58AFDC8058B0DCA899E7
:1063A000B1DC199FB2DCFF61B3DC7982B4DC7D82A1
:1063B000B5DC7F82B6DC8F82B7DC8A82B8DCA8824B
:1063C000B9DC8482BADC8E82BBDC9182BCDC978231
:1063D000BDDC9982BEDCAB82BFDCB882C0DCBE8291
:1063E000C1DCB082C2DCC882C3DCCA82C4DCE38206
:1063F000C5DC9882C6DCB782C7DCAE82C8DCCB8243
:10640000C9DCCC82CADCC182CBDCA982CCDCB48200
:10641000CDDCA182CEDCAA82CFDC9F82D0DCC4821C
:10642000D1DCCE82D2DCA482D3DCE182D4DC09834D
:10643000D5DCF782D6DCE482D7DC0F83D8DC078397
:10644000D9DCDC82DADCF482DBDCD282DCDCD882F0
:10645000DDDC0C83DEDCFB82DFDCD382E0DC11835D
:10646000E1DC1A83E2DC0683E3DC1483E4DC1583DD
:10647000E5DCE082E6DCD582E7DC1C83E8DC5183E6
:10648000E9DC5B83EADC5C83EBDC0883ECDC928395
:10649000EDDC3C83EEDC3483EFDC3183F0DC9B838A
:1064A000F1DC5E83F2DC2F83F3DC4F83F4DC478383
:1064B000F5DC4383F6DC5F83F7DC4083F8DC17838D
:1064C000F9DC6083FADC2D83FBDC3A83FCDC33836C
:1064D000FDDC6683FEDC658340DDE58E41DDE68E16
:1064E00042DDE78E43DDE88E44DDE98E45DDEA8E50
:1064F00046DDEB8E47DDEC8E48DDED8E49DDEE8E20
:106500004ADDEF8E4BDDF08E4CDDF18E4DDDF28EEF
:106510004EDDF38E4FDDF48E50DDF58E51DDF68EBF
:1065200052DDF78E53DDF88E54DDF98E55DDFA8E8F
:1065300056DDFB8E57DDFC8E58DDFD8E59DDFE8E5F
:106540005ADDFF8E5BDD008F5CDD018F5DDD028F2C
:106550005EDD038F5FDD048F60DD058F61DD068FFB
:1065600062DD078F63DD088F64DD098F65DD0A8FCB
:1065700066DD0B8F67DD0C8F68DD0D8F69DD0E8F9B
:106580006ADD0F8F6BDD108F6CDD118F6DDD128F6B
:106590006EDD138F6FDD148F70DD158F71DD168F3B
:1065A00072DD178F73DD188F74DD198F75DD1A8F0B
:1065B00076DD1B8F77DD1C8F78DD1D8F79DD1E8FDB
:1065C0007ADD1F8F7BDD208F7CDD218F7DDD228FAB
:1065D0007EDD238F80DD248F81DD258F82DD268F78
:1065E00083DD278F84DD288F85DD298F86DD2A8F47
:1065F00087DD2B8F88DD2C8F89DD2D8F8ADD2E8F17
:106600008BDD2F8F8CDD308F8DDD318F8EDD328FE6
:106610008FDD338F90DD348F91DD358F92DD368FB6
:1066200093DD378F94DD388F95DD398F96DD3A8F86
:1066300097DD3B8F98DD3C8F99DD3D8F9ADD3E8F56
:106640009BDD3F8F9CDD408F9DDD418F9EDD428F26
:106650009FDD438FA0DD448FA1DD6883A2DD1B8316
:10666000A3DD6983A4DD6C83A5DD6A83A6DD6D836C
:10667000A7DD6E83A8DDB083A9DD7883AADDB383AF
:10668000ABDDB483ACDDA083ADDDAA83AEDD938347
:10669000AFDD9C83B0DD8583B1DD7C83B2DDB68365
:1066A000B3DDA983B4DD7D83B5DDB883B6DD7B833F
:1066B000B7DD9883B8DD9E83B9DDA883BADDBA83E0
:1066C000BBDDBC83BCDDC183BDDD0184BEDDE583F4
:1066D000BFDDD883C0DD0758C1DD1884C2DD0B845F
:1066E000C3DDDD83C4DDFD83C5DDD683C6DD1C844B
:1066F000C7DD3884C8DD1184C9DD0684CADDD483D2
:10670000CBDDDF83CCDD0F84CDDD0384CEDDF883EC
:10671000CFDDF983D0DDEA83D1DDC583D2DDC0834F
:10672000D3DD2684D4DDF083D5DDE183D6DD5C8442
:10673000D7DD5184D8DD5A84D9DD5984DADD7384FC
:10674000DBDD8784DCDD8884DDDD7A84DEDD898441
:10675000DFDD7884E0DD3C84E1DD4684E2DD6984D0
:10676000E3DD7684E4DD8C84E5DD8E84E6DD318452
:10677000E7DD6D84E8DDC184E9DDCD84EADDD08428
:10678000EBDDE684ECDDBD84EDDDD384EEDDCA8493
:10679000EFDDBF84F0DDBA84F1DDE084F2DDA184B9
:1067A000F3DDB984F4DDB484F5DD9784F6DDE584AA
:1067B000F7DDE384F8DD0C85F9DD0D75FADD38854C
:1067C000FBDDF084FCDD3985FDDD1F85FEDD3A85CE
:1067D00040DE458F41DE468F42DE478F43DE488FE5
:1067E00044DE498F45DE4A8F46DE4B8F47DE4C8FB5
:1067F00048DE4D8F49DE4E8F4ADE4F8F4BDE508F85
:106800004CDE518F4DDE528F4EDE538F4FDE548F54
:1068100050DE558F51DE568F52DE578F53DE588F24
:1068200054DE598F55DE5A8F56DE5B8F57DE5C8FF4
:1068300058DE5D8F59DE5E8F5ADE5F8F5BDE608FC4
:106840005CDE618F5DDE628F5EDE638F5FDE648F94
:1068500060DE658F61DE6A8F62DE808F63DE8C8F23
:1068600064DE928F65DE9D8F66DEA08F67DEA18F6E
:1068700068DEA28F69DEA48F6ADEA58F6BDEA68F2D
:106880006CDEA78F6DDEAA8F6EDEAC8F6FDEAD8FF4
:1068900070DEAE8F71DEAF8F72DEB28F73DEB38FBC
:1068A00074DEB48F75DEB58F76DEB78F77DEB88F86
:1068B00078DEBA8F79DEBB8F7ADEBC8F7BDEBF8F4E
:1068C0007CDEC08F7DDEC38F7EDEC68F80DEC98F0B
:1068D00081DECA8F82DECB8F83DECC8F84DECD8FCC
:1068E00085DECF8F86DED28F87DED68F88DED78F8C
:1068F00089DEDA8F8ADEE08F8BDEE18F8CDEE38F3C
:106900008DDEE78F8EDEEC8F8FDEEF8F90DEF18FE6
:1069100091DEF28F92DEF48F93DEF58F94DEF68FA8
:1069200095DEFA8F96DEFB8F97DEFC8F98DEFE8F6A
:1069300099DEFF8F9ADE07909BDE08909CDE0C901C
:106940009DDE0E909EDE13909FDE1590A0DE1890C7
:10695000A1DE5685A2DE3B85A3DEFF84A4DEFC8497
:10696000A5DE5985A6DE4885A7DE6885A8DE648594
:10697000A9DE5E85AADE7A85ABDEA277ACDE438532
:10698000ADDE7285AEDE7B85AFDEA485B0DEA88588
:10699000B1DE8785B2DE8F85B3DE7985B4DEAE8564
:1069A000B5DE9C85B6DE8585B7DEB985B8DEB785F0
:1069B000B9DEB085BADED385BBDEC185BCDEDC8541
:1069C000BDDEFF85BEDE2786BFDE0586C0DE2986EA
:1069D000C1DE1686C2DE3C86C3DEFE5EC4DE085F14
:1069E000C5DE3C59C6DE4159C7DE3780C8DE555981
:1069F000C9DE5A59CADE5859CBDE0F53CCDE225CB1
:106A0000CDDE255CCEDE2C5CCFDE345CD0DE4C628D
:106A1000D1DE6A62D2DE9F62D3DEBB62D4DECA629E
:106A2000D5DEDA62D6DED762D7DEEE62D8DE22634A
:106A3000D9DEF662DADE3963DBDE4B63DCDE43632C
:106A4000DDDEAD63DEDEF663DFDE7163E0DE7A633A
:106A5000E1DE8E63E2DEB463E3DE6D63E4DEAC634D
:106A6000E5DE8A63E6DE6963E7DEAE63E8DEBC632B
:106A7000E9DEF263EADEF863EBDEE063ECDEFF639F
:106A8000EDDEC463EEDEDE63EFDECE63F0DE526485
:106A9000F1DEC663F2DEBE63F3DE4564F4DE41641C
:106AA000F5DE0B64F6DE1B64F7DE2064F8DE0C64B2
:106AB000F9DE2664FADE2164FBDE5E64FCDE8464BB
:106AC000FDDE6D64FEDE966440DF199041DF1C90B0
:106AD00042DF239043DF249044DF259045DF279059
:106AE00046DF289047DF299048DF2A9049DF2B9026
:106AF0004ADF2C904BDF30904CDF31904DDF3290ED
:106B00004EDF33904FDF349050DF379051DF3990B4
:106B100052DF3A9053DF3D9054DF3F9055DF409075
:106B200056DF439057DF459058DF469059DF489035
:106B30005ADF49905BDF4A905CDF4B905DDF4C9001
:106B40005EDF4E905FDF549060DF559061DF5690BE
:106B500062DF599063DF5A9064DF5C9065DF5D907F
:106B600066DF5E9067DF5F9068DF609069DF61904D
:106B70006ADF64906BDF66906CDF67906DDF699011
:106B80006EDF6A906FDF6B9070DF6C9071DF6F90DB
:106B900072DF709073DF719074DF729075DF7390A5
:106BA00076DF769077DF779078DF789079DF79906D
:106BB0007ADF7A907BDF7B907CDF7C907DDF7E903C
:106BC0007EDF819080DF849081DF859082DF8690F8
:106BD00083DF879084DF899085DF8A9086DF8C90C1
:106BE00087DF8D9088DF8E9089DF8F908ADF90908D
:106BF0008BDF92908CDF94908DDF96908EDF989053
:106C00008FDF9A9090DF9C9091DF9E9092DF9F9013
:106C100093DFA09094DFA49095DFA59096DFA790D6
:106C200097DFA89098DFA99099DFAB909ADFAD909D
:106C30009BDFB2909CDFB7909DDFBC909EDFBD9044
:106C40009FDFBF90A0DFC090A1DF7A64A2DFB764AE
:106C5000A3DFB864A4DF9964A5DFBA64A6DFC064CB
:106C6000A7DFD064A8DFD764A9DFE464AADFE26409
:106C7000ABDF0965ACDF2565ADDF2E65AEDF0B5FF1
:106C8000AFDFD25FB0DF1975B1DF115FB2DF5F53E5
:106C9000B3DFF153B4DFFD53B5DFE953B6DFE8539B
:106CA000B7DFFB53B8DF1254B9DF1654BADF06540E
:106CB000BBDF4B54BCDF5254BDDF5354BEDF5454D2
:106CC000BFDF5654C0DF4354C1DF2154C2DF5754E5
:106CD000C3DF5954C4DF2354C5DF3254C6DF8254A6
:106CE000C7DF9454C8DF7754C9DF7154CADF6454D6
:106CF000CBDF9A54CCDF9B54CDDF8454CEDF765467
:106D0000CFDF6654D0DF9D54D1DFD054D2DFAD54F5
:106D1000D3DFC254D4DFB454D5DFD254D6DFA75466
:106D2000D7DFA654D8DFD354D9DFD454DADF725476
:106D3000DBDFA354DCDFD554DDDFBB54DEDFBF5423
:106D4000DFDFCC54E0DFD954E1DFDA54E2DFDC549A
:106D5000E3DFA954E4DFAA54E5DFA454E6DFDD5401
:106D6000E7DFCF54E8DFDE54E9DF1B55EADFE75405
:106D7000EBDF2055ECDFFD54EDDF1455EEDFF3546F
:106D8000EFDF2255F0DF2355F1DF0F55F2DF11550C
:106D9000F3DF2755F4DF2A55F5DF6755F6DF8F550A
:106DA000F7DFB555F8DF4955F9DF6D55FADF415585
:106DB000FBDF5555FCDF3F55FDDF5055FEDF3C55F1
:106DC00040E0C29041E0C39042E0C69043E0C890EA
:106DD00044E0C99045E0CB9046E0CC9047E0CD90B0
:106DE00048E0D29049E0D4904AE0D5904BE0D6906C
:106DF0004CE0D8904DE0D9904EE0DA904FE0DE9034
:106E000050E0DF9051E0E09052E0E39053E0E490F6
:106E100054E0E59055E0E99056E0EA9057E0EC90B8
:106E200058E0EE9059E0F0905AE0F1905BE0F2907B
:106E30005CE0F3905DE0F5905EE0F6905FE0F79047
:106E400060E0F99061E0FA9062E0FB9063E0FC9012
:106E500064E0FF9065E0009166E0019167E00391D6
:106E600068E0059169E006916AE007916BE008919E
:106E70006CE009916DE00A916EE00B916FE00C916E
:106E800070E00D9171E00E9172E00F9173E010913E
:106E900074E0119175E0129176E0139177E014910E
:106EA00078E0159179E016917AE017917BE01891DE
:106EB0007CE01A917DE01B917EE01C9180E01D91A9
:106EC00081E01F9182E0209183E0219184E0249170
:106ED00085E0259186E0269187E0279188E028913A
:106EE00089E029918AE02A918BE02B918CE02C910A
:106EF0008DE02D918EE02E918FE0309190E03291D7
:106F000091E0339192E0349193E0359194E03691A1
:106F100095E0379196E0389197E03A9198E03B916F
:106F200099E03C919AE03D919BE03E919CE03F913D
:106F30009DE040919EE041919FE04291A0E044910C
:106F4000A1E03755A2E05655A3E07555A4E076556B
:106F5000A5E07755A6E03355A7E03055A8E05C558D
:106F6000A9E08B55AAE0D255ABE08355ACE0B15512
:106F7000ADE0B955AEE08855AFE08155B0E09F5522
:106F8000B1E07E55B2E0D655B3E09155B4E07B5503
:106F9000B5E0DF55B6E0BD55B7E0BE55B8E0945555
:106FA000B9E09955BAE0EA55BBE0F755BCE0C955E0
:106FB000BDE01F56BEE0D155BFE0EB55C0E0EC553B
:106FC000C1E0D455C2E0E655C3E0DD55C4E0C45588
:106FD000C5E0EF55C6E0E555C7E0F255C8E0F3550A
:106FE000C9E0CC55CAE0CD55CBE0E855CCE0F5552D
:106FF000CDE0E455CEE0948FCFE01E56D0E00856A9
:10700000D1E00C56D2E00156D3E02456D4E023560A
:10701000D5E0FE55D6E00056D7E02756D8E02D56ED
:10702000D9E05856DAE03956DBE05756DCE02C560A
:10703000DDE04D56DEE06256DFE05956E0E05C569A
:10704000E1E04C56E2E05456E3E08656E4E0645654
:10705000E5E07156E6E06B56E7E07B56E8E07C56EB
:10706000E9E08556EAE09356EBE0AF56ECE0D45603
:10707000EDE0D756EEE0DD56EFE0E156F0E0F556F4
:10708000F1E0EB56F2E0F956F3E0FF56F4E0045776
:10709000F5E00A57F6E00957F7E01C57F8E00F5EF5
:1070A000F9E0195EFAE0145EFBE0115EFCE0315E8F
:1070B000FDE03B5EFEE03C5E40E1459141E14791F1
:1070C00042E1489143E1519144E1539145E15491AA
:1070D00046E1559147E1569148E1589149E159916E
:1070E0004AE15B914BE15C914CE15F914DE1609134
:1070F0004EE166914FE1679150E1689151E16B91EA
:1071000052E16D9153E1739154E17A9155E17B9194
:1071100056E17C9157E1809158E1819159E182914A
:107120005AE183915BE184915CE186915DE1889114
:107130005EE18A915FE18E9160E18F9161E19391CF
:1071400062E1949163E1959164E1969165E1979193
:1071500066E1989167E1999168E19C9169E19D915F
:107160006AE19E916BE19F916CE1A0916DE1A1912B
:107170006EE1A4916FE1A59170E1A69171E1A791F3
:1071800072E1A89173E1A99174E1AB9175E1AC91C1
:1071900076E1B09177E1B19178E1B29179E1B39183
:1071A0007AE1B6917BE1B7917CE1B8917DE1B9914B
:1071B0007EE1BB9180E1BC9181E1BD9182E1BE9114
:1071C00083E1BF9184E1C09185E1C19186E1C291E3
:1071D00087E1C39188E1C49189E1C5918AE1C691B3
:1071E0008BE1C8918CE1CB918DE1D0918EE1D29170
:1071F0008FE1D39190E1D49191E1D59192E1D69133
:1072000093E1D79194E1D89195E1D99196E1DA9102
:1072100097E1DB9198E1DD9199E1DE919AE1DF91CF
:107220009BE1E0919CE1E1919DE1E2919EE1E3919E
:107230009FE1E491A0E1E591A1E1375EA2E1445E26
:10724000A3E1545EA4E15B5EA5E15E5EA6E1615E42
:10725000A7E18C5CA8E17A5CA9E18D5CAAE1905C75
:10726000ABE1965CACE1885CADE1985CAEE1995C29
:10727000AFE1915CB0E19A5CB1E19C5CB2E1B55CDC
:10728000B3E1A25CB4E1BD5CB5E1AC5CB6E1AB5C82
:10729000B7E1B15CB8E1A35CB9E1C15CBAE1B75C4C
:1072A000BBE1C45CBCE1D25CBDE1E45CBEE1CB5CB3
:1072B000BFE1E55CC0E1025DC1E1035DC2E1275DC4
:1072C000C3E1265DC4E12E5DC5E1245DC6E11E5D1E
:1072D000C7E1065DC8E11B5DC9E1585DCAE13E5DDD
:1072E000CBE1345DCCE13D5DCDE16C5DCEE15B5D3C
:1072F000CFE16F5DD0E15D5DD1E16B5DD2E14B5DD2
:10730000D3E14A5DD4E1695DD5E1745DD6E1825D8A
:10731000D7E1995DD8E19D5DD9E1738CDAE1B75D84
:10732000DBE1C55DDCE1735FDDE1775FDEE1825FBC
:10733000DFE1875FE0E1895FE1E18C5FE2E1955F9A
:10734000E3E1995FE4E19C5FE5E1A85FE6E1AD5F21
:10735000E7E1B55FE8E1BC5FE9E16288EAE1615F2E
:10736000EBE1AD72ECE1B072EDE1B472EEE1B77257
:10737000EFE1B872F0E1C372F1E1C172F2E1CE72F5
:10738000F3E1CD72F4E1D272F5E1E872F6E1EF7269
:10739000F7E1E972F8E1F272F9E1F472FAE1F772F9
:1073A000FBE10173FCE1F372FDE10373FEE1FA72AC
:1073B00040E2E69141E2E79142E2E89143E2E9915D
:1073C00044E2EA9145E2EB9146E2EC9147E2ED912D
:1073D00048E2EE9149E2EF914AE2F0914BE2F191FD
:1073E0004CE2F2914DE2F3914EE2F4914FE2F591CD
:1073F00050E2F69151E2F79152E2F89153E2F9919D
:1074000054E2FA9155E2FB9156E2FC9157E2FD916C
:1074100058E2FE9159E2FF915AE200925BE201923A
:107420005CE202925DE203925EE204925FE2059208
:1074300060E2069261E2079262E2089263E20992D8
:1074400064E20A9265E20B9266E20C9267E20D92A8
:1074500068E20E9269E20F926AE210926BE2119278
:107460006CE212926DE213926EE214926FE2159248
:1074700070E2169271E2179272E2189273E2199218
:1074800074E21A9275E21B9276E21C9277E21D92E8
:1074900078E21E9279E21F927AE220927BE22192B8
:1074A0007CE222927DE223927EE2249280E2259287
:1074B00081E2269282E2279283E2289284E2299254
:1074C00085E22A9286E22B9287E22C9288E22D9224
:1074D00089E22E928AE22F928BE230928CE23192F4
:1074E0008DE232928EE233928FE2349290E23592C4
:1074F00091E2369292E2379293E2389294E2399294
:1075000095E23A9296E23B9297E23C9298E23D9263
:1075100099E23E929AE23F929BE240929CE2419233
:107520009DE242929EE243929FE24492A0E2459203
:10753000A1E2FB72A2E21773A3E21373A4E2217328
:10754000A5E20A73A6E21E73A7E21D73A8E21573F3
:10755000A9E22273AAE23973ABE22573ACE22C7381
:10756000ADE23873AEE23173AFE25073B0E24D7307
:10757000B1E25773B2E26073B3E26C73B4E26F735B
:10758000B5E27E73B6E21B82B7E22559B8E2E7980E
:10759000B9E22459BAE20259BBE26399BCE26799A5
:1075A000BDE26899BEE26999BFE26A99C0E26B994F
:1075B000C1E26C99C2E27499C3E27799C4E27D9901
:1075C000C5E28099C6E28499C7E28799C8E28A99A0
:1075D000C9E28D99CAE29099CBE29199CCE2939954
:1075E000CDE29499CEE29599CFE2805ED0E2915EB1
:1075F000D1E28B5ED2E2965ED3E2A55ED4E2A05EDB
:10760000D5E2B95ED6E2B55ED7E2BE5ED8E2B35E41
:10761000D9E2538DDAE2D25EDBE2D15EDCE2DB5E00
:10762000DDE2E85EDEE2EA5EDFE2BA81E0E2C45F6C
:10763000E1E2C95FE2E2D65FE3E2CF5FE4E203604A
:10764000E5E2EE5FE6E20460E7E2E15FE8E2E45FE4
:10765000E9E2FE5FEAE20560EBE20660ECE2EA5F87
:10766000EDE2ED5FEEE2F85FEFE21960F0E2356027
:10767000F1E22660F2E21B60F3E20F60F4E20D60DB
:10768000F5E22960F6E22B60F7E20A60F8E23F607B
:10769000F9E22160FAE27860FBE27960FCE27B606B
:1076A000FDE27A60FEE2426040E3469241E34792A7
:1076B00042E3489243E3499244E34A9245E34B92C2
:1076C00046E34C9247E34D9248E34E9249E34F9292
:1076D0004AE350924BE351924CE352924DE3539262
:1076E0004EE354924FE3559250E3569251E3579232
:1076F00052E3589253E3599254E35A9255E35B9202
:1077000056E35C9257E35D9258E35E9259E35F92D1
:107710005AE360925BE361925CE362925DE36392A1
:107720005EE364925FE3659260E3669261E3679271
:1077300062E3689263E3699264E36A9265E36B9241
:1077400066E36C9267E36D9268E36E9269E36F9211
:107750006AE370926BE371926CE372926DE37392E1
:107760006EE375926FE3769270E3779271E37892AD
:1077700072E3799273E37A9274E37B9275E37C927D
:1077800076E37D9277E37E9278E37F9279E380924D
:107790007AE381927BE382927CE383927DE384921D
:1077A0007EE3859280E3869281E3879282E38892EA
:1077B00083E3899284E38A9285E38B9286E38C92B9
:1077C00087E38D9288E38F9289E390928AE3919286
:1077D0008BE392928CE393928DE394928EE3959255
:1077E0008FE3969290E3979291E3989292E3999225
:1077F00093E39A9294E39B9295E39C9296E39D92F5
:1078000097E39E9298E39F9299E3A0929AE3A192C4
:107810009BE3A2929CE3A3929DE3A4929EE3A59294
:107820009FE3A692A0E3A792A1E36A60A2E37D6032
:10783000A3E39660A4E39A60A5E3AD60A6E39D6030
:10784000A7E38360A8E39260A9E38C60AAE39B604E
:10785000ABE3EC60ACE3BB60ADE3B160AEE3DD6035
:10786000AFE3D860B0E3C660B1E3DA60B2E3B4601E
:10787000B3E32061B4E32661B5E31561B6E32361A8
:10788000B7E3F460B8E30061B9E30E61BAE32B61DA
:10789000BBE34A61BCE37561BDE3AC61BEE39461E7
:1078A000BFE3A761C0E3B761C1E3D461C2E3F5619F
:1078B000C3E3DD5FC4E3B396C5E3E995C6E3EB95A7
:1078C000C7E3F195C8E3F395C9E3F595CAE3F695E7
:1078D000CBE3FC95CCE3FE95CDE30396CEE3049693
:1078E000CFE30696D0E30896D1E30A96D2E30B964F
:1078F000D3E30C96D4E30D96D5E30F96D6E3129618
:10790000D7E31596D8E31696D9E31796DAE31996D6
:10791000DBE31A96DCE32C4EDDE33F72DEE3156217
:10792000DFE3356CE0E3546CE1E35C6CE2E34A6C6A
:10793000E3E3A36CE4E3856CE5E3906CE6E3946C2D
:10794000E7E38C6CE8E3686CE9E3696CEAE3746C88
:10795000EBE3766CECE3866CEDE3A96CEEE3D06CC4
:10796000EFE3D46CF0E3AD6CF1E3F76CF2E3F86CA9
:10797000F3E3F16CF4E3D76CF5E3B26CF6E3E06C9F
:10798000F7E3D66CF8E3FA6CF9E3EB6CFAE3EE6C30
:10799000FBE3B16CFCE3D36CFDE3EF6CFEE3FE6C48
:1079A00040E4A89241E4A99242E4AA9243E4AB9253
:1079B00044E4AC9245E4AD9246E4AF9247E4B09221
:1079C00048E4B19249E4B2924AE4B3924BE4B492EF
:1079D0004CE4B5924DE4B6924EE4B7924FE4B892BF
:1079E00050E4B99251E4BA9252E4BB9253E4BC928F
:1079F00054E4BD9255E4BE9256E4BF9257E4C0925F
:107A000058E4C19259E4C2925AE4C3925BE4C4922E
:107A10005CE4C5925DE4C6925EE4C7925FE4C992FD
:107A200060E4CA9261E4CB9262E4CC9263E4CD92CA
:107A300064E4CE9265E4CF9266E4D09267E4D1929A
:107A400068E4D29269E4D3926AE4D4926BE4D5926A
:107A50006CE4D6926DE4D7926EE4D8926FE4D9923A
:107A600070E4DA9271E4DB9272E4DC9273E4DD920A
:107A700074E4DE9275E4DF9276E4E09277E4E192DA
:107A800078E4E29279E4E3927AE4E4927BE4E592AA
:107A90007CE4E6927DE4E7927EE4E89280E4E99279
:107AA00081E4EA9282E4EB9283E4EC9284E4ED9246
:107AB00085E4EE9286E4EF9287E4F09288E4F19216
:107AC00089E4F2928AE4F3928BE4F4928CE4F592E6
:107AD0008DE4F6928EE4F7928FE4F89290E4F992B6
:107AE00091E4FA9292E4FB9293E4FC9294E4FD9286
:107AF00095E4FE9296E4FF9297E4009398E4019354
:107B000099E402939AE403939BE404939CE4059321
:107B10009DE406939EE407939FE40893A0E40993F1
:107B2000A1E4396DA2E4276DA3E40C6DA4E4436DD8
:107B3000A5E4486DA6E4076DA7E4046DA8E4196DFB
:107B4000A9E40E6DAAE42B6DABE44D6DACE42E6D93
:107B5000ADE4356DAEE41A6DAFE44F6DB0E4526D37
:107B6000B1E4546DB2E4336DB3E4916DB4E46F6D80
:107B7000B5E49E6DB6E4A06DB7E45E6DB8E4936DB8
:107B8000B9E4946DBAE45C6DBBE4606DBCE47C6DFB
:107B9000BDE4636DBEE41A6EBFE4C76DC0E4C56D9D
:107BA000C1E4DE6DC2E40E6EC3E4BF6DC4E4E06DFB
:107BB000C5E4116EC6E4E66DC7E4DD6DC8E4D96DB9
:107BC000C9E4166ECAE4AB6DCBE40C6ECCE4AE6DCA
:107BD000CDE42B6ECEE46E6ECFE44E6ED0E46B6ED1
:107BE000D1E4B26ED2E45F6ED3E4866ED4E4536E19
:107BF000D5E4546ED6E4326ED7E4256ED8E4446EF4
:107C0000D9E4DF6EDAE4B16EDBE4986EDCE4E06EBA
:107C1000DDE42D6FDEE4E26EDFE4A56EE0E4A76E46
:107C2000E1E4BD6EE2E4BB6EE3E4B76EE4E4D76E7C
:107C3000E5E4B46EE6E4CF6EE7E48F6EE8E4C26E8E
:107C4000E9E49F6EEAE4626FEBE4466FECE4476FB1
:107C5000EDE4246FEEE4156FEFE4F96EF0E42F6FBE
:107C6000F1E4366FF2E44B6FF3E4746FF4E42A6FDF
:107C7000F5E4096FF6E4296FF7E4896FF8E48D6F96
:107C8000F9E48C6FFAE4786FFBE4726FFCE47C6FCC
:107C9000FDE47A6FFEE4D16F40E50A9341E50B9372
:107CA00042E50C9343E50D9344E50E9345E50F93B0
:107CB00046E5109347E5119348E5129349E5139380
:107CC0004AE514934BE515934CE516934DE5179350
:107CD0004EE518934FE5199350E51A9351E51B9320
:107CE00052E51C9353E51D9354E51E9355E51F93F0
:107CF00056E5209357E5219358E5229359E52393C0
:107D00005AE524935BE525935CE526935DE527938F
:107D10005EE528935FE5299360E52A9361E52B935F
:107D200062E52C9363E52D9364E52E9365E52F932F
:107D300066E5309367E5319368E5329369E53393FF
:107D40006AE534936BE535936CE536936DE53793CF
:107D50006EE538936FE5399370E53A9371E53B939F
:107D600072E53C9373E53D9374E53F9375E540936D
:107D700076E5419377E5429378E5439379E544933B
:107D80007AE545937BE546937CE547937DE548930B
:107D90007EE5499380E54A9381E54B9382E54C93D8
:107DA00083E54D9384E54E9385E54F9386E55093A7
:107DB00087E5519388E5529389E553938AE5549377
:107DC0008BE555938CE556938DE557938EE5589347
:107DD0008FE5599390E55A9391E55B9392E55C9317
:107DE00093E55D9394E55E9395E55F9396E56093E7
:107DF00097E5619398E5629399E563939AE56493B7
:107E00009BE565939CE566939DE567939EE5689386
:107E10009FE56993A0E56B93A1E5C96FA2E5A76F04
:107E2000A3E5B96FA4E5B66FA5E5C26FA6E5E16F5E
:107E3000A7E5EE6FA8E5DE6FA9E5E06FAAE5EF6FB5
:107E4000ABE51A70ACE52370ADE51B70AEE539709B
:107E5000AFE53570B0E54F70B1E55E70B2E5805BBF
:107E6000B3E5845BB4E5955BB5E5935BB6E5A55BEF
:107E7000B7E5B85BB8E52F75B9E59E9ABAE5346405
:107E8000BBE5E45BBCE5EE5BBDE53089BEE5F05BE0
:107E9000BFE5478EC0E5078BC1E5B68FC2E5D38F3E
:107EA000C3E5D58FC4E5E58FC5E5EE8FC6E5E48F64
:107EB000C7E5E98FC8E5E68FC9E5F38FCAE5E88F26
:107EC000CBE50590CCE50490CDE50B90CEE5269072
:107ED000CFE51190D0E50D90D1E51690D2E5219037
:107EE000D3E53590D4E53690D5E52D90D6E52F90A5
:107EF000D7E54490D8E55190D9E55290DAE5509015
:107F0000DBE56890DCE55890DDE56290DEE55B90AE
:107F1000DFE5B966E0E57490E1E57D90E2E5829009
:107F2000E3E58890E4E58390E5E58B90E6E5505F36
:107F3000E7E5575FE8E5565FE9E5585FEAE53B5C52
:107F4000EBE5AB54ECE5505CEDE5595CEEE5715BBF
:107F5000EFE5635CF0E5665CF1E5BC7FF2E52A5F86
:107F6000F3E5295FF4E52D5FF5E57482F6E53C5F06
:107F7000F7E53B9BF8E56E5CF9E58159FAE5835935
:107F8000FBE58D59FCE5A959FDE5AA59FEE5A35984
:107F900040E66C9341E66D9342E66E9343E66F9341
:107FA00044E6709345E6719346E6729347E6739311
:107FB00048E6749349E675934AE676934BE67793E1
:107FC0004CE678934DE679934EE67A934FE67B93B1
:107FD00050E67C9351E67D9352E67E9353E67F9381
:107FE00054E6809355E6819356E6829357E6839351
:107FF00058E6849359E685935AE686935BE6879321
:108000005CE688935DE689935EE68A935FE68B93F0
:1080100060E68C9361E68D9362E68E9363E69093BF
:1080200064E6919365E6929366E6939367E694938C
:1080300068E6959369E696936AE697936BE698935C
:108040006CE699936DE69A936EE69B936FE69C932C
:1080500070E69D9371E69E9372E69F9373E6A093FC
:1080600074E6A19375E6A29376E6A39377E6A493CC
:1080700078E6A59379E6A6937AE6A7937BE6A8939C
:108080007CE6A9937DE6AA937EE6AB9380E6AC936B
:1080900081E6AD9382E6AE9383E6AF9384E6B09338
:1080A00085E6B19386E6B29387E6B39388E6B49308
:1080B00089E6B5938AE6B6938BE6B7938CE6B893D8
:1080C0008DE6B9938EE6BA938FE6BB9390E6BC93A8
:1080D00091E6BD9392E6BE9393E6BF9394E6C09378
:1080E00095E6C19396E6C29397E6C39398E6C49348
:1080F00099E6C5939AE6C6939BE6C7939CE6C89318
:108100009DE6C9939EE6CB939FE6CC93A0E6CD93E4
:10811000A1E69759A2E6CA59A3E6AB59A4E69E592F
:10812000A5E6A459A6E6D259A7E6B259A8E6AF59E2
:10813000A9E6D759AAE6BE59ABE6055AACE6065AF7
:10814000ADE6DD59AEE6085AAFE6E359B0E6D859D8
:10815000B1E6F959B2E60C5AB3E6095AB4E6325A16
:10816000B5E6345AB6E6115AB7E6235AB8E6135ABA
:10817000B9E6405ABAE6675ABBE64A5ABCE6555ACF
:10818000BDE63C5ABEE6625ABFE6755AC0E6EC80D0
:10819000C1E6AA5AC2E69B5AC3E6775AC4E67A5A9F
:1081A000C5E6BE5AC6E6EB5AC7E6B25AC8E6D25A88
:1081B000C9E6D45ACAE6B85ACBE6E05ACCE6E35A46
:1081C000CDE6F15ACEE6D65ACFE6E65AD0E6D85AF0
:1081D000D1E6DC5AD2E6095BD3E6175BD4E6165B40
:1081E000D5E6325BD6E6375BD7E6405BD8E6155C72
:1081F000D9E61C5CDAE65A5BDBE6655BDCE6735BC2
:10820000DDE6515BDEE6535BDFE6625BE0E6759A36
:10821000E1E6779AE2E6789AE3E67A9AE4E67F9AEC
:10822000E5E67D9AE6E6809AE7E6819AE8E6859AB1
:10823000E9E6889AEAE68A9AEBE6909AECE6929A60
:10824000EDE6939AEEE6969AEFE6989AF0E69B9A18
:10825000F1E69C9AF2E69D9AF3E69F9AF4E6A09ADC
:10826000F5E6A29AF6E6A39AF7E6A59AF8E6A79AA3
:10827000F9E69F7EFAE6A17EFBE6A37EFCE6A57EFC
:10828000FDE6A87EFEE6A97E40E7CE9341E7CF93C8
:1082900042E7D09343E7D19344E7D29345E7D393A2
:1082A00046E7D49347E7D59348E7D79349E7D89370
:1082B0004AE7D9934BE7DA934CE7DB934DE7DC933E
:1082C0004EE7DD934FE7DE9350E7DF9351E7E0930E
:1082D00052E7E19353E7E29354E7E39355E7E493DE
:1082E00056E7E59357E7E69358E7E79359E7E893AE
:1082F0005AE7E9935BE7EA935CE7EB935DE7EC937E
:108300005EE7ED935FE7EE9360E7EF9361E7F0934D
:1083100062E7F19363E7F29364E7F39365E7F4931D
:1083200066E7F59367E7F69368E7F79369E7F893ED
:108330006AE7F9936BE7FA936CE7FB936DE7FC93BD
:108340006EE7FD936FE7FE9370E7FF9371E700948C
:1083500072E7019473E7029474E7039475E7049459
:1083600076E7059477E7069478E7079479E7089429
:108370007AE709947BE70A947CE70B947DE70C94F9
:108380007EE70D9480E70E9481E70F9482E71094C6
:1083900083E7119484E7129485E7139486E7149495
:1083A00087E7159488E7169489E717948AE7189465
:1083B0008BE719948CE71A948DE71B948EE71C9435
:1083C0008FE71D9490E71E9491E71F9492E7209405
:1083D00093E7219494E7229495E7239496E72494D5
:1083E00097E7259498E7269499E727949AE72894A5
:1083F0009BE729949CE72A949DE72B949EE72C9475
:108400009FE72D94A0E72E94A1E7AD7EA2E7B07E72
:10841000A3E7BE7EA4E7C07EA5E7C17EA6E7C27E35
:10842000A7E7C97EA8E7CB7EA9E7CC7EAAE7D07EE6
:10843000ABE7D47EACE7D77EADE7DB7EAEE7E07E90
:10844000AFE7E17EB0E7E87EB1E7EB7EB2E7EE7E34
:10845000B3E7EF7EB4E7F17EB5E7F27EB6E70D7FD6
:10846000B7E7F67EB8E7FA7EB9E7FB7EBAE7FE7EAD
:10847000BBE7017FBCE7027FBDE7037FBEE7077F65
:10848000BFE7087FC0E70B7FC1E70C7FC2E70F7F24
:10849000C3E7117FC4E7127FC5E7177FC6E7197FDF
:1084A000C7E71C7FC8E71B7FC9E71F7FCAE7217F9B
:1084B000CBE7227FCCE7237FCDE7247FCEE7257F64
:1084C000CFE7267FD0E7277FD1E72A7FD2E72B7F30
:1084D000D3E72C7FD4E72D7FD5E72F7FD6E7307FFA
:1084E000D7E7317FD8E7327FD9E7337FDAE7357FC7
:1084F000DBE77A5EDCE77F75DDE7DB5DDEE73E75B7
:10850000DFE79590E0E78E73E1E79173E2E7AE7302
:10851000E3E7A273E4E79F73E5E7CF73E6E7C2738F
:10852000E7E7D173E8E7B773E9E7B373EAE7C07346
:10853000EBE7C973ECE7C873EDE7E573EEE7D973D2
:10854000EFE77C98F0E70A74F1E7E973F2E7E77385
:10855000F3E7DE73F4E7BA73F5E7F273F6E70F7447
:10856000F7E72A74F8E75B74F9E72674FAE72574ED
:10857000FBE72874FCE73074FDE72E74FEE72C74EB
:1085800040E82F9441E8309442E8319443E8329433
:1085900044E8339445E8349446E8359447E8369403
:1085A00048E8379449E838944AE839944BE83A94D3
:1085B0004CE83B944DE83C944EE83D944FE83F94A2
:1085C00050E8409451E8419452E8429453E843946F
:1085D00054E8449455E8459456E8469457E847943F
:1085E00058E8489459E849945AE84A945BE84B940F
:1085F0005CE84C945DE84D945EE84E945FE84F94DF
:1086000060E8509461E8519462E8529463E85394AE
:1086100064E8549465E8559466E8569467E857947E
:1086200068E8589469E859946AE85A946BE85B944E
:108630006CE85C946DE85D946EE85E946FE85F941E
:1086400070E8609471E8619472E8629473E86394EE
:1086500074E8649475E8659476E8669477E86794BE
:1086600078E8689479E869947AE86A947BE86C948D
:108670007CE86D947DE86E947EE86F9480E8709459
:1086800081E8719482E8729483E8739484E8749426
:1086900085E8759486E8769487E8779488E87894F6
:1086A00089E879948AE87A948BE87B948CE87C94C6
:1086B0008DE87D948EE87E948FE87F9490E8809496
:1086C00091E8819492E8829493E8839494E8849466
:1086D00095E8919496E8969497E8989498E8C794CA
:1086E00099E8CF949AE8D3949BE8D4949CE8DA94E0
:1086F0009DE8E6949EE8FB949FE81C95A0E82095F1
:10870000A1E81B74A2E81A74A3E84174A4E85C749D
:10871000A5E85774A6E85574A7E85974A8E87774D3
:10872000A9E86D74AAE87E74ABE89C74ACE88E741A
:10873000ADE88074AEE88174AFE88774B0E88B74FC
:10874000B1E89E74B2E8A874B3E8A974B4E8907470
:10875000B5E8A774B6E8D274B7E8BA74B8E8EA978F
:10876000B9E8EB97BAE8EC97BBE84C67BCE853670D
:10877000BDE85E67BEE84867BFE86967C0E8A5670F
:10878000C1E88767C2E86A67C3E87367C4E89867A7
:10879000C5E8A767C6E87567C7E8A867C8E89E6721
:1087A000C9E8AD67CAE88B67CBE87767CCE87C6738
:1087B000CDE8F067CEE80968CFE8D867D0E80A6866
:1087C000D1E8E967D2E8B067D3E80C68D4E8D967A4
:1087D000D5E8B567D6E8DA67D7E8B367D8E8DD67E4
:1087E000D9E80068DAE8C367DBE8B867DCE8E26785
:1087F000DDE80E68DEE8C167DFE8FD67E0E83268C3
:10880000E1E83368E2E86068E3E86168E4E84E685C
:10881000E5E86268E6E84468E7E86468E8E88368F1
:10882000E9E81D68EAE85568EBE86668ECE8416845
:10883000EDE86768EEE84068EFE83E68F0E84A680F
:10884000F1E84968F2E82968F3E8B568F4E88F6868
:10885000F5E87468F6E87768F7E89368F8E86B6815
:10886000F9E8C268FAE86E69FBE8FC68FCE81F6991
:10887000FDE82069FEE8F96840E9279541E933956C
:1088800042E93D9543E9439544E9489545E94B95CF
:1088900046E9559547E95A9548E9609549E96E9545
:1088A0004AE974954BE975954CE977954DE97895CA
:1088B0004EE979954FE97A9550E97B9551E97C9598
:1088C00052E97D9553E97E9554E9809555E9819566
:1088D00056E9829557E9839558E9849559E9859534
:1088E0005AE986955BE987955CE988955DE9899504
:1088F0005EE98A955FE98B9560E98C9561E98D95D4
:1089000062E98E9563E98F9564E9909565E99195A3
:1089100066E9929567E9939568E9949569E9959573
:108920006AE996956BE997956CE998956DE9999543
:108930006EE99A956FE99B9570E99C9571E99D9513
:1089400072E99E9573E99F9574E9A09575E9A195E3
:1089500076E9A29577E9A39578E9A49579E9A595B3
:108960007AE9A6957BE9A7957CE9A8957DE9A99583
:108970007EE9AA9580E9AB9581E9AC9582E9AD9550
:1089800083E9AE9584E9AF9585E9B09586E9B1951F
:1089900087E9B29588E9B39589E9B4958AE9B595EF
:1089A0008BE9B6958CE9B7958DE9B8958EE9B995BF
:1089B0008FE9BA9590E9BB9591E9BC9592E9BD958F
:1089C00093E9BE9594E9BF9595E9C09596E9C1955F
:1089D00097E9C29598E9C39599E9C4959AE9C5952F
:1089E0009BE9C6959CE9C7959DE9C8959EE9C995FF
:1089F0009FE9CA95A0E9CB95A1E92469A2E9F068AD
:108A0000A3E90B69A4E90169A5E95769A6E9E36847
:108A1000A7E91069A8E97169A9E93969AAE9606952
:108A2000ABE94269ACE95D69ADE98469AEE96B69BE
:108A3000AFE98069B0E99869B1E97869B2E9346968
:108A4000B3E9CC69B4E98769B5E98869B6E9CE6963
:108A5000B7E98969B8E96669B9E96369BAE9796921
:108A6000BBE99B69BCE9A769BDE9BB69BEE9AB6924
:108A7000BFE9AD69C0E9D469C1E9B169C2E9C169B9
:108A8000C3E9CA69C4E9DF69C5E99569C6E9E0696E
:108A9000C7E98D69C8E9FF69C9E92F6ACAE9ED69C3
:108AA000CBE9176ACCE9186ACDE9656ACEE9F269C3
:108AB000CFE9446AD0E93E6AD1E9A06AD2E9506AB6
:108AC000D3E95B6AD4E9356AD5E98E6AD6E9796A71
:108AD000D7E93D6AD8E9286AD9E9586ADAE97C6AAF
:108AE000DBE9916ADCE9906ADDE9A96ADEE9976A67
:108AF000DFE9AB6AE0E93773E1E95273E2E9816BE0
:108B0000E3E9826BE4E9876BE5E9846BE6E9926B64
:108B1000E7E9936BE8E98D6BE9E99A6BEAE99B6B0E
:108B2000EBE9A16BECE9AA6BEDE96B8FEEE96D8FD8
:108B3000EFE9718FF0E9728FF1E9738FF2E9758FC8
:108B4000F3E9768FF4E9788FF5E9778FF6E9798F95
:108B5000F7E97A8FF8E97C8FF9E97E8FFAE9818F5E
:108B6000FBE9828FFCE9848FFDE9878FFEE98B8F1B
:108B700040EACC9541EACD9542EACE9543EACF95BD
:108B800044EAD09545EAD19546EAD29547EAD3958D
:108B900048EAD49549EAD5954AEAD6954BEAD7955D
:108BA0004CEAD8954DEAD9954EEADA954FEADB952D
:108BB00050EADC9551EADD9552EADE9553EADF95FD
:108BC00054EAE09555EAE19556EAE29557EAE395CD
:108BD00058EAE49559EAE5955AEAE6955BEAE7959D
:108BE0005CEAEC955DEAFF955EEA07965FEA13960C
:108BF00060EA189661EA1B9662EA1E9663EA20967E
:108C000064EA239665EA249666EA259667EA26963C
:108C100068EA279669EA28966AEA29966BEA2B960B
:108C20006CEA2C966DEA2D966EEA2F966FEA3096D6
:108C300070EA379671EA389672EA399673EA3A968C
:108C400074EA3E9675EA419676EA439677EA4A9642
:108C500078EA4E9679EA4F967AEA51967BEA5296EE
:108C60007CEA53967DEA56967EEA579680EA5896B5
:108C700081EA599682EA5A9683EA5C9684EA5D967E
:108C800085EA5E9686EA609687EA639688EA659644
:108C900089EA66968AEA6B968BEA6D968CEA6E96FE
:108CA0008DEA6F968EEA70968FEA719690EA7396C7
:108CB00091EA789692EA799693EA7A9694EA7B9684
:108CC00095EA7C9696EA7D9697EA7E9698EA7F9654
:108CD00099EA80969AEA81969BEA82969CEA839624
:108CE0009DEA84969EEA87969FEA8996A0EA8A96EC
:108CF000A1EA8D8FA2EA8E8FA3EA8F8FA4EA988FC4
:108D0000A5EA9A8FA6EACE8EA7EA0B62A8EA1762B6
:108D1000A9EA1B62AAEA1F62ABEA2262ACEA2162FC
:108D2000ADEA2562AEEA2462AFEA2C62B0EAE781DE
:108D3000B1EAEF74B2EAF474B3EAFF74B4EA0F75FF
:108D4000B5EA1175B6EA1375B7EA3465B8EAEE65A7
:108D5000B9EAEF65BAEAF065BBEA0A66BCEA1966E9
:108D6000BDEA7267BEEA0366BFEA1566C0EA00663E
:108D7000C1EA8570C2EAF766C3EA1D66C4EA3466D2
:108D8000C5EA3166C6EA3666C7EA3566C8EA0680CD
:108D9000C9EA5F66CAEA5466CBEA4166CCEA4F6626
:108DA000CDEA5666CEEA6166CFEA5766D0EA7766C4
:108DB000D1EA8466D2EA8C66D3EAA766D4EA9D66D5
:108DC000D5EABE66D6EADB66D7EADC66D8EAE666AE
:108DD000D9EAE966DAEA328DDBEA338DDCEA368DF0
:108DE000DDEA3B8DDEEA3D8DDFEA408DE0EA458D30
:108DF000E1EA468DE2EA488DE3EA498DE4EA478DEF
:108E0000E5EA4D8DE6EA558DE7EA598DE8EAC7892E
:108E1000E9EACA89EAEACB89EBEACC89ECEACE89AD
:108E2000EDEACF89EEEAD089EFEAD189F0EA6E72F5
:108E3000F1EA9F72F2EA5D72F3EA6672F4EA6F7227
:108E4000F5EA7E72F6EA7F72F7EA8472F8EA8B72CC
:108E5000F9EA8D72FAEA8F72FBEA9272FCEA086311
:108E6000FDEA3263FEEAB06340EB8C9641EB8E96EE
:108E700042EB919643EB929644EB939645EB959695
:108E800046EB969647EB9A9648EB9B9649EB9D9658
:108E90004AEB9E964BEB9F964CEBA0964DEBA19622
:108EA0004EEBA2964FEBA39650EBA49651EBA596F2
:108EB00052EBA69653EBA89654EBA99655EBAA96BF
:108EC00056EBAB9657EBAC9658EBAD9659EBAE968E
:108ED0005AEBAF965BEBB1965CEBB2965DEBB4965A
:108EE0005EEBB5965FEBB79660EBB89661EBBA9622
:108EF00062EBBB9663EBBF9664EBC29665EBC396E1
:108F000066EBC89667EBCA9668EBCB9669EBD09692
:108F10006AEBD1966BEBD3966CEBD4966DEBD69651
:108F20006EEBD7966FEBD89670EBD99671EBDA961D
:108F300072EBDB9673EBDC9674EBDD9675EBDE96ED
:108F400076EBDF9677EBE19678EBE29679EBE396BA
:108F50007AEBE4967BEBE5967CEBE6967DEBE79689
:108F60007EEBEB9680EBEC9681EBED9682EBEE964A
:108F700083EBF09684EBF19685EBF29686EBF49614
:108F800087EBF59688EBF89689EBFA968AEBFB96D9
:108F90008BEBFC968CEBFD968DEBFF968EEB0297A0
:108FA0008FEB039790EB059791EB0A9792EB0B975A
:108FB00093EB0C9794EB109795EB119796EB129718
:108FC00097EB149798EB159799EB17979AEB1897DF
:108FD0009BEB19979CEB1A979DEB1B979EEB1D97AC
:108FE0009FEB1F97A0EB2097A1EB3F64A2EBD86407
:108FF000A3EB0480A4EBEA6BA5EBF36BA6EBFD6B94
:10900000A7EBF56BA8EBF96BA9EB056CAAEB076C6A
:10901000ABEB066CACEB0D6CADEB156CAEEB186C02
:10902000AFEB196CB0EB1A6CB1EB216CB2EB296CA5
:10903000B3EB246CB4EB2A6CB5EB326CB6EB356554
:10904000B7EB5565B8EB6B65B9EB4D72BAEB527285
:10905000BBEB5672BCEB3072BDEB6286BEEB1652B8
:10906000BFEB9F80C0EB9C80C1EB9380C2EBBC80C8
:10907000C3EB0A67C4EBBD80C5EBB180C6EBAB8028
:10908000C7EBAD80C8EBB480C9EBB780CAEBE78013
:10909000CBEBE880CCEBE980CDEBEA80CEEBDB805C
:1090A000CFEBC280D0EBC480D1EBD980D2EBCD80A6
:1090B000D3EBD780D4EB1067D5EBDD80D6EBEB801C
:1090C000D7EBF180D8EBF480D9EBED80DAEB0D81B2
:1090D000DBEB0E81DCEBF280DDEBFC80DEEB156779
:1090E000DFEB1281E0EB5A8CE1EB3681E2EB1E8183
:1090F000E3EB2C81E4EB1881E5EB3281E6EB488170
:10910000E7EB4C81E8EB5381E9EB7481EAEB5981A1
:10911000EBEB5A81ECEB7181EDEB6081EEEB698159
:10912000EFEB7C81F0EB7D81F1EB6D81F2EB678100
:10913000F3EB4D58F4EBB55AF5EB8881F6EB8281F1
:10914000F7EB9181F8EBD56EF9EBA381FAEBAA81ED
:10915000FBEBCC81FCEB2667FDEBCA81FEEBBB8110
:1091600040EC219741EC229742EC239743EC249763
:1091700044EC259745EC269746EC279747EC289733
:1091800048EC299749EC2B974AEC2C974BEC2E97FF
:109190004CEC2F974DEC31974EEC33974FEC3497C6
:1091A00050EC359751EC369752EC379753EC3A9791
:1091B00054EC3B9755EC3C9756EC3D9757EC3F975A
:1091C00058EC409759EC41975AEC42975BEC439727
:1091D0005CEC44975DEC45975EEC46975FEC4797F7
:1091E00060EC489761EC499762EC4A9763EC4B97C7
:1091F00064EC4C9765EC4D9766EC4E9767EC4F9797
:1092000068EC509769EC51976AEC54976BEC559762
:109210006CEC57976DEC58976EEC5A976FEC5C9727
:1092200070EC5D9771EC5F9772EC639773EC6497E9
:1092300074EC669775EC679776EC689777EC6A97AD
:1092400078EC6B9779EC6C977AEC6D977BEC6E977A
:109250007CEC6F977DEC70977EEC719780EC729749
:1092600081EC759782EC779783EC789784EC79970B
:1092700085EC7A9786EC7B9787EC7D9788EC7E97D8
:1092800089EC7F978AEC80978BEC81978CEC8297A6
:109290008DEC83978EEC84978FEC869790EC879774
:1092A00091EC889792EC899793EC8A9794EC8C9741
:1092B00095EC8E9796EC8F9797EC909798EC939708
:1092C00099EC95979AEC96979BEC97979CEC9997CD
:1092D0009DEC9A979EEC9B979FEC9C97A0EC9D979A
:1092E000A1ECC181A2ECA681A3EC246BA4EC376BAA
:1092F000A5EC396BA6EC436BA7EC466BA8EC596B5D
:10930000A9ECD198AAECD298ABECD398ACECD59858
:10931000ADECD998AEECDA98AFECB36BB0EC405F43
:10932000B1ECC26BB2ECF389B3EC9065B4EC519F35
:10933000B5EC9365B6ECBC65B7ECC665B8ECC46536
:10934000B9ECC365BAECCC65BBECCE65BCECD265C0
:10935000BDECD665BEEC8070BFEC9C70C0EC967026
:10936000C1EC9D70C2ECBB70C3ECC070C4ECB770B4
:10937000C5ECAB70C6ECB170C7ECE870C8ECCA7055
:10938000C9EC1071CAEC1371CBEC1671CCEC2F71D7
:10939000CDEC3171CEEC7371CFEC5C71D0EC6871B7
:1093A000D1EC4571D2EC7271D3EC4A71D4EC787186
:1093B000D5EC7A71D6EC9871D7ECB371D8ECB57165
:1093C000D9ECA871DAECA071DBECE071DCECD471C3
:1093D000DDECE771DEECF971DFEC1D72E0EC287278
:1093E000E1EC6C70E2EC1871E3EC6671E4ECB971DD
:1093F000E5EC3E62E6EC3D62E7EC4362E8EC486295
:10940000E9EC4962EAEC3B79EBEC4079ECEC46792B
:10941000EDEC4979EEEC5B79EFEC5C79F0EC5379AB
:10942000F1EC5A79F2EC6279F3EC5779F4EC60796B
:10943000F5EC6F79F6EC6779F7EC7A79F8EC8579E9
:10944000F9EC8A79FAEC9A79FBECA779FCECB37920
:10945000FDECD15FFEECD05F40ED9E9741ED9F9714
:1094600042EDA19743EDA29744EDA49745EDA59752
:1094700046EDA69747EDA79748EDA89749EDA99720
:109480004AEDAA974BEDAC974CEDAE974DEDB097EA
:109490004EEDB1974FEDB39750EDB59751EDB697AF
:1094A00052EDB79753EDB89754EDB99755EDBA977C
:1094B00056EDBB9757EDBC9758EDBD9759EDBE974C
:1094C0005AEDBF975BEDC0975CEDC1975DEDC2971C
:1094D0005EEDC3975FEDC49760EDC59761EDC697EC
:1094E00062EDC79763EDC89764EDC99765EDCA97BC
:1094F00066EDCB9767EDCC9768EDCD9769EDCE978C
:109500006AEDCF976BEDD0976CEDD1976DEDD2975B
:109510006EEDD3976FEDD49770EDD59771EDD6972B
:1095200072EDD79773EDD89774EDD99775EDDA97FB
:1095300076EDDB9777EDDC9778EDDD9779EDDE97CB
:109540007AEDDF977BEDE0977CEDE1977DEDE2979B
:109550007EEDE39780EDE49781EDE59782EDE89766
:1095600083EDEE9784EDEF9785EDF09786EDF1971B
:1095700087EDF29788EDF49789EDF7978AEDF897E4
:109580008BEDF9978CEDFA978DEDFB978EEDFC97AF
:109590008FEDFD9790EDFE9791EDFF9792ED00987E
:1095A00093ED019894ED029895ED039896ED04984B
:1095B00097ED059898ED069899ED07989AED08981B
:1095C0009BED09989CED0A989DED0B989EED0C98EB
:1095D0009FED0D98A0ED0E98A1ED3C60A2ED5D60B1
:1095E000A3ED5A60A4ED6760A5ED4160A6ED59605A
:1095F000A7ED6360A8EDAB60A9ED0661AAED0D6172
:10960000ABED5D61ACEDA961ADED9D61AEEDCB6102
:10961000AFEDD161B0ED0662B1ED8080B2ED7F803B
:10962000B3ED936CB4EDF66CB5EDFC6DB6EDF6777D
:10963000B7EDF877B8ED0078B9ED0978BAED17789D
:10964000BBED1878BCED1178BDEDAB65BEED2D78A6
:10965000BFED1C78C0ED1D78C1ED3978C2ED3A78C8
:10966000C3ED3B78C4ED1F78C5ED3C78C6ED257899
:10967000C7ED2C78C8ED2378C9ED2978CAED4E786E
:10968000CBED6D78CCED5678CDED5778CEED2678D4
:10969000CFED5078D0ED4778D1ED4C78D2ED6A78A7
:1096A000D3ED9B78D4ED9378D5ED9A78D6ED877885
:1096B000D7ED9C78D8EDA178D9EDA378DAEDB27822
:1096C000DBEDB978DCEDA578DDEDD478DEEDD97889
:1096D000DFEDC978E0EDEC78E1EDF278E2ED0579C7
:1096E000E3EDF478E4ED1379E5ED2479E6ED1E7908
:1096F000E7ED3479E8ED9B9FE9EDF99EEAEDFB9EFD
:10970000EBEDFC9EECEDF176EDED0477EEED0D77F3
:10971000EFEDF976F0ED0777F1ED0877F2ED1A77D6
:10972000F3ED2277F4ED1977F5ED2D77F6ED267749
:10973000F7ED3577F8ED3877F9ED5077FAED5177A9
:10974000FBED4777FCED4377FDED5A77FEED68774B
:1097500040EE0F9841EE109842EE119843EE1298A9
:1097600044EE139845EE149846EE159847EE169879
:1097700048EE179849EE18984AEE19984BEE1A9849
:109780004CEE1B984DEE1C984EEE1D984FEE1E9819
:1097900050EE1F9851EE209852EE219853EE2298E9
:1097A00054EE239855EE249856EE259857EE2698B9
:1097B00058EE279859EE28985AEE29985BEE2A9889
:1097C0005CEE2B985DEE2C985EEE2D985FEE2E9859
:1097D00060EE2F9861EE309862EE319863EE329829
:1097E00064EE339865EE349866EE359867EE3698F9
:1097F00068EE379869EE38986AEE39986BEE3A98C9
:109800006CEE3B986DEE3C986EEE3D986FEE3E9898
:1098100070EE3F9871EE409872EE419873EE429868
:1098200074EE439875EE449876EE459877EE469838
:1098300078EE479879EE48987AEE49987BEE4A9808
:109840007CEE4B987DEE4C987EEE4D9880EE4E98D7
:1098500081EE4F9882EE509883EE519884EE5298A4
:1098600085EE539886EE549887EE559888EE569874
:1098700089EE57988AEE58988BEE59988CEE5A9844
:109880008DEE5B988EEE5C988FEE5D9890EE5E9814
:1098900091EE5F9892EE609893EE619894EE6298E4
:1098A00095EE639896EE649897EE659898EE6698B4
:1098B00099EE67989AEE68989BEE69989CEE6A9884
:1098C0009DEE6B989EEE6C989FEE6D98A0EE6E9854
:1098D000A1EE6277A2EE6577A3EE7F77A4EE8D7797
:1098E000A5EE7D77A6EE8077A7EE8C77A8EE917730
:1098F000A9EE9F77AAEEA077ABEEB077ACEEB57786
:10990000ADEEBD77AEEE3A75AFEE4075B0EE4E758A
:10991000B1EE4B75B2EE4875B3EE5B75B4EE727591
:10992000B5EE7975B6EE8375B7EE587FB8EE617F08
:10993000B9EE5F7FBAEE488ABBEE687FBCEE747FFB
:10994000BDEE717FBEEE797FBFEE817FC0EE7E7F80
:10995000C1EECD76C2EEE576C3EE3288C4EE8594D4
:10996000C5EE8694C6EE8794C7EE8B94C8EE8A94B3
:10997000C9EE8C94CAEE8D94CBEE8F94CCEE90947D
:10998000CDEE9494CEEE9794CFEE9594D0EE9A943B
:10999000D1EE9B94D2EE9C94D3EEA394D4EEA494F7
:1099A000D5EEAB94D6EEAA94D7EEAD94D8EEAC94A7
:1099B000D9EEAF94DAEEB094DBEEB294DCEEB49470
:1099C000DDEEB694DEEEB794DFEEB894E0EEB99437
:1099D000E1EEBA94E2EEBC94E3EEBD94E4EEBF9403
:1099E000E5EEC494E6EEC894E7EEC994E8EECA94B6
:1099F000E9EECB94EAEECC94EBEECD94ECEECE9483
:109A0000EDEED094EEEED194EFEED294F0EED5944C
:109A1000F1EED694F2EED794F3EED994F4EED89416
:109A2000F5EEDB94F6EEDE94F7EEDF94F8EEE094DC
:109A3000F9EEE294FAEEE494FBEEE594FCEEE794A2
:109A4000FDEEE894FEEEEA9440EF6F9841EF7098D7
:109A500042EF719843EF729844EF739845EF749812
:109A600046EF8B9847EF8E9848EF929849EF95987C
:109A70004AEF99984BEFA3984CEFA8984DEFA9980F
:109A80004EEFAA984FEFAB9850EFAC9851EFAD98CE
:109A900052EFAE9853EFAF9854EFB09855EFB1989E
:109AA00056EFB29857EFB39858EFB49859EFB5986E
:109AB0005AEFB6985BEFB7985CEFB8985DEFB9983E
:109AC0005EEFBA985FEFBB9860EFBC9861EFBD980E
:109AD00062EFBE9863EFBF9864EFC09865EFC198DE
:109AE00066EFC29867EFC39868EFC49869EFC598AE
:109AF0006AEFC6986BEFC7986CEFC8986DEFC9987E
:109B00006EEFCA986FEFCB9870EFCC9871EFCD984D
:109B100072EFCF9873EFD09874EFD49875EFD69812
:109B200076EFD79877EFDB9878EFDC9879EFDD98D0
:109B30007AEFE0987BEFE1987CEFE2987DEFE39895
:109B40007EEFE49880EFE59881EFE69882EFE99860
:109B500083EFEA9884EFEB9885EFEC9886EFED9829
:109B600087EFEE9888EFEF9889EFF0988AEFF198F9
:109B70008BEFF2988CEFF3988DEFF4988EEFF598C9
:109B80008FEFF69890EFF79891EFF89892EFF99899
:109B900093EFFA9894EFFB9895EFFC9896EFFD9869
:109BA00097EFFE9898EFFF9899EF00999AEF019937
:109BB0009BEF02999CEF03999DEF04999EEF059905
:109BC0009FEF0699A0EF0799A1EFE994A2EFEB941C
:109BD000A3EFEE94A4EFEF94A5EFF394A6EFF49423
:109BE000A7EFF594A8EFF794A9EFF994AAEFFC94E6
:109BF000ABEFFD94ACEFFF94ADEF0395AEEF0295A4
:109C0000AFEF0695B0EF0795B1EF0995B2EF0A9562
:109C1000B3EF0D95B4EF0E95B5EF0F95B6EF129526
:109C2000B7EF1395B8EF1495B9EF1595BAEF1695F0
:109C3000BBEF1895BCEF1B95BDEF1D95BEEF1E95B4
:109C4000BFEF1F95C0EF2295C1EF2A95C2EF2B956C
:109C5000C3EF2995C4EF2C95C5EF3195C6EF32952A
:109C6000C7EF3495C8EF3695C9EF3795CAEF3895E9
:109C7000CBEF3C95CCEF3E95CDEF3F95CEEF4295A7
:109C8000CFEF3595D0EF4495D1EF4595D2EF46957E
:109C9000D3EF4995D4EF4C95D5EF4E95D6EF4F9530
:109CA000D7EF5295D8EF5395D9EF5495DAEF5695F3
:109CB000DBEF5795DCEF5895DDEF5995DEEF5B95BF
:109CC000DFEF5E95E0EF5F95E1EF5D95E2EF619587
:109CD000E3EF6295E4EF6495E5EF6595E6EF669551
:109CE000E7EF6795E8EF6895E9EF6995EAEF6A9520
:109CF000EBEF6B95ECEF6C95EDEF6F95EEEF7195EB
:109D0000EFEF7295F0EF7395F1EF3A95F2EFE77799
:109D1000F3EFEC77F4EFC996F5EFD579F6EFED793F
:109D2000F7EFE379F8EFEB79F9EF067AFAEF475DB1
:109D3000FBEF037AFCEF027AFDEF1E7AFEEF147A56
:109D400040F0089941F0099942F00A9943F00B99C3
:109D500044F00C9945F00E9946F00F9947F011998F
:109D600048F0129949F013994AF014994BF015995B
:109D70004CF016994DF017994EF018994FF019992B
:109D800050F01A9951F01B9952F01C9953F01D99FB
:109D900054F01E9955F01F9956F0209957F02199CB
:109DA00058F0229959F023995AF024995BF025999B
:109DB0005CF026995DF027995EF028995FF029996B
:109DC00060F02A9961F02B9962F02C9963F02D993B
:109DD00064F02F9965F0309966F0319967F0329907
:109DE00068F0339969F034996AF035996BF03699D7
:109DF0006CF037996DF038996EF039996FF03A99A7
:109E000070F03B9971F03C9972F03D9973F03E9976
:109E100074F03F9975F0409976F0419977F0429946
:109E200078F0439979F044997AF045997BF0469916
:109E30007CF047997DF048997EF0499980F04A99E5
:109E400081F04B9982F04C9983F04D9984F04E99B2
:109E500085F04F9986F0509987F0519988F0529982
:109E600089F053998AF056998BF057998CF058994C
:109E70008DF059998EF05A998FF05B9990F05C991A
:109E800091F05D9992F05E9993F05F9994F06099EA
:109E900095F0619996F0629997F0649998F06699B7
:109EA00099F073999AF078999BF079999CF07B9945
:109EB0009DF07E999EF082999FF08399A0F08999F8
:109EC000A1F0397AA2F0377AA3F0517AA4F0CF9EAC
:109ED000A5F0A599A6F0707AA7F08876A8F08E76FE
:109EE000A9F09376AAF09976ABF0A476ACF0DE7484
:109EF000ADF0E074AEF02C75AFF0209EB0F0229E75
:109F0000B1F0289EB2F0299EB3F02A9EB4F02B9EA9
:109F1000B5F02C9EB6F0329EB7F0319EB8F0369E6A
:109F2000B9F0389EBAF0379EBBF0399EBCF03A9E2D
:109F3000BDF03E9EBEF0419EBFF0429EC0F0449EEA
:109F4000C1F0469EC2F0479EC3F0489EC4F0499EB1
:109F5000C5F04B9EC6F04C9EC7F04E9EC8F0519E79
:109F6000C9F0559ECAF0579ECBF05A9ECCF05B9E2E
:109F7000CDF05C9ECEF05E9ECFF0639ED0F0669EEC
:109F8000D1F0679ED2F0689ED3F0699ED4F06A9EAD
:109F9000D5F06B9ED6F06C9ED7F0719ED8F06D9E7A
:109FA000D9F0739EDAF09275DBF09475DCF096755B
:109FB000DDF0A075DEF09D75DFF0AC75E0F0A37507
:109FC000E1F0B375E2F0B475E3F0B875E4F0C47590
:109FD000E5F0B175E6F0B075E7F0C375E8F0C2756D
:109FE000E9F0D675EAF0CD75EBF0E375ECF0E875C5
:109FF000EDF0E675EEF0E475EFF0EB75F0F0E77577
:10A00000F1F00376F2F0F175F3F0FC75F4F0FF7502
:10A01000F5F01076F6F00076F7F00576F8F00C76AD
:10A02000F9F01776FAF00A76FBF02576FCF0187650
:10A03000FDF01576FEF0197640F18C9941F18E997C
:10A0400042F19A9943F19B9944F19C9945F19D996C
:10A0500046F19E9947F19F9948F1A09949F1A1993C
:10A060004AF1A2994BF1A3994CF1A4994DF1A6990B
:10A070004EF1A7994FF1A99950F1AA9951F1AB99D5
:10A0800052F1AC9953F1AD9954F1AE9955F1AF99A4
:10A0900056F1B09957F1B19958F1B29959F1B39974
:10A0A0005AF1B4995BF1B5995CF1B6995DF1B79944
:10A0B0005EF1B8995FF1B99960F1BA9961F1BB9914
:10A0C00062F1BC9963F1BD9964F1BE9965F1BF99E4
:10A0D00066F1C09967F1C19968F1C29969F1C399B4
:10A0E0006AF1C4996BF1C5996CF1C6996DF1C79984
:10A0F0006EF1C8996FF1C99970F1CA9971F1CB9954
:10A1000072F1CC9973F1CD9974F1CE9975F1CF9923
:10A1100076F1D09977F1D19978F1D29979F1D399F3
:10A120007AF1D4997BF1D5997CF1D6997DF1D799C3
:10A130007EF1D89980F1D99981F1DA9982F1DB9990
:10A1400083F1DC9984F1DD9985F1DE9986F1DF995F
:10A1500087F1E09988F1E19989F1E2998AF1E3992F
:10A160008BF1E4998CF1E5998DF1E6998EF1E799FF
:10A170008FF1E89990F1E99991F1EA9992F1EB99CF
:10A1800093F1EC9994F1ED9995F1EE9996F1EF999F
:10A1900097F1F09998F1F19999F1F2999AF1F3996F
:10A1A0009BF1F4999CF1F5999DF1F6999EF1F7993F
:10A1B0009FF1F899A0F1F999A1F11B76A2F13C76F3
:10A1C000A3F12276A4F12076A5F14076A6F12D76B2
:10A1D000A7F13076A8F13F76A9F13576AAF143765A
:10A1E000ABF13E76ACF13376ADF14D76AEF15E7605
:10A1F000AFF15476B0F15C76B1F15676B2F16B7690
:10A20000B3F16F76B4F1CA7FB5F1E67AB6F1787A38
:10A21000B7F1797AB8F1807AB9F1867ABAF1887AA9
:10A22000BBF1957ABCF1A67ABDF1A07ABEF1AC7A09
:10A23000BFF1A87AC0F1AD7AC1F1B37AC2F16488F6
:10A24000C3F16988C4F17288C5F17D88C6F17F8841
:10A25000C7F18288C8F1A288C9F1C688CAF1B78857
:10A26000CBF1BC88CCF1C988CDF1E288CEF1CE88A3
:10A27000CFF1E388D0F1E588D1F1F188D2F11A89E4
:10A28000D3F1FC88D4F1E888D5F1FE88D6F1F088C6
:10A29000D7F12189D8F11989D9F11389DAF11B890C
:10A2A000DBF10A89DCF13489DDF12B89DEF13689B5
:10A2B000DFF14189E0F16689E1F17B89E2F18B759B
:10A2C000E3F1E580E4F1B276E5F1B476E6F1DC772E
:10A2D000E7F11280E8F11480E9F11680EAF11C80C0
:10A2E000EBF12080ECF12280EDF12580EEF126806B
:10A2F000EFF12780F0F12980F1F12880F2F131802F
:10A30000F3F10B80F4F13580F5F14380F6F14680EE
:10A31000F7F14D80F8F15280F9F16980FAF171801E
:10A32000FBF18389FCF17898FDF18098FEF1839828
:10A3300040F2FA9941F2FB9942F2FC9943F2FD99FD
:10A3400044F2FE9945F2FF9946F2009A47F2019ACB
:10A3500048F2029A49F2039A4AF2049A4BF2059A99
:10A360004CF2069A4DF2079A4EF2089A4FF2099A69
:10A3700050F20A9A51F20B9A52F20C9A53F20D9A39
:10A3800054F20E9A55F20F9A56F2109A57F2119A09
:10A3900058F2129A59F2139A5AF2149A5BF2159AD9
:10A3A0005CF2169A5DF2179A5EF2189A5FF2199AA9
:10A3B00060F21A9A61F21B9A62F21C9A63F21D9A79
:10A3C00064F21E9A65F21F9A66F2209A67F2219A49
:10A3D00068F2229A69F2239A6AF2249A6BF2259A19
:10A3E0006CF2269A6DF2279A6EF2289A6FF2299AE9
:10A3F00070F22A9A71F22B9A72F22C9A73F22D9AB9
:10A4000074F22E9A75F22F9A76F2309A77F2319A88
:10A4100078F2329A79F2339A7AF2349A7BF2359A58
:10A420007CF2369A7DF2379A7EF2389A80F2399A27
:10A4300081F23A9A82F23B9A83F23C9A84F23D9AF4
:10A4400085F23E9A86F23F9A87F2409A88F2419AC4
:10A4500089F2429A8AF2439A8BF2449A8CF2459A94
:10A460008DF2469A8EF2479A8FF2489A90F2499A64
:10A4700091F24A9A92F24B9A93F24C9A94F24D9A34
:10A4800095F24E9A96F24F9A97F2509A98F2519A04
:10A4900099F2529A9AF2539A9BF2549A9CF2559AD4
:10A4A0009DF2569A9EF2579A9FF2589AA0F2599AA4
:10A4B000A1F28998A2F28C98A3F28D98A4F28F98B9
:10A4C000A5F29498A6F29A98A7F29B98A8F29E9863
:10A4D000A9F29F98AAF2A198ABF2A298ACF2A59823
:10A4E000ADF2A698AEF24D86AFF25486B0F26C860D
:10A4F000B1F26E86B2F27F86B3F27A86B4F27C86CF
:10A50000B5F27B86B6F2A886B7F28D86B8F28B8656
:10A51000B9F2AC86BAF29D86BBF2A786BCF2A386DE
:10A52000BDF2AA86BEF29386BFF2A986C0F2B686B5
:10A53000C1F2C486C2F2B586C3F2CE86C4F2B0863A
:10A54000C5F2BA86C6F2B186C7F2AF86C8F2C9862E
:10A55000C9F2CF86CAF2B486CBF2E986CCF2F18694
:10A56000CDF2F286CEF2ED86CFF2F386D0F2D0862F
:10A57000D1F21387D2F2DE86D3F2F486D4F2DF86EC
:10A58000D5F2D886D6F2D186D7F20387D8F20787DC
:10A59000D9F2F886DAF20887DBF20A87DCF20D8757
:10A5A000DDF20987DEF22387DFF23B87E0F21E87C8
:10A5B000E1F22587E2F22E87E3F21A87E4F23E8782
:10A5C000E5F24887E6F23487E7F23187E8F2298737
:10A5D000E9F23787EAF23F87EBF28287ECF22287D3
:10A5E000EDF27D87EEF27E87EFF27B87F0F26087F7
:10A5F000F1F27087F2F24C87F3F26E87F4F28B87F8
:10A60000F5F25387F6F26387F7F27C87F8F26487F6
:10A61000F9F25987FAF26587FBF29387FCF2AF876C
:10A62000FDF2A887FEF2D28740F35A9A41F35B9A73
:10A6300042F35C9A43F35D9A44F35E9A45F35F9A62
:10A6400046F3609A47F3619A48F3629A49F3639A32
:10A650004AF3649A4BF3659A4CF3669A4DF3679A02
:10A660004EF3689A4FF3699A50F36A9A51F36B9AD2
:10A6700052F3729A53F3839A54F3899A55F38D9A4D
:10A6800056F38E9A57F3949A58F3959A59F3999AE8
:10A690005AF3A69A5BF3A99A5CF3AA9A5DF3AB9A74
:10A6A0005EF3AC9A5FF3AD9A60F3AE9A61F3AF9A42
:10A6B00062F3B29A63F3B39A64F3B49A65F3B59A0A
:10A6C00066F3B99A67F3BB9A68F3BD9A69F3BE9AC9
:10A6D0006AF3BF9A6BF3C39A6CF3C49A6DF3C69A8C
:10A6E0006EF3C79A6FF3C89A70F3C99A71F3CA9A56
:10A6F00072F3CD9A73F3CE9A74F3CF9A75F3D09A1E
:10A7000076F3D29A77F3D49A78F3D59A79F3D69AE6
:10A710007AF3D79A7BF3D99A7CF3DA9A7DF3DB9AB2
:10A720007EF3DC9A80F3DD9A81F3DE9A82F3E09A7D
:10A7300083F3E29A84F3E39A85F3E49A86F3E59A45
:10A7400087F3E79A88F3E89A89F3E99A8AF3EA9A11
:10A750008BF3EC9A8CF3EE9A8DF3F09A8EF3F19AD8
:10A760008FF3F29A90F3F39A91F3F49A92F3F59AA5
:10A7700093F3F69A94F3F79A95F3F89A96F3FA9A74
:10A7800097F3FC9A98F3FD9A99F3FE9A9AF3FF9A3D
:10A790009BF3009B9CF3019B9DF3029B9EF3049B08
:10A7A0009FF3059BA0F3069BA1F3C687A2F38887BE
:10A7B000A3F38587A4F3AD87A5F39787A6F38387D3
:10A7C000A7F3AB87A8F3E587A9F3AC87AAF3B5870E
:10A7D000ABF3B387ACF3CB87ADF3D387AEF3BD87D1
:10A7E000AFF3D187B0F3C087B1F3CA87B2F3DB8789
:10A7F000B3F3EA87B4F3E087B5F3EE87B6F31688D0
:10A80000B7F31388B8F3FE87B9F30A88BAF31B8845
:10A81000BBF32188BCF33988BDF33C88BEF3367F97
:10A82000BFF3427FC0F3447FC1F3457FC2F3108280
:10A83000C3F3FA7AC4F3FD7AC5F3087BC6F3037B4E
:10A84000C7F3047BC8F3157BC9F30A7BCAF32B7BE0
:10A85000CBF30F7BCCF3477BCDF3387BCEF32A7B56
:10A86000CFF3197BD0F32E7BD1F3317BD2F3207B56
:10A87000D3F3257BD4F3247BD5F3337BD6F33E7B14
:10A88000D7F31E7BD8F3587BD9F35A7BDAF3457B99
:10A89000DBF3757BDCF34C7BDDF35D7BDEF3607B10
:10A8A000DFF36E7BE0F37B7BE1F3627BE2F3727BB1
:10A8B000E3F3717BE4F3907BE5F3A67BE6F3A77B00
:10A8C000E7F3B87BE8F3AC7BE9F39D7BEAF3A87B85
:10A8D000EBF3857BECF3AA7BEDF39C7BEEF3A27BA1
:10A8E000EFF3AB7BF0F3B47BF1F3D17BF2F3C17BFD
:10A8F000F3F3CC7BF4F3DD7BF5F3DA7BF6F3E57B66
:10A90000F7F3E67BF8F3EA7BF9F30C7CFAF3FE7BD2
:10A91000FBF3FC7BFCF30F7CFDF3167CFEF30B7C5E
:10A9200040F4079B41F4099B42F40A9B43F40B9BC0
:10A9300044F40C9B45F40D9B46F40E9B47F4109B8E
:10A9400048F4119B49F4129B4AF4149B4BF4159B59
:10A950004CF4169B4DF4179B4EF4189B4FF4199B27
:10A9600050F41A9B51F41B9B52F41C9B53F41D9BF7
:10A9700054F41E9B55F4209B56F4219B57F4229BC4
:10A9800058F4249B59F4259B5AF4269B5BF4279B8F
:10A990005CF4289B5DF4299B5EF42A9B5FF42B9B5F
:10A9A00060F42C9B61F42D9B62F42E9B63F4309B2E
:10A9B00064F4319B65F4339B66F4349B67F4359BF8
:10A9C00068F4369B69F4379B6AF4389B6BF4399BC7
:10A9D0006CF43A9B6DF43D9B6EF43E9B6FF43F9B91
:10A9E00070F4409B71F4469B72F44A9B73F44B9B4A
:10A9F00074F44C9B75F44E9B76F4509B77F4529B09
:10AA000078F4539B79F4559B7AF4569B7BF4579BCF
:10AA10007CF4589B7DF4599B7EF45A9B80F45B9B9D
:10AA200081F45C9B82F45D9B83F45E9B84F45F9B6A
:10AA300085F4609B86F4619B87F4629B88F4639B3A
:10AA400089F4649B8AF4659B8BF4669B8CF4679B0A
:10AA50008DF4689B8EF4699B8FF46A9B90F46B9BDA
:10AA600091F46C9B92F46D9B93F46E9B94F46F9BAA
:10AA700095F4709B96F4719B97F4729B98F4739B7A
:10AA800099F4749B9AF4759B9BF4769B9CF4779B4A
:10AA90009DF4789B9EF4799B9FF47A9BA0F47B9B1A
:10AAA000A1F41F7CA2F42A7CA3F4267CA4F4387CB5
:10AAB000A5F4417CA6F4407CA7F4FE81A8F40182B1
:10AAC000A9F40282AAF40482ABF4EC81ACF44488C9
:10AAD000ADF42182AEF42282AFF42382B0F42D8251
:10AAE000B1F42F82B2F42882B3F42B82B4F438820A
:10AAF000B5F43B82B6F43382B7F43482B8F43E82C4
:10AB0000B9F44482BAF44982BBF44B82BCF44F825C
:10AB1000BDF45A82BEF45F82BFF46882C0F47E88BE
:10AB2000C1F48588C2F48888C3F4D888C4F4DF8867
:10AB3000C5F45E89C6F49D7FC7F49F7FC8F4A77FE4
:10AB4000C9F4AF7FCAF4B07FCBF4B27FCCF47C7C85
:10AB5000CDF44965CEF4917CCFF49D7CD0F49C7CFF
:10AB6000D1F49E7CD2F4A27CD3F4B27CD4F4BC7C2D
:10AB7000D5F4BD7CD6F4C17CD7F4C77CD8F4CC7CAA
:10AB8000D9F4CD7CDAF4C87CDBF4C57CDCF4D77C6A
:10AB9000DDF4E87CDEF46E82DFF4A866E0F4BF7FCB
:10ABA000E1F4CE7FE2F4D57FE3F4E57FE4F4E17FE6
:10ABB000E5F4E67FE6F4E97FE7F4EE7FE8F4F37F7F
:10ABC000E9F4F87CEAF4777DEBF4A67DECF4AE7D55
:10ABD000EDF4477EEEF49B7EEFF4B89EF0F4B49E65
:10ABE000F1F4738DF2F4848DF3F4948DF4F4918D7B
:10ABF000F5F4B18DF6F4678DF7F46D8DF8F4478CAC
:10AC0000F9F4498CFAF44A91FBF45091FCF44E911A
:10AC1000FDF44F91FEF4649140F57C9B41F57D9BE2
:10AC200042F57E9B43F57F9B44F5809B45F5819BD8
:10AC300046F5829B47F5839B48F5849B49F5859BA8
:10AC40004AF5869B4BF5879B4CF5889B4DF5899B78
:10AC50004EF58A9B4FF58B9B50F58C9B51F58D9B48
:10AC600052F58E9B53F58F9B54F5909B55F5919B18
:10AC700056F5929B57F5939B58F5949B59F5959BE8
:10AC80005AF5969B5BF5979B5CF5989B5DF5999BB8
:10AC90005EF59A9B5FF59B9B60F59C9B61F59D9B88
:10ACA00062F59E9B63F59F9B64F5A09B65F5A19B58
:10ACB00066F5A29B67F5A39B68F5A49B69F5A59B28
:10ACC0006AF5A69B6BF5A79B6CF5A89B6DF5A99BF8
:10ACD0006EF5AA9B6FF5AB9B70F5AC9B71F5AD9BC8
:10ACE00072F5AE9B73F5AF9B74F5B09B75F5B19B98
:10ACF00076F5B29B77F5B39B78F5B49B79F5B59B68
:10AD00007AF5B69B7BF5B79B7CF5B89B7DF5B99B37
:10AD10007EF5BA9B80F5BB9B81F5BC9B82F5BD9B04
:10AD200083F5BE9B84F5BF9B85F5C09B86F5C19BD3
:10AD300087F5C29B88F5C39B89F5C49B8AF5C59BA3
:10AD40008BF5C69B8CF5C79B8DF5C89B8EF5C99B73
:10AD50008FF5CA9B90F5CB9B91F5CC9B92F5CD9B43
:10AD600093F5CE9B94F5CF9B95F5D09B96F5D19B13
:10AD700097F5D29B98F5D39B99F5D49B9AF5D59BE3
:10AD80009BF5D69B9CF5D79B9DF5D89B9EF5D99BB3
:10AD90009FF5DA9BA0F5DB9BA1F56291A2F561918D
:10ADA000A3F57091A4F56991A5F56F91A6F57D9134
:10ADB000A7F57E91A8F57291A9F57491AAF57991FC
:10ADC000ABF58C91ACF58591ADF59091AEF58D918B
:10ADD000AFF59191B0F5A291B1F5A391B2F5AA9119
:10ADE000B3F5AD91B4F5AE91B5F5AF91B6F5B591BA
:10ADF000B7F5B491B8F5BA91B9F5558CBAF57E9E10
:10AE0000BBF5B88DBCF5EB8DBDF5058EBEF5598E45
:10AE1000BFF5698EC0F5B58DC1F5BF8DC2F5BC8D8E
:10AE2000C3F5BA8DC4F5C48DC5F5D68DC6F5D78DDD
:10AE3000C7F5DA8DC8F5DE8DC9F5CE8DCAF5CF8D93
:10AE4000CBF5DB8DCCF5C68DCDF5EC8DCEF5F78D44
:10AE5000CFF5F88DD0F5E38DD1F5F98DD2F5FB8DD9
:10AE6000D3F5E48DD4F5098ED5F5FD8DD6F5148E88
:10AE7000D7F51D8ED8F51F8ED9F52C8EDAF52E8ECE
:10AE8000DBF5238EDCF52F8EDDF53A8EDEF5408E78
:10AE9000DFF5398EE0F5358EE1F53D8EE2F5318E48
:10AEA000E3F5498EE4F5418EE5F5428EE6F5518EE7
:10AEB000E7F5528EE8F54A8EE9F5708EEAF5768E62
:10AEC000EBF57C8EECF56F8EEDF5748EEEF5858EE0
:10AED000EFF58F8EF0F5948EF1F5908EF2F59C8E55
:10AEE000F3F59E8EF4F5788CF5F5828CF6F58A8C68
:10AEF000F7F5858CF8F5988CF9F5948CFAF59B6547
:10AF0000FBF5D689FCF5DE89FDF5DA89FEF5DC89ED
:10AF100040F6DC9B41F6DD9B42F6DE9B43F6DF9B71
:10AF200044F6E09B45F6E19B46F6E29B47F6E39B41
:10AF300048F6E49B49F6E59B4AF6E69B4BF6E79B11
:10AF40004CF6E89B4DF6E99B4EF6EA9B4FF6EB9BE1
:10AF500050F6EC9B51F6ED9B52F6EE9B53F6EF9BB1
:10AF600054F6F09B55F6F19B56F6F29B57F6F39B81
:10AF700058F6F49B59F6F59B5AF6F69B5BF6F79B51
:10AF80005CF6F89B5DF6F99B5EF6FA9B5FF6FB9B21
:10AF900060F6FC9B61F6FD9B62F6FE9B63F6FF9BF1
:10AFA00064F6009C65F6019C66F6029C67F6039CBD
:10AFB00068F6049C69F6059C6AF6069C6BF6079C8D
:10AFC0006CF6089C6DF6099C6EF60A9C6FF60B9C5D
:10AFD00070F60C9C71F60D9C72F60E9C73F60F9C2D
:10AFE00074F6109C75F6119C76F6129C77F6139CFD
:10AFF00078F6149C79F6159C7AF6169C7BF6179CCD
:10B000007CF6189C7DF6199C7EF61A9C80F61B9C9B
:10B0100081F61C9C82F61D9C83F61E9C84F61F9C68
:10B0200085F6209C86F6219C87F6229C88F6239C38
:10B0300089F6249C8AF6259C8BF6269C8CF6279C08
:10B040008DF6289C8EF6299C8FF62A9C90F62B9CD8
:10B0500091F62C9C92F62D9C93F62E9C94F62F9CA8
:10B0600095F6309C96F6319C97F6329C98F6339C78
:10B0700099F6349C9AF6359C9BF6369C9CF6379C48
:10B080009DF6389C9EF6399C9FF63A9CA0F63B9C18
:10B09000A1F6E589A2F6EB89A3F6EF89A4F63E8A2C
:10B0A000A5F6268BA6F65397A7F6E996A8F6F3968B
:10B0B000A9F6EF96AAF60697ABF60197ACF60897B5
:10B0C000ADF60F97AEF60E97AFF62A97B0F62D971E
:10B0D000B1F63097B2F63E97B3F6809FB4F6839FF1
:10B0E000B5F6859FB6F6869FB7F6879FB8F6889F18
:10B0F000B9F6899FBAF68A9FBBF68C9FBCF6FE9E76
:10B10000BDF60B9FBEF60D9FBFF6B996C0F6BC9676
:10B11000C1F6BD96C2F6CE96C3F6D296C4F6BF77F8
:10B12000C5F6E096C6F68E92C7F6AE92C8F6C892FD
:10B13000C9F63E93CAF66A93CBF6CA93CCF68F93C0
:10B14000CDF63E94CEF66B94CFF67F9CD0F6829CE3
:10B15000D1F6859CD2F6869CD3F6879CD4F6889C43
:10B16000D5F6237AD6F68B9CD7F68E9CD8F6909C93
:10B17000D9F6919CDAF6929CDBF6949CDCF6959CD1
:10B18000DDF69A9CDEF69B9CDFF69E9CE0F69F9C8B
:10B19000E1F6A09CE2F6A19CE3F6A29CE4F6A39C57
:10B1A000E5F6A59CE6F6A69CE7F6A79CE8F6A89C23
:10B1B000E9F6A99CEAF6AB9CEBF6AD9CECF6AE9CEE
:10B1C000EDF6B09CEEF6B19CEFF6B29CF0F6B39CB7
:10B1D000F1F6B49CF2F6B59CF3F6B69CF4F6B79C87
:10B1E000F5F6BA9CF6F6BB9CF7F6BC9CF8F6BD9C4F
:10B1F000F9F6C49CFAF6C59CFBF6C69CFCF6C79C07
:10B20000FDF6CA9CFEF6CB9C40F73C9C41F73D9C6A
:10B2100042F73E9C43F73F9C44F7409C45F7419CD6
:10B2200046F7429C47F7439C48F7449C49F7459CA6
:10B230004AF7469C4BF7479C4CF7489C4DF7499C76
:10B240004EF74A9C4FF74B9C50F74C9C51F74D9C46
:10B2500052F74E9C53F74F9C54F7509C55F7519C16
:10B2600056F7529C57F7539C58F7549C59F7559CE6
:10B270005AF7569C5BF7579C5CF7589C5DF7599CB6
:10B280005EF75A9C5FF75B9C60F75C9C61F75D9C86
:10B2900062F75E9C63F75F9C64F7609C65F7619C56
:10B2A00066F7629C67F7639C68F7649C69F7659C26
:10B2B0006AF7669C6BF7679C6CF7689C6DF7699CF6
:10B2C0006EF76A9C6FF76B9C70F76C9C71F76D9CC6
:10B2D00072F76E9C73F76F9C74F7709C75F7719C96
:10B2E00076F7729C77F7739C78F7749C79F7759C66
:10B2F0007AF7769C7BF7779C7CF7789C7DF7799C36
:10B300007EF77A9C80F77B9C81F77D9C82F77E9C00
:10B3100083F7809C84F7839C85F7849C86F7899CBF
:10B3200087F78A9C88F78C9C89F78F9C8AF7939C77
:10B330008BF7969C8CF7979C8DF7989C8EF7999C31
:10B340008FF79D9C90F7AA9C91F7AC9C92F7AF9CCD
:10B3500093F7B99C94F7BE9C95F7BF9C96F7C09C59
:10B3600097F7C19C98F7C29C99F7C89C9AF7C99C1B
:10B370009BF7D19C9CF7D29C9DF7DA9C9EF7DB9CB7
:10B380009FF7E09CA0F7E19CA1F7CC9CA2F7CD9C95
:10B39000A3F7CE9CA4F7CF9CA5F7D09CA6F7D39C8F
:10B3A000A7F7D49CA8F7D59CA9F7D79CAAF7D89C57
:10B3B000ABF7D99CACF7DC9CADF7DD9CAEF7DF9C1E
:10B3C000AFF7E29CB0F77C97B1F78597B2F791970A
:10B3D000B3F79297B4F79497B5F7AF97B6F7AB97E3
:10B3E000B7F7A397B8F7B297B9F7B497BAF7B19A86
:10B3F000BBF7B09ABCF7B79ABDF7589EBEF7B69A9E
:10B40000BFF7BA9AC0F7BC9AC1F7C19AC2F7C09AFF
:10B41000C3F7C59AC4F7C29AC5F7CB9AC6F7CC9AB8
:10B42000C7F7D19AC8F7459BC9F7439BCAF7479B13
:10B43000CBF7499BCCF7489BCDF74D9BCEF7519B63
:10B44000CFF7E898D0F70D99D1F72E99D2F7559903
:10B45000D3F75499D4F7DF9AD5F7E19AD6F7E69A5D
:10B46000D7F7EF9AD8F7EB9AD9F7FB9ADAF7ED9A74
:10B47000DBF7F99ADCF7089BDDF70F9BDEF7139BF0
:10B48000DFF71F9BE0F7239BE1F7BD9EE2F7BE9E2F
:10B49000E3F73B7EE4F7829EE5F7879EE6F7889E1A
:10B4A000E7F78B9EE8F7929EE9F7D693EAF79D9E21
:10B4B000EBF79F9EECF7DB9EEDF7DC9EEEF7DD9E53
:10B4C000EFF7E09EF0F7DF9EF1F7E29EF2F7E99EDC
:10B4D000F3F7E79EF4F7E59EF5F7EA9EF6F7EF9EA1
:10B4E000F7F7229FF8F72C9FF9F72F9FFAF7399F6C
:10B4F000FBF7379FFCF73D9FFDF73E9FFEF7449F0C
:10B5000040F8E39C41F8E49C42F8E59C43F8E69C53
:10B5100044F8E79C45F8E89C46F8E99C47F8EA9C23
:10B5200048F8EB9C49F8EC9C4AF8ED9C4BF8EE9CF3
:10B530004CF8EF9C4DF8F09C4EF8F19C4FF8F29CC3
:10B5400050F8F39C51F8F49C52F8F59C53F8F69C93
:10B5500054F8F79C55F8F89C56F8F99C57F8FA9C63
:10B5600058F8FB9C59F8FC9C5AF8FD9C5BF8FE9C33
:10B570005CF8FF9C5DF8009D5EF8019D5FF8029D00
:10B5800060F8039D61F8049D62F8059D63F8069DCF
:10B5900064F8079D65F8089D66F8099D67F80A9D9F
:10B5A00068F80B9D69F80C9D6AF80D9D6BF80E9D6F
:10B5B0006CF80F9D6DF8109D6EF8119D6FF8129D3F
:10B5C00070F8139D71F8149D72F8159D73F8169D0F
:10B5D00074F8179D75F8189D76F8199D77F81A9DDF
:10B5E00078F81B9D79F81C9D7AF81D9D7BF81E9DAF
:10B5F0007CF81F9D7DF8209D7EF8219D80F8229D7E
:10B6000081F8239D82F8249D83F8259D84F8269D4A
:10B6100085F8279D86F8289D87F8299D88F82A9D1A
:10B6200089F82B9D8AF82C9D8BF82D9D8CF82E9DEA
:10B630008DF82F9D8EF8309D8FF8319D90F8329DBA
:10B6400091F8339D92F8349D93F8359D94F8369D8A
:10B6500095F8379D96F8389D97F8399D98F83A9D5A
:10B6600099F83B9D9AF83C9D9BF83D9D9CF83E9D2A
:10B670009DF83F9D9EF8409D9FF8419DA0F8429DFA
:10B6800040F9439D41F9449D42F9459D43F9469D4A
:10B6900044F9479D45F9489D46F9499D47F94A9D1A
:10B6A00048F94B9D49F94C9D4AF94D9D4BF94E9DEA
:10B6B0004CF94F9D4DF9509D4EF9519D4FF9529DBA
:10B6C00050F9539D51F9549D52F9559D53F9569D8A
:10B6D00054F9579D55F9589D56F9599D57F95A9D5A
:10B6E00058F95B9D59F95C9D5AF95D9D5BF95E9D2A
:10B6F0005CF95F9D5DF9609D5EF9619D5FF9629DFA
:10B7000060F9639D61F9649D62F9659D63F9669DC9
:10B7100064F9679D65F9689D66F9699D67F96A9D99
:10B7200068F96B9D69F96C9D6AF96D9D6BF96E9D69
:10B730006CF96F9D6DF9709D6EF9719D6FF9729D39
:10B7400070F9739D71F9749D72F9759D73F9769D09
:10B7500074F9779D75F9789D76F9799D77F97A9DD9
:10B7600078F97B9D79F97C9D7AF97D9D7BF97E9DA9
:10B770007CF97F9D7DF9809D7EF9819D80F9829D78
:10B7800081F9839D82F9849D83F9859D84F9869D45
:10B7900085F9879D86F9889D87F9899D88F98A9D15
:10B7A00089F98B9D8AF98C9D8BF98D9D8CF98E9DE5
:10B7B0008DF98F9D8EF9909D8FF9919D90F9929DB5
:10B7C00091F9939D92F9949D93F9959D94F9969D85
:10B7D00095F9979D96F9989D97F9999D98F99A9D55
:10B7E00099F99B9D9AF99C9D9BF99D9D9CF99E9D25
:10B7F0009DF99F9D9EF9A09D9FF9A19DA0F9A29DF5
:10B8000040FAA39D41FAA49D42FAA59D43FAA69D44
:10B8100044FAA79D45FAA89D46FAA99D47FAAA9D14
:10B8200048FAAB9D49FAAC9D4AFAAD9D4BFAAE9DE4
:10B830004CFAAF9D4DFAB09D4EFAB19D4FFAB29DB4
:10B8400050FAB39D51FAB49D52FAB59D53FAB69D84
:10B8500054FAB79D55FAB89D56FAB99D57FABA9D54
:10B8600058FABB9D59FABC9D5AFABD9D5BFABE9D24
:10B870005CFABF9D5DFAC09D5EFAC19D5FFAC29DF4
:10B8800060FAC39D61FAC49D62FAC59D63FAC69DC4
:10B8900064FAC79D65FAC89D66FAC99D67FACA9D94
:10B8A00068FACB9D69FACC9D6AFACD9D6BFACE9D64
:10B8B0006CFACF9D6DFAD09D6EFAD19D6FFAD29D34
:10B8C00070FAD39D71FAD49D72FAD59D73FAD69D04
:10B8D00074FAD79D75FAD89D76FAD99D77FADA9DD4
:10B8E00078FADB9D79FADC9D7AFADD9D7BFADE9DA4
:10B8F0007CFADF9D7DFAE09D7EFAE19D80FAE29D73
:10B9000081FAE39D82FAE49D83FAE59D84FAE69D3F
:10B9100085FAE79D86FAE89D87FAE99D88FAEA9D0F
:10B9200089FAEB9D8AFAEC9D8BFAED9D8CFAEE9DDF
:10B930008DFAEF9D8EFAF09D8FFAF19D90FAF29DAF
:10B9400091FAF39D92FAF49D93FAF59D94FAF69D7F
:10B9500095FAF79D96FAF89D97FAF99D98FAFA9D4F
:10B9600099FAFB9D9AFAFC9D9BFAFD9D9CFAFE9D1F
:10B970009DFAFF9D9EFA009E9FFA019EA0FA029EEC
:10B9800040FB039E41FB049E42FB059E43FB069E3B
:10B9900044FB079E45FB089E46FB099E47FB0A9E0B
:10B9A00048FB0B9E49FB0C9E4AFB0D9E4BFB0E9EDB
:10B9B0004CFB0F9E4DFB109E4EFB119E4FFB129EAB
:10B9C00050FB139E51FB149E52FB159E53FB169E7B
:10B9D00054FB179E55FB189E56FB199E57FB1A9E4B
:10B9E00058FB1B9E59FB1C9E5AFB1D9E5BFB1E9E1B
:10B9F0005CFB249E5DFB279E5EFB2E9E5FFB309EC4
:10BA000060FB349E61FB3B9E62FB3C9E63FB409E61
:10BA100064FB4D9E65FB509E66FB529E67FB539EEA
:10BA200068FB549E69FB569E6AFB599E6BFB5D9EAC
:10BA30006CFB5F9E6DFB609E6EFB619E6FFB629E6A
:10BA400070FB659E71FB6E9E72FB6F9E73FB729E18
:10BA500074FB749E75FB759E76FB769E77FB779ED6
:10BA600078FB789E79FB799E7AFB7A9E7BFB7B9EA6
:10BA70007CFB7C9E7DFB7D9E7EFB809E80FB819E71
:10BA800081FB839E82FB849E83FB859E84FB869E36
:10BA900085FB899E86FB8A9E87FB8C9E88FB8D9EFC
:10BAA00089FB8E9E8AFB8F9E8BFB909E8CFB919ECA
:10BAB0008DFB949E8EFB959E8FFB969E90FB979E92
:10BAC00091FB989E92FB999E93FB9A9E94FB9B9E62
:10BAD00095FB9C9E96FB9E9E97FBA09E98FBA19E2D
:10BAE00099FBA29E9AFBA39E9BFBA49E9CFBA59EFA
:10BAF0009DFBA79E9EFBA89E9FFBA99EA0FBAA9EC6
:10BB000040FCAB9E41FCAC9E42FCAD9E43FCAE9E15
:10BB100044FCAF9E45FCB09E46FCB19E47FCB29EE5
:10BB200048FCB39E49FCB59E4AFCB69E4BFCB79EB2
:10BB30004CFCB99E4DFCBA9E4EFCBC9E4FFCBF9E79
:10BB400050FCC09E51FCC19E52FCC29E53FCC39E41
:10BB500054FCC59E55FCC69E56FCC79E57FCC89E0D
:10BB600058FCCA9E59FCCB9E5AFCCC9E5BFCD09ED6
:10BB70005CFCD29E5DFCD39E5EFCD59E5FFCD69E97
:10BB800060FCD79E61FCD99E62FCDA9E63FCDE9E5F
:10BB900064FCE19E65FCE39E66FCE49E67FCE69E19
:10BBA00068FCE89E69FCEB9E6AFCEC9E6BFCED9EDB
:10BBB0006CFCEE9E6DFCF09E6EFCF19E6FFCF29EA6
:10BBC00070FCF39E71FCF49E72FCF59E73FCF69E75
:10BBD00074FCF79E75FCF89E76FCFA9E77FCFD9E41
:10BBE00078FCFF9E79FC009F7AFC019F7BFC029F02
:10BBF0007CFC039F7DFC049F7EFC059F80FC069FD0
:10BC000081FC079F82FC089F83FC099F84FC0A9F9C
:10BC100085FC0C9F86FC0F9F87FC119F88FC129F60
:10BC200089FC149F8AFC159F8BFC169F8CFC189F27
:10BC30008DFC1A9F8EFC1B9F8FFC1C9F90FC1D9FF0
:10BC400091FC1E9F92FC1F9F93FC219F94FC239FBD
:10BC500095FC249F96FC259F97FC269F98FC279F88
:10BC600099FC289F9AFC299F9BFC2A9F9CFC2B9F58
:10BC70009DFC2D9F9EFC2E9F9FFC309FA0FC319F22
:10BC800040FD329F41FD339F42FD349F43FD359F70
:10BC900044FD369F45FD389F46FD3A9F47FD3C9F3A
:10BCA00048FD3F9F49FD409F4AFD419F4BFD429FFC
:10BCB0004CFD439F4DFD459F4EFD469F4FFD479FC9
:10BCC00050FD489F51FD499F52FD4A9F53FD4B9F98
:10BCD00054FD4C9F55FD4D9F56FD4E9F57FD4F9F68
:10BCE00058FD529F59FD539F5AFD549F5BFD559F30
:10BCF0005CFD569F5DFD579F5EFD589F5FFD599F00
:10BD000060FD5A9F61FD5B9F62FD5C9F63FD5D9FCF
:10BD100064FD5E9F65FD5F9F66FD609F67FD619F9F
:10BD200068FD629F69FD639F6AFD649F6BFD659F6F
:10BD30006CFD669F6DFD679F6EFD689F6FFD699F3F
:10BD400070FD6A9F71FD6B9F72FD6C9F73FD6D9F0F
:10BD500074FD6E9F75FD6F9F76FD709F77FD719FDF
:10BD600078FD729F79FD739F7AFD749F7BFD759FAF
:10BD70007CFD769F7DFD779F7EFD789F80FD799F7E
:10BD800081FD7A9F82FD7B9F83FD7C9F84FD7D9F4B
:10BD900085FD7E9F86FD819F87FD829F88FD8D9F0B
:10BDA00089FD8E9F8AFD8F9F8BFD909F8CFD919FBB
:10BDB0008DFD929F8EFD939F8FFD949F90FD959F8B
:10BDC00091FD969F92FD979F93FD989F94FD9C9F58
:10BDD00095FD9D9F96FD9E9F97FDA19F98FDA29F1B
:10BDE00099FDA39F9AFDA49F9BFDA59F9CFD2CF907
:10BDF0009DFD79F99EFD95F99FFDE7F9A0FDF1F90B
:10BE000040FE0CFA41FE0DFA42FE0EFA43FE0FFA16
:10BE100044FE11FA45FE13FA46FE14FA47FE18FADC
:10BE200048FE1FFA49FE20FA4AFE21FA4BFE23FA89
:10BE30004CFE24FA4DFE27FA4EFE28FA4FFE29FA50
:10BE4000000000004144533132383520696E697476
:10BE5000206661696C65640A005B4552524F525D11
:10BE600020CFB5CDB3B4EDCEF3A3ACC0B4D4B43AC7
:10BE70002025730A0048414C5F4D4D435F436F6E70
:10BE8000666967576964654275734F70657261745E
:10BE9000696F6E0048414C5F4D4D435F496E697458
:10BEA00000B4F2BFAAC4BFC2BCCAA7B0DC3A202506
:10BEB0007320286572723D2564290D0A00CEB4D521
:10BEC000D2B5BDCEC4BCFECFB5CDB3A1A3D5FDD4F4
:10BED000DAB8F1CABDBBAF2E2E2E0D0A00C5E4D6CE
:10BEE000C3CEC4BCFEB2BBB4E6D4DAA3ACD5FDD499
:10BEF000DAB4B4BDA8C4ACC8CFC5E4D6C32E2E2EC8
:10BF00000D0A00B8F1CABDBBAFB3C9B9A6A1A3D58C
:10BF1000FDD4DAD6D8D0C2B9D2D4D82E2E2E0D0A5E
:10BF200000B4E6B4A2BFD5BCE4B2BBD7E3A3ACC9AE
:10BF3000BEB3FDBEC9CEC4BCFE2E2E2E0D0A00C956
:10BF4000BEB3FDBAF3BFC9D3C3BFD5BCE43A202505
:10BF50006C6C75204D420D0A00CEC4BCFECFB5CD31
:10BF6000B3B4E6B4A2BFD5BCE43A20D7DCB9B22062
:10BF7000256C6C75204D422C20BFC9D3C320256C85
:10BF80006C75204D420D0A005B4552524F525D20A8
:10BF9000B6A8CEBBCEC4BCFEC4A9CEB2CAA7B0DC84
:10BFA0003A2025640D0A00BBF1C8A1B4E6B4A2BFD3
:10BFB000D5BCE4CAA7B0DC3A2025640D0A00C9BE8E
:10BFC000B3FDCEC4BCFECAA7B0DC3A2025640D0A7E
:10BFD000005B4552524F525D20CEDEB7A8B4F2BF8F
:10BFE000AACEC4BCFE3A202573A3ACB4EDCEF3C2F6
:10BFF000EB3A2025640D0A005B4552524F525D20FA
:10C00000CEDEB7A8B4B4BDA8C4BFC2BC202573A3FC
:10C01000ACB4EDCEF3C2EB3A2025640D0A00B6C1F4
:10C02000C8A1C5E4D6C3CEC4BCFECAA7B0DCA3ACCD
:10C03000B4EDCEF3C2EB3A2025640D0A00B4B4BDD2
:10C04000A8C5E4D6C3CEC4BCFECAA7B0DCA3ACB4BA
:10C05000EDCEF3C2EB3A2025640D0A00D0B4C8EB54
:10C06000C5E4D6C3CEC4BCFECAA7B0DCA3ACB4ED55
:10C07000CEF3C2EB3A2025640D0A00B8F1CABDBB6D
:10C08000AFCAA7B0DCA1A3B4EDCEF3A3BA25640D6B
:10C090000A00B8F1CABDBBAFBAF3B9D2D4D8CAA7A7
:10C0A000B0DCA1A3B4EDCEF3A3BA25640D0A00461B
:10C0B0006174467320B9D2D4D8CAA7B0DCA3ACB49B
:10C0C000EDCEF3A3BA25640D0A005B494E464F5DE1
:10C0D00020D0C2BDA8484558CAFDBEDDCEC4BCFEB6
:10C0E0003A2025730D0A00C9BEB3FDCEC4BCFE3A8A
:10C0F0002025730D0A00C5E4D6C3B6C1C8A1CDEA98
:10C10000B3C93A2073616D706C655F726174653D8F
:10C110002568752C2073706163655F746872657340
:10C12000686F6C645F6D623D2575204D422C206206
:10C130006F6172645F69643D25752C207573655F5E
:10C1400074696D655F66726F6D5F636F6E66696758
:10C150003D25752C20636F6E6669675F74696D6538
:10C160005F737472696E673D25730D0A005B494EFB
:10C17000464F5D20D0F8D0B4484558CAFDBEDDCE4C
:10C18000C4BCFE3A2025732C20B5B1C7B0C6ABD2D3
:10C19000C63A20256C752042797465730D0A00B883
:10C1A000F1CABDBBAFBAF320466174467320B9D261
:10C1B000D4D8B3C9B9A6A1A30D0A00C4ACC8CFC5D1
:10C1C000E4D6C3CEC4BCFED0B4C8EBB3C9B9A6A1F3
:10C1D000A30D0A00C5E4D6C3CEC4BCFED2D1B4E6DA
:10C1E000D4DAA3ACCCF8B9FDB4B4BDA8A1A30D0AB0
:10C1F0000073616D706C655F726174653D323030E3
:10C20000300D0A73706163655F7468726573686F7F
:10C210006C645F6D623D333037320D0A626F61725C
:10C22000645F69643D340D0A7573655F74696D659B
:10C230005F66726F6D5F636F6E6669673D300D0A92
:10C24000646174655F74696D653D323032352D30DF
:10C25000372D30392031323A30303A30300D0A0D36
:10C260000A2320C5E4D6C3CBB5C3F7A3BA0D0A236E
:10C270002073616D706C655F726174653A20D6A73A
:10C28000B3D6B5C4B2C9D1F9C2CAD6B5A3A8B5A5AB
:10C29000CEBB535053A3A9A3BA3132352C2032352B
:10C2A000302C203530302C20313030302C203230C2
:10C2B00030300D0A232073706163655F74687265A6
:10C2C00073686F6C645F6D623A20D7EEB5CDCAA318
:10C2D000D3E0BFD5BCE4A3A84D42A3A9A3ACB2BB95
:10C2E000D7E3CAB1D7D4B6AFC9BEB3FDBEC9CAFD84
:10C2F000BEDD0D0A2320626F6172645F69643A20BB
:10C30000B5B1C7B0B0E5B1E0BAC5A3A8BEF6B6A84E
:10C31000CEC4BCFEBCD020426F6172645820C3FB07
:10C32000B3C6A3A90D0A23207573655F74696D6593
:10C330005F66726F6D5F636F6E6669673A20303D4E
:10C34000B2BBCAB9D3C3C5E4D6C3CAB1BCE4A3BBAC
:10C35000313DCAB9D3C320646174655F74696D658A
:10C3600020C9E8D6C3205254430D0A2320646174C7
:10C37000655F74696D653A20C5E4D6C3CAB1BCE493
:10C38000A3ACB8F1CABDCEAA20797979792D6D6DAB
:10C390002D64642068683A6D6D3A7373A3ACBDF682
:10C3A000D4DA207573655F74696D655F66726F6D51
:10C3B0005F636F6E6669673D3120CAB1C9FAD0A765
:10C3C0000D0A005B4552524F525D20CEC4BCFEBEEA
:10C3D000E4B1FACEAABFD5A3ACB4B4BDA8CAA7B085
:10C3E000DC0D0A00C3BBD3D0B8FCB6E0CEC4BCFEA3
:10C3F000BFC9C9BEB3FD0D0A00303A007370616356
:10C40000655F7468726573686F6C645F6D623D0030
:10C41000626F6172645F69643D00646174655F743A
:10C42000696D653D0073616D706C655F7261746507
:10C430003D007573655F74696D655F66726F6D5FF2
:10C44000636F6E6669673D00444154415F00257328
:10C450002F257300303A2F636F6E6669672E7478EC
:10C460007400303A2F426F6172642575002568753B
:10C470000025732F25303464253032642530326432
:10C480002530326425303264253032642E68657878
:10C49000004E4F204E414D45202020204641542043
:10C4A00020202020004E4F204E414D4520202020AE
:10C4B000464154333220202000EBFE904D53444F30
:10C4C00053352E30002B2C3B3D5B5D00222A3A3C3D
:10C4D0003E3F7C7F00BEAFB8E63A20B2BBD6A7B3E2
:10C4E000D6B5C4B2C9D1F9C2CA202575A3ACC4ACB3
:10C4F000C8CFCAB9D3C32032303030205350530D87
:10C500000A00B5C8B4FD474E5353CFFBCFA22E2E21
:10C510002E0D0A004661696C656420746F20736596
:10C520006E6420636F6D6D616E6420746F20554D75
:10C530003938300D0A005B474E535320494E495459
:10C540005D20CAD7B4CEBDD3CAD5B5BDD3D0D0A790
:10C5500020474E535320B1A8CEC4A3ACB1EABCC708
:10C5600020676E737353746172746564203D207428
:10C570007275650D0A00CEB4CAD5B5BDD3D0D0A7AB
:10C5800020474E535320CAFDBEDD0D0A00475053CD
:10C590005F54696D652842494E293A20253032643E
:10C5A0003A253032643A253032640A002C002447A0
:10C5B0004E5A4441002447505A44410024252A320F
:10C5C000735A44412C2532642532642532642E305E
:10C5D000302C25642C25642C256400414443C5E49B
:10C5E000D6C3BBD6B8B4CAA7B0DC210D0A005B44E1
:10C5F000454255475D20D7BCB1B8B6C1C8A120633C
:10C600006F6E6669672E7478742E2E2E0D0A005B8D
:10C6100049444C455D20CFB5CDB3C6F4B6AFA3AC0D
:10C62000D7BCB1B8BDF8C8EB20474E535320CADA87
:10C63000CAB1C1F7B3CC2E2E2E0D0A005B5741496B
:10C64000545F474E53535D20474E535320B1A8CEFD
:10C65000C4D2D1BDD3CAD5A3ACBDF8C8EBB4A6C073
:10C66000EDBDD7B6CE2E2E2E0D0A005B494E464F9D
:10C670005D205344494FB3F5CABCBBAFCDEAB3C943
:10C68000A3ACD7BCB1B8B9D2D4D82E2E2E0D0A0087
:10C690005B53594E435D20474E5353D2D1BDD3CA4D
:10C6A000D5A3ACB5C8B4FD20474E53535F524543A4
:10C6B000454956454420B4A6C0EDD6D0B8FCD0C2FA
:10C6C000205254430D0A00B9D8B1D5CEC4BCFECA1D
:10C6D000A7B0DCA3ACB1BEC2D6B2BBB4B4BDA8D0C7
:10C6E000C2CEC4BCFEA3ACB1DCC3E22046525F4C58
:10C6F0004F434B45440D0A00665F73796E6320CA51
:10C70000A7B0DC3A2025640D0A00665F636C6F7386
:10C710006520CAA7B0DC3A2025640D0A00CADACA2F
:10C72000B1B3C9B9A62CBCE4B8F425756D730D0A74
:10C7300000BBBAB3E5C7F8D7B4CCAC3A20BFD5CF6D
:10C74000D03A257520D0B4C8EB3A257520D2D1C295
:10C75000FA3A25750D0A00CEC4BCFECFB5CDB3B9EB
:10C76000D2D4D8CAA7B0DCA3A10D0A005B474E53B0
:10C77000535D20B5B1C7B0CEAA20555342204D53CA
:10C780004320C4A3CABDA3ACBAF6C2D420474E53BB
:10C790005320B1A8CEC4A1A30D0A00CAFDBEDDCEB0
:10C7A000C4BCFED2D1B9D8B1D5A3A8555342B2E585
:10C7B000C8EBA3A90D0A00555342C1ACBDD3A3AC2D
:10C7C000D4DDCDA3B2C9BCAF0D0A00555342D2D1BE
:10C7D000B6CFBFAAA3ACBBD6B8B4B2C9BCAF0D0A22
:10C7E000005B574149545F474E53535D20B3ACCA79
:10C7F000B1CEB4CAD5B5BD20474E5353A3AC666184
:10C800006C6C6261636B20CAB9D3C320525443205D
:10C81000BDF8C8EBB2C9BCAFC4A3CABD0D0A005B6A
:10C82000494E464F5D20B2C9BCAFCFB5CDB3D2D1D2
:10C83000BBD6B8B4D4CBD0D00D0A005B5741524E12
:10C840005D20B4B4BDA8CAFDBEDDCEC4BCFECAA77F
:10C85000B0DCA3ACB5C8B4FDCFC2D2BBC2D6D6D86B
:10C86000CAD40D0A00CADACAB1CAA7B0DCA3ACBDEB
:10C87000ABD4DA3130B7D6D6D3BAF3D6D8CAD40DC2
:10C880000A00CAB1BCE4B1E4BBAFA3ACD7BCB1B839
:10C89000C2D6BBBBCEC4BCFE0D0A005B46415441B0
:10C8A0004C5D20D0B4C8EBCAA7B0DCCEDEB7A8BBC5
:10C8B000D6B8B4A3ACCFB5CDB3C8EDB8B4CEBBD663
:10C8C000D02E2E2E0A005B5741524E5D20D0B4C8A8
:10C8D000EBCAA7B0DCA3ACD6D8CAD420256420B458
:10C8E000CE2E2E2E20B4EDCEF3C2EB3A2025640AD4
:10C8F000005B5741524E5D20CEC4BCFECDACB2BDF4
:10C90000CAA7B0DCA3ACB4EDCEF3C2EB3A202564E9
:10C910000A005B4552524F525D20D0B4C8EBCAA703
:10C92000B0DC3A20D4A4C6DA20257520D7D6BDDAEB
:10C930002C20CAB5BCCA20257520D7D6BDDA2C203C
:10C94000B4EDCEF3C2EB2025640A005B535441548E
:10C9500055535D2053616D706C65733A2025752CBD
:10C96000204C6F73743A2025752C204275666665DD
:10C9700072733A20463A257520573A2575204F3A6A
:10C9800025750A005B5741524E5D20CEDECAFDBEC2
:10C99000DDCEC4BCFEA3ACBBBAB3E5C7F8CCF8B9D6
:10C9A000FDD0B4C8EB0A004E4F4E4500CAB5CAB11F
:10C9B000B2C9D1F9C2CA3A20256C75205350530030
:10C9C000474E53533A20257300665F6D6F756E7442
:10C9D000004D534320496E74657266616365005370
:10C9E000544D3332204D6173732053746F726167FD
:10C9F00065004D534320436F6E6669670053544D85
:10CA00006963726F656C656374726F6E69637300DE
:10CA1000A400E8A1A700ECA1A800A7A1B000E3A191
:10CA2000B100C0A1B700A4A1D700C1A1E000A4A893
:10CA3000E100A2A8E800A8A8E900A6A8EA00BAA810
:10CA4000EC00ACA8ED00AAA8F200B0A8F300AEA8D4
:10CA5000F700C2A1F900B4A8FA00B2A8FC00B9A876
:10CA60000101A1A81301A5A81B01A7A82B01A9A832
:10CA70004401BDA84801BEA84D01ADA86B01B1A8F5
:10CA8000CE01A3A8D001ABA8D201AFA8D401B3A80E
:10CA9000D601B5A8D801B6A8DA01B7A8DC01B8A8B4
:10CAA0005102BBA86102C0A8C702A6A1C902A5A1E4
:10CAB000CA0240A8CB0241A8D90242A89103A1A66C
:10CAC0009203A2A69303A3A69403A4A69503A5A6E6
:10CAD0009603A6A69703A7A69803A8A69903A9A6B6
:10CAE0009A03AAA69B03ABA69C03ACA69D03ADA686
:10CAF0009E03AEA69F03AFA6A003B0A6A103B1A656
:10CB0000A303B2A6A403B3A6A503B4A6A603B5A621
:10CB1000A703B6A6A803B7A6A903B8A6B103C1A6E2
:10CB2000B203C2A6B303C3A6B403C4A6B503C5A685
:10CB3000B603C6A6B703C7A6B803C8A6B903C9A655
:10CB4000BA03CAA6BB03CBA6BC03CCA6BD03CDA625
:10CB5000BE03CEA6BF03CFA6C003D0A6C103D1A6F5
:10CB6000C303D2A6C403D3A6C503D4A6C603D5A6C1
:10CB7000C703D6A6C803D7A6C903D8A60104A7A78A
:10CB80001004A1A71104A2A71204A3A71304A4A729
:10CB90001404A5A71504A6A71604A8A71704A9A7F7
:10CBA0001804AAA71904ABA71A04ACA71B04ADA7C5
:10CBB0001C04AEA71D04AFA71E04B0A71F04B1A795
:10CBC0002004B2A72104B3A72204B4A72304B5A765
:10CBD0002404B6A72504B7A72604B8A72704B9A735
:10CBE0002804BAA72904BBA72A04BCA72B04BDA705
:10CBF0002C04BEA72D04BFA72E04C0A72F04C1A7D5
:10CC00003004D1A73104D2A73204D3A73304D4A768
:10CC10003404D5A73504D6A73604D8A73704D9A736
:10CC20003804DAA73904DBA73A04DCA73B04DDA704
:10CC30003C04DEA73D04DFA73E04E0A73F04E1A7D4
:10CC40004004E2A74104E3A74204E4A74304E5A7A4
:10CC50004404E6A74504E7A74604E8A74704E9A774
:10CC60004804EAA74904EBA74A04ECA74B04EDA744
:10CC70004C04EEA74D04EFA74E04F0A74F04F1A714
:10CC80005104D7A710205CA9132043A81420AAA1FF
:10CC9000152044A81620ACA11820AEA11920AFA1E0
:10CCA0001C20B0A11D20B1A1252045A82620ADA1A2
:10CCB0003020EBA13220E4A13320E5A1352046A8A5
:10CCC0003B20F9A1AC2080000321E6A1052147A863
:10CCD000092148A81621EDA1212159A96021F1A21D
:10CCE0006121F2A26221F3A26321F4A26421F5A2E0
:10CCF0006521F6A26621F7A26721F8A26821F9A2B0
:10CD00006921FAA26A21FBA26B21FCA27021A1A2D7
:10CD10007121A2A27221A3A27321A4A27421A5A2AF
:10CD20007521A6A27621A7A27721A8A27821A9A27F
:10CD30007921AAA29021FBA19121FCA19221FAA123
:10CD40009321FDA1962149A897214AA898214BA893
:10CD500099214CA80822CAA10F22C7A11122C6A15D
:10CD600015224DA81A22CCA11D22D8A11E22DEA177
:10CD70001F224EA82022CFA123224FA82522CEA1D8
:10CD80002722C4A12822C5A12922C9A12A22C8A1DB
:10CD90002B22D2A12E22D3A13422E0A13522DFA161
:10CDA0003622C3A13722CBA13D22D7A14822D6A14A
:10CDB0004C22D5A1522250A86022D9A16122D4A12F
:10CDC0006422DCA16522DDA1662251A8672252A857
:10CDD0006E22DAA16F22DBA1952292A89922D1A11D
:10CDE000A522CDA1BF2253A81223D0A16024D9A28D
:10CDF0006124DAA26224DBA26324DCA26424DDA223
:10CE00006524DEA26624DFA26724E0A26824E1A2F2
:10CE10006924E2A27424C5A27524C6A27624C7A2FE
:10CE20007724C8A27824C9A27924CAA27A24CBA2E2
:10CE30007B24CCA27C24CDA27D24CEA27E24CFA2B2
:10CE40007F24D0A28024D1A28124D2A28224D3A282
:10CE50008324D4A28424D5A28524D6A28624D7A252
:10CE60008724D8A28824B1A28924B2A28A24B3A29A
:10CE70008B24B4A28C24B5A28D24B6A28E24B7A292
:10CE80008F24B8A29024B9A29124BAA29224BBA262
:10CE90009324BCA29424BDA29524BEA29624BFA232
:10CEA0009724C0A29824C1A29924C2A29A24C3A202
:10CEB0009B24C4A20025A4A90125A5A90225A6A9F1
:10CEC0000325A7A90425A8A90525A9A90625AAA976
:10CED0000725ABA90825ACA90925ADA90A25AEA946
:10CEE0000B25AFA90C25B0A90D25B1A90E25B2A916
:10CEF0000F25B3A91025B4A91125B5A91225B6A9E6
:10CF00001325B7A91425B8A91525B9A91625BAA9B5
:10CF10001725BBA91825BCA91925BDA91A25BEA985
:10CF20001B25BFA91C25C0A91D25C1A91E25C2A955
:10CF30001F25C3A92025C4A92125C5A92225C6A925
:10CF40002325C7A92425C8A92525C9A92625CAA9F5
:10CF50002725CBA92825CCA92925CDA92A25CEA9C5
:10CF60002B25CFA92C25D0A92D25D1A92E25D2A995
:10CF70002F25D3A93025D4A93125D5A93225D6A965
:10CF80003325D7A93425D8A93525D9A93625DAA935
:10CF90003725DBA93825DCA93925DDA93A25DEA905
:10CFA0003B25DFA93C25E0A93D25E1A93E25E2A9D5
:10CFB0003F25E3A94025E4A94125E5A94225E6A9A5
:10CFC0004325E7A94425E8A94525E9A94625EAA975
:10CFD0004725EBA94825ECA94925EDA94A25EEA945
:10CFE0004B25EFA9502554A8512555A8522556A8E0
:10CFF000532557A8542558A8552559A856255AA849
:10D0000057255BA858255CA859255DA85A255EA818
:10D010005B255FA85C2560A85D2561A85E2562A8E8
:10D020005F2563A8602564A8612565A8622566A8B8
:10D03000632567A8642568A8652569A866256AA888
:10D0400067256BA868256CA869256DA86A256EA858
:10D050006B256FA86C2570A86D2571A86E2572A828
:10D060006F2573A8702574A8712575A8722576A8F8
:10D07000732577A8812578A8822579A883257AA8A1
:10D0800084257BA885257CA886257DA887257EA864
:10D09000882580A8892581A88A2582A88B2583A830
:10D0A0008C2584A88D2585A88E2586A88F2587A800
:10D0B000932588A8942589A895258AA8A025F6A156
:10D0C000A125F5A1B225F8A1B325F7A1BC258BA810
:10D0D000BD258CA8C625F4A1C725F3A1CB25F0A1B9
:10D0E000CE25F2A1CF25F1A1E2258DA8E3258EA8BA
:10D0F000E4258FA8E52590A80526EFA10626EEA138
:10D10000092691A84026E2A14226E1A10030A1A172
:10D110000130A2A10230A3A10330A8A10530A9A12A
:10D12000063065A9073096A90830B4A10930B5A129
:10D130000A30B6A10B30B7A10C30B8A10D30B9A19F
:10D140000E30BAA10F30BBA11030BEA11130BFA16B
:10D15000123093A81330FEA11430B2A11530B3A140
:10D160001630BCA11730BDA11D3094A81E3095A863
:10D17000213040A9223041A9233042A9243043A9BB
:10D18000253044A9263045A9273046A9283047A98B
:10D19000293048A94130A1A44230A2A44330A3A41D
:10D1A0004430A4A44530A5A44630A6A44730A7A483
:10D1B0004830A8A44930A9A44A30AAA44B30ABA453
:10D1C0004C30ACA44D30ADA44E30AEA44F30AFA423
:10D1D0005030B0A45130B1A45230B2A45330B3A4F3
:10D1E0005430B4A45530B5A45630B6A45730B7A4C3
:10D1F0005830B8A45930B9A45A30BAA45B30BBA493
:10D200005C30BCA45D30BDA45E30BEA45F30BFA462
:10D210006030C0A46130C1A46230C2A46330C3A432
:10D220006430C4A46530C5A46630C6A46730C7A402
:10D230006830C8A46930C9A46A30CAA46B30CBA4D2
:10D240006C30CCA46D30CDA46E30CEA46F30CFA4A2
:10D250007030D0A47130D1A47230D2A47330D3A472
:10D260007430D4A47530D5A47630D6A47730D7A442
:10D270007830D8A47930D9A47A30DAA47B30DBA412
:10D280007C30DCA47D30DDA47E30DEA47F30DFA4E2
:10D290008030E0A48130E1A48230E2A48330E3A4B2
:10D2A0008430E4A48530E5A48630E6A48730E7A482
:10D2B0008830E8A48930E9A48A30EAA48B30EBA452
:10D2C0008C30ECA48D30EDA48E30EEA48F30EFA422
:10D2D0009030F0A49130F1A49230F2A49330F3A4F2
:10D2E0009B3061A99C3062A99D3066A99E3067A9D8
:10D2F000A130A1A5A230A2A5A330A3A5A430A4A5C6
:10D30000A530A5A5A630A6A5A730A7A5A830A8A595
:10D31000A930A9A5AA30AAA5AB30ABA5AC30ACA565
:10D32000AD30ADA5AE30AEA5AF30AFA5B030B0A535
:10D33000B130B1A5B230B2A5B330B3A5B430B4A505
:10D34000B530B5A5B630B6A5B730B7A5B830B8A5D5
:10D35000B930B9A5BA30BAA5BB30BBA5BC30BCA5A5
:10D36000BD30BDA5BE30BEA5BF30BFA5C030C0A575
:10D37000C130C1A5C230C2A5C330C3A5C430C4A545
:10D38000C530C5A5C630C6A5C730C7A5C830C8A515
:10D39000C930C9A5CA30CAA5CB30CBA5CC30CCA5E5
:10D3A000CD30CDA5CE30CEA5CF30CFA5D030D0A5B5
:10D3B000D130D1A5D230D2A5D330D3A5D430D4A585
:10D3C000D530D5A5D630D6A5D730D7A5D830D8A555
:10D3D000D930D9A5DA30DAA5DB30DBA5DC30DCA525
:10D3E000DD30DDA5DE30DEA5DF30DFA5E030E0A5F5
:10D3F000E130E1A5E230E2A5E330E3A5E430E4A5C5
:10D40000E530E5A5E630E6A5E730E7A5E830E8A594
:10D41000E930E9A5EA30EAA5EB30EBA5EC30ECA564
:10D42000ED30EDA5EE30EEA5EF30EFA5F030F0A534
:10D43000F130F1A5F230F2A5F330F3A5F430F4A504
:10D44000F530F5A5F630F6A5FC3060A9FD3063A9EE
:10D45000FE3064A90531C5A80631C6A80731C7A8A2
:10D460000831C8A80931C9A80A31CAA80B31CBA80C
:10D470000C31CCA80D31CDA80E31CEA80F31CFA8DC
:10D480001031D0A81131D1A81231D2A81331D3A8AC
:10D490001431D4A81531D5A81631D6A81731D7A87C
:10D4A0001831D8A81931D9A81A31DAA81B31DBA84C
:10D4B0001C31DCA81D31DDA81E31DEA81F31DFA81C
:10D4C0002031E0A82131E1A82231E2A82331E3A8EC
:10D4D0002431E4A82531E5A82631E6A82731E7A8BC
:10D4E0002831E8A82931E9A82032E5A22132E6A2B4
:10D4F0002232E7A22332E8A22432E9A22532EAA2AC
:10D500002632EBA22732ECA22832EDA22932EEA27B
:10D5100031325AA9A33249A98E334AA98F334BA974
:10D520009C334CA99D334DA99E334EA9A1334FA9DD
:10D53000C43350A9CE3351A9D13352A9D23353A900
:10D54000D53354A9004EBBD2014EA1B6024E408144
:10D55000034EDFC6044E4181054E4281064E438193
:10D56000074EF2CD084EC9D5094EFDC80A4ECFC9A7
:10D570000B4EC2CF0C4EA2D80D4EBBB20E4EEBD30B
:10D580000F4E4481104EA4D8114EF3B3124E458174
:10D59000134EA8D7144ED2C7154EA7D8164EC0CAE0
:10D5A000174E4681184EF0C7194EFBB11A4EB5D230
:10D5B0001B4ED4B41C4EABB61D4EBFCB1E4EA9D8CD
:10D5C0001F4E4781204E4881214E4981224EAAB6E6
:10D5D000234E4A81244EBDC1254ECFD1264E4B81CC
:10D5E000274EA5C9284EADD8294E4C812A4EF6B8F3
:10D5F0002B4EBED12C4EDCE32D4ED0D62E4E4D817F
:10D600002F4E4E81304EE1B7314E4F81324EAEB487
:10D61000334E5081344ED9C1354E5181364EBCD82F
:10D62000374E5281384EE8CD394EA4B53A4EAACE87
:10D630003B4EF7D63C4E53813D4EF6C03E4ED9BED2
:10D640003F4EAFD8404E5481414E5581424E568197
:10D65000434ECBC4444E5781454EC3BE464E5881BF
:10D66000474EB1D8484EB4C3494EE5D24A4E5981CF
:10D670004B4EAED64C4EDACE4D4EA7D54E4EF5BAE9
:10D680004F4EA6B7504ED6C0514E5A81524EB9C6D3
:10D69000534ED2C5544EC7C7554E5B81564ED4B972
:10D6A000574E5C81584ECBB3594ED2D25A4E5D8103
:10D6B0005B4E5E815C4EBFD85D4EC5BE5E4EF2C60F
:10D6C0005F4EB2D2604EB0CF614EE7CF624E5F8107
:10D6D000634E6081644E6181654E6281664EE9CA27
:10D6E000674E6381684E6481694EC0D86A4E658119
:10D6F0006B4E66816C4E67816D4E68816E4E69819E
:10D700006F4E6A81704EF2C2714ED2C2724E6B8100
:10D71000734EE9C8744E6C81754E6D81764E6E8184
:10D72000774E6F81784E7081794E71817A4E728119
:10D730007B4E73817C4E74817D4E75817E4EACC76D
:10D740007F4E7681804E7781814E7881824E7981BD
:10D75000834E7A81844E7B81854E7C81864ECBC1FF
:10D76000874E7D81884EE8D3894EF9D58A4E7E81D9
:10D770008B4EC2CA8C4EFEB68D4EA1D88E4EDAD3D9
:10D780008F4EF7BF904E8081914EC6D4924EA5BB6E
:10D79000934EC1D8944EE5CE954EAEBE964E818145
:10D7A000974E8281984EA8D8994E83819A4EC7D1C0
:10D7B0009B4EA9D09C4E84819D4E85819E4E868134
:10D7C0009F4EBDD8A04EEFD9A14EF6CDA24EBABF06
:10D7D000A34E8781A44EBBBDA54EA5BAA64EE0D2EE
:10D7E000A74EFAB2A84EE0BAA94EB6C4AA4E888196
:10D7F000AB4EEDCFAC4EA9BEAD4EA4CDAE4EC1C129
:10D80000AF4E8981B04E8A81B14E8B81B24ED7C75F
:10D81000B34EF1D9B44E8C81B54EF4D9B64E8D814C
:10D82000B74E8E81B84E8F81B94E9081BA4ECBC81B
:10D83000BB4EE9D8BC4E9181BD4E9281BE4E9381C4
:10D84000BF4EDAD2C04EB2CAC14ECAC8C24EECD820
:10D85000C34EEAD8C44EC6D8C54EF6BDC64ECDC6D8
:10D86000C74EF0B3C84E9481C94EEBD8CA4EF1BD35
:10D87000CB4EE9BDCC4E9581CD4ED4C8CE4ED3B45F
:10D88000CF4E9681D04E9781D14ED8C2D24E98813C
:10D89000D34ED6B2D44ED0D7D54ECBCAD64EFBCB74
:10D8A000D74ECCD5D84EB6B8D94EC9CFDA4E99811D
:10D8B000DB4E9A81DC4E9B81DD4EDAD9DE4EF0D80C
:10D8C000DF4EAAC7E04E9C81E14EEED8E24E9D812C
:10D8D000E34EFAB4E44EEEC1E54ED4D2E64E9E815C
:10D8E000E74E9F81E84EEDD8E94EA081EA4EC7D2BF
:10D8F000EB4EEFD8EC4EC7C3ED4EA181EE4EA281A8
:10D90000EF4EA381F04EF6D1F14EA481F24ED9D65E
:10D91000F34EF2D8F44EA581F54EF5D8F64EFEBC86
:10D92000F74EDBBCF84EA681F94EA781FA4EA881CE
:10D93000FB4ECEC8FC4EA981FD4EDDB7FE4EAA813E
:10D94000FF4EC2B7004FAB81014FF3C6024FAC810F
:10D95000034FAD81044FAE81054FAF81064FB081BB
:10D96000074FB181084FB281094FF8D80A4FC1D291
:10D970000B4FB3810C4FB4810D4FE9CE0E4FBFBC9E
:10D980000F4FFCB7104FA5B7114FDDD0124FB58127
:10D99000134FB681144FB781154FB881164FB98117
:10D9A000174FDAD6184FC5D3194FEFBB1A4FE1BB4B
:10D9B0001B4FF1D81C4FBA811D4FBB811E4FA1C90F
:10D9C0001F4FB0CE204FABB4214FBC81224FF3D8B4
:10D9D000234FBD81244FCBC9254FF6D8264FD7C240
:10D9E000274FF7D8284FBE81294FBF812A4FB1CE8C
:10D9F0002B4FF9D82C4FC0812D4FC1812E4FC281A2
:10DA00002F4FAEB2304FC0B9314FC381324FA3D97F
:10DA1000334FC481344FE9B0354FC581364FE6C12D
:10DA2000374FC681384FECC9394FC7813A4FC5CB04
:10DA30003B4FC8813C4FC6CB3D4FA4D93E4FC98117
:10DA40003F4FCA81404FCB81414FCC81424FCD8166
:10DA5000434FE8B5444FCE81454FCF81464FABB5DC
:10DA6000474FD081484FD181494FD2814A4FD3810E
:10DA70004B4FD4814C4FD5814D4FBBCE4E4FCDB582
:10DA80004F4FA1D7504FF4D7514FD3D3524FD681D8
:10DA9000534FE5CC544FD781554FCEBA564FD8810E
:10DAA000574FA2D9584FDCD9594FE0D35A4FFDD820
:10DAB0005B4FF0B75C4FF7D75D4FFED85E4FFAD89B
:10DAC0005F4FA1D9604FE3C4614FD981624FDA81C2
:10DAD000634FB6D3644FF4D8654FDDD9664FDB8111
:10DAE000674FFBD8684FDC81694FE5C56A4FDD8120
:10DAF0006B4FDE816C4FD0C06D4FDF816E4FE08188
:10DB00006F4FF0D1704FDBB0714FE181724FE28106
:10DB1000734FD1BC744FA6D9754FE381764FA5D909
:10DB2000774FE481784FE581794FE6817A4FE7813D
:10DB30007B4FACD97C4FAED97D4FE8817E4FABD9BE
:10DB40007F4FB9CA804FE981814FEA81824FEB81D3
:10DB5000834FA9D9844FB6D6854FEC81864FED818E
:10DB6000874FEE81884FDEB3894FA8D98A4FEF8166
:10DB70008B4FFDC08C4FF0818D4FCCCA8E4FF18101
:10DB80008F4FAAD9904FF281914FA7D9924FF3812D
:10DB9000934FF481944FB0D9954FF581964FF6810C
:10DBA000974FB1B6984FF781994FF8819A4FF98105
:10DBB0009B4FA9B99C4FFA819D4FC0D29E4FFB81CC
:10DBC0009F4FFC81A04FC0CFA14FFD81A24FFE818E
:10DBD000A34FC2C2A44F4082A54FC4BDA64FECD5EF
:10DBE000A74FE0B2A84FC8C7A94FEBBFAA4FADD906
:10DBF000AB4F4182AC4FAFD9AD4F4282AE4FEACE70
:10DC0000AF4FEEBAB04F4382B14F4482B24F45821C
:10DC1000B34F4682B44F4782B54FD6C7B64F4882FE
:10DC2000B74F4982B84F4A82B94F4B82BA4F4C82A4
:10DC3000BB4F4D82BC4F4E82BD4F4F82BE4F508274
:10DC4000BF4FE3B1C04F5182C14F5282C24F538286
:10DC5000C34FD9B4C44FEDB6C54FB4D9C64F5482E3
:10DC6000C74F5582C84F5682C94F5782CA4FA1BF6E
:10DC7000CB4F5882CC4F5982CD4F5A82CE4FDED9EE
:10DC8000CF4FCEC7D04FFEC0D14FB8D9D24F5B8255
:10DC9000D34F5C82D44F5D82D54F5E82D64F5F8278
:10DCA000D74FD7CBD84FFDB7D94F6082DA4FB5D910
:10DCB000DB4F6182DC4FB7D9DD4FA3B1DE4FE1D33B
:10DCC000DF4FB9D9E04F6282E14FC5D0E24F6382A6
:10DCD000E34FB6D9E44F6482E54F6582E64FB1D990
:10DCE000E74F6682E84FB2D9E94FA9C1EA4FB3D9ED
:10DCF000EB4F6782EC4F6882ED4FF3BCEE4FDED006
:10DD0000EF4FA9B8F04F6982F14FE3BEF24F6A823C
:10DD1000F34FBDD9F44F6B82F54F6C82F64F6D8295
:10DD2000F74F6E82F84FBAD9F94F6F82FA4FB3B0FE
:10DD3000FB4F7082FC4F7182FD4F7282FE4FC2D941
:10DD4000FF4F7382005074820150758202507682B8
:10DD500003507782045078820550798206507A8287
:10DD600007507B8208507C8209507D820A507E8257
:10DD70000B5080820C50C4D90D50B6B10E50818228
:10DD80000F50BFD910508282115083821250B9B502
:10DD9000135084821450F3BE15508582165086822B
:10DDA000175087821850C8CC1950F2BA1A50D0D2E6
:10DDB0001B5088821C50C3D91D5089821E508A82F4
:10DDC0001F50E8BD20508B822150ABB322508C8273
:10DDD00023508D8224508E822550C5D92650EBBE0B
:10DDE00027508F822850C6D92950BBD92A50DFC46A
:10DDF0002B5090822C50BED92D50C1D92E50C0D955
:10DE00002F509182305092823150938232509482BE
:10DE1000335095823450968235509782365098828E
:10DE20003750998238509A8239509B823A50AED5F9
:10DE30003B509C823C50B5D63D509D823E50E3C73E
:10DE40003F509E8240509F824150A0824250A1820A
:10DE50004350C8D94450A2824550A3824650A48260
:10DE60004750D9BC4850CAD94950A5824A50A682C9
:10DE70004B50A7824C50BCD94D50A8824E50CBD9A4
:10DE80004F50ABC65050A9825150AA825250AB821B
:10DE90005350AC825450AD825550C9D95650AE82C1
:10DEA0005750AF825850B0825950B1825A50F6D76D
:10DEB0005B50B2825C50A3CD5D50B3825E50B482A1
:10DEC0005F50B5826050B6826150B7826250B882AE
:10DED0006350B9826450BA826550A1BD6650BB825E
:10DEE0006750BC826850BD826950BE826A50BF8252
:10DEF0006B50C0826C50CCD96D50C1826E50C282C2
:10DF00006F50C3827050C4827150C5827250C682F5
:10DF10007350C7827450C8827550C9827650BCC590
:10DF20007750B5CD7850CA827950CB827A50CC8266
:10DF30007B50CDD97C50CD827D50CE827E50C7D9CA
:10DF40007F50A5B38050FEBF8150CF828250D082D7
:10DF50008350D1828450D2828550B5B88650D38206
:10DF60008750D4828850FCC08950D5828A50D6828E
:10DF70008B50D7828C50D8828D50F8B08E50D98279
:10DF80008F50DA829050DB829150DC829250DD8299
:10DF90009350DE829450DF829550E0829650E18269
:10DFA0009750E2829850E3829950E4829A50E58239
:10DFB0009B50E6829C50E7829D50E8829E50E98209
:10DFC0009F50EA82A050EB82A150EC82A250ED82D9
:10DFD000A350F6B4A450EE82A550CED9A650EF823D
:10DFE000A750CFD9A850A2B4A950D0D9AA50F08236
:10DFF000AB50F182AC50DFB4AD50F282AE50F38240
:10E00000AF50F482B050F582B150F682B250C1B038
:10E01000B350F782B450F882B550F982B650FA8204
:10E02000B750FB82B850FC82B950FD82BA50D1D9AA
:10E03000BB50B5C9BC50FE82BD504083BE50418329
:10E04000BF504283C0504383C1504483C250458374
:10E05000C3504683C4504783C5504883C650498344
:10E06000C7504A83C8504B83C9504C83CA504D8314
:10E07000CB504E83CC504F83CD505083CE505183E4
:10E08000CF50F1CFD0505283D1505383D2505483CC
:10E09000D3505583D4505683D5505783D650D2D9B8
:10E0A000D7505883D8505983D9505A83DA50C5C1B4
:10E0B000DB505B83DC505C83DD505D83DE505E8330
:10E0C000DF505F83E0506083E1506183E250628300
:10E0D000E3506383E4506483E5506583E650D6D90A
:10E0E000E750AEC9E8506683E9506783EA50688319
:10E0F000EB506983EC50D5D9ED50D4D9EE50D7D937
:10E10000EF506A83F0506B83F1506C83F2506D8353
:10E11000F350DBCBF4506E83F550A9BDF6506F83FE
:10E12000F7507083F8507183F9507283FA507383FB
:10E13000FB50A7C6FC507483FD507583FE50768358
:10E14000FF507783005178830151798302517A839C
:10E1500003517B8304517C8305517D830651D3D9C0
:10E160000751D8D908517E83095180830A51818390
:10E170000B51D9D90C5182830D5183830E51848365
:10E180000F51858310518683115187831251E5C841
:10E19000135188831451898315518A8316518B83B7
:10E1A00017518C8318518D8319518E831A518F8387
:10E1B0001B5190831C5191831D5192831E51938357
:10E1C0001F519483205195832151DCC022519683A5
:10E1D00023519783245198832551998326519A83FB
:10E1E00027519B8328519C8329519D832A519E83CB
:10E1F0002B519F832C51A0832D51A1832E51A2839B
:10E200002F51A3833051A4833151A5833251A6836A
:10E210003351A7833451A8833551A9833651AA833A
:10E220003751AB833851AC833951AD833A51AE830A
:10E230003B51AF833C51B0833D51B1833E51B283DA
:10E240003F51F9B64051A3D84151CAD44251B3838A
:10E250004351AAD44451D6D04551E4B34651D7D501
:10E260004751B4834851C8CF4951E2B94A51B583A7
:10E270004B51CBBF4C51B6834D51E2C34E51B78386
:10E280004F51B8835051B9835151D2B65251BA83CC
:10E290005351BB835451C3CD5551EED95651F0D98A
:10E2A0005751BC835851BD835951BE835A51B3B5A0
:10E2B0005B51BF835C51B5B65D51C0835E51C18374
:10E2C0005F51C2836051C3836151C4836251A4BE54
:10E2D0006351C5836451C6836551EBC86651C783DA
:10E2E0006751C8836851ABC86951C9836A51CA83F1
:10E2F0006B51CBB06C51ABB96D51F9C16E51E2D9D4
:10E300006F51CB837051BCC07151B2B97251CC8383
:10E310007351D8B97451CBD07551F8B17651E4C668
:10E320007751DFBE7851E4B57951C8D77A51CD83A2
:10E330007B51F8D17C51E6BC7D51DECA7E51CE8343
:10E340007F51CF838051BDBC8151E6D98251E7D83E
:10E350008351D0838451D1838551DAC48651D283CD
:10E360008751D3838851D4B88951BDC88A51D48389
:10E370008B51D5838C51E1B28D51D9D48E51D68336
:10E380008F51D7839051D8839151D9839251B0C383
:10E390009351DA839451DB839551E1C39651A2DA0C
:10E3A0009751DFC89851DC839951B4D09A51DD83DD
:10E3B0009B51FCBE9C51A9C59D51DE839E51DF83BC
:10E3C0009F51E083A051DAB9A151E183A251A3DAB0
:10E3D000A351E283A451A9D4A551A4DAA651E383A1
:10E3E000A751E483A851E583A951E683AA51E783A5
:10E3F000AB51FBD9AC51ACB6AD51E883AE51E9831A
:10E40000AF51EBB7B051F9B1B151FCD9B251E5B34D
:10E41000B351F6BEB451EA83B551F6BFB651B1D28D
:10E42000B751E4C0B851EB83B951EC83BA51ED83D5
:10E43000BB51B3B6BC51FED9BD51FDD9BE51EE831F
:10E44000BF51EF83C051BBBEC151F083C251F183B4
:10E45000C351F283C451E0C6C551F383C651BCD742
:10E46000C751A1DAC851F483C951B9C1CA51F58362
:10E47000CB51F2B5CC51E8C1CD51F683CE51F783E3
:10E48000CF51F5BCD051F883D151D5B4D251F983D5
:10E49000D351FA83D451FB83D551FC83D651FD83EC
:10E4A000D751FE83D8514084D9514184DA514284F6
:10E4B000DB51DDC1DC514384DD51FDC4DE514484B8
:10E4C000DF514584E051B8BCE151B2B7E251468416
:10E4D000E3514784E451EFB7E5514884E65149845C
:10E4E000E7514A84E8514B84E9514C84EA514D8408
:10E4F000EB51ECD9EC514E84ED51BEC6EE514F8438
:10E50000EF51ADBFF051CBBBF1515084F25151846A
:10E51000F351CAB5F4515284F551C9DBF651D7D045
:10E52000F7515384F851B9CDF951BCB0FA51F6B353
:10E53000FB51F7BBFC51CADBFD51AFBAFE5154840D
:10E54000FF51E4D40052B6B50152F3B50252D6D809
:10E550000352D0C804525584055256840652D6B789
:10E560000752D0C70852D7D8095257840A52AFBFB2
:10E570000B5258840C5259840D52BBDB0E52D8D822
:10E580000F525A8410525B841152CCD01252AEBB3F
:10E5900013525C8414525D8415525E841652BEEB95
:10E5A0001752D0C11852F5C11952F2D41A52D5B827
:10E5B0001B52B4B41C525F841D52F5B31E526084CA
:10E5C0001F5261842052BEC9215262842252638448
:10E5D000235264842452D0C5255265842652668411
:10E5E000275267842852D9C52952FBC02A52688411
:10E5F0002B52F0B12C5269842D52D9D82E52CEB95B
:10E600002F526A843052BDB531526B8432526C84C1
:10E610003352DAD834526D8435526E843652C6D6AF
:10E620003752A2CB3852AFC83952B2C93A52CCB4E1
:10E630003B52CCBF3C526F843D52F4B93E52708481
:10E640003F52DBD84052DCD84152E7B64252C1BCFF
:10E650004352EACC445271844552728446527384C8
:10E660004752748448527584495276844A52F7CF8F
:10E670004B5277844C52DDD84D52B0C74E527884FD
:10E680004F5279845052D0B95152A3BD52527A841C
:10E6900053527B845452DECC55527C845652CAC6A7
:10E6A00057527D8458527E84595280845A528184B4
:10E6B0005B5282845C52E0D85D5283845E52DED825
:10E6C0005F528484605285846152DFD862528684AE
:10E6D00063528784645288846552FEB0665289848E
:10E6E0006752E7BE68528A846952A3CA6A52F4BC70
:10E6F0006B528B846C528C846D528D846E528E84DE
:10E700006F52B1B870528F84715290847252EEB8C9
:10E710007352918474529284755293847652948485
:10E720007752958478529684795297847A52988455
:10E730007B5299847C529A847D52E2D87E529B848B
:10E740007F52CBBD80529C848152E4D88252E3D860
:10E7500083529D8484529E8485529F848652A084D5
:10E760008752A1848852FCC58952A2848A52A3840C
:10E770008B52A4848C52A5848D52A6848E52A78479
:10E780008F52A8849052E5D89152A9849252AA84BB
:10E790009352E6D89452AB849552AC849652AD8491
:10E7A0009752AE849852AF849952B0849A52B184F1
:10E7B0009B52A6C19C52B2849D52B0C89E52ECB0EE
:10E7C0009F52A6B9A052D3BCA152F1CEA252BDDB3A
:10E7D000A352D3C1A452B384A552B484A652B58423
:10E7E000A752B684A852AFB6A952FAD6AA52ACC55F
:10E7F000AB52D9BDAC52BEDBAD52BFDBAE52B7841B
:10E80000AF52B884B052B984B152F8C0B252A2BE6D
:10E81000B352CDC0B452BA84B552BB84B652BC8494
:10E82000B752BD84B852BE84B952BF84BA52C084B4
:10E83000BB52C184BC52C284BD52C384BE52C0DB31
:10E84000BF52C6CAC052C484C152C584C252C68413
:10E85000C352AAB2C452C784C552C884C652C9841E
:10E86000C752C2D3C852CA84C952E3C3CA52CB8466
:10E87000CB52ABD1CC52CC84CD52CD84CE52CE84AF
:10E88000CF52CF84D052C2DBD152D084D252D5C025
:10E89000D352D184D452D284D552D384D652C3DB3E
:10E8A000D752D484D852B1BFD952D584DA52D68443
:10E8B000DB52D784DC52D884DD52D984DE52DA842C
:10E8C000DF52BCC4E052DB84E152DC84E252DD84DE
:10E8D000E352DE84E452DAC7E552DF84E652E08494
:10E8E000E752E184E852E284E952E384EA52E484A4
:10E8F000EB52E584EC52E684ED52E784EE52E88474
:10E90000EF52E984F052C4DBF152EA84F252EB8414
:10E91000F352EC84F452ED84F552EE84F652EF8417
:10E92000F752F084F852F184F952E8D9FA52D7C973
:10E93000FB52F284FC52F384FD52F484FE52B4B9CB
:10E94000FF52F0CE0053C8D40153F5840253F6842D
:10E950000353F7840453F8840553FCB00653D2B430
:10E960000753F9840853D9D00953FA840A53FB8416
:10E970000B53FC840C53FD840D53E9D90E53FE84D4
:10E980000F53CBDE1053EBD9115340851253418501
:10E9900013534285145343851553B0D81653AFBB58
:10E9A0001753B1B1185344851953D7B31A53CED85E
:10E9B0001B5345851C5346851D53D1D41E53478593
:10E9C0001F5348852053B3BD2153EFBF22534985C0
:10E9D0002353BBCF24534A8525534B852653D0D888
:10E9E00027534C8528534D8529534E852A53CBB741
:10E9F0002B534F852C5350852D5351852E53D1D8F1
:10EA00002F53528530535385315354853253558596
:10EA10003353568534535785355358853653598566
:10EA200037535A8538535B853953A5C63A53F8C7CF
:10EA30003B53BDD23C535C853D535D853E53D2D89C
:10EA40003F53E4C440535E854153AECA42535F8591
:10EA50004353A7C7445360854553A6D846536185A1
:10EA60004753FDC94853E7CE4953DCBB4A53EBB08B
:10EA70004B5362854C5363854D5364854E53AABBFB
:10EA80004F53ADD0505365855153B0B15253E4D775
:10EA90005353BFD7545366855553A5B55653F4C247
:10EAA0005753CFC458536785595368855A53A9B2F1
:10EAB0005B5369855C53B7B25D536A855E53E5B1BC
:10EAC0005F53B2DF6053BCD56153A8BF6253ACC281
:10EAD0006353D5D86453B1C265536B856653D4D89C
:10EAE0006753D4CE68536C856953E0DA6A536D85F9
:10EAF0006B53C0CE6C536E856D536F856E53B4D817
:10EB00006F53AEC37053A1D37153A3CE72537085AC
:10EB10007353B4BC7453B4C87553D1C27653718562
:10EB20007753EDBE7853B6D0795372857A53E1DAD4
:10EB30007B5373857C5374857D5375857E537685B1
:10EB40007F53E4C780537785815378858253A7B379
:10EB5000835379858453F2B68553FCCC8653FAC02F
:10EB600087537A8588537B858953F7C08A537C8580
:10EB70008B53B9D18C53E1D18D53C7D88E537D853A
:10EB80008F537E85905380859153818592538285E2
:10EB900093538385945384859553DEB2965385852C
:10EBA000975386859853E5C0995387859A53F1BA50
:10EBB0009B5388859C5389859D53C8D89E538A85CD
:10EBC0009F53ADD4A0538B85A1538C85A253E1CF25
:10EBD000A353C9D8A4538D85A553CAD8A653C3CF70
:10EBE000A7538E85A853F8B3A953C7BEAA538F85E0
:10EBF000AB539085AC539185AD539285AE53CBD832
:10EC0000AF539385B0539485B1539585B253968590
:10EC1000B3539785B4539885B5539985B653CCDBD8
:10EC2000B7539A85B8539B85B9539C85BA539D8534
:10EC3000BB53A5C8BC539E85BD539F85BE53A085BD
:10EC4000BF53D8CFC053A185C153FEC8C253CEB263
:10EC5000C353A285C453A385C553A485C653A585B4
:10EC6000C753A685C853D6D3C953E6B2CA53B0BC5E
:10EC7000CB53D1D3CC53ABCBCD53B4B7CE53A78565
:10EC8000CF53A885D053A985D153A2B7D253AA8513
:10EC9000D353AB85D453E5CAD553AC85D653A1C85D
:10ECA000D753DCCAD853E4B1D953F0D0DA53AD8589
:10ECB000DB53D1C5DC53AE85DD53AF85DE53B08564
:10ECC000DF53C5DBE053FEB5E153B185E253B285B6
:10ECD000E353DABFE453C5B9E553E4BEE653EDC1EF
:10ECE000E753B385E853B6DFE953B5DFEA53BBD644
:10ECF000EB53D0BDEC53D9D5ED53C8B0EE53A3B60A
:10ED0000EF53C9BFF053A8CCF153B3DFF253B7CAE6
:10ED1000F353D2D3F453B485F553CFD8F653B6D2C8
:10ED2000F753C5BAF853BECBF953BECCFA53B585E9
:10ED3000FB53B7DFFC53F0B5FD53B4DFFE53B6858C
:10ED4000FF53B7850054B8850154F5D30254B985F3
:10ED50000354D4B30454F7B80554BA850654BADF43
:10ED60000754BB850854CFBA0954AABC0A54F5B558
:10ED70000B54BC850C54ACCD0D54FBC30E54F3BAEC
:10ED80000F54F4C01054C2CD1154F2CF1254B8DF56
:10ED90001354C5CF1454BD851554C0C21654B9DFE1
:10EDA0001754F0C21854BE851954BF851A54C08533
:10EDB0001B54FDBE1C54C1851D54DFC11E54CCCD57
:10EDC0001F54F7D22054CDB72154C1DF2254C2853D
:10EDD0002354C4DF2454C3852554C4852654F1B775
:10EDE0002754C9B02854D6B62954D4B72A54C58557
:10EDF0002B54ACBA2C54FDCC2D54D4BF2E54B1CBD3
:10EE00002F54F4C63054C6853154A8D63254C5DFC9
:10EE10003354C7853454E2CE3554B3B33654C88521
:10EE20003754C9853854FCCE3954B5B43A54CA85E0
:10EE30003B54C7CE3C54F0BA3D54CB853E54E1CE52
:10EE40003F54CC854054BDD14154CD854254CE85EC
:10EE50004354C0DF4454CF854554D0854654F4B460
:10EE60004754D1854854CAB34954D2854A54E6B868
:10EE70004B54BBDF4C54D3854D54D4854E54D5856B
:10EE80004F54D6855054C5C45154D7855254BCDF15
:10EE90005354BDDF5454BEDF5554BBC55654BFDF79
:10EEA0005754C2DF5854B1D45954C3DF5A54D8858B
:10EEB0005B54BAC75C54D8CE5D54D9855E54DA85AC
:10EEC0005F54DB856054DC856154DD856254D8C4B1
:10EED0006354DE856454CADF6554DF856654CFDF32
:10EEE0006754E0856854DCD66954E1856A54E2854C
:10EEF0006B54E3856C54E4856D54E5856E54E6856A
:10EF00006F54E7857054E8857154C9DF7254DADFB5
:10EF10007354B6CE7454E9857554C7BA7654CEDFAF
:10EF20007754C8DF7854DEC57954EA857A54EB8586
:10EF30007B54EBC97C54F4BA7D54FCC37E54EC85FD
:10EF40007F54ED858054D7BE8154EE858254C6DF50
:10EF50008354EF858454CDDF8554F0858654D8C51D
:10EF60008754F1858854F2858954F3858A54F48551
:10EF70008B54A6D58C54CDBA8D54F5858E54CCBE09
:10EF80008F54BDD39054C0B89154F6859254E4D6B2
:10EF90009354F7859454C7DF9554BEB99654A7BFD0
:10EFA0009754F8859854F9859954FCC19A54CBDF4D
:10EFB0009B54CCDF9C54FA859D54D0DF9E54FB8536
:10EFC0009F54FC85A054FD85A154FE85A254408623
:10EFD000A354DBDFA454E5DFA5544186A654D7DF54
:10EFE000A754D6DFA854C9D7A954E3DFAA54E4DF55
:10EFF000AB54EBE5AC54A7D2AD54D2DFAE5442864D
:10F00000AF54A9BFB0544386B154DBD4B254448644
:10F01000B354C8BFB454D4DFB5544586B6544686FD
:10F02000B7544786B854CCCFB9544886BA544986A9
:10F03000BB54DDDFBC544A86BD54CAD1BE544B8696
:10F04000BF54DEDFC054A7B0C154B7C6C254D3DF2B
:10F05000C3544C86C454E5BAC5544D86C654DFB675
:10F06000C754DBCDC854FEB9C954D5D4CA544E8652
:10F07000CB544F86CC54DFDFCD54ECCFCE54A5B06B
:10F08000CF54E7DFD054D1DFD154C6D1D254D5DF2D
:10F09000D354D8DFD454D9DFD554DCDFD6545086CE
:10F0A000D754A9BBD8545186D954E0DFDA54E1DFF4
:10F0B000DB545286DC54E2DFDD54E6DFDE54E8DF69
:10F0C000DF54B4D3E0545386E1545486E254558659
:10F0D000E3545686E4545786E554E7B8E654B6C57B
:10F0E000E754EADFE854DAC9E954A8C1EA54C4C4D1
:10F0F000EB545886EC545986ED54DEBFEE54F8CFED
:10F10000EF545A86F0545B86F1545C86F254DCD599
:10F11000F354EEDFF4545D86F5545E86F6545F8654
:10F12000F7546086F8546186F9546286FA54B8B28E
:10F13000FB546386FC54DFBAFD54ECDFFE54648656
:10F14000FF54C1DB005565860155E4D10255668642
:10F150000355678604556886055569860655F4CBC0
:10F160000755BDB408556A860955A6B00A556B8681
:10F170000B556C860C556D860D556E860E556F863B
:10F180000F55F1DF1055C6CC1155F2DF12557086C0
:10F19000135571861455EDDF155572861655738615
:10F1A0001755748618557586195576861A557786BB
:10F1B0001B55E9DF1C5578861D5579861E557A86C4
:10F1C0001F557B862055EBDF21557C862255EFDFCE
:10F1D0002355F0DF2455BDBB25557D8626557E86FB
:10F1E0002755F3DF28558086295581862A55F4DF77
:10F1F0002B5582862C55A3BB2D5583862E55DBCAF5
:10F200002F55A8CE3055A7E03155AAB33255848684
:10F210003355A6E03455858635558686365587861E
:10F220003755A1E038558886395589863A558A86FA
:10F230003B558B863C55FEDF3D558C863E55D9CDE2
:10F240003F55FCDF40558D864155FADF42558E868D
:10F250004355D0BF4455C4D745558F864655CCC974
:10F2600047559086485591864955F8DF4A55A1B0D3
:10F270004B5592864C5593864D5594864E559586A2
:10F280004F5596865055FDDF5155978652559886B5
:10F290005355998654559A865555FBDF5655A2E02D
:10F2A00057559B8658559C8659559D865A559E861E
:10F2B0005B559F865C55A8E05D55A0865E55A1868E
:10F2C0005F55A2866055A3866155C8B76255A4866E
:10F2D0006355A5866455A1C66555B6C96655B2C0C5
:10F2E0006755F5DF6855A6866955A7866A55BEC578
:10F2F0006B55A8866C55C4D86D55F9DF6E55F6C4AC
:10F300006F55A9867055AA867155AB867255AC8625
:10F310007355AD867455AE867555A3E07655A4E059
:10F320007755A5E07855A5D07955AF867A55B08642
:10F330007B55B4E07C55E4CC7D55B1867E55B1E07B
:10F340007F55B2868055A6BF8155AFE08255B9CEB4
:10F350008355ABE08455C6C98555B3868655B486BA
:10F360008755AEC08855AEE08955EDBA8A55B0BA1A
:10F370008B55A9E08C55B5868D55B6868E55B786CA
:10F380008F55F6DF9055B8869155B3E09255B98602
:10F390009355BA869455B8E09555BB869655BC866C
:10F3A0009755BD869855ADB49955B9E09A55BE8626
:10F3B0009B55BF869C55B2CF9D55C8BA9E55C086F9
:10F3C0009F55B0E0A055C186A155C286A255C386FF
:10F3D000A355C486A455C586A555C686A655C78619
:10F3E000A755FAD0A855C886A955C986AA55CA8670
:10F3F000AB55CB86AC55CC86AD55CD86AE55CE86BD
:10F40000AF55CF86B055D086B155ACE0B255D18658
:10F41000B355FBD4B455D286B555F7DFB655D38670
:10F42000B755E7C5B855D486B955ADE0BA55D586B8
:10F43000BB55F7D3BC55D686BD55B6E0BE55B7E033
:10F44000BF55D786C055D886C155D986C255DA86EC
:10F45000C355DB86C455C4E0C555E1D0C655DC862E
:10F46000C755DD86C855DE86C955BCE0CA55DF865E
:10F47000CB55E086CC55C9E0CD55CAE0CE55E186E6
:10F48000CF55E286D055E386D155BEE0D255AAE0ED
:10F49000D355A4C9D455C1E0D555E486D655B2E0BC
:10F4A000D755E586D855E686D955E786DA55E886F4
:10F4B000DB55E986DC55C8CADD55C3E0DE55EA8672
:10F4C000DF55B5E0E055EB86E155CBCEE255EC8655
:10F4D000E355C3CBE455CDE0E555C6E0E655C2E0C3
:10F4E000E755ED86E855CBE0E955EE86EA55BAE0FA
:10F4F000EB55BFE0EC55C0E0ED55EF86EE55F086DC
:10F50000EF55C5E0F055F186F155F286F255C7E0AA
:10F51000F355C8E0F455F386F555CCE0F655F4867E
:10F52000F755BBE0F855F586F955F686FA55F78696
:10F53000FB55F886FC55F986FD55D4CBFE55D5E034
:10F54000FF55FA860056D6E00156D2E00256FB86F9
:10F550000356FC860456FD860556FE8606564087F1
:10F56000075641870856D0E00956CEBC0A56428756
:10F570000B5643870C56D1E00D5644870E56C2B841
:10F580000F56C5D8105645871156468712564787DD
:10F59000135648871456498715564A8716564B877F
:10F5A00017564C871856EAD019564D871A564E876B
:10F5B0001B56EFC21C564F871D5650871E56CFE074
:10F5C0001F56BDE020565187215652872256538739
:10F5D0002356D4E02456D3E0255654872656558723
:10F5E0002756D7E028565687295657872A565887D0
:10F5F0002B5659872C56DCE02D56D8E02E565A87CC
:10F600002F565B8730565C873156F6D63256B0B3EC
:10F6100033565D873456ECD735565E873656BBCBAE
:10F6200037565F87385660873956DAE03A56618731
:10F630003B56FBCE3C5662873D5663873E566487F9
:10F640003F56D9BA40566587415666874256678706
:10F65000435668874456698745566A8746566B877E
:10F6600047566C8748566D8749566E874A566F874E
:10F670004B5670874C56E1E04D56DDE04E56ADD20C
:10F680004F567187505672875156738752567487FA
:10F69000535675875456E2E0555676875656778707
:10F6A0005756DBE05856D9E05956DFE05A5678876E
:10F6B0005B5679875C56E0E05D567A875E567B87BD
:10F6C0005F567C8760567D8761567E876256DEE096
:10F6D000635680876456E4E0655681876656828764
:10F6E000675683876856F7C66956ACD86A56EBD416
:10F6F0006B56E6E06C56C9CA6D5684876E56858790
:10F700006F568687705687877156E5E072568887F0
:10F710007356898774568A8775568B877656C1B813
:10F7200077568C8778568D8779568E877A568F874D
:10F730007B56E7E07C56E8E07D5690877E569187C1
:10F740007F569287805693878156948782569587F5
:10F7500083569687845697878556E9E08656E3E078
:10F76000875698878856998789569A878A569B879D
:10F770008B569C878C569D878D569E878E56BFBA1A
:10F780008F56E7CC90569F879156A0879256A187B7
:10F790009356EAE09456A2879556A3879656A48777
:10F7A0009756A5879856A6879956A7879A56A887E9
:10F7B0009B56A9879C56AA879D56AB879E56AC87B9
:10F7C0009F56AD87A056AE87A156AF87A256B08789
:10F7D000A356F9CFA456B187A556B287A656B387CC
:10F7E000A756B487A856B587A956B687AA56B7872D
:10F7F000AB56B887AC56B987AD56BA87AE56BB87FD
:10F80000AF56EBE0B056BC87B156BD87B256BE8747
:10F81000B356BF87B456C087B556C187B656C287A0
:10F82000B756C2C8B856C387B956C487BA56C58733
:10F83000BB56C687BC56C0BDBD56C787BE56C88717
:10F84000BF56C987C056CA87C156CB87C256CC8718
:10F85000C356CD87C456CE87C556CF87C656D087E8
:10F86000C756D187C856D287C956D387CA56D2C47D
:10F87000CB56D487CC56D587CD56D687CE56D7878C
:10F88000CF56D887D056D987D156DA87D256DB875C
:10F89000D356DC87D456ECE0D556DD87D656DE87C6
:10F8A000D756EDE0D856DF87D956E087DA56F4C749
:10F8B000DB56C4CBDC56E187DD56EEE0DE56D8BB26
:10F8C000DF56B6D8E056F2D2E156EFE0E256C5CDAB
:10F8D000E356E287E456DAB6E556E387E656E48770
:10F8E000E756E587E856E687E956E787EA56E88768
:10F8F000EB56F1E0EC56E987ED56B0D4EE56EA87C8
:10F90000EF56EB87F056A7C0F156D1B4F256EC870C
:10F91000F356ED87F456A7CEF556F0E0F656EE878F
:10F92000F756EF87F856F087F956F2E0FA56CCB959
:10F93000FB56F187FC56F287FD56FAB9FE56BCCD50
:10F94000FF56F3E00057F3870157F4870257F58716
:10F950000357D4C60457F4E00557F6870657B2D4C8
:10F960000757F7870857A6C80957F6E00A57F5E082
:10F970000B57F8870C57F9870D57FA870E57FB87F7
:10F980000F57FC871057FD871157FE871257408885
:10F99000135741881457428815574388165744888F
:10F9A0001757458818574688195747881A5748885F
:10F9B0001B5749881C57F7E01D574A881E574B882C
:10F9C0001F57C1CD20574C8821574D8822574E884C
:10F9D0002357A5CA24574F88255750882657518842
:10F9E000275752882857DAD42957D7DB2A57D9DB2B
:10F9F0002B5753882C57D8DB2D57E7B92E57DCDB14
:10FA00002F57DDDB3057D8B53157548832575588DA
:10FA10003357DADB34575688355757883657588866
:10FA20003757598838575A883957DBDB3A57A1B3CB
:10FA30003B57DFDB3C575B883D575C883E57F8BB44
:10FA40003F575D884057B7D641575E884257E0DB45
:10FA500043575F8844576088455761884657628896
:10FA60004757F9BE48576388495764884A57BBB718
:10FA70004B5765884C57D0DB4D57AECC4E57B2BF75
:10FA80004F57B5BB5057F8D75157D3BF5257668819
:10FA900053576788545768885557698856576A88F6
:10FAA0005757E9BF58576B8859576C885A57E1BC6C
:10FAB0005B57B3CC5C57DEDB5D57D3B05E57EBCE04
:10FAC0005F57D8B76057B9D76157C2C662576D88BC
:10FAD00063576E886457A4C065576F886657B9CC62
:10FAE000675770886857E7DB6957E1DB6A57BAC622
:10FAF0006B57E3DB6C5771886D57E8DB6E57728884
:10FB00006F57F7C570577388715774887257758827
:10FB10007357EADB74577688755777887657E9DB31
:10FB20007757C0BF78577888795779887A577A8815
:10FB30007B57E6DB7C57E5DB7D577B887E577C88EF
:10FB40007F577D8880577E88815780888257B9B4D7
:10FB50008357ACC08457A2C28557E2DB8657E4DBEB
:10FB60008757818888578288895783888A578488ED
:10FB70008B57CDD08C57EDDB8D5785888E57868877
:10FB80008F57878890578888915789889257DDC00A
:10FB90009357F2DB94578A8895578B8896578C88B1
:10FBA00097578D8898578E8899578F889A5790883D
:10FBB0009B57E2B69C5791889D5792889E57938891
:10FBC0009F579488A057F3DBA157D2DBA257B8B94F
:10FBD000A357ABD4A457ECDBA5579588A657D1BF44
:10FBE000A757F0DBA8579688A957D1DBAA57978863
:10FBF000AB57E6B5AC579888AD57EBDBAE57E5BFD2
:10FC0000AF579988B0579A88B1579B88B257EEDBA7
:10FC1000B3579C88B457F1DBB5579D88B6579E887B
:10FC2000B7579F88B857F9DBB957A088BA57A1884A
:10FC3000BB57A288BC57A388BD57A488BE57A588C8
:10FC4000BF57A688C057A788C157A888C257A1B96F
:10FC5000C357A3B0C457A988C557AA88C657AB884D
:10FC6000C757AC88C857AD88C957AE88CA57AF8840
:10FC7000CB57F1C2CC57B088CD57B188CE57C7B358
:10FC8000CF57EFDBD057B288D157B388D257F8DBC4
:10FC9000D357B488D457D2C6D557F4DBD657B588D6
:10FCA000D757B688D857F5DBD957F7DBDA57F6DBE5
:10FCB000DB57B788DC57B888DD57FEDBDE57B988DD
:10FCC000DF57F2D3E057BAB2E157BA88E257BB88A0
:10FCD000E357BC88E457FDDBE557BD88E657BE888F
:10FCE000E757BF88E857C088E957C188EA57C288F4
:10FCF000EB57C388EC57C488ED57A4DCEE57C58892
:10FD0000EF57FBDBF057C688F157C788F257C88812
:10FD1000F357C988F457FADBF557CA88F657CB88EA
:10FD2000F757CC88F857FCDBF957E0C5FA57F9BB11
:10FD3000FB57CD88FC57CE88FD57A3DCFE57CF88F4
:10FD4000FF57D0880058A5DC0158D1880258C3CC91
:10FD50000358D2880458D3880558D4880658D1B699
:10FD60000758C0DD0858D5880958D6880A58D7885A
:10FD70000B58A1DC0C58D8880D58A2DC0E58D98835
:10FD80000F58DA881058DB881158B5C71258DC882C
:10FD90001358DD881458DE881558E9B61658DF88E0
:10FDA0001758E0881858E1881958A7DC1A58E288D3
:10FDB0001B58E3881C58E4881D58E5881E58A6DCAB
:10FDC0001F58E6882058A9DC2158A4B12258E7889A
:10FDD0002358E8882458CCB52558E9882658EA885D
:10FDE0002758EB882858EC882958ED882A58B0BF46
:10FDF0002B58EE882C58EF882D58F0882E58F18813
:10FE00002F58F2883058DFD13158F3883258F488AF
:10FE10003358F5883458F6883558C2B63658F788BE
:10FE20003758F8883858F9883958FA883A58FB888A
:10FE30003B58FC883C58FD883D58FE883E58408918
:10FE40003F58418940584289415843894258448922
:10FE5000435845894458A8DC45584689465847893F
:10FE6000475848894858498949584A894A584B89C6
:10FE70004B584C894C58FACB4D58F3EB4E584D89A2
:10FE80004F584E8950584F895158DCCB52585089A1
:10FE9000535851895458FECB555852895658538956
:10FEA000575854895858C1CC595855895A58568969
:10FEB0005B5857895C5858895D5859895E58FBC80A
:10FEC0005F585A8960585B8961585C8962585D89BE
:10FED00063585E8964585F896558AADC66586089F2
:10FEE0006758618968586289695863896A58648962
:10FEF0006B58EECC6C58ABDC6D5865896E586689D2
:10FF00006F586789705868897158698972586A8909
:10FF100073586B8974586C8975586D8976586E89D9
:10FF200077586F8978587089795871897A587289A9
:10FF30007B5873897C5874897D5875897E58D3DBCA
:10FF40007F5876898058AFDC8158ACDC825877893D
:10FF50008358B3BE845878898558FBCA86587989F6
:10FF600087587A8988587B898958ADDC8A587C897A
:10FF70008B587D898C587E898D5880898E588189CF
:10FF80008F58828990588389915884899258CAC918
:10FF90009358B9C494588589955886899658878905
:10FFA00097588889985889899958BDC79A58AEDC5E
:10FFB0009B588A899C588B899D588C899E58F6D469
:10FFC0009F58E6D0A0588D89A1588E89A2588F8954
:10FFD000A3589089A4589189A5589289A6589389C5
:10FFE000A7589489A858ABC4A958D5B6AA589589DA
:10FFF000AB589689AC589789AD589889AE5899896D
:020000040803EF
:10000000AF589A89B0589B89B1589C89B2589D893C
:10001000B3589E89B4589F89B558A089B658A1890C
:10002000B758A289B858A389B958A489BA58A589DC
:10003000BB58A689BC58D4DBBD58A789BE58A8892F
:10004000BF58A989C058AA89C158DAB1C258AB892A
:10005000C358AC89C458AD89C558D5DBC658AE89DC
:10006000C758AF89C858B089C958B189CA58B28928
:10007000CB58B389CC58B489CD58B589CE58B689F8
:10008000CF58B789D058B889D158D6DBD258B9895A
:10009000D358BA89D458BB89D558BEBAD658BC896A
:1000A000D758BD89D858BE89D958BF89DA58C08970
:1000B000DB58C189DC58C289DD58C389DE58C48940
:1000C000DF58C589E058C689E158C789E258C88910
:1000D000E358C989E458C0C8E558CA89E658CB89AD
:1000E000E758CC89E858CD89E958CE89EA58CF89B4
:1000F000EB58BFCAEC58C9C8ED58D089EE58B3D7F1
:10010000EF58D189F058F9C9F158D289F258D389FA
:10011000F358C7BFF458D489F558D589F658F8BABA
:10012000F758D689F858D789F958BCD2FA58D889DF
:10013000FB58D989FC58DA89FD58DB89FE58DC89DF
:10014000FF58DD890059DE890159DF890259BAE279
:100150000359E0890459A6B40559E1890659E28991
:100160000759B8B10859E3890959E4890A59E58959
:100170000B59E6890C59E7890D59B4B80E59E8892D
:100180000F59C4CF1059E9891159EA891259EB89DD
:100190001359EC891459E7D91559A6CF1659E2CD50
:1001A0001759ED891859EE891959EDD91A59E0B640
:1001B0001B59EF891C59B9D21D59F0891E59F18973
:1001C0001F59BBB92059F2892159F3892259F48961
:1001D0002359F5892459B9E22559B7E22659F689F8
:1001E0002759F3B42859F7892959ECCC2A59ABCCB3
:1001F0002B59F2B72C59F8892D59B2D82E59EBD179
:100200002F59BBBA3059F9893159A7CA3259FA89DD
:100210003359FB893459B7CD3559FC893659FD8995
:100220003759C4D23859E4BF3959D0BC3A59E1B62C
:100230003B59FE893C59C5DE3D59408A3E59418AA9
:100240003F59428A4059438A4159C6DE4259BCDB74
:100250004359448A4459D9D14559458A4659468A11
:100260004759E6C64859CEC44959EEB74A59478A54
:100270004B59DCB74C59488A4D59498A4E59FCBFF5
:100280004F59E0D750594A8A5159F5C652594B8AAD
:1002900053594C8A5459BCB15559C8DE5659B1BD51
:1002A0005759D7CC5859CADE59594D8A5A59C9DEBF
:1002B0005B594E8A5C594F8A5D59508A5E59518A02
:1002C0005F59528A6059ECB56159538A6259DDC948
:1002D0006359548A6459558A6559C2B06659568A19
:1002E0006759578A6859588A6959598A6A595A8A7E
:1002F0006B595B8A6C595C8A6D595D8A6E595E8A4E
:100300006F595F8A7059608A7159618A7259628A1D
:100310007359AEC57459ABC57559638A7659CCC447
:100320007759648A7859E9BC7959FDCB7A59658A3D
:100330007B59668A7C59678A7D59C3BA7E59688A17
:100340007F59698A80596A8A8159F9E58259E7C8D3
:100350008359FAE58459FDCD85596B8A8659B1D701
:100360008759BEB88859E8C289596C8A8A59D1C858
:100370008B596D8A8C596E8A8D59FBE58E596F8A1F
:100380008F59708A9059718A9159728A9259CAB656
:100390009359CBBC9459738A9559748A9659FDD157
:1003A0009759A1E69859758A9959EEC39A59768A50
:1003B0009B59778A9C59788A9D59798A9E59A4E6D7
:1003C0009F597A8AA0597B8AA1597C8AA2597D8A31
:1003D000A359FEE5A459A5E6A559D7CDA6597E8A0D
:1003E000A759808AA859C1B7A959FCE5AA59FDE5C2
:1003F000AB59A3E6AC59818AAD59828AAE59DDC4A6
:10040000AF59A8E6B059838AB159848AB259A7E690
:10041000B359858AB459868AB559878AB659888A64
:10042000B759898AB8598A8AB959C3C3BA598B8AC4
:10043000BB59DEC6BC598C8ABD598D8ABE59AAE605
:10044000BF598E8AC0598F8AC159908AC259918AE0
:10045000C359928AC459938AC559948AC659B7C454
:10046000C759958AC859968AC959978ACA59A2E61E
:10047000CB59BCCACC59988ACD59998ACE599A8AF7
:10048000CF599B8AD059E3BDD159C3B9D259A6E6F9
:10049000D359D5D0D459AFCED5599C8AD6599D8A37
:1004A000D759A9E6D859B0E6D9599E8ADA59A6D2C1
:1004B000DB599F8ADC59AABDDD59ADE6DE59A08A19
:1004C000DF59A18AE059A28AE159A38AE259A48A94
:1004D000E359AFE6E459A58AE559D1C0E659A68AA1
:1004E000E759A78AE859CCD2E959A88AEA59A98AD2
:1004F000EB59AA8AEC59A7BCED59AB8AEE59AC8AE4
:10050000EF59AD8AF059AE8AF159AF8AF259B08AE3
:10051000F359B18AF459B28AF559B38AF659B48AB3
:10052000F759B58AF859B68AF959B1E6FA59B78A2E
:10053000FB59F6D2FC59B88AFD59B98AFE59BA8AD4
:10054000FF59CBD7005ABB8A015AFECD025ABC8A4A
:10055000035ADECD045AA6C2055AABE6065AACE6EB
:10056000075ABFBD085AAEE6095AB3E60A5ABD8A11
:100570000B5ABE8A0C5AB2E60D5ABF8A0E5AC08A6E
:100580000F5AC18A105AC28A115AB6E6125AC38A41
:10059000135AB8E6145AC48A155AC58A165AC68A16
:1005A000175AC78A185AEFC4195AC88A1A5AC98AD8
:1005B0001B5ACA8A1C5AC8C41D5ACB8A1E5ACC8AD6
:1005C0001F5AEABE205AEFC9215ACD8A225ACE8A32
:1005D000235AB7E6245ACF8A255AF0B6265AD08A2B
:1005E000275AD18A285AD28A295AE4C32A5AD38A46
:1005F0002B5AD48A2C5AD58A2D5AD68A2E5AD78A63
:100600002F5AD88A305AD98A315AE9D3325AB4E6A5
:10061000335ADA8A345AB5E6355ADB8A365AA2C8D2
:10062000375ADC8A385ADD8A395ADE8A3A5ADF8AE2
:100630003B5AE08A3C5ABDE63D5AE18A3E5AE28A7C
:100640003F5AE38A405AB9E6415AE48A425AE58A57
:10065000435AE68A445AE78A455AE88A465AC5C642
:10066000475AE98A485AEA8A495AF1CD4A5ABBE6BA
:100670004B5AEB8A4C5AEC8A4D5AED8A4E5AEE8A06
:100680004F5AEF8A505AF08A515AF18A525AF28AD6
:10069000535AF38A545AF48A555ABCE6565AF58A84
:1006A000575AF68A585AF78A595AF88A5A5AE9BB59
:1006B0005B5AF98A5C5AFA8A5D5AFB8A5E5AFC8A4E
:1006C0005F5AFD8A605AFE8A615A408B625ABEE6C2
:1006D000635A418B645A428B655A438B665A448BEA
:1006E000675ABAE6685A458B695A468B6A5AB7C048
:1006F0006B5A478B6C5A488B6D5A498B6E5A4A8B92
:100700006F5A4B8B705A4C8B715A4D8B725A4E8B61
:10071000735A4F8B745AA4D3755ABFE6765AF4C9EC
:10072000775AC3E6785A508B795A518B7A5AC4E675
:100730007B5A528B7C5A538B7D5A548B7E5A558BE5
:100740007F5AF6D0805A568B815A578B825A588BD3
:10075000835A598B845A5A8B855A5B8B865A5C8B89
:10076000875A5D8B885A5E8B895A5F8B8A5A608B59
:100770008B5A618B8C5A628B8D5A638B8E5A648B29
:100780008F5A658B905A668B915A678B925ABDC36C
:10079000935A688B945A698B955A6A8B965A6B8BCD
:1007A000975A6C8B985A6D8B995A6E8B9A5AC4C310
:1007B0009B5AC2E69C5A6F8B9D5A708B9E5A718BC6
:1007C0009F5A728BA05A738BA15A748BA25A758B45
:1007D000A35A768BA45A778BA55A788BA65A798B15
:1007E000A75A7A8BA85A7B8BA95A7C8BAA5AC1E646
:1007F000AB5A7D8BAC5A7E8BAD5A808BAE5A818BB7
:10080000AF5A828BB05A838BB15A848BB25AC7E6E7
:10081000B35AB1CFB45A858BB55AF4EBB65A868B1E
:10082000B75A878BB85ACAE6B95A888BBA5A898B95
:10083000BB5A8A8BBC5A8B8BBD5A8C8BBE5AC5E671
:10084000BF5A8D8BC05A8E8BC15ADEBCC25AA9C901
:10085000C35A8F8BC45A908BC55A918BC65A928BB0
:10086000C75A938BC85A948BC95AB5BCCA5A958B30
:10087000CB5A968BCC5AD3CFCD5A978BCE5A988BD6
:10088000CF5A998BD05A9A8BD15A9B8BD25AC8E6A1
:10089000D35A9C8BD45AC9E6D55A9D8BD65ACEE6EC
:1008A000D75A9E8BD85AD0E6D95A9F8BDA5AA08B4A
:1008B000DB5AA18BDC5AD1E6DD5AA28BDE5AA38B20
:1008C000DF5AA48BE05ACBE6E15AD5B5E25AA58BA4
:1008D000E35ACCE6E45AA68BE55AA78BE65ACFE654
:1008E000E75AA88BE85AA98BE95ADBC4EA5AAA8BC3
:1008F000EB5AC6E6EC5AAB8BED5AAC8BEE5AAD8B8D
:10090000EF5AAE8BF05AAF8BF15ACDE6F25AB08B5C
:10091000F35AB18BF45AB28BF55AB38BF65AB48BA7
:10092000F75AB58BF85AB68BF95AB78BFA5AB88B77
:10093000FB5AB98BFC5ABA8BFD5ABB8BFE5ABC8B47
:10094000FF5ABD8B005BBE8B015BBF8B025BC08B14
:10095000035BC18B045BC28B055BC38B065BC48BE3
:10096000075BC58B085BC68B095BD2E60A5BC78B4E
:100970000B5BC88B0C5BC98B0D5BCA8B0E5BCB8B87
:100980000F5BCC8B105BCD8B115BCE8B125BCF8B57
:10099000135BD08B145BD18B155BD28B165BD4E6CB
:1009A000175BD3E6185BD38B195BD48B1A5BD58BA3
:1009B0001B5BD68B1C5BD78B1D5BD88B1E5BD98BCF
:1009C0001F5BDA8B205BDB8B215BDC8B225BDD8B9F
:1009D000235BDE8B245BDF8B255BE08B265BE18B6F
:1009E000275BE28B285BE38B295BE48B2A5BE58B3F
:1009F0002B5BE68B2C5BE78B2D5BE88B2E5BE98B0F
:100A00002F5BEA8B305BEB8B315BEC8B325BD5E69B
:100A1000335BED8B345BF8D9355BEE8B365BEF8B5C
:100A2000375BD6E6385BF08B395BF18B3A5BF28B48
:100A30003B5BF38B3C5BF48B3D5BF58B3E5BF68B5A
:100A40003F5BF78B405BD7E6415BF88B425BF98BF2
:100A5000435BFA8B445BFB8B455BFC8B465BFD8BFE
:100A6000475BFE8B485B408C495B418C4A5B428C08
:100A70004B5B438C4C5B448C4D5B458C4E5B468C96
:100A80004F5B478C505BD3D7515BDDE6525B488CA4
:100A9000535BDEE6545BD7BF555BD0D4565B498CC5
:100AA000575BD6D7585BE6B4595BEFCB5A5BDAE6B7
:100AB0005B5BC3D85C5BCED75D5BA2D05E5B4A8CD0
:100AC0005F5BCFC3605B4B8C615B4C8C625BDFE632
:100AD000635BBEBC645BC2B9655BDBE6665BA7D1EA
:100AE000675B4D8C685B4E8C695BA2BA6A5BCFC258
:100AF0006B5B4F8C6C5BABD86D5B508C6E5B518CC1
:100B00006F5B528C705BEBCA715BEEE5725B538C72
:100B1000735BDCE6745B548C755BF5B7765B558C68
:100B2000775B568C785B578C795B588C7A5BE6C820
:100B30007B5B598C7C5B5A8C7D5BF5C47E5B5B8CEC
:100B40007F5B5C8C805BB2E5815BFEC4825B5D8C0D
:100B5000835BFCCB845BB3E5855BACD5865B5E8C4D
:100B6000875BEED3885BD8CA895BB2B08A5B5F8C47
:100B70008B5BCECB8C5BEACD8D5B608C8E5B618CAE
:100B80008F5BEABA905B628C915B638C925B648C46
:100B9000935BB5E5945B658C955BB4E5965B668C81
:100BA000975BDAD7985BD9B9995BE6D69A5BA8B61A
:100BB0009B5BF0CD9C5BCBD29D5BA6B19E5BB5CA27
:100BC0009F5B678CA05BE8B3A15BF3C9A25BCDBF61
:100BD000A35BFBD0A45BD2CAA55BB6E5A65BC2BB98
:100BE000A75B688CA85B698CA95B6A8CAA5BDCCF6D
:100BF000AB5BACB9AC5B6B8CAD5B6C8CAE5B6D8C8A
:100C0000AF5B6E8CB05BD7D4B15B6F8CB25B708C1A
:100C1000B35BA6BAB45BE7D1B55BFCCFB65BD2BC25
:100C2000B75B718CB85BB7E5B95BDDC8BA5B728C3A
:100C3000BB5B738CBC5B748CBD5BEDBFBE5BF6B104
:100C4000BF5BDECBC05B758CC15B768CC25BC5BC09
:100C5000C35B778CC45BC4BCC55BFAD2C65BDCC328
:100C6000C75BDCBFC85B788CC95B798CCA5B7A8C4C
:100C7000CB5B7B8CCC5BBBB8CD5B7C8CCE5B7D8C4B
:100C8000CF5B7E8CD05BC2C3D15B808CD25BAEBAB3
:100C9000D35BA2D4D45B818CD55B828CD65B838CF6
:100CA000D75B848CD85B858CD95B868CDA5B878C30
:100CB000DB5B888CDC5B898CDD5BDEC7DE5BAFC415
:100CC000DF5BECB2E05B8A8CE15BD1B9E25B8B8CE1
:100CD000E35B8C8CE45BBBE5E55BC8C1E65B8D8CBC
:100CE000E75B8E8CE85BAFD5E95B8F8CEA5B908C21
:100CF000EB5B918CEC5B928CED5B938CEE5BBCE5DB
:100D0000EF5B948CF05BBEE5F15B958CF25B968CAF
:100D1000F35B978CF45B988CF55B998CF65B9A8C03
:100D2000F75B9B8CF85BE7B4F95BD4B6FA5BC2CB9C
:100D3000FB5BB0D1FC5BBCB5FD5B9C8CFE5B9D8C12
:100D4000FF5BD9CA005C9E8C015CE2B7025C9F8CA1
:100D5000035CA08C045CE4C9055CA18C065CABBDA3
:100D6000075CA28C085CA38C095CBECE0A5CF0D741
:100D70000B5CA48C0C5CA58C0D5CA68C0E5CA78C0B
:100D80000F5CA1D0105CA88C115CD9C9125CA98C35
:100D9000135CAA8C145CFBB6155CD8E6165CE2BC4E
:100DA000175CAB8C185CBEB3195CAC8C1A5CD0C9F8
:100DB0001B5CAD8C1C5CD9E61D5CA2B31E5CAE8CCA
:100DC0001F5CAF8C205CB08C215CB18C225CCCDED3
:100DD000235CB28C245CC8D3255CCDDE265CB38C4E
:100DE000275CA2D2285CB48C295CB58C2A5CB68CBA
:100DF0002B5CB78C2C5CCEDE2D5CB88C2E5CB98C59
:100E00002F5CBA8C305CBB8C315CCDBE325CBC8C50
:100E1000335CBD8C345CCFDE355CBE8C365CBF8C05
:100E2000375CC08C385CACCA395CFCD23A5CDFB34E
:100E30003B5CEAE53C5CE1C43D5CA1BE3E5CB2CEFD
:100E40003F5CF2C4405CD6BE415CA8C6425CE3B2E3
:100E5000435CC18C445CC28C455CD3BE465CC38C95
:100E6000475CC48C485CFCC7495CEBCC4A5CECBD7D
:100E70004B5CDDCE4C5CC58C4D5CC68C4E5CBACAFE
:100E80004F5CC1C6505CECE5515CBCD0525CC78C79
:100E9000535CC88C545CC98C555CB9D5565CCA8C03
:100EA000575CCB8C585CCC8C595CEDE55A5CCD8C96
:100EB0005B5CCE8C5C5CCF8C5D5CD08C5E5CF4CA81
:100EC0005F5CD18C605CC0CD615CC5C2625CD28C61
:100ED000635CEFE5645CD38C655CC4C2665CF0E582
:100EE000675CD48C685CD58C695CD68C6A5CD78C6A
:100EF0006B5CD88C6C5CD98C6D5CDA8C6E5CF8E5C4
:100F00006F5CCDCD705CDB8C715CBDC9725CDC8CC0
:100F1000735CDD8C745CDE8C755CDF8C765CE08CE5
:100F2000775CE18C785CE28C795CD9D27A5CA8E160
:100F30007B5CE38C7C5CE48C7D5CE58C7E5CE68C8D
:100F40007F5CECD3805CE78C815CEACB825CF1C691
:100F5000835CE88C845CE98C855CEA8C865CEB8C39
:100F6000875CEC8C885CACE1895CED8C8A5CEE8CF7
:100F70008B5CEF8C8C5CA7E18D5CA9E18E5CF08CC6
:100F80008F5CF18C905CAAE1915CAFE1925CF28C99
:100F9000935CF38C945CEDB2955CF48C965CABE165
:100FA000975CDAB8985CADE1995CAEE19A5CB0E12F
:100FB0009B5CBAB59C5CB1E19D5CF58C9E5CF68C4B
:100FC0009F5CF78CA05CF88CA15CF98CA25CB3E10F
:100FD000A35CB8E1A45CFA8CA55CFB8CA65CFC8CE1
:100FE000A75CFD8CA85CFE8CA95CD2D1AA5C408D6C
:100FF000AB5CB6E1AC5CB5E1AD5CEBC1AE5C418D28
:10100000AF5C428DB05C438DB15CB7E1B25C448DA6
:10101000B35CC0D4B45C458DB55CB2E1B65C468DC2
:10102000B75CBAE1B85CB6B0B95C478DBA5C488DC4
:10103000BB5C498DBC5C4A8DBD5CB4E1BE5C4B8D34
:10104000BF5CF9BFC05C4C8DC15CB9E1C25C4D8D29
:10105000C35C4E8DC45CBBE1C55C4F8DC65C508DDE
:10106000C75C518DC85C528DC95C538DCA5C548D70
:10107000CB5CBEE1CC5C558DCD5C568DCE5C578D86
:10108000CF5C588DD05C598DD15C5A8DD25CBCE15F
:10109000D35C5B8DD45C5C8DD55C5D8DD65C5E8DE8
:1010A000D75C5F8DD85C608DD95CC5D6DA5C618D0C
:1010B000DB5C628DDC5C638DDD5C648DDE5C658D8C
:1010C000DF5C668DE05C678DE15CBFCFE25C688DC4
:1010D000E35C698DE45CBDE1E55CBFE1E65CCDC24B
:1010E000E75C6A8DE85CEBB6E95C6B8DEA5CF8D393
:1010F000EB5C6C8DEC5C6D8DED5CCDC7EE5C6E8D4C
:10110000EF5C6F8DF05CE5B7F15C708DF25C718D1A
:10111000F35C728DF45C738DF55C748DF65C758D8B
:10112000F75C768DF85C778DF95C788DFA5C798D5B
:10113000FB5CFEBEFC5C7A8DFD5C7B8DFE5C7C8D79
:10114000FF5C7D8D005D7E8D015D808D025DC0E167
:10115000035DC1E1045D818D055D828D065DC7E1A2
:10116000075DE7B3085D838D095D848D0A5D858D1C
:101170000B5D868D0C5D878D0D5D888D0E5DE9C6DE
:101180000F5D898D105D8A8D115D8B8D125D8C8D4B
:10119000135D8D8D145DDEB4155D8E8D165DC2D12F
:1011A000175D8F8D185D908D195D918D1A5D928DF3
:1011B0001B5DC8E11C5D938D1D5D948D1E5DC6E1B8
:1011C0001F5D958D205D968D215D978D225D988D9B
:1011D000235D998D245DC5E1255D9A8D265DC3E172
:1011E000275DC2E1285D9B8D295DC0B12A5D9C8D84
:1011F0002B5D9D8D2C5D9E8D2D5DB8D52E5DC4E142
:101200002F5D9F8D305DA08D315DA18D325DA28DF2
:10121000335DA38D345DCBE1355DA48D365DA58D49
:10122000375DA68D385DA78D395DA88D3A5DA98D96
:101230003B5DAA8D3C5DAB8D3D5DCCE13E5DCAE181
:101240003F5DAC8D405DAD8D415DAE8D425DAF8D3E
:10125000435DB08D445DB18D455DB28D465DB38D0E
:10126000475DFAEF485DB48D495DB58D4A5DD3E1C8
:101270004B5DD2E14C5DB6C74D5DB68D4E5DB78D11
:101280004F5DB88D505DB98D515DBA8D525DBB8D8E
:10129000535DBC8D545DBD8D555DBE8D565DBF8D5E
:1012A000575DC08D585DC9E1595DC18D5A5DC28DD4
:1012B0005B5DCEE15C5DC38D5D5DD0E15E5DC48D47
:1012C0005F5DC58D605DC68D615DC78D625DC88DDA
:1012D000635DC98D645DCA8D655DCB8D665DCC8DAA
:1012E000675DCD8D685DCE8D695DD4E16A5DCF8D22
:1012F0006B5DD1E16C5DCDE16D5DD08D6E5DD18DAD
:101300006F5DCFE1705DD28D715DD38D725DD48DD7
:10131000735DD58D745DD5E1755DD68D765DD78DA8
:10132000775DD88D785DD98D795DDA8D7A5DDB8DCD
:101330007B5DDC8D7C5DDD8D7D5DDE8D7E5DDF8D9D
:101340007F5DE08D805DE18D815DE28D825DD6E126
:10135000835DE38D845DE48D855DE58D865DE68D41
:10136000875DE78D885DE88D895DE98D8A5DEA8D11
:101370008B5DEB8D8C5DEC8D8D5DED8D8E5DEE8DE1
:101380008F5DEF8D905DF08D915DF18D925DF28DB1
:10139000935DF38D945DF48D955DF58D965DF68D81
:1013A000975DF78D985DF88D995DD7E19A5DF98D20
:1013B0009B5DFA8D9C5DFB8D9D5DD8E19E5DFC8DF6
:1013C0009F5DFD8DA05DFE8DA15D408EA25D418E75
:1013D000A35D428EA45D438EA55D448EA65D458EC1
:1013E000A75D468EA85D478EA95D488EAA5D498E91
:1013F000AB5D4A8EAC5D4B8EAD5D4C8EAE5D4D8E61
:10140000AF5D4E8EB05D4F8EB15D508EB25D518E30
:10141000B35D528EB45D538EB55D548EB65D558E00
:10142000B75DDAE1B85D568EB95D578EBA5D588EFC
:10143000BB5D598EBC5D5A8EBD5D5B8EBE5D5C8EA4
:10144000BF5D5D8EC05D5E8EC15D5F8EC25D608E74
:10145000C35D618EC45D628EC55DDBE1C65D638E7A
:10146000C75D648EC85D658EC95D668ECA5D678E18
:10147000CB5D688ECC5D698ECD5DA1CECE5D6A8E72
:10148000CF5D6B8ED05D6C8ED15D6D8ED25D6E8EBC
:10149000D35D6F8ED45D708ED55D718ED65D728E8C
:1014A000D75D738ED85D748ED95D758EDA5D768E5C
:1014B000DB5DDDE7DC5D778EDD5DA8B4DE5DDDD66E
:1014C000DF5D788EE05D798EE15DB2D1E25DB2B331
:1014D000E35D7A8EE45D7B8EE55DA4B9E65DF3D7CE
:1014E000E75DC9C7E85DDEBEE95DAEB9EA5D7C8E49
:1014F000EB5DD7CEEC5D7D8EED5D7E8EEE5DEEB26A
:10150000EF5DCFDBF05D808EF15DBABCF25DD1D2D4
:10151000F35DC8CBF45DCDB0F55D818EF65D828E56
:10152000F75DEFCFF85D838EF95D848EFA5D858E71
:10153000FB5D868EFC5D878EFD5DE3D9FE5DEDBDB6
:10154000FF5D888E005E898E015ED2B1025ED0CAD8
:10155000035EBCB2045E8A8E055EA7CB065EABB7A7
:10156000075E8B8E085EA6CA095E8C8E0A5E8D8E23
:101570000B5E8E8E0C5EA3CF0D5E8F8E0E5E908EF8
:101580000F5EF8E0105ECAD5115EFBE0125E918E30
:10159000135E928E145EFAE0155EC1C5165EFBCC3A
:1015A000175E938E185EB1C1195EF9E01A5EE3D63C
:1015B0001B5EAFB21C5EC4D61D5EDBB51E5E948E94
:1015C0001F5E958E205E968E215E978E225E988E8F
:1015D000235E998E245E9A8E255E9B8E265EF8B4DD
:1015E000275EA1D6285E9C8E295E9D8E2A5E9E8EE9
:1015F0002B5E9F8E2C5EA08E2D5EAFCF2E5EEFB049
:101600002F5EA18E305EA28E315EFCE0325EA38E34
:10161000335EA48E345EA58E355EA68E365EA78EB2
:10162000375EA1E1385EA3B3395EA88E3A5EA98E1B
:101630003B5EFDE03C5EFEE03D5EB1C33E5EAA8ED9
:101640003F5EAB8E405EAC8E415EAD8E425EDDC3D2
:10165000435EAE8E445EA2E1455EF9B7465EAF8E54
:10166000475EB08E485EB18E495EB28E4A5EB38EE2
:101670004B5EB48E4C5ECFBB4D5EB58E4E5EB68E6D
:101680004F5EB78E505EB88E515EB98E525EBA8E86
:10169000535EBB8E545EA3E1555EBBC4565EBC8EEA
:1016A000575EBD8E585EBE8E595EBF8E5A5EC08E2E
:1016B0005B5EA4E15C5EC18E5D5EC28E5E5EA5E196
:1016C0005F5EC38E605EC48E615EA6E1625EB1B491
:1016D000635EC58E645EC68E655EC78E665EC88EAE
:1016E000675EC98E685ECA8E695ECB8E6A5ECC8E7E
:1016F0006B5ECD8E6C5ECE8E6D5ECF8E6E5ED08E4E
:101700006F5ED18E705ED28E715ED38E725EC9B8FE
:10171000735EBDC6745EEAC4755ED48E765EA2B298
:10172000775ED58E785ED2D0795ED68E7A5EDBE734
:101730007B5EC3BB7C5ED7D37D5EC4D37E5ED78E1B
:101740007F5EE3B9805ECFE2815ED88E825ED98E05
:10175000835EDA8E845EAFD7855EDB8E865EECC7F5
:10176000875ED3B1885EDC8E895EDD8E8A5EB2B420
:101770008B5ED1E28C5EDE8E8D5EDF8E8E5EE08EC5
:101780008F5EF2D0905EAEC2915ED0E2925EE18E4C
:10179000935EE2BF945EA6D3955ED7B5965ED2E225
:1017A000975EEAB5985EE28E995EEDC39A5EFDB8EB
:1017B0009B5EE38E9C5EAEB89D5EE48E9E5ED3C55E
:1017C0009F5ECFB7A05ED4E2A15EE58EA25EE68EFC
:1017D000A35EE78EA45EE88EA55ED3E2A65EC8B6E1
:1017E000A75EF9D7A85EE98EA95EEA8EAA5EEB8EA7
:1017F000AB5EEC8EAC5EED8EAD5EA5CDAE5EEE8EDC
:10180000AF5EEF8EB05EF08EB15EF18EB25EF28EA4
:10181000B35ED8E2B45EF38EB55ED6E2B65EFCCAC5
:10182000B75EB5BFB85EB9D3B95ED5E2BA5EF48E25
:10183000BB5EF58EBC5EF68EBD5EF78EBE5ED7E2F9
:10184000BF5EF88EC05EF98EC15EFA8EC25EFB8E00
:10185000C35EFC8EC45EFD8EC55EFE8EC65E408F8E
:10186000C75E418FC85E428FC95EAEC1CA5EC8C046
:10187000CB5E438FCC5E448FCD5E458FCE5E468F70
:10188000CF5E478FD05E488FD15EDBE2D25EDAE278
:10189000D35EAAC0D45E498FD55E4A8FD65ECEC1D4
:1018A000D75E4B8FD85E4C8FD95E4D8FDA5E4E8FF0
:1018B000DB5EDCE2DC5E4F8FDD5E508FDE5E518FE3
:1018C000DF5E528FE05E538FE15E548FE25E558F94
:1018D000E35E568FE45E578FE55E588FE65E598F64
:1018E000E75E5A8FE85EDDE2E95E5B8FEA5EDEE28C
:1018F000EB5E5C8FEC5E5D8FED5E5E8FEE5E5F8F0C
:10190000EF5E608FF05E618FF15E628FF25E638FDB
:10191000F35E648FF45EC8DBF55E658FF65ED3D14F
:10192000F75EA2CDF85E668FF95E678FFA5EA8BD9E
:10193000FB5E688FFC5E698FFD5E6A8FFE5EC3DEB4
:10194000FF5EA5D8005FAABF015FCDDB025FECD2CE
:10195000035FFAC6045FAAC5055F6B8F065F6C8FD5
:10196000075F6D8F085FC4DE095F6E8F0A5FD7B1B6
:101970000B5FAEDF0C5F6F8F0D5F708F0E5F718F2F
:101980000F5FBDCA105F728F115FB1DF125F738F7F
:10199000135FADB9145F748F155FFDD2165F758F3D
:1019A000175FA5B8185FEBBA195F768F1A5F778F4C
:1019B0001B5FDAB31C5F788F1D5F798F1E5F7A8F94
:1019C0001F5FDCB5205FC5D5215F7B8F225F7C8FD9
:1019D000235F7D8F245F7E8F255FD6C3265FD2CFA6
:1019E000275FA1BB285F808F295FF3E52A5FF2E5BF
:1019F0002B5F818F2C5F828F2D5FF4E52E5F838FAD
:101A00002F5FE4CD305F848F315FF5C8325F858F03
:101A1000335F868F345F878F355F888F365F898F1E
:101A2000375F8A8F385F8B8F395FAFB53A5FBFC73B
:101A30003B5F8C8F3C5FF6E53D5F8D8F3E5F8E8F09
:101A40003F5F8F8F405FB0EC415F908F425F918F1F
:101A5000435F928F445F938F455F948F465F958F6E
:101A6000475F968F485F978F495F988F4A5F998F3E
:101A70004B5F9A8F4C5F9B8F4D5F9C8F4E5F9D8F0E
:101A80004F5F9E8F505FE6E5515F9F8F525FE9B9D0
:101A9000535FB1B5545FA08F555FBCC2565FE8E598
:101AA000575FE7E5585FE9E5595FA18F5A5FA28F5D
:101AB0005B5FA38F5C5FA48F5D5FCDD25E5FA58F00
:101AC0005F5FA68F605FA78F615FEAE1625FCED044
:101AD000635FA88F645FAECD655FA98F665FE5D158
:101AE000675FAA8F685FAB8F695FCAB26A5FEBB14D
:101AF0006B5FAC8F6C5FF2B16D5FEDC56E5FAD8FEC
:101B00006F5FAE8F705FC3D5715FB0D3725FAF8F01
:101B1000735FDCE1745FB08F755FB18F765FB28FFA
:101B2000775FDDE1785FB38F795FDBD27A5FB48F67
:101B30007B5FB9B37C5FCBB17D5FB58F7E5FB68FC6
:101B40007F5FB78F805FF9CD815FF7D5825FDEE180
:101B5000835FB88F845FB6BE855FFDB4865FB98F43
:101B6000875FDFE1885FDCBA895FE0E18A5FB2BB53
:101B70008B5FC9C28C5FE1E18D5FBA8F8E5FBB8FD7
:101B80008F5FBC8F905FECD0915FBD8F925FBDCDBA
:101B9000935FBE8F945FBF8F955FE2E1965FC08FCA
:101BA000975FC3B5985FC7C5995FE3E19A5FC18F3F
:101BB0009B5FC28F9C5FE4E19D5FC38F9E5FC48F7C
:101BC0009F5FC58FA05FC68FA15FF9D3A25FC78F4C
:101BD000A35FC88FA45FC98FA55FCA8FA65FCB8F95
:101BE000A75FCC8FA85FE5E1A95FCD8FAA5FADD1DC
:101BF000AB5FCE8FAC5FCF8FAD5FE6E1AE5FA2CEC5
:101C0000AF5FD08FB05FD18FB15FD28FB25FD38F14
:101C1000B35FD48FB45FD58FB55FE7E1B65FD68F82
:101C2000B75FC2B5B85FD78FB95FD88FBA5FD98FAA
:101C3000BB5FDA8FBC5FE8E1BD5FD5BBBE5FDB8F0A
:101C4000BF5FDC8FC05FDD8FC15FDE8FC25FDF8F64
:101C5000C35FC4D0C45FE0E2C55FD8B1C65FE4D261
:101C6000C75FE08FC85FE18FC95FE1E2CA5FE28FC3
:101C7000CB5FE38FCC5FC9BCCD5FCCC8CE5FE48FB8
:101C8000CF5FE3E2D05FFEECD15FFDECD25FAFDF70
:101C9000D35FE58FD45FE68FD55FE78FD65FE2E253
:101CA000D75FBED6D85FFCCDD95FA6C3DA5FE88F19
:101CB000DB5FE98FDC5FEA8FDD5FC3E3DE5FEB8F25
:101CC000DF5FEC8FE05FD2D6E15FE7E2E25FED8FAE
:101CD000E35FEE8FE45FE8E2E55FEF8FE65FF08FB2
:101CE000E75FC7D3E85FF18FE95FF28FEA5FECE26D
:101CF000EB5FECBFEC5FF38FED5FEDE2EE5FE5E2F3
:101D0000EF5FF48FF05FF58FF15FC0B3F25FF68F96
:101D1000F35FF78FF45FF88FF55FEEC4F65FF98F2E
:101D2000F75FFA8FF85FEEE2F95FFB8FFA5FFC8FE7
:101D3000FB5FC3D0FC5FFD8FFD5FF6BAFE5FE9E29B
:101D4000FF5FDEB70060B3BB0160ACCC0260CBCB01
:101D50000360E4E20460E6E20560EAE20660EBE2CA
:101D60000760FE8F08604090096041900A60F7E2CA
:101D70000B6042900C6043900D60F4E20E60F5D46D
:101D80000F60F3E210604490116045901260ADC5A1
:101D9000136046901460FAD51560C2C51660C0B2D3
:101DA00017604790186048901960EFE21A604990F8
:101DB0001B60F2E21C60AFC11D60BCCB1E604A908C
:101DC0001F604B902060A1B52160F9E222604C9029
:101DD00023604D9024604E902560B1BC2660F1E2F6
:101DE0002760D4D02860B9D42960F5E22A60D6B93A
:101DF0002B60F6E22C604F902D6050902E60519039
:101E00002F60D3C73060529031605390326054904D
:101E100033605590346056903560F0E236605790EC
:101E2000376058903860599039605A903A605B90AA
:101E30003B60DCD73C60A1ED3D605C903E605D9016
:101E40003F60F8E240605E904160A5ED4260FEE2D6
:101E50004360D1CA44605F90456060904660619085
:101E60004760629048606390496064904A60659002
:101E70004B60B5C14C6066904D60D0BB4E606790C2
:101E80004F6068905060D6BF516069905260E3BA6D
:101E900053606A9054606B905560A1CB56606C9013
:101EA00057606D9058606E905960A6ED5A60A3ED32
:101EB0005B606F905C6070905D60A2ED5E607190A1
:101EC0005F60729060607390616074906260D6BB76
:101ED0006360A7ED6460F4D065607590666076908D
:101EE0006760A4ED6860DEBA6960F7B66A60A1E376
:101EF0006B60B2B66C60F1CC6D60A7B96E60779024
:101F00006F60A2CF7060A1C77160789072607990A5
:101F10007360D2BF74607A9075607B907660F1B622
:101F200077607C907860FAE27960FBE27A60FDE2AB
:101F30007B60FCE27C60D5C47D60A2E37E607D9026
:101F40007F60C1D380607E9081608090826081904C
:101F50008360A7E38460C4C78560829086608390B5
:101F600087608490886085908960A4CF8A6086901D
:101F70008B6087908C60A9E38D60B7BA8E60889083
:101F80008F60899090608A9091608B909260A8E3B6
:101F900093608C909460DABB95608D909660A3E31B
:101FA00097608E9098608F90996090909A60A4E36B
:101FB0009B60AAE39C6091909D60A6E39E609290D6
:101FC0009F60F2CEA060C6D3A1609390A26094906F
:101FD000A360BCBBA4609590A5609690A660C3D496
:101FE000A7609790A860FAC4A9609890AA60999099
:101FF000AB60A8EDAC60FCD0AD60A5E3AE609A909C
:10200000AF60F5C3B0609B90B160ADE3B260AFB1BB
:10201000B3609C90B460B2E3B5609D90B6609E9052
:10202000B7609F90B860C2BCB960A090BA60A19040
:10203000BB60ACE3BC60BFB5BD60A290BE60A390C6
:10204000BF60A490C060A590C160A690C260A79038
:10205000C360A890C460A990C560E9C7C660B0E33A
:10206000C760AA90C860AB90C960AC90CA60AABEB5
:10207000CB60EFCDCC60AD90CD60AE90CE60AF9038
:10208000CF60B090D060B190D160F3BBD260B2901D
:10209000D360B390D460B490D560E8CCD660B590EE
:1020A000D760B690D860AFE3D960B790DA60B1E39B
:1020B000DB60B890DC60A7CFDD60AEE3DE60B99096
:1020C000DF60A9CEE060DDBBE160BA90E260BB906A
:1020D000E360BC90E460BD90E560BE90E660EBB567
:1020E000E760E5BEE860D2B2E960CDB3EA60BF90D8
:1020F000EB60B9B1EC60ABE3ED60D1B2EE60ACB5D2
:10210000EF60DFB9F060E8B6F160C090F260C190B6
:10211000F360EBCFF460B7E3F560C290F660CCBB40
:10212000F760C390F860C490F960C7C8FA60CAD07D
:10213000FB60C590FC60C690FD60C790FE60C890D3
:10214000FF60C9900061B8E30161EEB30261CA901B
:102150000361CB900461CC900561CD900661A9ED3F
:102160000761CE900861FAD30961E4D30A61CF9088
:102170000B61D0900C61D1900D61AAED0E61B9E3B5
:102180000F61E2D21061D2901161D3901261D490AC
:102190001361D5901461D6901561B5E31661D7909F
:1021A0001761D8901861D9901961DA901A61DED35D
:1021B0001B61DB901C61DC901D61DD901E61DE9077
:1021C0001F61D0B82061B3E32161DF902261E0900C
:1021D0002361B6E32461DFB72561E1902661B4E3B2
:1021E0002761A2C02861E2902961E3902A61E4900E
:1021F0002B61BAE32C61E5902D61E6902E61E790AA
:102200002F61E8903061E9903161EA903261EB90A2
:102210003361EC903461ED903561EE903661EF9072
:102220003761F0903861F1903961F2903A61F39042
:102230003B61F4903C61F5903D61F6903E61F79012
:102240003F61B8D44061F8904161F9904261FA90E1
:102250004361FB904461FC904561FD904661FE90B6
:10226000476140914861C8B4496141914A61BBE30B
:102270004B6142914C61C5BB4D6143914E61F7C9C1
:102280004F614491506145915161E5C95261469158
:1022900053614791546148915561BDC4566149915C
:1022A00057614A9158614B9159614C915A614D91D6
:1022B0005B614E915C614F915D61ABED5E615091F0
:1022C0005F61519160615291616153916261FDC2A0
:1022D000636154916461559165615691666157914E
:1022E0006761DBBB6861AEBF696158916A615991F2
:1022F0006B615A916C615B916D615C916E615D91F6
:102300006F615E917061BFCE71615F91726160912A
:1023100073616191746162917561BCE376616391EF
:102320007761B6BF78616491796165917A616691F0
:102330007B6167917C6168917D6169917E616A9141
:102340007F616B9180616C9181616D9182616E9111
:1023500083616F91846170918561719186617291E1
:102360008761739188617491896175918A617691B1
:102370008B61EFB18C6177918D6178918E61F7D42B
:102380008F61799190617A9191617B9192617C9159
:1023900093617D919461BEE395617E919661809198
:1023A0009761819198618291996183919A618491F9
:1023B0009B6185919C6186919D61ADED9E61879148
:1023C0009F618891A0618991A1618A91A2618B919D
:1023D000A3618C91A4618D91A5618E91A6618F916D
:1023E000A761BFE3A861A9BAA961ACEDAA61909108
:1023F000AB619191AC61BDE3AD619291AE6193919E
:10240000AF619491B0619591B1619691B2619791EC
:10241000B3619891B4619991B5619A91B6619B91BC
:10242000B761C0E3B8619C91B9619D91BA619E9119
:10243000BB619F91BC61A091BD61A191BE61B6BA23
:10244000BF61A291C061A391C161A491C261AEB606
:10245000C361A591C461A691C561A791C661A89108
:10246000C761A991C861B8D0C961AA91CA61C3B056
:10247000CB61AEEDCC61AB91CD61AC91CE61AD9154
:10248000CF61AE91D061AF91D161AFEDD261C1C0EA
:10249000D361B091D461C1E3D561B191D661B291FC
:1024A000D761B391D861B491D961B591DA61B69130
:1024B000DB61B791DC61B891DD61B991DE61BA9100
:1024C000DF61BB91E061BC91E161BD91E261BE91D0
:1024D000E361BF91E461C091E561C191E661B3C57B
:1024E000E761C291E861C391E961C491EA61C59174
:1024F000EB61C691EC61C791ED61C891EE61C99144
:10250000EF61CA91F061CB91F161CC91F261CD9113
:10251000F361CE91F461CF91F561C2E3F661D091A0
:10252000F761D191F861D291F961D391FA61D491B7
:10253000FB61D591FC61D691FD61D791FE61D89187
:10254000FF61B2DC0062D9910162DA910262DB9133
:102550000362DC910462DD910562DE910662B0EDFA
:102560000762DF910862EAB80962E0910A62ECCE84
:102570000B62A7EA0C62E7D00D62F9CA0E62D6C8F8
:102580000F62B7CF1062C9B31162D2CE1262E4BD3E
:102590001362E1911462E2911562DEE31662F2BB0E
:1025A0001762A8EA1862BDD51962E3911A62DDC606
:1025B0001B62A9EA1C62E4911D62E5911E62E6912C
:1025C0001F62AAEA2062E7912162ACEA2262ABEACA
:1025D0002362E8912462AEEA2562ADEA2662E991BF
:1025E0002762EA912862EB912962EC912A62D8BDB8
:1025F0002B62ED912C62AFEA2D62EE912E62BEC28B
:102600002F62EF913062F0913162F1913262F2917A
:102610003362C1B43462F7B43562F3913662F49137
:102620003762A7BB3862F5913962F6913A62F79149
:102630003B62F8913C62F9913D62E6EC3E62E5EC6A
:102640003F62BFB74062F9CB4162E2B14262FA91A8
:102650004362E7EC4462FB914562FC914662FD9166
:102660004762C8C94862E8EC4962E9EC4A62FE91F7
:102670004B62D6CA4C62D0DE4D62C5B24E62FAD40D
:102680004F624092506241925162CBC65262C7B0D3
:102690005362F2B45462D3C8556242925662439276
:1026A000576244925862D0CD596245925A6246921E
:1026B0005B62B8BF5C6247925D6248925E6249921B
:1026C0005F624A9260624B9261624C9262624D928A
:1026D0006362DBBF64624E9265624F926662A4C71A
:1026E0006762B4D6686250926962A9C06A62D1DE3C
:1026F0006B62A8C96C62EFD16D62A4C56E62E7B06F
:102700006F62B6B37062C5C87162519272625292C2
:102710007362E2B074625392756254927662F6B755
:1027200077625592786256927962FAC57A625792C8
:102730007B6258927C62F3B67D6259927E62D2D5FA
:102740007F62D0B38062BCBC81625A9282625B922B
:1027500083625C928462ADB385625D9286625E92B2
:1027600087625F92886260928962F1BE8A62D1B0AC
:102770008B6261928C6262928D6263928E626492CD
:102780008F626592906266929162D6D29262E3CA3B
:102790009362A5D7946267929562B6CD9662B6B6FB
:1027A0009762B9BF9862DBD5996268929A62A7B8BE
:1027B0009B62D7C59C6269929D626A929E626B928F
:1027C0009F62D2DEA062D9BFA162D5C2A262C0C799
:1027D000A3626C92A462A4BBA562A8B1A6626D922A
:1027E000A7626E92A862EAC5A9626F92AA6270920D
:1027F000AB62FBC5AC62A7CCAD627192AE62729265
:10280000AF627392B0627492B162A7B1B262759214
:10281000B3627692B4627792B562D6B5B6627892B8
:10282000B7627992B8627A92B962A8C4BA627B92AE
:10283000BB62D3DEBC62BAD1BD62E9B3BE627C9238
:10284000BF62F2C3C0627D92C1627E92C262F7B77C
:10285000C3628092C462F4D6C562A3B5C662F0B208
:10286000C762B4C4C862E9C4C962ADC0CA62D4DE7A
:10287000CB628192CC62E8B0CD62C4C5CE62E0C1C9
:10288000CF628292D062D5B9D1628392D262DCBE2D
:10289000D362D8CDD462CEB0D5628492D662CFCD89
:1028A000D762D6DED862D0BED962BED7DA62D5DEB4
:1028B000DB62D0D5DC62DDB0DD628592DE628692BD
:1028C000DF62E2C4E0628792E1628892E262A3C2C0
:1028D000E362F0BCE4628992E562B5D3E662B9C016
:1028E000E762A1C5E862A6B2E962F1D4EA628A921F
:1028F000EB628B92EC62A8C0ED62C3CAEE62D7DED7
:10290000EF62FCD5F0628C92F162B0B9F2628D9206
:10291000F362ADC8F462A9CBF5628E92F662D9DE9D
:10292000F762BDBFF8628F92F9629092FA6291925B
:10293000FB629292FC62B4C6FD62A7D7FE62B0CA87
:10294000FF62C3C4006393920163D6B30263D2B93A
:10295000036394920463959205639692066397923B
:102960000763B8D60863FCEA0963B4B00A639892B7
:102970000B6399920C639A920D639B920E63E6BF70
:102980000F639C9210639D921163F4CC12639E922C
:1029900013639F921463A0921563A1921663DACD1C
:1029A0001763A2921863A3921963A4921A63BFD605
:1029B0001B63CEC21C63A5921D63CECE1E63A2CC48
:1029C0001F63AED02063D3C42163B2B52263D8DEC7
:1029D0002363F5D52463B7BC2563D3BB2663A692D6
:1029E0002763A7922863A4B02963A8922A63B2C57B
:1029F0002B63ECB42C63A9922D63AA922E63AB9245
:102A00002F63F1D53063AC923163AD923263FDEA4E
:102A10003363AE923463AF923563B0923663B19252
:102A20003763B2923863B3923963DADE3A63A6CD84
:102A30003B63B4923C63B5923D63ECCD3E63B6928A
:102A40003F63B7924063B8924163B9924263E6CE66
:102A50004363DCDE4463BA924563B1CD4663A6C0EE
:102A60004763BB924863BC924963BDD74A63BD923A
:102A70004B63DBDE4C63C6B04D63B4BA4E63D3C95F
:102A80004F63F3C45063E8BE5163BE925263BF927A
:102A90005363C0925463C1925563B6B25663C292F7
:102AA0005763C3925863C4925963C5925A63C692DE
:102AB0005B63C7925C63C8925D63C9925E63CCC07E
:102AC0005F63F0CB6063CA926163F1BC6263BBBBBE
:102AD0006363B7B56463CB926563CC926663CD9252
:102AE0006763F5C56863CE926963E6DE6A63CF9279
:102AF0006B63D0926C63D1926D63E3DE6E63DDBE77
:102B00006F63D2927063D3927163DFDE7263D4928B
:102B10007363D5927463D6927563D7927663B7B4B4
:102B20007763DDBD7863D8927963D9927A63E0DE0A
:102B30007B63EDC47C63DA927D63DB927E63DC921F
:102B40007F63DD928063C6CF8163DE928263E0B5EE
:102B50008363DF928463E0928563E1928663E2920D
:102B60008763DEB68863DACA8963F4B58A63E5DE13
:102B70008B63E3928C63C6D58D63E4928E63E1DE52
:102B80008F63CDCC9063FEC69163E5929263C5C519
:102B90009363E6929463E7929563E8929663B4D266
:102BA0009763E9929863F2BE9963EA929A63EB9213
:102BB0009B63EC929C63ED929D63EE929E63EF9219
:102BC0009F63F092A063D3C2A163F192A263BDCCD4
:102BD000A363B8B3A463F292A563D3BDA663F392D3
:102BE000A763D8BFA863C6CDA963DAD1AA63EBB443
:102BF000AB63F492AC63E4DEAD63DDDEAE63E7DECF
:102C0000AF63F592B063FEEAB163F692B263F792F6
:102C1000B363B0C2B463E2DEB563F892B663F9920F
:102C2000B763C0D6B863A7B5B963FA92BA63F4B212
:102C3000BB63FB92BC63E8DEBD63FC92BE63F2DE65
:102C4000BF63FD92C063FE92C1634093C263419330
:102C5000C3634293C463EDDEC5634393C663F1DE91
:102C6000C7634493C8634593C963E0C8CA63469386
:102C7000CB634793CC634893CD63E1D7CE63EFDE5C
:102C8000CF63E8C3D063E1CCD1634993D263E5B2AB
:102C9000D3634A93D4634B93D5634C93D663BED22C
:102CA000D7634D93D8634E93D9634F93DA635093B0
:102CB000DB635193DC635293DD635393DE63EEDE9B
:102CC000DF635493E063EBDEE163D5CEE2635593BB
:102CD000E363A7B4E4635693E5635793E6635893BD
:102CE000E7635993E8635A93E963ABBFEA63BEBEF7
:102CF000EB635B93EC635C93ED63D2BDEE635D933A
:102D0000EF635E93F0635F93F1636093F263E9DED8
:102D1000F3636193F463AED4F5636293F663DEDE2E
:102D2000F7636393F863EADEF9636493FA63659388
:102D3000FB636693FC636793FD63BFC0FE636893A8
:102D4000FF63ECDE0064F3B20164E9B80264A7C279
:102D50000364699304646A930564C1BD06646B935C
:102D600007646C9308646D9309646E930A646F93AF
:102D70000B64F5DE0C64F8DE0D6470930E647193E1
:102D80000F64ABB21064A4B41164729312647393B1
:102D90001364EAB41464A6C9156474931664759335
:102DA0001764769318647793196478931A64799307
:102DB0001B64F6DE1C64D1CB1D647A931E64E3B8F9
:102DC0001F647B932064F7DE2164FADE22647C9327
:102DD00023647D9324647E93256480932664F9DEC6
:102DE0002764819328648293296483932A64C2CCE4
:102DF0002B6484932C64E1B02D64EEB42E6485932F
:102E00002F64869330648793316488933264899306
:102E100033648A933464BAE535648B9336648C9357
:102E200037648D9338648E9339648F933A64AFD04E
:102E30003B6490933C6491933D64EBB23E64929307
:102E40003F64A1EB406493934164F4DE4264949345
:102E5000436495934464E3C94564F3DE4664DAB0A1
:102E60004764A1D24864F7B1496496934A64AFCCF1
:102E70004B6497934C6498934D6499934E649A93E2
:102E80004F649B9350649C9351649D935264F0DE15
:102E900053649E935464A4CB55649F935664A0934B
:102EA0005764A1935864AAD55964A2935A64A39312
:102EB0005B64A4935C64A5935D64A6935E64FBDE8F
:102EC0005F64A7936064A8936164A9936264AA9302
:102ED0006364AB936464AC936564AD936664AE93D2
:102EE0006764DDB46864AF936964A6C46A64B09330
:102EF0006B64B1936C64B2936D64FDDE6E64B393E6
:102F00006F64B4937064B5937164B6937264B7934D
:102F10007364B8937464B9937564BA937664BB931D
:102F20007764BC937864FEC37964A1C47A64A1DF3A
:102F30007B64BD937C64BE937D64BF937E64C093C9
:102F40007F64C1938064C2938164C3938264CCC163
:102F50008364C4938464FCDE8564EFBE8664C59399
:102F60008764B2C68864C6938964C7938A64C89329
:102F70008B64C9938C64CA938D64CB938E64CC9319
:102F80008F64CD939064CE939164C5B39264F6C878
:102F90009364CF939464D0939564BACB9664FEDE29
:102FA0009764D1939864D2939964A4DF9A64D3937D
:102FB0009B64D4939C64D5939D64D6939E64B2D74E
:102FC0009F64D793A064D893A164D993A264DA9341
:102FD000A364DB93A464B7B3A564DC93A664DD9318
:102FE000A764DE93A864DF93A964C3C1AA64E093D5
:102FF000AB64E193AC64CBC7AD64A5B2AE64E9B495
:10300000AF64E293B064ABD7B164E393B264E4938A
:10301000B364E593B464E693B564ECC4B664E79333
:10302000B764A2DFB864A3DFB964E893BA64A5DF2C
:10303000BB64E993BC64B3BABD64EA93BE64EB932A
:10304000BF64EC93C064A6DFC164ED93C264DEC0CC
:10305000C364EE93C464EF93C564C3C9C664F093BC
:10306000C764F193C864F293C964F393CA64F49398
:10307000CB64F593CC64F693CD64D9B2CE64E6C745
:10308000CF64F793D064A7DFD164F893D264DCC730
:10309000D364F993D464FA93D564FB93D664FC9318
:1030A000D764A8DFD864A2EBD964FD93DA64FE93F9
:1030B000DB644094DC644194DD644294DE64D3CBF1
:1030C000DF644394E0644494E1644594E264AADFDD
:1030D000E3644694E464A9DFE5644794E664C1B21E
:1030E000E7644894E8644994E9644A94EA644B9438
:1030F000EB644C94EC644D94ED644E94EE644F9408
:10310000EF645094F0645194F1645294F2645394D7
:10311000F3645494F4645594F5645694F6645794A7
:10312000F7645894F8645994F9645A94FA645B9477
:10313000FB645C94FC645D94FD645E94FE645F9447
:10314000FF6460940065CAC501656194026562947C
:1031500003656394046564940565659406656694E7
:1031600007656794086568940965ABDF0A6569942B
:103170000B656A940C656B940D656C940E656D948B
:103180000F656E9410656F94116570941265DCD4B0
:10319000136571941465729415657394166574942F
:1031A000176575941865C1C8196576941A65779482
:1031B0001B6578941C6579941D657A941E657B94D3
:1031C0001F657C9420657D9421657E9422658094A2
:1031D00023658194246582942565ACDF26658394FC
:1031E0002765849428658594296586942A65879443
:1031F0002B65F0BE2C6588942D6589942E65ADDF16
:103200002F65A7D630658A9431658B9432658C948E
:1032100033658D943465B7EA3565B6EB3665D5CA46
:1032200037658E943865FCD83965C4B83A658F9493
:103230003B65A5B93C6590943D6591943E65C5B7E5
:103240003F65FED5406592944165939442659494A0
:1032500043659594446596944565CAB946659794C7
:10326000476598944865A7D04965CDF44A65999417
:103270004B659A944C65D0B54D659B944E659C9476
:103280004F65F4C350659D945165C8BE52659E94C8
:1032900053659F945465A0945565B7EB5665BDB0D2
:1032A0005765A1945865A2945965CCBD5A65A394FD
:1032B0005B65B2C15C65A4945D65D6B15E65A8B37B
:1032C0005F65A5946065A6946165A7946265D2B8B0
:1032D0006365A2C96465A8946565A9946665D8B656
:1032E0006765AA946865AB946965AC946A65AD94AA
:1032F0006B65B8EB6C65B4BE6D65AE946E65AF94EE
:103300006F65B0947065FDCA7165B1947265C3C78D
:103310007365B2947465FBD57565B3947665B494A2
:103320007765F3B77865B5947965B6947A65B7949F
:103330007B65B8947C65B9947D65BA947E65BB94D1
:103340007F65BC948065BD948165BE948265BF94A1
:103350008365C0948465C1948565C2948665C39471
:103360008765C4CE8865C4948965C5948A65C6940A
:103370008B65ABD58C65F3B18D65C7948E65C894AC
:103380008F65C9949065B3EC9165DFB09265CA947E
:103390009365B5EC9465CB949565CC949665CD9486
:1033A0009765B7B69865CE949965CFC19A65CF9465
:1033B0009B65FAF59C65B1D09D65D0949E65D194CE
:1033C0009F65E5D5A065D294A165D3CEA265D394BF
:1033D000A365D494A465EFBDA565E2B3A665D594B5
:1033E000A765ABB8A865D694A965B6D5AA65D794E4
:1033F000AB65BDEDAC65D894AD65CFB6AE65D9947F
:10340000AF65B9CBB065C2D0B165DA94B265DB9473
:10341000B365DC94B465DD94B565DE94B665DF9480
:10342000B765E094B865E194B965BDB7BA65E29453
:10343000BB65E394BC65B6ECBD65A9CABE65E49402
:10344000BF65E594C065E694C165D4C5C265E794DF
:10345000C365B9ECC465B8ECC565C3C2C665B7EC55
:10346000C765E894C865E994C965EA94CA65EB94B0
:10347000CB65FDD0CC65BAECCD65EC94CE65BBECEC
:10348000CF65E5D7D065ED94D165EE94D265BCECFF
:10349000D365EF94D465F094D565F194D665BDEC11
:1034A000D765ECC6D865F294D965F394DA65F494DF
:1034B000DB65F594DC65F694DD65F794DE65F894DC
:1034C000DF65F994E065DECEE165FA94E265C8BC9B
:1034D000E365FB94E465FC94E565D5C8E665A9B5AC
:1034E000E765C9BEE865BCD6E965E7D4EA65FD9441
:1034F000EB65FE94EC65AED1ED65F1D0EE65B8EA12
:10350000EF65B9EAF065BAEAF165B5BAF2654095DA
:10351000F3654195F4654295F5654395F665B1CA45
:10352000F765F5BFF8654495F9654595FA65FACDF7
:10353000FB654695FC654795FD654895FE65499593
:10354000FF654A950066C0EA01664B950266BAB00F
:103550000366BEEA04664C9505664D950666A5C0F1
:1035600007664E9508664F95096650950A66BBEA50
:103570000B6651950C66FDB20D6652950E66F7C34B
:103580000F66E8BB10665395116654951266559503
:103590001366D7D21466F4CE1566BFEA1666569542
:1035A00017665795186658951966BCEA1A665995B4
:1035B0001B665A951C665B951D66C3EA1E665C9584
:1035C0001F66C7D02066B3D321665D9522665E95DF
:1035D00023665F95246660952566BAB42666619574
:1035E0002766C1C32866F2D7296662952A66639565
:1035F0002B6664952C6665952D66D1D52E666695ED
:103600002F66C7CA306667953166C5EA3266689527
:10361000336669953466C4EA3566C7EA3666C6EA33
:1036200037666A9538666B9539666C953A666D951E
:103630003B666E953C66E7D63D666F953E66D4CF99
:103640003F667095406671954166CBEA4266729519
:103650004366CEBB4466739545667495466675951C
:103660004766769548667795496678954A6679956E
:103670004B66FABD4C66CEC94D667A954E667B9513
:103680004F66CCEA50667C9551667D955266B9C905
:103690005366FECF5466CAEA5566CED45666CDEA66
:1036A0005766CFEA58667E95596680955A66EDCD85
:1036B0005B6681955C6682955D6683955E668495A2
:1036C0005F66C9EA606685956166CEEA6266869540
:1036D000636687956466EECE656688956666DEBB32
:1036E000676689956866BFB369668A956A668B95D1
:1036F0006B668C956C668D956D668E956E66D5C67F
:103700006F66B0BE7066FACE71668F9572669095E0
:10371000736691957466E7C7756692957666A7BEDF
:103720007766D0EA78669395796694957A66C7D677
:103730007B6695957C6696957D6697957E66C0C1FD
:103740007F6698958066999581669A958266DDD4A4
:1037500083669B958466D1EA85669C9586669D9571
:103760008766BECF88669E9589669F958A66A09576
:103770008B66A1958C66D2EA8D66A2958E66A3951E
:103780008F66A4959066A5959166EECA9266A695F9
:103790009366A7959466A8959566A9959666AFC514
:1037A0009766B5B09866AA959966AB959A66AC95FA
:1037B0009B66AD959C66AE959D66D4EA9E66AF9578
:1037C0009F66B095A066B195A166B295A266B395C5
:1037D000A366B495A466B595A566B695A666B79595
:1037E000A766D3EAA866DFF4A966B895AA66B99574
:1037F000AB66BA95AC66BB95AD66BC95AE66BAC411
:10380000AF66BD95B066BE95B166BF95B266C09510
:10381000B366C195B466A9B1B566C295B666C395DF
:10382000B766C495B866C595B966DFE5BA66C6954C
:10383000BB66C795BC66C895BD66C995BE66D5EA28
:10384000BF66CA95C066CB95C166CC95C266CD955C
:10385000C366CE95C466CF95C566D095C666D1952C
:10386000C766D295C866D395C966D495CA66D595FC
:10387000CB66D695CC66D795CD66D895CE66D995CC
:10388000CF66DA95D066DB95D166DC95D266DD959C
:10389000D366DE95D466DF95D566E095D666E1956C
:1038A000D766E295D866E395D966EFCADA66E495FD
:1038B000DB66D6EADC66D7EADD66D8C6DE66E59565
:1038C000DF66E695E066E795E166E895E266E995EC
:1038D000E366EA95E466EB95E566EC95E666D8EA7C
:1038E000E766ED95E866EE95E966D9EAEA66EF9552
:1038F000EB66F095EC66F195ED66F295EE66F39564
:10390000EF66F495F066BBD4F166F595F266FAC7FA
:10391000F366B7D2F466FCB8F566F695F666F795E9
:10392000F766C2EAF866F895F966DCB2FA66F995C8
:10393000FB66FA95FC66FCC2FD66FB95FE66F8D454
:10394000FF66E6CC0067EED70167FC950267FD9540
:103950000367FE95046740960567419606674296A1
:10396000076743960867C2D40967D0D30A67C3EBD9
:103970000B67F3C50C6744960D67FEB70E67459657
:103980000F6746961067D4EB116747961267489603
:10399000136749961467B7CB1567DEEB16674A962F
:1039A0001767CAC018674B9619674C961A674D96E9
:1039B0001B67FBCD1C674E961D67AFB31E674F9606
:1039C0001F67DAC620675096216751962267529684
:1039D0002367539624675496256755962667FCEB14
:1039E000276756962867BEC4296757962A67B4CEBC
:1039F0002B67A9C42C67BEB12D67FDD42E675896DE
:103A00002F67F5CA306759963167ECD632675A96F8
:103A100033675B963467D3C63567E4B636675C9622
:103A200037675D9638675E9639675F963A67FABB87
:103A30003B6760963C6761963D67E0D03E67629663
:103A40003F6763964067B1C9416764964267D3D4C4
:103A50004367A8C844676596456766964667CBB8CE
:103A6000476767964867BEE84967BCC94A67689672
:103A70004B6769964C67BBE84D676A964E67EEC028
:103A80004F67D3D05067C4B25167E5B452676B96A5
:103A90005367BCE854676C9655676D965667C8D5F2
:103AA00057676E9658676F96596770965A67719602
:103AB0005B6772965C67C5B65D6773965E67BDE8C7
:103AC0005F67F8CA6067DCB86167F5CC62677496B7
:103AD00063677596646776966567B4C06667779620
:103AE000676778966867EED16967BFE86A67C2E87A
:103AF0006B6779966C677A966D67BCBA6E677B96D2
:103B00006F67ADB17067DCBD71677C967267BDEAA7
:103B10007367C3E874677D967567C6E876677E96B7
:103B20007767CBE878678096796781967A6782961F
:103B30007B6783967C67CCE87D6784967E67C9CB7C
:103B40007F67E5B0806785968167ABBC82678696A4
:103B5000836787968467B9B98567889686678996EB
:103B60008767C1E888678A968967F7CD8A678B96E9
:103B70008B67CAE88C678C968D678D968E678E965C
:103B80008F678F969067F6CE916790969267919621
:103B900093679296946793969567EDD596679496FA
:103BA0009767D6C19867C4E8996795969A67B6C330
:103BB0009B6796969C67FBB99D67A6D69E67C8E8EB
:103BC0009F679796A0679896A1679996A267E0CAA3
:103BD000A367E6D4A4679A96A567C0E8A6679B96F4
:103BE000A767C5E8A867C7E8A9679C96AA67B9C789
:103BF000AB67E3B7AC679D96AD67C9E8AE679E96C5
:103C0000AF67DDBFB067D2E8B1679F96B267A09695
:103C1000B367D7E8B467A196B567D5E8B667DCBCEB
:103C2000B767CFBCB867DBE8B967A296BA67A39657
:103C3000BB67A496BC67A596BD67A696BE67A79608
:103C4000BF67A896C067A996C167DEE8C267AA9653
:103C5000C367DAE8C467FAB1C567AB96C667AC96C6
:103C6000C767AD96C867AE96C967AF96CA67B09684
:103C7000CB67B196CC67B296CD67B396CE67B49654
:103C8000CF67D8B0D067B3C4D167CCB8D267E2C62B
:103C9000D367BEC8D467E1C8D567B596D667B69670
:103CA000D767B796D867CFE8D967D4E8DA67D6E898
:103CB000DB67B896DC67F1B9DD67D8E8DE67F5D772
:103CC000DF67B996E067FBC4E167BA96E267DCE8B4
:103CD000E367BB96E467BC96E567E9B2E667BD9625
:103CE000E767BE96E867BF96E967D1E8EA67C096DE
:103CF000EB67C196EC67EDBCED67C296EE67C396C5
:103D0000EF67C2BFF067CDE8F167F9D6F267C496F6
:103D1000F367F8C1F467F1B2F567C596F667C69622
:103D2000F767C796F867C896F967C996FA67CA969B
:103D3000FB67CB96FC67CC96FD67DFE8FE67CD9608
:103D4000FF67C1CA0068D9E80168CE960268CF96BD
:103D50000368D0960468D1960568A4D50668D29603
:103D60000768EAB10868BBD50968CEE80A68D0E8F8
:103D70000B68B0B60C68D3E80D68D3960E68DDE822
:103D80000F68B8C01068D4961168F7CA1268D59643
:103D90001368A8CB1468D6961568D7961668DCC643
:103DA0001768F5C01868D8961968D9961A68DA960F
:103DB0001B68DB961C68DC961D68E9E81E68DD96CA
:103DC0001F68DE962068DF962168A3D02268E096FF
:103DD0002368E1962468E2962568E3962668E496CF
:103DE0002768E5962868E6962968F2E82A68EAD600
:103DF0002B68E7962C68E8962D68E9962E68EA9677
:103E00002F68EB963068EC963168ED963268E0E802
:103E10003368E1E83468EE963568EF963668F096D8
:103E20003768F9D13868CBBA3968F9B83A68F19689
:103E30003B68F2963C68F1B83D68D4D43E68EFE840
:103E40003F68F3964068EEE84168ECE84268F0B9F4
:103E50004368D2CC4468E6E84568A6CE4668F2BF1F
:103E60004768F4964868B8B04968F1E84A68F0E8ED
:103E70004B68F5964C68C0D74D68F6964E68E4E8F6
:103E80004F68F7965068A9CD5168A3C95268F89653
:103E90005368B8BB5468DBBD5568EAE85668F996C4
:103EA0005768FA965868FB965968FC965A68FD96CA
:103EB0005B68FE965C6840975D6841975E684297D4
:103EC0005F6843976068E2E86168E3E86268E5E894
:103ED0006368B5B56468E7E86568C5C76668EBE818
:103EE0006768EDE86868B0BD6968AED76A684497EE
:103EF0006B68F8E86C6845976D6846976E684797F9
:103F00006F6848977068499771684A9772684B97CD
:103F100073684C977468F5E875684D977668B0CD0E
:103F20007768F6E878684E9779684F977A6850977F
:103F30007B6851977C6852977D6853977E68549749
:103F40007F685597806856978168BAC1826857978D
:103F50008368E8E8846858978568B7C38668F0B0D6
:103F60008768599788685A9789685B978A685C97C9
:103F70008B685D978C685E978D685F978E68609799
:103F80008F68F4E890686197916862979268639788
:103F90009368F7E89468649795686597966866975C
:103FA0009768A3B998686797996868979A686997B6
:103FB0009B686A979C686B979D686C979E686D97E5
:103FC0009F686E97A0686F97A1687097A268D2C922
:103FD000A3687197A4687297A5687397A668CEC303
:103FE000A768E0CEA868E6C0A9687497AA68759724
:103FF000AB687697AC687797AD68F3CBAE68789787
:10400000AF68DDCCB068B5D0B1687997B2687A97FF
:10401000B368E1CAB4687B97B568F3E8B6687C9783
:10402000B7687D97B8687E97B9688097BA688197B6
:10403000BB688297BC688397BD688497BE68859784
:10404000BF688697C068ECBCC1688797C268F9E80A
:10405000C3688897C4688997C5688A97C6688B972C
:10406000C7688C97C8688D97C968DEC3CA688E9781
:10407000CB68E5C6CC688F97CD68F7B9CE689097C6
:10408000CF689197D0689297D1689397D268F4B02F
:10409000D3689497D4689597D568D8D7D6689697FB
:1040A000D7689797D868ACBCD9689897DA68EFC595
:1040B000DB689997DC689A97DD689B97DE689C9728
:1040C000DF689D97E068C4CCE1689E97E2689F979F
:1040D000E368A6E9E468A097E568A197E668A29777
:1040E000E768A397E868A497E968A597EA68A697A0
:1040F000EB68A797EC68A897ED68A997EE68ADC93B
:10410000EF68AA97F068A2E9F168E2C0F268AB979D
:10411000F368AC97F468AD97F568C3BFF668AE97DF
:10412000F768AF97F868B097F968FEE8FA68D7B90A
:10413000FB68B197FC68FBE8FD68B297FE68B3972F
:10414000FF68B4970069B5970169A4E90269B69759
:104150000369B7970469B8970569CED20669B9971C
:104160000769BA970869BB970969BC970A69BD973F
:104170000B69A3E90C69BE970D69B2D60E69B5D774
:104180000F69BF971069A7E91169C0971269B7BD98
:104190001369C1971469C2971569C3971669C497C3
:1041A0001769C5971869C6971969C7971A69C89793
:1041B0001B69C9971C69CA971D69CB971E69CC9763
:1041C0001F69FCE82069FDE82169CD972269CE9737
:1041D0002369CF972469A1E92569D0972669D197EA
:1041E0002769D2972869D3972969D4972A69D597DF
:1041F0002B69D6972C69D7972D69D6CD2E69D8977C
:104200002F69D9973069ACD23169DA973269DB9777
:104210003369DC973469B2E93569DD973669DE9731
:104220003769DF973869E0973969A9E93A69E19711
:104230003B69E2973C69E3973D69AAB43E69E4971C
:104240003F69BBB44069E5974169E6974269ABE9CC
:104250004369E7974469E8974569E9974669EA97AA
:104260004769EB974869EC974969ED974A69EE977A
:104270004B69EF974C69F0974D69F1974E69F2974A
:104280004F69F3975069F4975169F5975269F6971A
:104290005369F7975469A8D05569F8975669F99703
:1042A0005769A5E95869FA975969FB975A69FEB3A6
:1042B0005B69FC975C69FD975D69ACE95E69E3C089
:1042C0005F69FE976069AAE96169409862694198EF
:1042D0006369B9E964694298656943986669B8E9B0
:1042E0006769449868694598696946986A69479812
:1042F0006B69AEE96C6948986D6949986E69FAE82E
:104300006F694A9870694B987169A8E972694C980D
:1043100073694D9874694E9875694F98766950988D
:104320007769ACBF7869B1E97969BAE97A69519876
:104330007B6952987C69A5C27D6953987E695498BF
:104340007F6955988069AFE9816956988269C5B8D7
:10435000836957988469ADE9856958988669DCD383
:104360008769B4E98869B5E98969B7E98A695998BB
:104370008B695A988C695B988D69C7E98E695C98DE
:104380008F695D9890695E9891695F98926960986D
:10439000936961989469C6C09569C5E99669629800
:1043A000976963989869B0E9996964989A6965987A
:1043B0009B69BBE99C69F1B09D6966989E696798A5
:1043C0009F696898A0696998A1696A98A2696B98C1
:1043D000A3696C98A4696D98A5696E98A6696F9891
:1043E000A769BCE9A869A5D5A9697098AA69719857
:1043F000AB69BEE9AC697298AD69BFE9AE69739803
:10440000AF697498B0697598B169C1E9B269769875
:10441000B3697798B469F1C1B5697898B669799844
:10442000B769B6C8B8697A98B9697B98BA697C984F
:10443000BB69BDE9BC697D98BD697E98BE698098FD
:10444000BF698198C0698298C169C2E9C2698398CD
:10445000C3698498C4698598C5698698C669879830
:10446000C7698898C8698998C9698A98CA69C3E977
:10447000CB698B98CC69B3E9CD698C98CE69B6E9E4
:10448000CF698D98D069B1BBD1698E98D2698F9868
:10449000D3699098D469C0E9D5699198D669929802
:1044A000D7699398D8699498D9699598DA69969854
:1044B000DB69F7BCDC699798DD699898DE699998A3
:1044C000DF69C4E9E069C6E9E1699A98E2699B9805
:1044D000E3699C98E4699D98E5699E98E6699F98D0
:1044E000E769A098E869A198E969A298EA69A398A0
:1044F000EB69A498EC69A598ED69CAE9EE69A698FC
:10450000EF69A798F069A898F169A998F269CEE9CE
:10451000F369AA98F469AB98F569AC98F669AD9817
:10452000F769AE98F869AF98F969B098FA69B198E7
:10453000FB69B298FC69B398FD69DBB2FE69B49877
:10454000FF69C8E9006AB598016AB698026AB79827
:10455000036AB898046AB998056ABA98066ABB985B
:10456000076ABC98086ABD98096ABE980A6AAEB71D
:104570000B6ABF980C6AC0980D6AC1980E6AC298FF
:104580000F6AC398106AC498116AC598126AC698CF
:10459000136AC798146AC898156AC998166ACA989F
:1045A000176ACBE9186ACCE9196ACB981A6ACC98D1
:1045B0001B6ACD981C6ACE981D6ACF981E6AD09847
:1045C0001F6AC1D5206AD198216AA3C4226AD298F1
:1045D000236AD398246AD498256AD598266AD698EF
:1045E000276AD798286AD8E9296AD8982A6AE1BA46
:1045F0002B6AD9982C6ADA982D6ADB982E6ADC9897
:104600002F6AC9E9306ADD98316AA3D3326ADE982D
:10461000336ADF98346AE098356AD4E9366AE198FB
:10462000376AE298386AE398396AE4983A6AE59812
:104630003B6AE6983C6AE7983D6AD7E93E6AD0E96A
:104640003F6AE898406AE998416AEA98426AEB98BA
:10465000436AEC98446ACFE9456AED98466AEE9859
:10466000476AC1C7486AEF98496AF0984A6AF19860
:104670004B6AF2984C6AF3984D6AF4984E6AF59832
:104680004F6AF698506AD2E9516AF798526AF898D8
:10469000536AF998546AFA98556AFB98566AFC98D6
:1046A000576AFD98586AD9E9596AC8B35A6AFE9898
:1046B0005B6AD3E95C6A40995D6A41995E6A429996
:1046C0005F6A4399606A4499616AF0CF626A45996A
:1046D000636A4699646A4799656ACDE9666A48994A
:1046E000676A4999686A4A99696A4B996A6A4C99F2
:1046F0006B6A4D996C6A4E996D6A4F996E6A5099C2
:104700006F6A5199706A5299716AF7B3726A5399D4
:10471000736A5499746A5599756A5699766A579965
:10472000776A5899786A5999796AD6E97A6A5A996A
:104730007B6A5B997C6ADAE97D6A5C997E6A5D993D
:104740007F6A5E99806AB4CC816A5F99826A609957
:10475000836A6199846AADCF856A6299866A639932
:10476000876A6499886A6599896A66998A6A679985
:104770008B6A68998C6A69998D6A6A998E6AD5E99B
:104780008F6A6B99906ADCE9916ADBE9926A6C99AD
:10479000936A6D99946A6E99956A6F99966A709901
:1047A000976ADEE9986A7199996A72999A6A739917
:1047B0009B6A74999C6A75999D6A76999E6A7799A5
:1047C0009F6A7899A06AD1E9A16A7999A26A7A99CF
:1047D000A36A7B99A46A7C99A56A7D99A66A7E9949
:1047E000A76A8099A86A8199A96ADDE9AA6A82996B
:1047F000AB6ADFE9AC6ACAC3AD6A8399AE6A8499D1
:10480000AF6A8599B06A8699B16A8799B26A8899C0
:10481000B36A8999B46A8A99B56A8B99B66A8C9990
:10482000B76A8D99B86A8E99B96A8F99BA6A909960
:10483000BB6A9199BC6A9299BD6A9399BE6A949930
:10484000BF6A9599C06A9699C16A9799C26A989900
:10485000C36A9999C46A9A99C56A9B99C66A9C99D0
:10486000C76A9D99C86A9E99C96A9F99CA6AA099A0
:10487000CB6AA199CC6AA299CD6AA399CE6AA49970
:10488000CF6AA599D06AA699D16AA799D26AA89940
:10489000D36AA999D46AAA99D56AAB99D66AAC9910
:1048A000D76AAD99D86AAE99D96AAF99DA6AB099E0
:1048B000DB6AB199DC6AB299DD6AB399DE6AB499B0
:1048C000DF6AB599E06AB699E16AB799E26AB89980
:1048D000E36AB999E46ABA99E56ABB99E66ABC9950
:1048E000E76ABD99E86ABE99E96ABF99EA6AC09920
:1048F000EB6AC199EC6AC299ED6AC399EE6AC499F0
:10490000EF6AC599F06AC699F16AC799F26AC899BF
:10491000F36AC999F46ACA99F56ACB99F66ACC998F
:10492000F76ACD99F86ACE99F96ACF99FA6AD0995F
:10493000FB6AD199FC6AD299FD6AD399FE6AD4992F
:10494000FF6AD599006BD699016BD799026BD899FC
:10495000036BD999046BDA99056BDB99066BDC99CB
:10496000076BDD99086BDE99096BDF990A6BE0999B
:104970000B6BE1990C6BE2990D6BE3990E6BE4996B
:104980000F6BE599106BE699116BE799126BE8993B
:10499000136BE999146BEA99156BEB99166BEC990B
:1049A000176BED99186BEE99196BEF991A6BF099DB
:1049B0001B6BF1991C6BF2991D6BF3991E6BF499AB
:1049C0001F6BF599206BB7C7216BCEB4226BB6BBBA
:1049D000236BC0D0246BA3EC256BF699266BF7995B
:1049E000276BB7C5286BF899296BF9992A6BFA9947
:1049F0002B6BFB992C6BFC992D6BFD992E6BFE9903
:104A00002F6B409A306B419A316B429A326BFBD3D9
:104A1000336B439A346B449A356B459A366B469A9E
:104A2000376BA4EC386B479A396BA5EC3A6BDBC655
:104A30003B6B489A3C6B499A3D6B4A9A3E6BEEBF82
:104A40003F6B4B9A406B4C9A416B4D9A426B4E9A1E
:104A5000436BA6EC446B4F9A456B509A466BA7ECA0
:104A6000476BAAD0486B519A496BB8C74A6B529AA8
:104A70004B6B539A4C6BE8B84D6B549A4E6B559AEE
:104A80004F6B569A506B579A516B589A526B599A72
:104A9000536B5A9A546B5B9A556B5C9A566B5D9A42
:104AA000576B5E9A586B5F9A596BA8EC5A6B609A79
:104AB0005B6B619A5C6B629A5D6B639A5E6B649AE6
:104AC0005F6B659A606B669A616B679A626BB9D629
:104AD000636BFDD5646BCBB4656BBDB2666BE4CE26
:104AE000676BE7C6686B689A696B699A6A6BE1CD18
:104AF0006B6B6A9A6C6B6B9A6D6B6C9A6E6B6D9A42
:104B00006F6B6E9A706B6F9A716B709A726B719A11
:104B1000736B729A746B739A756B749A766B759AE1
:104B2000776B769A786B779A796BF5B47A6B789A1B
:104B30007B6BC0CB7C6BDFBC7D6B799A7E6B7A9A8A
:104B40007F6B7B9A806B7C9A816BE2E9826BE3E9F5
:104B5000836BEAD1846BE5E9856B7D9A866BF9B44A
:104B6000876BE4E9886B7E9A896BB3D18A6BE2CA62
:104B70008B6BD0B28C6B809A8D6BE8E98E6B819ACF
:104B80008F6B829A906B839A916B849A926BE6E911
:104B9000936BE7E9946B859A956B869A966BB3D67F
:104BA000976B879A986B889A996B899A9A6BE9E9BF
:104BB0009B6BEAE99C6B8A9A9D6B8B9A9E6B8C9A95
:104BC0009F6B8D9AA06B8E9AA16BEBE9A26B8F9A6B
:104BD000A36B909AA46B919AA56B929AA66B939AE9
:104BE000A76B949AA86B959AA96B969AAA6BECE915
:104BF000AB6B979AAC6B989AAD6B999AAE6B9A9A8D
:104C0000AF6B9B9AB06B9C9AB16B9D9AB26B9E9A5C
:104C1000B36BAFECB46BB9C5B56BCEB6B66B9F9A40
:104C2000B76BF3D2B86BA09AB96BA19ABA6BA29A80
:104C3000BB6BA39ABC6BA49ABD6BA59ABE6BA69ADC
:104C4000BF6BEEB5C06BA79AC16BD9BBC26BB1ECA1
:104C5000C36BA89AC46BA99AC56BE3D2C66BAA9A18
:104C6000C76BAB9AC86BAC9AC96BAD9ACA6BAE9A5C
:104C7000CB6BE3CECC6BAF9ACD6BB8C4CE6BB09A96
:104C8000CF6BBFC3D06BB19AD16BB29AD26BBEB6A9
:104C9000D36BB9D8D46BC8B1D56BCFB1D66BD1B10A
:104CA000D76BFEC5D86BB39AD96BD0B1DA6BB49A17
:104CB000DB6BABC3DC6BB59ADD6BB69ADE6BB79A78
:104CC000DF6BB89AE06BB99AE16BB1D5E26BBA9A37
:104CD000E36BBB9AE46BBC9AE56BBD9AE66BBE9A3C
:104CE000E76BBF9AE86BC09AE96BC19AEA6BA4EBD9
:104CF000EB6BC1BAEC6BC29AED6BC39AEE6BC49AC4
:104D0000EF6BBACCF06BC59AF16BC69AF26BC79A8F
:104D1000F36BA5EBF46BC89AF56BA7EBF66BC99A2E
:104D2000F76BCA9AF86BCB9AF96BA8EBFA6BCC9A33
:104D3000FB6BCD9AFC6BCE9AFD6BA6EBFE6BCF9A0C
:104D4000FF6BD09A006CD19A016CD29A026CD39A04
:104D5000036CD49A046CD59A056CA9EB066CABEB8A
:104D6000076CAAEB086CD69A096CD79A0A6CD89A89
:104D70000B6CD99A0C6CDA9A0D6CACEB0E6CDB9A5E
:104D80000F6CCFCA106CB5D8116CF1C3126CDC9AE1
:104D9000136CA5C3146CF8C6156CADEB166CCAC4C5
:104DA000176CDD9A186CAEEB196CAFEB1A6CB0EBAC
:104DB0001B6CD5B71C6CDE9A1D6CDF9A1E6CE09ADA
:104DC0001F6CFAB7206CE19A216CB1EB226CE2C740
:104DD000236CE29A246CB3EB256CE39A266CA4BA9C
:104DE000276CF5D1286CB1B0296CB2EB2A6CB4EB0E
:104DF0002B6CE49A2C6CE59A2D6CE69A2E6CAAB575
:104E00002F6CC8C2306CE8C7316CE79A326CB5EBD6
:104E1000336CE89A346CAECB356CDFE3366CE99AD0
:104E2000376CEA9A386CC0D3396CEB9A3A6CEC9ACE
:104E30003B6CED9A3C6CEE9A3D6CDBD93E6CEF9A84
:104E40003F6CF09A406CA1CD416CADD6426CF3C77B
:104E5000436CF19A446CF29A456CF39A466CE0D933
:104E6000476CE3BB486CF49A496CBABA4A6CE2E30B
:104E70004B6CF59A4C6CF69A4D6CF79A4E6CF89A0E
:104E80004F6CF99A506CABCF516CFA9A526CFB9AFA
:104E9000536CFC9A546CE0E3556CC7C9566CFD9A90
:104EA000576CB9BA586CFE9A596C409B5A6C419B2E
:104EB0005B6CB4D15C6CE1E35D6CEAC85E6CAFB96D
:104EC0005F6CADBD606CD8B3616CDBCE626C429B35
:104ED000636C439B646CC0CC656C449B666C459B67
:104EE000676C469B686CE8E3696CE9E36A6CF4CD37
:104EF0006B6C479B6C6C489B6D6C499B6E6C4A9BC2
:104F00006F6C4B9B706CADCC716C4C9B726CB3BC7A
:104F1000736C4D9B746CEAE3756C4E9B766CEBE3A3
:104F2000776C4F9B786C509B796CDAD07A6C519B84
:104F30007B6C529B7C6C539B7D6CFBC67E6CDAB7A2
:104F40007F6C549B806C559B816CDFC7826CCAD28E
:104F5000836CD6CE846C569B856CE4E3866CECE364
:104F6000876C579B886CF2C9896CC1B38A6C589B5B
:104F70008B6C599B8C6CE7E38D6C5A9B8E6C5B9BA6
:104F80008F6CE3C6906CE5E3916C5C9B926C5D9BCF
:104F9000936CB3ED946CE6E3956C5E9B966C5F9BB3
:104FA000976C609B986C619B996CB3C99A6C629B7F
:104FB0009B6CE6C59C6C639B9D6C649B9E6C659B27
:104FC0009F6CB5B9A06C669BA16CBBC3A26C679BC0
:104FD000A36CE3E3A46CBDC5A56CA4C1A66CD9C247
:104FE000A76CD7B2A86C689BA96CEDE3AA6CA6BBB2
:104FF000AB6CADC4AC6C699BAD6CF0E3AE6CDABE6F
:10500000AF6C6A9BB06C6B9BB16CFBE3B26CF5E36D
:10501000B36CD3BAB46C6C9BB56C6D9BB66C6E9B69
:10502000B76C6F9BB86CD0B7B96CCDD3BA6C709BB2
:10503000BB6CCED6BC6CD3D5BD6CC1B9BE6CB4D57F
:10504000BF6CD8D1C06C719BC16C729BC26C739BDE
:10505000C36C749BC46CB9D0C56CF6C7C66C759B29
:10506000C76C769BC86C779BC96CAAC8CA6CB4B273
:10507000CB6C789BCC6CDAC3CD6C799BCE6C7A9B75
:10508000CF6C7B9BD06CEEE3D16C7C9BD26C7D9B18
:10509000D36CFCE3D46CEFE3D56CA8B7D66CF7E324
:1050A000D76CF4E3D86C7E9BD96C809BDA6C819BC7
:1050B000DB6CBAB7DC6C829BDD6C839BDE6CA2C5BB
:1050C000DF6C849BE06CF6E3E16CDDC5E26CA8B2BA
:1050D000E36CFCC6E46C859BE56CE0C4E66C869BE7
:1050E000E76C879BE86CA2D7E96C889BEA6CE1C00F
:1050F000EB6CF9E3EC6C899BED6C8A9BEE6CFAE34C
:10510000EF6CFDE3F06CA9CCF16CF3E3F26C8B9BDC
:10511000F36CBED3F46C8C9BF56CC3B1F66CB4ED40
:10512000F76CF1E3F86CF2E3F96C8D9BFA6CF8E341
:10513000FB6CBAD0FC6CC3C6FD6CF3D4FE6CFEE312
:10514000FF6C8E9B006D8F9B016DE0BD026D909B8F
:10515000036D919B046DA7E4056D929B066D939B77
:10516000076DA6E4086D949B096D959B0A6D969B4F
:105170000B6DF3D10C6DA3E40D6D979B0E6DA9E43F
:105180000F6D989B106D999B116D9A9B126DF7C8CE
:10519000136D9B9B146D9C9B156D9D9B166D9E9B2B
:1051A000176DB4CF186D9F9B196DA8E41A6DAEE40E
:1051B0001B6DE5C21C6DA09B1D6DA19B1E6DB4B641
:1051C0001F6DA29B206DA39B216DA49B226DA59BAF
:1051D000236DA69B246DA79B256DF2BD266DA89B14
:1051E000276DA2E4286DA99B296DAA9B2A6DE9BAB7
:1051F0002B6DAAE42C6DAB9B2D6DAC9B2E6DACE49E
:105200002F6DAD9B306DAE9B316DFDB6326DDED630
:10521000336DB2E4346DAF9B356DADE4366DB09B4C
:10522000376DB19B386DB29B396DA1E43A6DB39B7C
:105230003B6DEEBB3C6DDDCD3D6DA2C73E6DC9C57E
:105240003F6DB49B406DB59B416DF7C1426DB69B00
:10525000436DA4E4446DB79B456DB3C7466DACBDCB
:10526000476DBDBD486DA5E4496DB89B4A6DC7D774
:105270004B6DE2B24C6DB99B4D6DABE44E6DC3BC52
:105280004F6DAFE4506DBA9B516DEBBB526DB0E406
:10529000536DA8C5546DB1E4556DBB9B566DBC9B59
:1052A000576DBD9B586DBE9B596DE3D55A6DA3BF1D
:1052B0005B6DBF9B5C6DBAE45D6DC09B5E6DB7E4DA
:1052C0005F6DC19B606DBBE4616DC29B626DC39BF2
:1052D000636DBDE4646DC49B656DC59B666DD6C68C
:1052E000676DC69B686DC79B696DC6BA6A6DCBC09A
:1052F0006B6DC89B6C6DC99B6D6DCA9B6E6DA1B8C3
:105300006F6DB4E4706DCB9B716DCC9B726DCD9B5A
:10531000736DCE9B746DA1D4756DCF9B766DD09B54
:10532000776DA3BA786DFEBD796DD19B7A6DD29BF6
:105330007B6DD39B7C6DBCE47D6DD49B7E6DD59BDA
:105340007F6DD69B806DD79B816DD89B826DBFCDC5
:10535000836DD99B846DDA9B856DF9C4866DDB9B6B
:10536000876DDC9B886DFBCF896DE6C98A6DDD9BFF
:105370008B6DDE9B8C6DBFD38D6DDF9B8E6DD1CF22
:105380008F6DE09B906DE19B916DB3E4926DE29B1C
:10539000936DB8E4946DB9E4956DE9CC966DE39B9B
:1053A000976DE49B986DE59B996DE69B9A6DE79BE5
:1053B0009B6DCECC9C6DE89B9D6DD4C09E6DB5E47D
:1053C0009F6DB0C1A06DB6E4A16DD0CEA26DE99B7A
:1053D000A36DC1BBA46DD3B5A56DEA9BA66DF3C843
:1053E000A76DA7BDA86DC7D5A96DACC9AA6DA2B898
:1053F000AB6DCAE4AC6DEB9BAD6DEC9BAE6DCCE4DC
:10540000AF6DC4D1B06DED9BB16DEE9BB26DBAD2F4
:10541000B36DEF9BB46DF09BB56DADBAB66DF19BFE
:10542000B76DF29BB86DD4BAB96DF39BBA6DF49BAE
:10543000BB6DF59BBC6DF69BBD6DF79BBE6DF89B80
:10544000BF6DC3E4C06DEDB5C16DF99BC26DFA9B34
:10545000C36DFB9BC46DCDD7C56DC0E4C66DFDCFDC
:10546000C76DBFE4C86DFC9BC96DFD9BCA6DFE9BFB
:10547000CB6DDCC1CC6DCACCCD6D409CCE6D419C5A
:10548000CF6D429CD06D439CD16DE7CAD26D449CD8
:10549000D36D459CD46D469CD56D479CD66DD7C4C5
:1054A000D76D489CD86DD4CCD96DC8E4DA6D499CD1
:1054B000DB6D4A9CDC6D4B9CDD6DC7E4DE6DC1E4A9
:1054C000DF6D4C9CE06DC4E4E16DADB5E26D4D9CCB
:1054D000E36D4E9CE46DD9D3E56D4F9CE66DC6E45B
:1054E000E76D509CE86D519CE96D529CEA6D539CB0
:1054F000EB6DF9D2EC6DE3B4ED6D549CEE6DB4BB85
:10550000EF6D559CF06D569CF16DEEC9F26D579C98
:10551000F36DBEB4F46D589CF56D599CF66D5A9CB4
:10552000F76DECBBF86D5B9CF96DCDD1FA6D5C9CB1
:10553000FB6DEDCCFC6DB5EDFD6D5D9CFE6D5E9C77
:10554000FF6D5F9C006E609C016E619C026E629CB0
:10555000036E639C046E649C056EE5C7066E659CD5
:10556000076E669C086E679C096E689C0A6EA8D4DC
:105570000B6E699C0C6ECBE40D6ED5D70E6EC2E43B
:105580000F6E6A9C106EA5BD116EC5E4126E6B9C09
:10559000136E6C9C146EE6D3156E6D9C166EC9E48A
:1055A000176EF8C9186E6E9C196E6F9C1A6EBEE469
:1055B0001B6E709C1C6E719C1D6EE5D31E6E729CE2
:1055C0001F6E739C206EFEC7216EC9B6226E749C3E
:1055D000236EFCD4246EB3B2256ED7E4266E759C80
:1055E000276E769C286E779C296EC2CE2A6E789C98
:1055F0002B6ECDE42C6E799C2D6EBCCE2E6E7A9CDB
:105600002F6EDBB8306E7B9C316E7C9C326ED6E4A4
:10561000336E7D9C346ECABF356E7E9C366E809C28
:10562000376E819C386ECED3396E829C3A6EECC355
:105630003B6E839C3C6E849C3D6E859C3E6E869C3E
:105640003F6E879C406E889C416E899C426E8A9C0E
:10565000436EC8C5446ED8E4456E8B9C466E8C9CE8
:10566000476E8D9C486E8E9C496E8F9C4A6E909CB6
:105670004B6E919C4C6E929C4D6EC4CD4E6ECFE4A1
:105680004F6E939C506E949C516E959C526E969C5E
:10569000536ED4E4546ED5E4556E979C566EFEBAA4
:1056A000576E989C586EE6CF596E999C5A6E9A9C8C
:1056B0005B6EBFD55C6E9B9C5D6E9C9C5E6E9D9C84
:1056C0005F6ED2E4606E9E9C616E9F9C626EA09C39
:1056D000636EA19C646EA29C656EA39C666EA49C86
:1056E000676EA59C686EA69C696EA79C6A6EA89C56
:1056F0006B6ED0E46C6EA99C6D6EAA9C6E6ECEE44F
:105700006F6EAB9C706EAC9C716EAD9C726EAE9CFD
:10571000736EAF9C746EB09C756EB19C766EB29CCD
:10572000776EB39C786EB49C796EB59C7A6EB69C9D
:105730007B6EB79C7C6EB89C7D6EB99C7E6EE5CD11
:105740007F6EAACA806EBA9C816EBB9C826EBC9C26
:10575000836EA3C0846EBD9C856EA6BD866ED3E4A9
:10576000876EBE9C886EBF9C896EC8B88A6EC09CCE
:105770008B6EC19C8C6EC29C8D6EC39C8E6EC49CC5
:105780008F6EE7E4906EB4D4916EC59C926EC69C09
:10579000936EC79C946EC89C956EC99C966ECA9C6D
:1057A000976ECB9C986EDBE4996ECC9C9A6ECD9CE8
:1057B0009B6ECE9C9C6EEFC19D6ECF9C9E6ED09CCE
:1057C0009F6EE9E4A06ED19CA16ED29CA26EE7D23E
:1057D000A36ED39CA46ED49CA56EDFE4A66ED59C6C
:1057E000A76EE0E4A86ED69CA96ED79CAA6EAACF3D
:1057F000AB6ED89CAC6ED99CAD6EDA9CAE6EDB9C69
:10580000AF6EDDCBB06EDC9CB16EDAE4B26ED1E48B
:10581000B36EDD9CB46EE5E4B56EDE9CB66EDCC89E
:10582000B76EE3E4B86EDF9CB96EE09CBA6EE7C475
:10583000BB6EE2E4BC6EE19CBD6EE1E4BE6EE29C38
:10584000BF6EE39CC06EE49CC16EFCB3C26EE8E424
:10585000C36EE59CC46EE69CC56EE79CC66EE89C74
:10586000C76EE1B5C86EE99CC96EEA9CCA6EEB9C36
:10587000CB6ECCD7CC6EEC9CCD6EED9CCE6EEE9C00
:10588000CF6EE6E4D06EEF9CD16EACBBD26EF09CD6
:10589000D36ED2D7D46ECFCCD56EF8EBD66EF19C4A
:1058A000D76EE4E4D86EF29CD96EF39CDA6EF6B94A
:1058B000DB6EF49CDC6EF59CDD6EF69CDE6ECDD668
:1058C000DF6ED9E4E06EDCE4E16EFAC2E26EDEE4A3
:1058D000E36EF79CE46ECBC2E56EC4C0E66ED0C248
:1058E000E76EF89CE86EF5B1E96EB2CCEA6EF99C11
:1058F000EB6EFA9CEC6EFB9CED6EFC9CEE6EFD9CE0
:10590000EF6EFE9CF06E409DF16E419DF26E429DE9
:10591000F36E439DF46ECEB5F56E449DF66E459DD7
:10592000F76E469DF86E479DF96EEFE4FA6E489D5E
:10593000FB6E499DFC6E4A9DFD6E4B9DFE6E4C9D1F
:10594000FF6E4D9D006F4E9D016F4F9D026FAFC664
:10595000036F509D046F519D056F529D066FE1C608
:10596000076F539D086F549D096FF5E40A6F559DAD
:105970000B6F569D0C6F579D0D6F589D0E6F599D67
:105980000F6FA9C2106F5A9D116F5B9D126F5C9DC6
:10599000136FECC0146FDDD1156FEEE4166F5D9DD3
:1059A000176F5E9D186F5F9D196F609D1A6F619DE7
:1059B0001B6F629D1C6F639D1D6F649D1E6F659DB7
:1059C0001F6F669D206FAEC4216F679D226F689D1B
:1059D000236F699D246FEDE4256F6A9D266F6B9D93
:1059E000276F6C9D286F6D9D296FF6E42A6FF4E494
:1059F0002B6FFEC22C6F6E9D2D6FDDE42E6F6F9DA1
:105A00002F6FF0E4306F709D316FFECA326F719D61
:105A1000336FC4D5346F729D356F739D366FF1E46B
:105A2000376F749D386F759D396F769D3A6F779D8E
:105A30003B6F789D3C6F799D3D6F7A9D3E6FFAD1AB
:105A40003F6F7B9D406F7C9D416F7D9D426F7E9D32
:105A5000436F809D446F819D456F829D466FEBE44F
:105A6000476FECE4486F839D496F849D4A6F859D25
:105A70004B6FF2E44C6F869D4D6FABCE4E6F879DA2
:105A80004F6F889D506F899D516F8A9D526F8B9D7E
:105A9000536F8C9D546F8D9D556F8E9D566F8F9D4E
:105AA000576F909D586FCBC5596F919D5A6F929DBE
:105AB0005B6F939D5C6FB1C75D6F949D5E6FBAC263
:105AC0005F6F959D606F969D616F979D626FEAE431
:105AD000636F989D646F999D656F9A9D666FCAC14B
:105AE000676F9B9D686F9C9D696F9D9D6A6F9E9D72
:105AF0006B6F9F9D6C6FA09D6D6FB6CC6E6FB1B3D9
:105B00006F6FA19D706FA29D716FA39D726FFBE47B
:105B1000736FA49D746FF3E4756FA59D766FA69D5A
:105B2000776FA79D786FFAE4796FA89D7A6FFDE48F
:105B30007B6FA99D7C6FFCE47D6FAA9D7E6FAB9D02
:105B40007F6FAC9D806FAD9D816FAE9D826FAF9D6D
:105B5000836FB09D846FCEB3856FB19D866FB29D0C
:105B6000876FB39D886FBAB3896FF7E48A6FB49D6E
:105B70008B6FB59D8C6FF9E48D6FF8E48E6FECC57B
:105B80008F6FB69D906FB79D916FB89D926FB99DC5
:105B9000936FBA9D946FBB9D956FBC9D966FBD9D95
:105BA000976FBE9D986FBF9D996FC09D9A6FC19D65
:105BB0009B6FC29D9C6FBDC09D6FC39D9E6FC49D1A
:105BC0009F6FC59DA06FC69DA16FE8D4A26FC79DB2
:105BD000A36FC89DA46FC99DA56FCA9DA66FCB9DDD
:105BE000A76FA2E5A86FCC9DA96FCD9DAA6FCE9D92
:105BF000AB6FCF9DAC6FD09DAD6FD19DAE6FD29D81
:105C0000AF6FD39DB06FD49DB16FD59DB26FD69D50
:105C1000B36FC4B0B46FD79DB56FD89DB66FA4E510
:105C2000B76FD99DB86FDA9DB96FA3E5BA6FDB9DE9
:105C3000BB6FDC9DBC6FDD9DBD6FDE9DBE6FDF9DCC
:105C4000BF6FE09DC06FA4BCC16FE19DC26FA5E5B1
:105C5000C36FE29DC46FE39DC56FE49DC66FE59D74
:105C6000C76FE69DC86FE79DC96FA1E5CA6FE89D44
:105C7000CB6FE99DCC6FEA9DCD6FEB9DCE6FEC9D18
:105C8000CF6FED9DD06FEE9DD16FFEE4D26FF4B17A
:105C9000D36FEF9DD46FF09DD56FF19DD66FF29DC0
:105CA000D76FF39DD86FF49DD96FF59DDA6FF69D90
:105CB000DB6FF79DDC6FF89DDD6FF99DDE6FA8E56A
:105CC000DF6FFA9DE06FA9E5E16FA6E5E26FFB9D4E
:105CD000E36FFC9DE46FFD9DE56FFE9DE66F409ECA
:105CE000E76F419EE86F429EE96F439EEA6F449ED4
:105CF000EB6F459EEC6F469EED6F479EEE6FA7E5FE
:105D0000EF6FAAE5F06F489EF16F499EF26F4A9ED1
:105D1000F36F4B9EF46F4C9EF56F4D9EF66F4E9E4B
:105D2000F76F4F9EF86F509EF96F519EFA6F529E1B
:105D3000FB6F539EFC6F549EFD6F559EFE6F569EEB
:105D4000FF6F579E0070589E0170599E02705A9EB8
:105D500003705B9E04705C9E05705D9E06705E9E87
:105D600007705F9E0870609E0970619E0A70629E57
:105D70000B70639E0C70649E0D70659E0E70669E27
:105D80000F70679E1070689E1170D9C61270699E60
:105D900013706A9E14706B9E15706C9E16706D9ECB
:105DA00017706E9E18706F9E1970709E1A70ABE51A
:105DB0001B70ADE51C70719E1D70729E1E70739EEF
:105DC0001F70749E2070759E2170769E2270779E43
:105DD0002370ACE52470789E2570799E26707A9E9B
:105DE00027707B9E28707C9E29707D9E2A707E9EE7
:105DF0002B70809E2C70819E2D70829E2E70839EB3
:105E00002F70849E3070859E3170869E3270879E82
:105E10003370889E3470899E3570AFE536708A9EE7
:105E200037708B9E38708C9E3970AEE53A708D9EBF
:105E30003B708E9E3C708F9E3D70909E3E70919EFA
:105E40003F70929E4070939E4170949E4270959ECA
:105E50004370969E4470979E4570989E4670999E9A
:105E600047709A9E48709B9E49709C9E4A709D9E6A
:105E70004B709E9E4C70E0B94D709F9E4E70A09EE0
:105E80004F70B0E55070A19E5170A29E5270A39EBB
:105E90005370A49E5470A59E5570A69E5670A79EE2
:105EA0005770A89E5870A99E5970AA9E5A70AB9EB2
:105EB0005B70AC9E5C70AD9E5D70AE9E5E70B1E539
:105EC0005F70AF9E6070B09E6170B19E6270B29E56
:105ED0006370B39E6470B49E6570B59E6670B69E26
:105EE0006770B79E6870B89E6970B99E6A70BA9EF6
:105EF0006B70F0BB6C70E1EC6D70F0C36E70BB9EAC
:105F00006F70C6B57070D2BB7170BC9E7270BD9E52
:105F10007370BE9E7470BF9E7570E9C17670EED4CA
:105F20007770C09E7870C4BE7970C19E7A70C29E30
:105F30007B70C39E7C70C6D77D70C49E7E70D6D4A5
:105F40007F70D3B28070BEEC8170C59E8270C69E99
:105F50008370C79E8470C89E8570C1EA8670C99E92
:105F60008770CA9E8870CB9E8970AFC28A70B6B4A3
:105F70008B70CC9E8C70CD9E8D70CE9E8E70D7D146
:105F80008F70CF9E9070D09E9170D19E9270B4B35E
:105F90009370D29E9470B2C89570BBBF9670C0ECDF
:105FA0009770D39E9870D49E9970CBD69A70D59ED8
:105FB0009B70D69E9C70BFEC9D70C1EC9E70D79E6E
:105FC0009F70D89EA070D99EA170DA9EA270DB9EB1
:105FD000A370DC9EA470DD9EA570DE9EA670DF9E81
:105FE000A770E09EA870E19EA970E29EAA70E39E51
:105FF000AB70C5ECAC70E6BEAD70BFCCAE70DAC5B0
:10600000AF70BCBEB070E49EB170C6ECB270E59EDD
:10601000B370FEB1B470E69EB570E79EB670E89EB0
:10602000B770C4ECB870A8D5B970E3B5BA70E99E82
:10603000BB70C2ECBC70B6C1BD70E3B3BE70EA9E6B
:10604000BF70EB9EC070C3ECC170B8CBC270C3C050
:10605000C370FECCC470EC9EC570ED9EC670EE9E03
:10606000C770EF9EC870D2C1C970F09ECA70C8ECEC
:10607000CB70F19ECC70F29ECD70F39ECE70F49EEC
:10608000CF70F59ED070F69ED170F79ED270F89EBC
:10609000D370F99ED470FA9ED570FB9ED670FC9E8C
:1060A000D770FD9ED870E6BAD970D3C0DA70FE9E64
:1060B000DB70F2D6DC70409FDD70419FDE70429F46
:1060C000DF70CCD1E070439FE170449FE270459F48
:1060D000E370469FE470BEBFE570479FE670B3B7BC
:1060E000E770D5C9E870C7ECE970E2BBEA70489F79
:1060F000EB70CCCCEC70FDBDED70C8C8EE70499F64
:10610000EF70A9CFF0704A9FF1704B9FF2704C9FD7
:10611000F3704D9FF4704E9FF5704F9FF670509F37
:10612000F770E9CDF870519FF970EBC5FA70529F86
:10613000FB70539FFC70549FFD70E9B7FE70559F34
:10614000FF70569F0071579F0171589F0271599FB0
:1061500003715A9F04715B9F05715C9F06715D9F7F
:1061600007715E9F08715F9F0971C9D10A71B8BA42
:106170000B71609F0C71619F0D71629F0E71639F27
:106180000F71649F1071C9EC1171659F1271669F48
:106190001371CAEC1471679F1571C0BB1671CBECFB
:1061A0001771689F1871E2EC1971BAB11A71D9B7F9
:1061B0001B71699F1C716A9F1D716B9F1E716C9F83
:1061C0001F716D9F20716E9F21716F9F2271709F53
:1061D0002371719F2471729F2571739F2671B9BDC0
:1061E0002771749F2871759F2971769F2A71779FF7
:1061F0002B71789F2C71799F2D717A9F2E717B9FC7
:106200002F71CCEC3071E6D13171CDEC32717C9FC5
:1062100033717D9F34717E9F3571809F3671BBC80D
:106220003771819F3871829F3971839F3A71849F42
:106230003B71859F3C71869F3D71879F3E71889F12
:106240003F71899F40718A9F41718B9F42718C9FE2
:1062500043718D9F44718E9F4571D1EC46718F9F24
:106260004771909F4871919F4971929F4A71D3ECF9
:106270004B71939F4C71CDBB4D71949F4E71E5BC9A
:106280004F71959F5071969F5171979F5271989F32
:106290005371999F54719A9F55719B9F56719C9F02
:1062A00057719D9F58719E9F59719F9F5A71A09FD2
:1062B0005B71A19F5C71CFEC5D71A29F5E71B7C9EC
:1062C0005F71A39F6071A49F6171A59F6271A69F7A
:1062D0006371A79F6471BAC36571A89F6671E3EC8F
:1062E0006771D5D56871D0EC6971A99F6A71AA9F51
:1062F0006B71AB9F6C71AC9F6D71AD9F6E71F3D67E
:106300006F71AE9F7071AF9F7171B09F7271D2EC5F
:106310007371CEEC7471B19F7571B29F7671B39F3A
:106320007771B49F7871D4EC7971B59F7A71D5EC9F
:106330007B71B69F7C71B79F7D71BFC97E71B89F1D
:106340007F71B99F8071BA9F8171BB9F8271BC9F21
:106350008371BD9F8471A8CF8571BE9F8671BF9FD9
:106360008771C09F8871C19F8971C29F8A71DCD07B
:106370008B71C39F8C71C49F8D71C59F8E71C69F99
:106380008F71ACD19071C79F9171C89F9271C99F55
:106390009371CA9F9471DBC89571CB9F9671CC9F06
:1063A0009771CD9F9871D6EC9971F5CE9A71CE9F69
:1063B0009B71CF9F9C71D09F9D71D19F9E71D29FE9
:1063C0009F71ECCAA071DAECA171D39FA271D49F26
:1063D000A371D59FA471D69FA571D79FA671D89F91
:1063E000A771D99FA871D9ECA971DA9FAA71DB9F17
:1063F000AB71DC9FAC71BEB0AD71DD9FAE71DE9F45
:10640000AF71DF9FB071E09FB171E19FB271E29F08
:10641000B371D7ECB471E39FB571D8ECB671E49F5A
:10642000B771E59FB871E69FB971E4ECBA71E79F67
:10643000BB71E89FBC71E99FBD71EA9FBE71EB9F84
:10644000BF71EC9FC071ED9FC171EE9FC271EF9F54
:10645000C371BCC8C471F09FC571F19FC671F29F32
:10646000C771F39FC871F49FC971F59FCA71F69FF8
:10647000CB71F79FCC71F89FCD71F99FCE71C7C1D9
:10648000CF71FA9FD071FB9FD171FC9FD271FD9F9C
:10649000D371FE9FD471DCECD571E0D1D67140A0F0
:1064A000D77141A0D87142A0D97143A0DA7144A03C
:1064B000DB7145A0DC7146A0DD7147A0DE7148A00C
:1064C000DF7149A0E071DBECE1714AA0E2714BA001
:1064D000E3714CA0E4714DA0E571EFD4E6714EA0DC
:1064E000E771DDECE8714FA0E97150A0EA7151A0AD
:1064F000EB7152A0EC7153A0ED7154A0EE71C6DBAC
:10650000EF7155A0F07156A0F17157A0F27158A02B
:10651000F37159A0F4715AA0F5715BA0F6715CA0FB
:10652000F7715DA0F8715EA0F971DEECFA715FA001
:10653000FB7160A0FC7161A0FD7162A0FE7163A09F
:10654000FF7164A0007265A0017266A0027267A06C
:10655000037268A0047269A005726AA00672ACB1E9
:1065600007726BA008726CA009726DA00A726EA00F
:106570000B726FA00C7270A00D7271A00E7272A0DF
:106580000F7273A0107274A0117275A0127276A0AF
:10659000137277A0147278A0157279A016727AA07F
:1065A00017727BA018727CA019727DA01A727EA04F
:1065B0001B7280A01C7281A01D72DFEC1E7282A073
:1065C0001F7283A0207284A0217285A0227286A0EF
:1065D000237287A0247288A0257289A026728AA0BF
:1065E00027728BA02872E0EC29728CA02A72A6D7A1
:1065F0002B728DA02C72C0C52D728EA02E728FA012
:106600002F7290A03072BCEB3172AEB0327291A09A
:10661000337292A0347293A03572F4BE3672B8B859
:106620003772AFD23872D6B03972F9B53A7294A0D7
:106630003B72B3D83C7295A03D72ACCB3E7296A033
:106640003F72DDE3407297A0417298A0427299A018
:1066500043729AA044729BA045729CA046729DA072
:106660004772ACC64872E6B049729EA04A729FA0BB
:106670004B72A0A04C72C6C54D72B9EB4E72A1A070
:106680004F72A2A05072A3A05172A4A05272BAEB92
:106690005372A5A05472A6A05572A7A05672BBEB68
:1066A0005772A8A05872A9A05972C0D15A72AAA054
:1066B0005B72A3C55C72ABA05D72F2EA5E72ACA0C5
:1066C0005F72B2C46072ADA06172B5C46272CEC0B6
:1066D0006372AEA06472AFA06572B0A06672F3EA96
:1066E0006772C1C46872B1A06972EFCE6A72B2A05B
:1066F0006B72B3A06C72B4A06D72B5A06E72F0EA4A
:106700006F72F4EA7072B6A07172B7A07272FCC9AF
:106710007372B8A07472B9A07572A3C77672BAA06A
:106720007772BBA07872BCA07972D8CC7A72FECE98
:106730007B72BDA07C72BEA07D72BFA07E72F5EAA6
:106740007F72F6EA8072ACCF8172E7C08272C0A01D
:106750008372C1A08472F7EA8572C2A08672C3A058
:106760008772C4A08872C5A08972C6A08A72BFB69B
:106770008B72F8EA8C72C7A08D72F9EA8E72C8A08B
:106780008F72FAEA9072C9A09172CAA09272FBEA63
:106790009372CBA09472CCA09572CDA09672CEA02D
:1067A0009772CFA09872D0A09972D1A09A72D2A0FD
:1067B0009B72D3A09C72D4A09D72D5A09E72D6A0CD
:1067C0009F72F1EAA072D7A0A172D8A0A272D9A03C
:1067D000A372DAA0A472DBA0A572DCA0A672DDA071
:1067E000A772DEA0A872DFA0A972E0A0AA72E1A041
:1067F000AB72E2A0AC72AEC8AD72EBE1AE72E3A0D8
:10680000AF72B8B7B072ECE1B172E4A0B272E5A0B9
:10681000B372E6A0B472EDE1B572E7A0B672B4D778
:10682000B772EEE1B872EFE1B972CCD3BA72E8A0F8
:10683000BB72E9A0BC72EAA0BD72EBA0BE72ECA074
:10684000BF72EDA0C072EEA0C172F1E1C272F1BFE1
:10685000C372F0E1C472D2B5C572EFA0C672F0A0E7
:10686000C772F1A0C872B7B1C972F2A0CA72F3A020
:10687000CB72F4A0CC72F5A0CD72F3E1CE72F2E14E
:10688000CF72F6A0D072FCBAD172F7A0D272F4E146
:10689000D372F8A0D472F9A0D572FAA0D672FBA078
:1068A000D772B7B9D872FCA0D972D1BEDA72FDA086
:1068B000DB72FEA0DC7240AADD7241AADE72FCC46B
:1068C000DF7242AAE072DDBAE172C6BDE27243AA8B
:1068D000E37244AAE47245AAE57246AAE67247AAA0
:1068E000E77248AAE872F5E1E972F7E1EA7249AAAB
:1068F000EB724AAAEC72C0B6ED72C1CFEE72A8CAB2
:10690000EF72F6E1F072F8D5F172FCD3F272F8E1B1
:10691000F372FCE1F472F9E1F5724BAAF6724CAA3B
:10692000F772FAE1F872EAC0F9724DAAFA72FEE162
:10693000FB72A1E2FC72C7C0FD724EAAFE724FAAA2
:10694000FF7250AA007351AA0173FBE1027352AAAD
:106950000373FDE1047353AA057354AA067355AA81
:10696000077356AA087357AA097358AA0A73A5E2AF
:106970000B7359AA0C735AAA0D735BAA0E73D4C178
:106980000F735CAA10735DAA11735EAA12735FAADB
:106990001373A3E2147360AA1573A8E21673FEB210
:1069A0001773A2E2187361AA197362AA1A7363AA11
:1069B0001B73CDC31C73C2B21D73A7E21E73A6E284
:1069C0001F7364AA207365AA2173A4E22273A9E24B
:1069D000237366AA247367AA2573ABE2267368AA99
:1069E000277369AA28736AAA2973C9D02A73EDD6B6
:1069F0002B73A8C32C73ACE22D736BAA2E73D7CF65
:106A00002F736CAA30736DAA3173AEE232736EAA23
:106A100033736FAA3473EFBA357370AA367371AAE1
:106A20003773E0E93873ADE23973AAE23A7372AAB8
:106A30003B7373AA3C7374AA3D7375AA3E73ABBBD8
:106A40003F73B3D4407376AA417377AA427378AA8E
:106A5000437379AA44737AAA45737BAA46737CAAC6
:106A600047737DAA48737EAA497380AA4A7381AA94
:106A70004B7382AA4C7383AA4D73B0E24E7384AAFF
:106A80004F7385AA5073AFE2517386AA5273E1E93E
:106A9000537387AA547388AA557389AA56738AAA0E
:106AA0005773B1E258738BAA59738CAA5A738DAA83
:106AB0005B738EAA5C738FAA5D7390AA5E7391AAB2
:106AC0005F7392AA6073B2E2617393AA627394AA2D
:106AD000637395AA647396AA657397AA667398AA56
:106AE000677399AA68739AAA69739BAA6A739CAA26
:106AF0006B739DAA6C73B3E26D73A1CC6E739EAA87
:106B00006F73B4E270739FAA7173A0AA727340ABE3
:106B1000737341AB747342AB757343AB767344AB21
:106B2000777345AB787346AB797347AB7A7348ABF1
:106B30007B7349AB7C734AAB7D734BAB7E73B5E221
:106B40007F734CAB80734DAB81734EAB82734FAB95
:106B5000837350AB8473FED0857351AB867352AB95
:106B60008773CAC2887353AB8973F1D38A7354ABEA
:106B70008B73F5CD8C7355AB8D7356AB8E73E0E78D
:106B80008F7357AB907358AB9173E1E7927359AB26
:106B900093735AAB94735BAB95735CAB9673C1BE46
:106BA00097735DAB98735EAB99735FAB9A7360AB91
:106BB0009B73EAC29C7361AB9D7362AB9E7363ABC4
:106BC0009F73E4E7A07364ABA17365ABA273E3E7C3
:106BD000A37366ABA47367ABA57368ABA67369AB0D
:106BE000A7736AABA8736BABA973E6CDAA736CAB42
:106BF000AB73B5C3AC736DABAD736EABAE73E2E7A5
:106C0000AF73B7BBB073D6CFB1736FABB273E1C123
:106C1000B373E9E7B47370ABB57371ABB67372ABB2
:106C2000B773E8E7B87373ABB97374ABBA73F4E7CF
:106C3000BB73A3B2BC7375ABBD7376ABBE7377ABDE
:106C4000BF7378ABC073EAE7C17379ABC273E6E791
:106C5000C3737AABC4737BABC5737CABC6737DABBC
:106C6000C7737EABC873ECE7C973EBE7CA73BAC9E5
:106C7000CB7380ABCC7381ABCD73E4D5CE7382ABD9
:106C8000CF73E5E7D073A9B7D173E7E7D27383ABCE
:106C9000D37384ABD47385ABD57386ABD67387AB14
:106CA000D77388ABD87389ABD973EEE7DA738AAB45
:106CB000DB738BABDC738CABDD738DABDE73F3E717
:106CC000DF738EABE073E9D6E1738FABE27390AB09
:106CD000E37391ABE47392ABE573EDE7E67393ABCB
:106CE000E773F2E7E87394ABE973F1E7EA7395AB06
:106CF000EB7396ABEC7397ABED73E0B0EE7398ABC0
:106D0000EF7399ABF0739AABF1739BABF273F5E74A
:106D1000F3739CABF4739DABF5739EABF6739FABB3
:106D2000F773A0ABF87340ACF97341ACFA7342ACA3
:106D3000FB7343ACFC7344ACFD7345ACFE7346ACD3
:106D4000FF7347AC007448AC017449AC02744AACA0
:106D50000374F2C704744BAC0574C5C00674EDC06F
:106D600007744CAC08744DAC0974F0C10A74F0E7B8
:106D70000B744EAC0C744FAC0D7450AC0E7451AC23
:106D80000F74F6E71074F6CB117452AC127453AC56
:106D9000137454AC147455AC157456AC167457ACCB
:106DA000177458AC187459AC19745AAC1A74A2E818
:106DB0001B74A1E81C745BAC1D745CAC1E745DACF0
:106DC0001F745EAC20745FAC217460AC2274C1D7B8
:106DD000237461AC247462AC2574FAE72674F9E775
:106DE000277463AC2874FBE7297464AC2A74F7E752
:106DF0002B7465AC2C74FEE72D7466AC2E74FDE725
:106E00002F7467AC3074FCE7317468AC327469ACD1
:106E10003374D5C13474D9C73574FDC53674C3C550
:106E200037746AAC38746BAC39746CAC3A746DAC52
:106E30003B746EAC3C74EDC73D746FAC3E7470AC8B
:106E40003F7471AC407472AC4174A3E8427473AC8B
:106E5000437474AC447475AC457476AC467477ACCA
:106E6000477478AC487479AC49747AAC4A747BAC9A
:106E70004B747CAC4C747DAC4D747EAC4E7480AC69
:106E80004F7481AC507482AC517483AC527484AC36
:106E9000537485AC547486AC5574A6E8567487ACAC
:106EA0005774A5E8587488AC5974A7E85A74F7BAAF
:106EB0005B74F8E75C74A4E85D7489AC5E74F0C838
:106EC0005F74AAC960748AAC61748BAC62748CAC58
:106ED00063748DAC64748EAC65748FAC667490AC66
:106EE000677491AC687492AC697493AC6A7494AC36
:106EF0006B7495AC6C7496AC6D74A9E86E7497ACB9
:106F00006F7498AC7074E5B9717499AC72749AAC82
:106F100073749BAC74749CAC75749DAC7674FED128
:106F20007774A8E878749EAC79749FAC7A74A0AC3E
:106F30007B7440AD7C7441AD7D7442AD7E74AAE833
:106F40007F7443AD8074ADE88174AEE8827444AD63
:106F50008374A7C1847445AD857446AD867447AD0E
:106F60008774AFE8887448AD897449AD8A744AADB6
:106F70008B74B0E88C744BAD8D744CAD8E74ACE8F2
:106F80008F744DAD9074B4E891744EAD92744FAD62
:106F9000937450AD947451AD957452AD967453ADD5
:106FA000977454AD987455AD997456AD9A7457ADA5
:106FB0009B7458AD9C74ABE89D7459AD9E74B1E858
:106FC0009F745AADA0745BADA1745CADA2745DAD4D
:106FD000A3745EADA4745FADA57460ADA67461AD1D
:106FE000A774B5E8A874B2E8A974B3E8AA7462AD4E
:106FF000AB7463ADAC7464ADAD7465ADAE7466ADC9
:10700000AF7467ADB07468ADB17469ADB2746AAD98
:10701000B3746BADB4746CADB5746DADB6746EAD68
:10702000B7746FADB87470ADB97471ADBA74B7E8B8
:10703000BB7472ADBC7473ADBD7474ADBE7475AD0C
:10704000BF7476ADC07477ADC17478ADC27479ADDC
:10705000C3747AADC4747BADC5747CADC6747DADAC
:10706000C7747EADC87480ADC97481ADCA7482AD79
:10707000CB7483ADCC7484ADCD7485ADCE7486AD48
:10708000CF7487ADD07488ADD17489ADD274B6E8B1
:10709000D3748AADD4748BADD5748CADD6748DADEC
:1070A000D7748EADD8748FADD97490ADDA7491ADBC
:1070B000DB7492ADDC74CFB9DD7493ADDE74ACF0EB
:1070C000DF7494ADE074ADF0E17495ADE274B0C6D8
:1070D000E374EAB0E474BFC8E57496ADE674DFCD3E
:1070E000E77497ADE87498ADE97499ADEA749AAD18
:1070F000EB749BADEC749CADED749DADEE74CDCE98
:10710000EF74B1EAF0749EADF1749FADF274A0AD6E
:10711000F37440AEF474B2EAF57441AEF674BFC6CF
:10712000F774C9B4F87442AEF97443AEFA7444AE5D
:10713000FB7445AEFC7446AEFD7447AEFE7448AEBB
:10714000FF74B3EA007549AE01754AAE02754BAEE5
:1071500003754CAE0475E7D505754DAE06754EAE9C
:1071600007754FAE087550AE097551AE0A7552AE2F
:107170000B7553AE0C7554AE0D75F9DD0E7555AE2D
:107180000F75B4EA107556AE1175B5EA127557AEA3
:107190001375B6EA147558AE157559AE16755AAE14
:1071A00017755BAE1875CAB81975B0DF1A75F5C9D1
:1071B0001B755CAE1C75F0CC1D755DAE1E755EAEAC
:1071C0001F75FAC920755FAE217560AE227561AE7C
:1071D000237562AE247563AE2575FBC9267564AE52
:1071E000277565AE2875C3D32975A6CB2A7566AEFB
:1071F0002B75A6B82C75AEF02D75C2B12E7567AE85
:107200002F75B8E53075EFCC3175C9D33275D7BC61
:107210003375EAC9347568AE3575E7B5367569AE4C
:107220003775D0C43875E9B539756AAE3A75AEEEC2
:107230003B75ADBB3C756BAE3D756CAE3E75DEE728
:107240003F756DAE4075AFEE41756EAE42756FAE77
:10725000437570AE447571AE4575A9B3467572AE8F
:10726000477573AE4875B2EE497574AE4A7575AE22
:107270004B75B1EE4C75E7BD4D7576AE4E75B0EE03
:107280004F75B7CE507577AE517578AE527579AEF1
:1072900053757AAE5475CFC555757BAE56757CAEB9
:1072A00057757DAE58757EAE5975F4C15A75CEDBF3
:1072B0005B75B3EE5C75F3D05D7580AE5E7581AEC7
:1072C0005F7582AE607583AE617584AE627585AEA2
:1072D000637586AE647587AE6575D4C26675E8C69B
:1072E000677588AE687589AE69758AAE6A75ACB720
:1072F0006B758BAE6C758CAE6D758DAE6E758EAE1E
:107300006F758FAE707590AE717591AE7275B4EE8B
:10731000737592AE7475EBB3757593AE767594AE66
:10732000777595AE7875FBBB7975B5EE7A7596AEC7
:107330007B7597AE7C7598AE7D7599AE7E759AAE6D
:107340007F75DCE780759BAE81759CAE82759DAEC6
:107350008375B6EE84759EAE85759FAE8675AEBD9F
:107360008775A0AE887540AF897541AF8A7542AF09
:107370008B75E2F18C7543AF8D7544AF8E7545AF5B
:107380008F75E8CA907546AF9175C9D29275DAF0DB
:10739000937547AF9475DBF0957548AF9675DCF043
:1073A0009775C6C1987549AF9975EDB89A75CEBEF7
:1073B0009B754AAF9C754BAF9D75DEF09E754CAFCB
:1073C0009F75B1C5A075DDF0A175F1D1A2754DAF66
:1073D000A375E0F0A475CCB0A575EABDA6754EAF57
:1073E000A7754FAFA87550AFA97551AFAA7552AF29
:1073F000AB75DFD2AC75DFF0AD7553AFAE75AFB422
:10740000AF75E8B7B075E6F0B175E5F0B275A3C633
:10741000B375E1F0B475E2F0B575C3B4B67554AFA9
:10742000B77555AFB875E3F0B975EED5BA7556AF07
:10743000BB7557AFBC75DBCCBD75D2BEBE75B2BCDB
:10744000BF7558AFC07559AFC1755AAFC275E8F076
:10745000C375E7F0C475E4F0C575A1B2C6755BAF3E
:10746000C775A2D6C875B8D3C975B7BECA75ACC83A
:10747000CB755CAFCC755DAFCD75EAF0CE755EAF08
:10748000CF755FAFD07560AFD17561AFD275F7D1F1
:10749000D37562AFD475CCD6D575DBBAD675E9F0A5
:1074A000D77563AFD875BBB6D97564AFDA7565AFFC
:1074B000DB75B4CDDC7566AFDD7567AFDE75A6C66E
:1074C000DF7568AFE07569AFE1756AAFE275A1C1BC
:1074D000E375EBF0E475EEF0E5756BAFE675EDF096
:1074E000E775F0F0E875ECF0E9756CAFEA75BEBBD6
:1074F000EB75EFF0EC756DAFED756EAFEE756FAFD0
:10750000EF7570AFF075B5CCF175F2F0F27571AF43
:10751000F37572AFF475D5B3F57573AFF67574AFD7
:10752000F77575AFF87576AFF975D4B1FA7577AFB1
:10753000FB7578AFFC75F3F0FD7579AFFE757AAF2A
:10754000FF75F4F00076F6F00176E1B402767BAFD9
:107550000376F1F004767CAF0576F7F006767DAF22
:1075600007767EAF087680AF097681AF0A76FAF0AB
:107570000B7682AF0C76F8F00D7683AF0E7684AF83
:107580000F7685AF1076F5F0117686AF127687AF5D
:10759000137688AF147689AF1576FDF016768AAF2C
:1075A0001776F9F01876FCF01976FEF01A768BAFA4
:1075B0001B76A1F11C768CAF1D768DAF1E768EAF3B
:1075C0001F76C1CE2076A4F121768FAF2276A3F16B
:1075D000237690AF2476F6C12576FBF02676DDCAB9
:1075E000277691AF287692AF2976F1B42A76F1B159
:1075F0002B76B1CC2C7693AF2D76A6F12E7694AF68
:107600002F7695AF3076A7F1317696AF327697AF79
:107610003376ACF13476CED53576A9F1367698AF9F
:10762000377699AF3876B3C839769AAF3A769BAF4A
:107630003B769CAF3C76A2F13D769DAF3E76ABF1BA
:107640003F76A8F14076A5F141769EAF42769FAF96
:107650004376AAF14476A0AF457640B0467641B075
:10766000477642B0487643B0497644B04A7645B052
:107670004B7646B04C76A9B04D76ADF14E7647B01C
:107680004F7648B0507649B051764AB052764BB0FA
:1076900053764CB05476AFF155764DB05676B1F185
:1076A00057764EB058764FB0597650B05A7651B0A2
:1076B0005B7652B05C76B0F15D7653B05E76AEF13B
:1076C0005F7654B0607655B0617656B0627657B04A
:1076D0006376A2D1647658B0657659B066765AB0B2
:1076E00067765BB068765CB069765DB06A765EB0EE
:1076F0006B76B2F16C765FB06D7660B06E7661B02D
:107700006F76B3F1707662B0717663B0727664B002
:10771000737665B0747666B0757667B0767668B065
:10772000777669B07876EFB979766AB07A766BB0A9
:107730007B76C7B57C766CB07D76D7B07E76D9B0D7
:107740007F766DB080766EB081766FB08276EDD444
:10775000837670B08476C4B5857671B08676D4BDF4
:107760008776CABB8876A7F0897672B08A7673B0BE
:107770008B76DEB88C7674B08D7675B08E76A8F088
:107780008F7676B0907677B09176A8B0927678B012
:107790009376A9F0947679B095767AB09676EECD18
:1077A00097767BB098767CB09976AAF09A767DB081
:1077B0009B767EB09C7680B09D7681B09E7682B0BE
:1077C0009F7683B0A07684B0A17685B0A27686B08D
:1077D000A37687B0A476ABF0A57688B0A67689B0FC
:1077E000A7768AB0A8768BB0A9768CB0AA768DB031
:1077F000AB768EB0AC768FB0AD7690B0AE76A4C6D8
:10780000AF7691B0B07692B0B176E5D6B276E4F1CB
:10781000B37693B0B476E5F1B57694B0B67695B01C
:10782000B77696B0B87697B0B97698B0BA7699B080
:10783000BB769AB0BC769BB0BD769CB0BE769DB050
:10784000BF76F3C3C0769EB0C1769FB0C276DBD35D
:10785000C376A0B0C47640B1C576D1D6C676E8C5A9
:10786000C77641B1C876AFD3C97642B1CA76E6D2FF
:10787000CB7643B1CC7644B1CD76C1EECE76BBB0FB
:10788000CF76B5D5D076CED1D176E0BCD276D0BA8F
:10789000D37645B1D476F8BFD57646B1D676C7B89B
:1078A000D776C1B5D876CCC5D97647B1DA7648B1A6
:1078B000DB76A2CADC7649B1DD764AB1DE764BB121
:1078C000DF76CBC3E0764CB1E1764DB1E2764EB1D6
:1078D000E3764FB1E47650B1E576C2EEE67651B18B
:1078E000E77652B1E87653B1E97654B1EA7655B10C
:1078F000EB7656B1EC7657B1ED7658B1EE76BFC463
:10790000EF76A2B6F07659B1F176ECEDF276A4C33B
:10791000F3765AB1F476B1D6F5765BB1F6765CB112
:10792000F7765DB1F876E0CFF976EFEDFA765EB1F5
:10793000FB765FB1FC76CEC5FD7660B1FE76DCB637
:10794000FF7661B1007762B10177A1CA027763B1B6
:10795000037764B10477EDED057765B1067766B11D
:107960000777F0ED0877F1ED0977BCC30A7767B1C7
:107970000B77B4BF0C7768B10D77EEED0E7769B178
:107980000F776AB110776BB111776CB112776DB167
:1079900013776EB114776FB1157770B1167771B137
:1079A000177772B1187773B11977F4ED1A77F2ED92
:1079B0001B7774B11C7775B11D7776B11E7777B1DF
:1079C0001F77E6D52077DFC3217778B12277F3EDF3
:1079D000237779B124777AB125777BB12677F6EDD5
:1079E00027777CB12877A3D52977A3D12A777DB1D2
:1079F0002B777EB12C7780B12D77F5ED2E7781B185
:107A00002F77D0C3307782B1317783B1327784B1A9
:107A1000337785B1347786B13577F7ED3677F4BFB4
:107A20003777ECBE3877F8ED397787B13A77F7CC0E
:107A30003B7788B13C77DBD13D7789B13E778AB11E
:107A40003F778BB14077C5D74177F6D542778CB178
:107A50004377FCED44778DB145778EB146778FB192
:107A60004777FBED487790B1497791B14A7792B16A
:107A70004B7793B14C7794B14D7795B14E7796B1E2
:107A80004F7797B15077F9ED5177FAED527798B17A
:107A9000537799B154779AB155779BB156779CB18A
:107AA00057779DB158779EB159779FB15A77FDEDC1
:107AB0005B77A6BE5C77A0B15D7740B25E7741B2DE
:107AC0005F7742B2607743B26177AFCB6277A1EE66
:107AD0006377BDB6647744B26577A2EE6677C0C4BB
:107AE000677745B26877FEED697746B26A7747B245
:107AF0006B77DEBD6C77C7B26D7748B26E7749B2EF
:107B00006F774AB270774BB271774CB272774DB2E1
:107B100073774EB274774FB2757750B2767751B2B1
:107B2000777752B2787753B27977C3B67A7754B20F
:107B30007B7755B27C7756B27D77A5EE7E77BAD843
:107B40007F77A3EE8077A6EE817757B2827758B21F
:107B5000837759B28477E9C38577F2B386775AB2CF
:107B600087775BB288775CB289775DB28A775EB2DD
:107B70008B775FB28C77A7EE8D77A4EE8E77B9CF37
:107B80008F7760B2907761B29177A8EE9277F7C263
:107B9000937762B2947763B2957764B2967765B261
:107BA000977766B2987767B2997768B29A7769B231
:107BB0009B776AB29C776BB29D776CB29E776DB201
:107BC0009F77A9EEA077AAEEA1776EB2A277ABDE7F
:107BD000A3776FB2A47770B2A577B3C6A67771B258
:107BE000A777C6C7A87772B2A977F5D6AA77C9B51D
:107BF000AB7773B2AC77B2CBAD7774B2AE7775B208
:107C0000AF7776B2B077ABEEB17777B2B27778B2C2
:107C1000B377ABCDB47779B2B577ACEEB6777AB24D
:107C2000B7777BB2B8777CB2B9777DB2BA777EB2DC
:107C3000BB77B0D5BC7780B2BD77ADEEBE7781B2F1
:107C4000BF77C4F6C07782B2C17783B2C27784B2FD
:107C5000C37785B2C47786B2C57787B2C67788B254
:107C6000C77789B2C8778AB2C9778BB2CA778CB224
:107C7000CB778DB2CC778EB2CD77C7DBCE778FB294
:107C8000CF7790B2D07791B2D17792B2D27793B2C8
:107C9000D37794B2D47795B2D57796B2D67797B298
:107CA000D777A3B4D87798B2D97799B2DA779AB25E
:107CB000DB77ACC3DC77E6F1DD779BB2DE779CB295
:107CC000DF779DB2E0779EB2E1779FB2E277B8CAE4
:107CD000E377D3D2E477A0B2E577AAD6E67740B3CC
:107CE000E777F2EFE87741B3E977D8BEEA7742B3B6
:107CF000EB77C3BDEC77F3EFED77CCB6EE77ABB0B7
:107D0000EF7743B3F07744B3F17745B3F27746B3F7
:107D1000F377AFCAF47747B3F57748B3F677B6EDA4
:107D2000F77749B3F877B7EDF9774AB3FA774BB3FA
:107D3000FB774CB3FC774DB3FD77F9CEFE77AFB749
:107D4000FF77F3BF0078B8ED0178EBC20278B0C9D5
:107D500003784EB304784FB3057850B3067851B327
:107D6000077852B3087853B30978B9ED0A7854B359
:107D70000B7855B30C78F6C60D78B3BF0E7856B3B2
:107D80000F7857B3107858B31178BCED1278F8C556
:107D9000137859B31478D0D115785AB31678A9D777
:107DA0001778BAED1878BBED19785BB31A78E2D181
:107DB0001B785CB31C78BFED1D78C0ED1E785DB3F9
:107DC0001F78C4ED20785EB321785FB3227860B36A
:107DD0002378C8ED247861B32578C6ED2678CEEDFA
:107DE0002778E8D5287862B32978C9ED2A7863B373
:107DF0002B7864B32C78C7ED2D78BEED2E7865B363
:107E00002F7866B33078E9C5317867B3327868B3D4
:107E1000337869B33478C6C635786AB336786BB3CD
:107E20003778E9C93878D2D43978C1ED3A78C2EDDB
:107E30003B78C3ED3C78C5ED3D786CB33E78F9C036
:107E40003F786DB34078A1B441786EB342786FB398
:107E5000437870B3447871B34578E8B9467872B323
:107E60004778D0ED487873B3497874B34A7875B3DE
:107E70004B7876B34C78D1ED4D7877B34E78CAED28
:107E80004F7878B35078CFED517879B35278F8CEF7
:107E900053787AB354787BB35578B6CB5678CCED1B
:107EA0005778CDED58787CB359787DB35A787EB346
:107EB0005B7880B35C7881B35D78F5CF5E7882B310
:107EC0005F7883B3607884B3617885B3627886B372
:107ED000637887B3647888B3657889B366788AB342
:107EE00067788BB368788CB369788DB36A78D2ED94
:107EF0006B78F2C16C78B2D36D78CBED6E78B7C881
:107F00006F788EB370788FB3717890B3727891B3C5
:107F1000737892B3747893B3757894B3767895B395
:107F20007778EFBC787896B3797897B37A7898B306
:107F30007B7899B37C78F0C57D789AB37E789BB3D3
:107F40007F789CB380789DB381789EB382789FB30D
:107F50008378A0B3847840B4857841B4867842B4FD
:107F60008778D6ED887843B48978EFB58A7844B4B9
:107F70008B7845B48C78B5C28D78ADB08E78E9CB6E
:107F80008F7846B4907847B49178AEB1927848B47F
:107F90009378D4ED947849B495784AB496784BB4F4
:107FA0009778EBCD9878E2B599784CB49A78D5ED7E
:107FB0009B78D3ED9C78D7ED9D784DB49E784EB4E8
:107FC0009F78FAB5A0784FB4A178D8EDA27850B4D4
:107FD000A378D9EDA47851B4A578DCEDA67852B495
:107FE000A778CCB1A87853B4A97854B4AA7855B47A
:107FF000AB7856B4AC7857B4AD7858B4AE7859B4C1
:10800000AF785AB4B078F6C5B178EEBCB278DAED94
:10801000B378BCCCB478EAB2B5785BB4B6785CB46B
:10802000B7785DB4B8785EB4B978DBEDBA785FB490
:10803000BB7860B4BC7861B4BD7862B4BE78EBC480
:10804000BF7863B4C07864B4C178C5B4C27865B48D
:10805000C37866B4C47867B4C578F5B0C67868B438
:10806000C77869B4C8786AB4C978DFEDCA78DAC06D
:10807000CB78E8B4CC786BB4CD786CB4CE786DB4F2
:10808000CF786EB4D078CDC5D1786FB4D27870B4D3
:10809000D37871B4D478DDEDD578C4BFD67872B416
:1080A000D77873B4D87874B4D978DEEDDA7875B44B
:1080B000DB7876B4DC7877B4DD7878B4DE7879B4C0
:1080C000DF787AB4E0787BB4E1787CB4E2787DB490
:1080D000E3787EB4E47880B4E57881B4E67882B45D
:1080E000E77883B4E878A5C4E97884B4EA7885B4FD
:1080F000EB7886B4EC78E0EDED7887B4EE7888B470
:10810000EF7889B4F0788AB4F1788BB4F278E1ED45
:10811000F3788CB4F478E3EDF5788DB4F6788EB41A
:10812000F778D7C1F8788FB4F97890B4FA78C7BBEC
:10813000FB7891B4FC7892B4FD7893B4FE7894B453
:10814000FF7895B4007996B40179B8BD027997B4F7
:10815000037998B4047999B40579E2ED06799AB473
:1081600007799BB408799CB409799DB40A799EB4C7
:108170000B799FB40C79A0B40D7940B50E7941B557
:108180000F7942B5107943B5117944B5127945B5E7
:108190001379E4ED147946B5157947B5167948B5E4
:1081A000177949B518794AB519794BB51A794CB58B
:1081B0001B794DB51C794EB51D794FB51E79E6ED8D
:1081C0001F7950B5207951B5217952B5227953B52F
:1081D000237954B52479E5ED257955B5267956B539
:1081E000277957B5287958B5297959B52A795AB5D3
:1081F0002B795BB52C795CB52D795DB52E795EB5A3
:108200002F795FB5307960B5317961B5327962B572
:10821000337963B53479E7ED357964B5367965B589
:10822000377966B5387967B5397968B53A79BECAAC
:108230003B79EAEC3C79F1C03D7969B53E79E7C913
:108240003F796AB54079EBEC4179EEC642796BB57E
:1082500043796CB544796DB545796EB54679ECECEA
:1082600047796FB54879EDC64979EDEC4A7970B533
:108270004B7971B54C7972B54D7973B54E7974B54A
:108280004F7975B5507976B5517977B5527978B51A
:108290005379F0EC547979B555797AB55679E6D7B2
:1082A0005779F3EC58797BB559797CB55A79F1EC6B
:1082B0005B79EEEC5C79EFEC5D79A3D75E79F1C97F
:1082C0005F79EECB6079F4EC61797DB56279F2EC9F
:1082D00063797EB5647980B56579E9CF667981B5D2
:1082E0006779F6EC6879B1C6697982B56A7983B540
:1082F0006B7984B56C7985B56D79C0BC6E7986B5BE
:108300006F79F5EC707987B5717988B5727989B52F
:1083100073798AB574798BB575798CB576798DB5A5
:108320007779BBB57879F6BB79798EB57A79F7EC40
:108330007B798FB57C7990B57D7991B57E7992B551
:108340007F7993B58079F7D98179FBBD827994B52E
:10835000837995B58479BBC28579F8EC867996B531
:10836000877997B5887998B5897999B58A79F9EC3B
:108370008B799AB58C799BB58D799CB58E799DB5A5
:108380008F79A3B890799EB591799FB59279A0B570
:10839000937940B6947941B6957942B6967943B6C9
:1083A000977944B6987945B6997946B69A79FAECB0
:1083B0009B7947B69C7948B69D7949B69E794AB66D
:1083C0009F794BB6A0794CB6A1794DB6A2794EB63D
:1083D000A3794FB6A47950B6A57951B6A67952B60D
:1083E000A779FBECA87953B6A97954B6AA7955B602
:1083F000AB7956B6AC7957B6AD7958B6AE7959B6B1
:10840000AF795AB6B0795BB6B1795CB6B2795DB680
:10841000B379FCECB4795EB6B5795FB6B67960B67F
:10842000B77961B6B87962B6B979EDD3BA79AED811
:10843000BB79EBC0BC7963B6BD79DDC7BE79CCBA78
:10844000BF7964B6C079E3D0C179BDCBC27965B6D6
:10845000C379BACDC47966B6C57967B6C679D1B8DD
:10846000C77968B6C87969B6C979FCB1CA796AB6FC
:10847000CB79EFC7CC796BB6CD79D6D6CE796CB641
:10848000CF796DB6D0796EB6D179C6BFD279EBC34C
:10849000D3796FB6D47970B6D579F5EFD67971B650
:1084A000D77972B6D879D8C3D97973B6DA7974B670
:1084B000DB7975B6DC7976B6DD7977B6DE7978B6B4
:1084C000DF79E2D7E07979B6E1797AB6E2797BB6FD
:1084D000E379F7EFE479D3B3E5797CB6E679D8C7E9
:1084E000E779EDD1E8797DB6E979C8D6EA797EB643
:1084F000EB79F8EFEC7980B6ED79F6EFEE7981B6AD
:10850000EF79FDBBF079C6B3F17982B6F27983B623
:10851000F37984B6F47985B6F57986B6F67987B6B7
:10852000F77988B6F879D5BDF97989B6FA798AB636
:10853000FB79C6D2FC798BB6FD79E0BBFE798CB6AF
:10854000FF798DB6007AA1CF017A8EB6027AFCEF60
:10855000037AFBEF047A8FB6057A90B6067AF9EFC4
:10856000077A91B6087A92B6097A93B60A7A94B6DF
:108570000B7ACCB30C7A95B60D7AD4C90E7AB0CBFF
:108580000F7A96B6107A97B6117A98B6127A99B68B
:10859000137A9AB6147AFEEF157A9BB6167A9CB6C1
:1085A000177ADEB0187A9DB6197A9EB61A7AC9D6AD
:1085B0001B7A9FB61C7AA0B61D7A40B71E7AFDEFD3
:1085C0001F7A41B7207AEDB3217A42B7227A43B7B6
:1085D000237AD5F6247A44B7257A45B7267A46B762
:1085E000277A47B7287A48B7297A49B72A7A4AB703
:1085F0002B7A4BB72C7A4CB72D7A4DB72E7A4EB7D3
:108600002F7A4FB7307A50B7317A51B7327A52B7A2
:10861000337AC8CE347A53B7357A54B7367A55B7E9
:10862000377AA2F0387A56B7397AA1F03A7A57B742
:108630003B7ABEB53C7ADABC3D7AFCBB3E7A58B791
:108640003F7AE5B8407A59B7417A5AB7427A5BB770
:10865000437A5CB7447A5DB7457A5EB7467AC2C45E
:10866000477A5FB7487A60B7497A61B74A7A62B7A2
:108670004B7A63B74C7A64B74D7A65B74E7A66B772
:108680004F7A67B7507A68B7517AA3F0527A69B7D0
:10869000537A6AB7547A6BB7557A6CB7567A6DB716
:1086A000577AEBCB587A6EB7597A6FB75A7A70B758
:1086B0005B7A71B75C7A72B75D7A73B75E7A74B7BA
:1086C0005F7A75B7607A76B7617A77B7627A78B78A
:1086D000637A79B7647A7AB7657A7BB7667A7CB75A
:1086E000677A7DB7687A7EB7697A80B76A7A81B728
:1086F0006B7A82B76C7A83B76D7A84B76E7A85B7F6
:108700006F7A86B7707AA6F0717A87B7727A88B76F
:10871000737A89B7747AA8D1757A8AB7767ABFBE28
:10872000777AEEC7787AB6F1797AB7F17A7AD5BFE7
:108730007B7A8BB77C7A8CB77D7A8DB77E7A8EB751
:108740007F7AA9B4807AB8F1817ABBCD827A8FB76B
:10875000837AD4C7847AADD5857A90B7867AB9F111
:10876000877A91B7887ABAF1897A92B78A7A93B779
:108770008B7A94B78C7A95B78D7ACFC78E7A96B765
:108780008F7A97B7907A98B7917AA4D2927ACFD607
:10879000937A99B7947A9AB7957ABBF1967AD1BDC4
:1087A000977AB0B4987ABDBE997A9BB79A7A9CB7FB
:1087B0009B7A9DB79C7ADCB49D7AD1CE9E7A9EB787
:1087C0009F7ADFBFA07ABDF1A17A9FB7A27AA0B746
:1087D000A37A40B8A47A41B8A57AFABFA67ABCF1C8
:1087E000A77A42B8A87ABFF1A97A43B8AA7A44B85E
:1087F000AB7A45B8AC7ABEF1AD7AC0F1AE7A46B884
:10880000AF7A47B8B07A48B8B17A49B8B27A4AB8BC
:10881000B37AC1F1B47A4BB8B57A4CB8B67A4DB8E0
:10882000B77A4EB8B87A4FB8B97A50B8BA7A51B860
:10883000BB7A52B8BC7A53B8BD7A54B8BE7A55B830
:10884000BF7AFEC1C07A56B8C17A57B8C27A58B852
:10885000C37A59B8C47A5AB8C57A5BB8C67A5CB8D4
:10886000C77A5DB8C87A5EB8C97A5FB8CA7A60B8A4
:10887000CB7AA2C1CC7A61B8CD7A62B8CE7A63B82D
:10888000CF7A64B8D07A65B8D17A66B8D27A67B848
:10889000D37A68B8D47A69B8D57A6AB8D67AFACA77
:1088A000D77A6BB8D87A6CB8D97ABED5DA7A6DB87F
:1088B000DB7A6EB8DC7A6FB8DD7A70B8DE7ABABE71
:1088C000DF7AB9BEE07AC2D5E17A71B8E27A72B8DD
:1088D000E37AA2BFE47A73B8E57AAFCDE67AB5F170
:1088E000E77A74B8E87A75B8E97A76B8EA7A77B848
:1088F000EB7A78B8EC7A79B8ED7ADFBDEE7A7AB8AF
:10890000EF7ACBB6F07A7BB8F17A7CB8F27A7DB8A0
:10891000F37A7EB8F47A80B8F57A81B8F67A82B8BC
:10892000F77A83B8F87A84B8F97AF1D6FA7AC3F389
:10893000FB7A85B8FC7A86B8FD7AC4F3FE7A87B8EC
:10894000FF7ACDB8007B88B8017B89B8027B8AB8F2
:10895000037BC6F3047BC7F3057B8BB8067BCAB0E9
:10896000077B8CB8087BC5F3097B8DB80A7BC9F3FC
:108970000B7BF1CB0C7B8EB80D7B8FB80E7B90B848
:108980000F7BCBF3107B91B8117BA6D0127B92B8F2
:10899000137B93B8147BCAB1157BC8F3167B94B8CC
:1089A000177B95B8187B96B8197BCFF31A7B97B8CD
:1089B0001B7BD1B51C7B98B81D7B99B81E7BD7F368
:1089C0001F7B9AB8207BD2F3217B9BB8227B9CB87B
:1089D000237B9DB8247BD4F3257BD3F3267BFBB785
:1089E000277B9EB8287BBFB1297B9FB82A7BCEF31B
:1089F0002B7BCAF32C7BDAB52D7BA0B82E7BD0F372
:108A00002F7B40B9307B41B9317BD1F3327B42B906
:108A1000337BD5F3347B43B9357B44B9367B45B9D9
:108A2000377B46B9387BCDF3397B47B93A7BE3BC1A
:108A30003B7B48B93C7BFDC13D7B49B93E7BD6F3CE
:108A40003F7B4AB9407B4BB9417B4CB9427B4DB926
:108A5000437B4EB9447B4FB9457BDAF3467B50B933
:108A6000477BCCF3487B51B9497BC8B54A7B52B9A7
:108A70004B7BEEBD4C7BDCF34D7B53B94E7B54B945
:108A80004F7BA4B7507BF0BF517BFED6527BB2CD5B
:108A9000537B55B9547BF0B4557B56B9567BDFB246
:108AA000577B57B9587BD8F3597B58B95A7BD9F3C0
:108AB0005B7BB8C95C7B59B95D7BDDF35E7B5AB9E2
:108AC0005F7B5BB9607BDEF3617B5CB9627BE1F36A
:108AD000637B5DB9647B5EB9657B5FB9667B60B9BA
:108AE000677B61B9687B62B9697B63B96A7B64B98A
:108AF0006B7B65B96C7B66B96D7B67B96E7BDFF3A9
:108B00006F7B68B9707B69B9717BE3F3727BE2F3C9
:108B1000737B6AB9747B6BB9757BDBF3767B6CB95D
:108B2000777BEABF787B6DB9797BEFB37A7B6EB9DF
:108B30007B7BE0F37C7B6FB97D7B70B97E7BA9C7C3
:108B40007F7B71B9807BF2BC817B72B9827B73B908
:108B5000837B74B9847B75B9857BEBF3867B76B9AF
:108B6000877B77B9887B78B9897B79B98A7B7AB931
:108B70008B7B7BB98C7B7CB98D7BBFB98E7B7DB9C0
:108B80008F7B7EB9907BE4F3917B80B9927B81B936
:108B9000937B82B9947BADB2957BFEBB967B83B908
:108BA000977BE3CB987B84B9997B85B99A7B86B90F
:108BB0009B7B87B99C7BEDF39D7BE9F39E7B88B91A
:108BC0009F7B89B9A07B8AB9A17BDCB9A27BEEF33C
:108BD000A37B8BB9A47B8CB9A57B8DB9A67BE5F370
:108BE000A77BE6F3A87BEAF3A97BE1C2AA7BECF3BF
:108BF000AB7BEFF3AC7BE8F3AD7BFDBCAE7B8EB91A
:108C0000AF7B8FB9B07B90B9B17BE4CFB27B91B928
:108C1000B37B92B9B47BF0F3B57B93B9B67B94B9CF
:108C2000B77B95B9B87BE7F3B97B96B9BA7B97B9AF
:108C3000BB7B98B9BC7B99B9BD7B9AB9BE7B9BB90C
:108C4000BF7B9CB9C07B9DB9C17BF2F3C27B9EB94F
:108C5000C37B9FB9C47BA0B9C57B40BAC67BADD7E7
:108C6000C77BAAC6C87B41BAC97B42BACA7B43BA92
:108C7000CB7B44BACC7BF3F3CD7B45BACE7B46BAF3
:108C8000CF7B47BAD07B48BAD17BF1F3D27B49BACC
:108C9000D37BA8C2D47B4ABAD57B4BBAD67B4CBA1D
:108CA000D77B4DBAD87B4EBAD97BDDB8DA7BF5F3EA
:108CB000DB7B4FBADC7B50BADD7BF4F3DE7B51BA51
:108CC000DF7B52BAE07B53BAE17BDBB4E27B54BA80
:108CD000E37B55BAE47B56BAE57BF6F3E67BF7F324
:108CE000E77B57BAE87B58BAE97B59BAEA7BF8F3D5
:108CF000EB7B5ABAEC7B5BBAED7B5CBAEE7BBAC01D
:108D0000EF7B5DBAF07B5EBAF17BE9C0F27B5FBAC4
:108D1000F37B60BAF47B61BAF57B62BAF67B63BA27
:108D2000F77BF1C5F87B64BAF97B65BAFA7B66BA62
:108D3000FB7B67BAFC7BFBF3FD7B68BAFE7BFAF337
:108D4000FF7B69BA007C6ABA017C6BBA027C6CBAA0
:108D5000037C6DBA047C6EBA057C6FBA067C70BA6F
:108D6000077CD8B4087C71BA097C72BA0A7C73BAE1
:108D70000B7CFEF30C7CF9F30D7C74BA0E7C75BA97
:108D80000F7CFCF3107C76BA117C77BA127C78BA2F
:108D9000137C79BA147C7ABA157C7BBA167CFDF305
:108DA000177C7CBA187C7DBA197C7EBA1A7C80BA92
:108DB0001B7C81BA1C7C82BA1D7C83BA1E7C84BA5F
:108DC0001F7CA1F4207C85BA217C86BA227C87BADC
:108DD000237C88BA247C89BA257C8ABA267CA3F4B1
:108DE000277CC9BB287C8BBA297C8CBA2A7CA2F44C
:108DF0002B7C8DBA2C7C8EBA2D7C8FBA2E7C90BAAF
:108E00002F7C91BA307C92BA317C93BA327C94BA7E
:108E1000337C95BA347C96BA357C97BA367C98BA4E
:108E2000377C99BA387CA4F4397C9ABA3A7C9BBADC
:108E30003B7C9CBA3C7C9DBA3D7C9EBA3E7C9FBAF2
:108E40003F7CBEB2407CA6F4417CA5F4427CA0BA33
:108E5000437C40BB447C41BB457C42BB467C43BB1E
:108E6000477C44BB487C45BB497C46BB4A7C47BBEE
:108E70004B7C48BB4C7C49BB4D7CAEBC4E7C4ABB5A
:108E80004F7C4BBB507C4CBB517C4DBB527C4EBB92
:108E9000537C4FBB547C50BB557C51BB567C52BB62
:108EA000577C53BB587C54BB597C55BB5A7C56BB32
:108EB0005B7C57BB5C7C58BB5D7C59BB5E7C5ABB02
:108EC0005F7C5BBB607C5CBB617C5DBB627C5EBBD2
:108ED000637C5FBB647C60BB657C61BB667C62BBA2
:108EE000677C63BB687C64BB697C65BB6A7C66BB72
:108EF0006B7C67BB6C7C68BB6D7C69BB6E7C6ABB42
:108F00006F7C6BBB707C6CBB717C6DBB727C6EBB11
:108F1000737CD7C3747CE1D9757C6FBB767C70BBE6
:108F2000777C71BB787C72BB797C73BB7A7C74BBB9
:108F30007B7CE0C07C7CCCF47D7CD1D77E7C75BB17
:108F40007F7C76BB807C77BB817C78BB827C79BB65
:108F5000837C7ABB847C7BBB857C7CBB867C7DBB35
:108F6000877C7EBB887C80BB897CDBB78A7C81BBAD
:108F70008B7C82BB8C7C83BB8D7C84BB8E7C85BBD5
:108F80008F7C86BB907C87BB917CCEF4927CA3C106
:108F9000937C88BB947C89BB957CC9C6967C8ABB34
:108FA000977CD6B4987CB3D5997C8BBB9A7C8CBBD0
:108FB0009B7C8DBB9C7CD0F49D7CCFF49E7CD1F4BB
:108FC0009F7CDACBA07C8EBBA17C8FBBA27CD2F431
:108FD000A37C90BBA47CC1D4A57CE0D6A67C91BB2D
:108FE000A77C92BBA87C93BBA97C94BBAA7CE0B76E
:108FF000AB7C95BBAC7C96BBAD7C97BBAE7CB8C163
:10900000AF7C98BBB07C99BBB17CBBC1B27CD3F4C4
:10901000B37CACBEB47C9ABBB57C9BBBB67C9CBB22
:10902000B77C9DBBB87C9EBBB97CE2B4BA7C9FBBCD
:10903000BB7CA0BBBC7CD4F4BD7CD5F4BE7CABBEF9
:10904000BF7C40BCC07C41BCC17CD6F4C27C42BC6D
:10905000C37C43BCC47C44BCC57CDBF4C67C45BC3F
:10906000C77CD7F4C87CDAF4C97C46BCCA7CFDBA9C
:10907000CB7C47BCCC7CD8F4CD7CD9F4CE7C48BC2E
:10908000CF7C49BCD07C4ABCD17C4BBCD27C4CBC94
:10909000D37C4DBCD47C4EBCD57CE2B8D67CC7CC4E
:1090A000D77CDCF4D87C4FBCD97CDAB2DA7C50BCFB
:1090B000DB7C51BCDC7CD3C3DD7C52BCDE7C53BC8E
:1090C000DF7CE3D4E07CB7BFE17C54BCE27C55BCE0
:1090D000E37C56BCE47C57BCE57C58BCE67C59BCC0
:1090E000E77C5ABCE87CDDF4E97C5BBCEA7C5CBCD8
:1090F000EB7C5DBCEC7C5EBCED7C5FBCEE7C60BC64
:10910000EF7CB4C5F07C61BCF17C62BCF27C63BCDA
:10911000F37C64BCF47C65BCF57C66BCF67C67BC07
:10912000F77C68BCF87CE9F4F97C69BCFA7C6ABC21
:10913000FB7CB5CFFC7C6BBCFD7C6CBCFE7C6DBC51
:10914000FF7C6EBC007D6FBC017D70BC027D71BC7C
:10915000037D72BC047D73BC057D74BC067D75BC4B
:10916000077D76BC087D77BC097D78BC0A7DC9CEB9
:109170000B7D79BC0C7D7ABC0D7D7BBC0E7D7CBCEF
:109180000F7D7DBC107D7EBC117D80BC127D81BCBD
:10919000137D82BC147D83BC157D84BC167D85BC8B
:1091A000177D86BC187D87BC197D88BC1A7D89BC5B
:1091B0001B7D8ABC1C7D8BBC1D7D8CBC1E7D8DBC2B
:1091C0001F7D8EBC207DD8CB217D8FBC227DF7CB2F
:1091D000237D90BC247D91BC257D92BC267D93BCD3
:1091E000277DF4BD287D94BC297D95BC2A7D96BC45
:1091F0002B7DCFD72C7D97BC2D7D98BC2E7D99BC27
:109200002F7DDBC0307D9ABC317D9BBC327D9CBC08
:10921000337D9DBC347D9EBC357D9FBC367DA0BC1E
:10922000377D40BD387D41BD397D42BD3A7D43BD6E
:109230003B7D44BD3C7D45BD3D7D46BD3E7D47BD3E
:109240003F7D48BD407D49BD417D4ABD427D4BBD0E
:10925000437D4CBD447D4DBD457D4EBD467D4FBDDE
:10926000477D50BD487D51BD497D52BD4A7D53BDAE
:109270004B7D54BD4C7D55BD4D7D56BD4E7D57BD7E
:109280004F7D58BD507D59BD517D5ABD527D5BBD4E
:10929000537D5CBD547D5DBD557D5EBD567D5FBD1E
:1092A000577D60BD587D61BD597D62BD5A7D63BDEE
:1092B0005B7D64BD5C7D65BD5D7D66BD5E7D67BDBE
:1092C0005F7D68BD607D69BD617D6ABD627D6BBD8E
:1092D000637D6CBD647D6DBD657D6EBD667D6FBD5E
:1092E000677D70BD687D71BD697D72BD6A7D73BD2E
:1092F0006B7D74BD6C7D75BD6D7D76BD6E7DF5D06D
:109300006F7D77BD707D78BD717D79BD727D7ABDD1
:10931000737D7BBD747D7CBD757D7DBD767D7EBDA1
:10932000777DEAF4787D80BD797D81BD7A7D82BDCF
:109330007B7D83BD7C7D84BD7D7D85BD7E7D86BD41
:109340007F7D87BD807D88BD817D89BD827D8ABD11
:10935000837D8BBD847D8CBD857D8DBD867D8EBDE1
:10936000877D8FBD887D90BD897D91BD8A7D92BDB1
:109370008B7D93BD8C7D94BD8D7D95BD8E7D96BD81
:109380008F7D97BD907D98BD917D99BD927D9ABD51
:10939000937D9BBD947D9CBD957D9DBD967D9EBD21
:1093A000977D9FBD987DA0BD997D40BE9A7D41BEB1
:1093B0009B7D42BE9C7D43BE9D7D44BE9E7D45BE41
:1093C0009F7D46BEA07D47BEA17D48BEA27D49BE11
:1093D000A37D4ABEA47D4BBEA57D4CBEA67DEBF40D
:1093E000A77D4DBEA87D4EBEA97D4FBEAA7D50BEB5
:1093F000AB7D51BEAC7D52BEAD7D53BEAE7DECF4B7
:10940000AF7D54BEB07D55BEB17D56BEB27D57BE58
:10941000B37D58BEB47D59BEB57D5ABEB67D5BBE28
:10942000B77D5CBEB87D5DBEB97D5EBEBA7D5FBEF8
:10943000BB7D60BEBC7D61BEBD7D62BEBE7D63BEC8
:10944000BF7D64BEC07D65BEC17D66BEC27D67BE98
:10945000C37D68BEC47D69BEC57D6ABEC67D6BBE68
:10946000C77D6CBEC87D6DBEC97D6EBECA7D6FBE38
:10947000CB7D70BECC7D71BECD7D72BECE7D73BE08
:10948000CF7D74BED07D75BED17D76BED27D77BED8
:10949000D37D78BED47D79BED57D7ABED67D7BBEA8
:1094A000D77D7CBED87D7DBED97D7EBEDA7D80BE77
:1094B000DB7D81BEDC7D82BEDD7D83BEDE7D84BE44
:1094C000DF7D85BEE07D86BEE17D87BEE27D88BE14
:1094D000E37D89BEE47D8ABEE57D8BBEE67D8CBEE4
:1094E000E77D8DBEE87D8EBEE97D8FBEEA7D90BEB4
:1094F000EB7D91BEEC7D92BEED7D93BEEE7D94BE84
:10950000EF7D95BEF07D96BEF17D97BEF27D98BE53
:10951000F37D99BEF47D9ABEF57D9BBEF67D9CBE23
:10952000F77D9DBEF87D9EBEF97D9FBEFA7DA0BEF3
:10953000FB7D40BFFC7D41BFFD7D42BFFE7D43BF43
:10954000FF7D44BF007E45BF017E46BF027E47BF10
:10955000037E48BF047E49BF057E4ABF067E4BBFDF
:10956000077E4CBF087E4DBF097E4EBF0A7E4FBFAF
:109570000B7E50BF0C7E51BF0D7E52BF0E7E53BF7F
:109580000F7E54BF107E55BF117E56BF127E57BF4F
:10959000137E58BF147E59BF157E5ABF167E5BBF1F
:1095A000177E5CBF187E5DBF197E5EBF1A7E5FBFEF
:1095B0001B7E60BF1C7E61BF1D7E62BF1E7E63BFBF
:1095C0001F7E64BF207E65BF217E66BF227E67BF8F
:1095D000237E68BF247E69BF257E6ABF267E6BBF5F
:1095E000277E6CBF287E6DBF297E6EBF2A7E6FBF2F
:1095F0002B7E70BF2C7E71BF2D7E72BF2E7E73BFFF
:109600002F7E74BF307E75BF317E76BF327E77BFCE
:10961000337E78BF347E79BF357E7ABF367E7BBF9E
:10962000377E7CBF387E7DBF397E7EBF3A7E80BF6D
:109630003B7EE3F73C7E81BF3D7E82BF3E7E83BFA3
:109640003F7E84BF407E85BF417EB1B7427E86BFEC
:10965000437E87BF447E88BF457E89BF467E8ABFE2
:10966000477EEDF4487E8BBF497E8CBF4A7E8DBF1E
:109670004B7E8EBF4C7E8FBF4D7E90BF4E7E91BF86
:109680004F7E92BF507E93BF517E94BF527E95BF56
:10969000537E96BF547E97BF557E98BF567E99BF26
:1096A000577E9ABF587E9BBF597E9CBF5A7E9DBFF6
:1096B0005B7E9EBF5C7E9FBF5D7EA0BF5E7E40C026
:1096C0005F7E41C0607E42C0617E43C0627E44C016
:1096D000637E45C0647E46C0657E47C0667E48C0E6
:1096E000677E49C0687E4AC0697E4BC06A7E4CC0B6
:1096F0006B7E4DC06C7E4EC06D7E4FC06E7E50C086
:109700006F7E51C0707E52C0717E53C0727E54C055
:10971000737E55C0747E56C0757E57C0767E58C025
:10972000777E59C0787E5AC0797E5BC07A7E5CC0F5
:109730007B7E5DC07C7E5EC07D7E5FC07E7E60C0C5
:109740007F7E61C0807E62C0817E63C0827EEBD7F7
:10975000837E64C0847E65C0857E66C0867E67C069
:10976000877E68C0887E69C0897E6AC08A7E6BC039
:109770008B7E6CC08C7E6DC08D7E6EC08E7E6FC009
:109780008F7E70C0907E71C0917E72C0927E73C0D9
:10979000937E74C0947E75C0957E76C0967E77C0A9
:1097A000977E78C0987E79C0997E7AC09A7E7BC079
:1097B0009B7EEEF49C7E7CC09D7E7DC09E7E7EC0A6
:1097C0009F7EF9E6A07EC0BEA17EFAE6A27EECBA3C
:1097D000A37EFBE6A47ECBCFA57EFCE6A67EBCD412
:1097E000A77EB6BCA87EFDE6A97EFEE6AA7ECDBC1D
:1097F000AB7ED2C8AC7EB3CEAD7EA1E7AE7E80C0DC
:10980000AF7EBFB4B07EA2E7B17EB4C9B27ED9B894
:10981000B37EC9C4B47E81C0B57EDDD7B67EDAC260
:10982000B77ED7B7B87EBDD6B97EC6CEBA7EC4B72E
:10983000BB7E82C0BC7E83C0BD7EA6C5BE7EA3E7C4
:10984000BF7EDFCFC07EA4E7C17EA5E7C27EA6E7CC
:10985000C37EB7C1C47EE9D7C57EF0C9C67EB8CF86
:10986000C77EAFD6C87ED5D6C97EA7E7CA7EEDB083
:10987000CB7EA8E7CC7EA9E7CD7EDCC9CE7EEFD239
:10988000CF7EADBED07EAAE7D17EF3B0D27EDEC859
:10989000D37EE1BDD47EABE7D57EC6C8D67E84C07C
:1098A000D77EACE7D87EE6BBD97EF8B8DA7EA4D105
:1098B000DB7EADE7DC7EE7C2DD7EF8BEDE7ECABDC4
:1098C000DF7EB3CDE07EAEE7E17EAFE7E27EEEBEC7
:1098D000E37EE5D0E47E85C0E57EE7CBE67ED0CCB6
:1098E000E77ECCBCE87EB0E7E97EA8BCEA7EF7D094
:1098F000EB7EB1E7EC7E86C0ED7EF8D0EE7EB2E77F
:10990000EF7EB3E7F07EC2B4F17EB4E7F27EB5E756
:10991000F37EFEC9F47EACCEF57EE0C3F67EB7E7FB
:10992000F77EC1B1F87EF1B3F97E87C0FA7EB8E761
:10993000FB7EB9E7FC7EDBD7FD7EC0D5FE7EBAE7B5
:10994000FF7ECCC2007FBAD7017FBBE7027FBCE7B6
:10995000037FBDE7047FEABC057FE5C3067FC2C085
:10996000077FBEE7087FBFE7097FA9BC0A7F88C0E1
:109970000B7FC0E70C7FC1E70D7FB6E70E7FD0B647
:109980000F7FC2E7107F89C0117FC3E7127FC4E752
:10999000137FBABB147FDEB5157FC6C2167FE0B158
:1099A000177FC5E7187FB5D4197FC6E71A7FBFB800
:1099B0001B7FC8E71C7FC7E71D7FECB71E7F8AC0EF
:1099C0001F7FC9E7207FF8B2217FCAE7227FCBE75C
:1099D000237FCCE7247FCDE7257FCEE7267FCFE727
:1099E000277FD0E7287FA7D3297FF5CB2A7FD1E730
:1099F0002B7FD2E72C7FD3E72D7FD4E72E7FC9C9F9
:109A00002F7FD5E7307FD6E7317FD7E7327FD8E7A2
:109A1000337FD9E7347FC9BD357FDAE7367FBEF3C0
:109A2000377F8BC0387FD7B8397F8CC03A7FB1C8B9
:109A30003B7F8DC03C7F8EC03D7F8FC03E7F90C0FE
:109A40003F7F91C0407F92C0417F93C0427FBFF370
:109A5000437F94C0447FC0F3457FC1F3467F95C0E8
:109A6000477F96C0487F97C0497F98C04A7F99C07A
:109A70004B7F9AC04C7F9BC04D7F9CC04E7F9DC04A
:109A80004F7F9EC0507FDEB9517FF8CD527F9FC07F
:109A9000537FA0C0547FE8D8557FB1BA567F40C1EC
:109AA000577FDEC2587FB7EE597F41C15A7FA3B7B7
:109AB0005B7F42C15C7F43C15D7F44C15E7F45C126
:109AC0005F7FB9EE607F46C1617FB8EE627FD5B03F
:109AD000637F47C1647F48C1657F49C1667F4AC1D2
:109AE000677F4BC1687FBBEE697FD6D56A7FEFD7B2
:109AF0006B7F4CC16C7F4DC16D7F4EC16E7FC3D6F5
:109B00006F7F4FC1707F50C1717FBDEE727FF0CA11
:109B1000737F51C1747FBCEE757F52C1767F53C194
:109B2000777F54C1787F55C1797FBEEE7A7F56C169
:109B30007B7F57C17C7F58C17D7F59C17E7FC0EE3E
:109B40007F7F5AC1807F5BC1817FBFEE827F5CC116
:109B5000837F5DC1847F5EC1857F5FC1867F60C179
:109B6000877F61C1887F62C1897F63C18A7FF2D1AB
:109B70008B7F64C18C7FBCC78D7F65C18E7FC0C366
:109B80008F7F66C1907F67C1917F68C1927F69C1F5
:109B9000937F6AC1947FE1B8957F6BC1967F6CC15A
:109BA000977F6DC1987F6EC1997F6FC19A7FE7C122
:109BB0009B7F70C19C7F71C19D7FC6F49E7FDFD06B
:109BC0009F7FC7F4A07F72C1A17FDBCFA27F73C14B
:109BD000A37F74C1A47FBAC8A57F75C1A67F76C1D3
:109BE000A77FC8F4A87F77C1A97F78C1AA7F79C170
:109BF000AB7F7AC1AC7F7BC1AD7F7CC1AE7F7DC1C5
:109C0000AF7FC9F4B07FCAF4B17F7EC1B27FCBF41D
:109C1000B37F80C1B47F81C1B57F82C1B67F83C16C
:109C2000B77F84C1B87FFAD9B97FFEB8BA7F85C142
:109C3000BB7F86C1BC7FF1E5BD7FF0D3BE7F87C10E
:109C4000BF7FE0F4C07F88C1C17FCCCEC27F89C115
:109C5000C37F8AC1C47F8BC1C57FE1B3C67F8CC17E
:109C6000C77F8DC1C87F8EC1C97F8FC1CA7FB4F144
:109C7000CB7F90C1CC7FEED2CD7F91C1CE7FE1F47E
:109C8000CF7F92C1D07F93C1D17F94C1D27F95C144
:109C9000D37F96C1D47FE8CFD57FE2F4D67F97C13A
:109CA000D77F98C1D87FCCC7D97F99C1DA7F9AC1B5
:109CB000DB7F9BC1DC7F9CC1DD7F9DC1DE7F9EC1C0
:109CC000DF7FD4B5E07FE4B4E17FE4F4E27F9FC1BD
:109CD000E37FA0C1E47F40C2E57FE3F4E67FE5F4E3
:109CE000E77F41C2E87F42C2E97FE6F4EA7F43C2F0
:109CF000EB7F44C2EC7F45C2ED7F46C2EE7FE7F4C6
:109D0000EF7F47C2F07FB2BAF17FBFB0F27F48C2A7
:109D1000F37FE8F4F47F49C2F57F4AC2F67F4BC275
:109D2000F77F4CC2F87F4DC2F97F4EC2FA7F4FC217
:109D3000FB7FADB7FC7FEDD2FD7F50C2FE7F51C2ED
:109D4000FF7F52C20080ABD20180CFC0028053C2DD
:109D50000380BCBF0480A3EB0580DFD50680C8EA82
:109D6000078054C2088055C2098056C20A8057C273
:109D70000B80F3F10C80F8B60D80A3CB0E8058C297
:109D80000F8059C21080CDC411805AC21280E7F1F1
:109D900013805BC21480E8F11580FBB81680E9F1EE
:109DA0001780C4BA1880C5D41980D2B01A805CC29A
:109DB0001B805DC21C80EAF11D805EC21E805FC2F6
:109DC0001F8060C22080EBF1218061C22280ECF113
:109DD000238062C2248063C22580EDF12680EEF1EB
:109DE0002780EFF12880F1F12980F0F12A80D5C594
:109DF0002B8064C22C8065C22D8066C22E8067C213
:109E00002F8068C2308069C23180F2F132806AC22C
:109E10003380FAB634806BC23580F4F13680AED22E
:109E20003780C7DE3880CACB39806CC23A806DC2B9
:109E30003B80DCB33C806EC23D80A2B53E806FC2E9
:109E40003F80A2B9408070C2418071C24280F4C498
:109E50004380F5F1448072C2458073C24680F6F1BA
:109E6000478074C2488075C2498076C24A80C4C1A6
:109E70004B80FBC14C80B0D64D80F7F14E8077C24D
:109E80004F8078C2508079C251807AC25280F8F1F6
:109E900053807BC25480AAC155807CC256807DC24B
:109EA00057807EC25880B8C6598080C25A80DBBEB7
:109EB0005B8081C25C8082C25D8083C25E8084C21E
:109EC0005F8085C2608086C2618087C2628088C2EE
:109ED000638089C264808AC265808BC266808CC2BE
:109EE00067808DC268808EC26980F9F16A80CFB4C4
:109EF0006B808FC26C8090C26D8091C26E8092C266
:109F00006F8093C2708094C27180FAF1728095C2A2
:109F1000738096C2748097C2758098C2768099C209
:109F200077809AC278809BC279809CC27A809DC2D9
:109F30007B809EC27C809FC27D80A0C27E8040C309
:109F40007F80B2ED8080B1ED818041C3828042C3C9
:109F50008380E0CB8480DED2858043C38680C1CB02
:109F60008780D8D5888044C38980E2C88A8045C369
:109F70008B80DFC08C80A1BC8D8046C38E8047C3A0
:109F80008F8048C3908049C391804AC392804BC35D
:109F90009380C1EB94804CC395804DC39680A4D030
:109FA00097804EC39880E2D699804FC39A80C7B6F7
:109FB0009B80D8B89C80C0EB9D80CEB89E8050C35B
:109FC0009F80BFEBA080A6B3A180C9B9A280ABD609
:109FD000A38051C3A480F4B7A580CAB7A68052C39A
:109FE000A78053C3A88054C3A980E7BCAA80BEB78A
:109FF000AB80C6EBAC8055C3AD80C7EBAE80B9B0CB
:10A00000AF80CFBFB08056C3B180C5EBB280FDD367
:10A01000B38057C3B480C8EBB58058C3B68059C36A
:10A02000B780C9EBB8805AC3B9805BC3BA80CEB7DA
:10A03000BB805CC3BC80C2EBBD80C4EBBE80F6C9F4
:10A04000BF80D7D6C080CDD5C180B2D0C280CFEB83
:10A05000C380B8CEC480D0EBC5805DC3C680A8B530
:10A06000C7805EC3C8805FC3C98060C3CA8061C344
:10A07000CB8062C3CC80B3B1CD80D2EBCE80A5CCF7
:10A08000CF8063C3D08064C3D18065C3D28066C3F0
:10A09000D38067C3D48068C3D58069C3D680D6C552
:10A0A000D780D3EBD8806AC3D980D1EBDA80DFC503
:10A0B000DB80CEEBDC80A4CADD80D5EBDE80FBB09C
:10A0C000DF806BC3E0806CC3E180FABAE2806DC3CD
:10A0D000E3806EC3E480B7D8E580E3F1E6806FC328
:10A0E000E780CAEBE880CBEBE980CCEBEA80CDEBF4
:10A0F000EB80D6EBEC80C0E6ED80D9EBEE8070C350
:10A10000EF80E8BFF080C8D2F180D7EBF280DCEBC3
:10A11000F380ECB8F480D8EBF58071C3F680BABD5B
:10A12000F78072C3F880D8D0F98073C3FA80B7B0D3
:10A13000FB8074C3FC80DDEBFD80DCC4FE8075C356
:10A14000FF8076C3008177C3018178C30281ACD6DA
:10A15000038179C304817AC305817BC30681E0B49E
:10A1600007817CC308817DC30981F6C20A81B9BC1D
:10A170000B817EC30C8180C30D81DAEB0E81DBEB9A
:10A180000F81E0D41081EAC61181D4C41281DFEBC3
:10A190001381A7C51481F5D9158181C31681B1B288
:10A1A000178182C31881E4EB198183C31A81C5BD6D
:10A1B0001B8184C31C8185C31D8186C31E81E2EB84
:10A1C0001F8187C3208188C3218189C322818AC3DB
:10A1D00023818BC324818CC325818DC326818EC3AB
:10A1E00027818FC3288190C3298191C32A8192C37B
:10A1F0002B8193C32C81E3EB2D8194C32E8195C3D6
:10A200002F81ACB8308196C33181D1CD3281E5EB5D
:10A21000338197C3348198C3358199C33681E1EB8B
:10A2200037819AC33881B3C139819BC33A819CC3BA
:10A230003B819DC33C819EC33D819FC33E81A2C69D
:10A240003F81A0C3408140C4418141C4428142C496
:10A25000438143C4448144C4458145C44681F3CC11
:10A26000478146C44881E6EB498147C44A81B0C072
:10A270004B81B8D24C81E7EB4D8148C44E8149C433
:10A280004F814AC45081AFB85181ADB852814BC49F
:10A290005381E8EB5481BBC75581F3CD56814CC443
:10A2A00057814DC458814EC45981EAEB5A81EBEB7A
:10A2B0005B814FC45C8150C45D8151C45E8152C4D6
:10A2C0005F8153C46081EDEB618154C4628155C4E8
:10A2D000638156C4648157C46581C8D0668158C4FF
:10A2E0006781F2EB688159C46981EEEB6A815AC4D7
:10A2F0006B815BC46C815CC46D81F1EB6E81F9C8CC
:10A300006F815DC47081FCD17181ECEB72815EC4A0
:10A3100073815FC47481E9EB758160C4768161C427
:10A32000778162C4788163C47981B9B87A81D9CFE1
:10A330007B81E5C47C81EFEB7D81F0EB7E81DACC23
:10A340007F81C8CD8081F2B0818164C48281F6EBC7
:10A35000838165C4848166C4858167C4868168C43D
:10A36000878169C48881F5EB89816AC48A81B2B228
:10A370008B816BC48C816CC48D816DC48E816EC4E5
:10A380008F81E0B890816FC49181F7EB928170C4A6
:10A39000938171C4948172C4958173C4968174C48D
:10A3A000978175C49881ECB1998176C49A8177C4FC
:10A3B0009B81C5CC9C81A4C49D81A5CF9E8178C47E
:10A3C0009F8179C4A0817AC4A1817BC4A2817CC40D
:10A3D000A381F9EBA4817DC4A5817EC4A681A2ECF2
:10A3E000A78180C4A881F2C5A98181C4AA81FAEBA2
:10A3F000AB8182C4AC8183C4AD8184C4AE8185C489
:10A40000AF8186C4B08187C4B18188C4B28189C458
:10A41000B381C5C9B4818AC4B5818BC4B6818CC4EB
:10A42000B7818DC4B8818EC4B9818FC4BA81DFE28F
:10A43000BB81FEEBBC8190C4BD8191C4BE8192C43E
:10A44000BF8193C4C081CECDC181A1ECC281DBB1FB
:10A45000C381B7D3C48194C4C58195C4C681DCD2FD
:10A46000C78196C4C88197C4C98198C4CA81FDEBCD
:10A47000CB8199C4CC81FBEBCD819AC4CE819BC4A6
:10A48000CF819CC4D0819DC4D1819EC4D2819FC400
:10A49000D381A0C4D48140C5D58141C5D68142C5F0
:10A4A000D78143C5D88144C5D98145C5DA8146C520
:10A4B000DB8147C5DC8148C5DD8149C5DE814AC5F0
:10A4C000DF814BC5E0814CC5E1814DC5E2814EC5C0
:10A4D000E381BCB3E4814FC5E58150C5E68151C538
:10A4E000E781B0EAE88152C5E98153C5EA81D4D752
:10A4F000EB8154C5EC81ABF4ED81F4B3EE8155C52D
:10A50000EF8156C5F08157C5F18158C5F28159C513
:10A51000F381C1D6F481C2D6F5815AC5F6815BC5F7
:10A52000F7815CC5F8815DC5F9815EC5FA815FC5BB
:10A53000FB81E9D5FC81CABEFD8160C5FE81A7F41F
:10A54000FF8161C50082A8D20182A8F40282A9F429
:10A55000038262C50482AAF40582CBBE0682DFD3E1
:10A56000078263C5088264C5098265C50A8266C51B
:10A570000B8267C50C82E0C90D82E1C90E8268C5F5
:10A580000F8269C51082C2F311826AC51282E6CABF
:10A5900013826BC51482F2CC15826CC516826DC510
:10A5A00017826EC518826FC5198270C51A8271C56F
:10A5B0001B82B6E21C82B4CB1D8272C51E82E8CE1D
:10A5C0001F82DBD6208273C52182ADF42282AEF4D5
:10A5D0002382AFF4248274C5258275C5268276C590
:10A5E000278277C52882B2F4298278C52A82BDBA2B
:10A5F0002B82B3F42C82E3B02D82B0F42E8279C585
:10A600002F82B1F43082A2BD3182D5B232827AC5B6
:10A610003382B6F43482B7F43582E6B63682B0B20D
:10A620003782CFCF3882B4F43982ACB43A827BC55A
:10A630003B82B5F43C827CC53D827DC53E82B8F448
:10A640003F827EC5408280C5418281C5428282C5EB
:10A65000438283C54482B9F4458284C5468285C558
:10A660004782A7CD488286C54982BAF44A8287C507
:10A670004B82BBF44C8288C54D8289C54E828AC507
:10A680004F82BCF450828BC551828CC552828DC5DD
:10A6900053828EC554828FC5558290C5568291C50E
:10A6A000578292C55882D2CB598293C55A82BDF443
:10A6B0005B8294C55C8295C55D8296C55E8297C5B6
:10A6C0005F82BEF4608298C5618299C562829AC534
:10A6D00063829BC564829CC565829DC566829EC55A
:10A6E00067829FC56882BFF46982A0C56A8240C63E
:10A6F0006B8241C66C8242C66D8243C66E82DEF4B6
:10A700006F82BCC17082E8BC718244C67282ABC9E0
:10A710007382DED17482F5E5758245C6768246C6BF
:10A72000778247C6788248C67982B3DC7A82D5D2EE
:10A730007B8249C67C824AC67D82B4DC7E82ACB014
:10A740007F82B5DC80824BC681824CC68282DABDB4
:10A7500083824DC68482B9DC85824EC686824FC60E
:10A76000878250C68882C2D8898251C68A82B7DC65
:10A770008B82F3D38C8252C68D82D6C98E82BADC8C
:10A780008F82B6DC908253C69182BBDC9282A2C3D8
:10A79000938254C6948255C6958256C6968257C6F1
:10A7A0009782BCDC9882C5DC9982BDDC9A8258C64F
:10A7B0009B8259C69C82DFCE9D82A5D69E825AC6B8
:10A7C0009F82CFDCA0825BC6A182CDDCA2825CC668
:10A7D000A3825DC6A482D2DCA582E6BDA682ABC2FE
:10A7E000A7825EC6A882B8DCA982CBDCAA82CEDCB6
:10A7F000AB82BEDCAC82D2B7AD82C5B0AE82C7DC64
:10A80000AF82BED0B082C1DCB182A8BBB2825FC6CB
:10A81000B382BCB7B482CCDCB58260C6B68261C6F6
:10A82000B782C6DCB882BFDCB982DBC7BA8262C637
:10A83000BB8263C6BC8264C6BD82BFD1BE82C0DC9F
:10A84000BF8265C6C08266C6C182CADCC28267C6D4
:10A85000C38268C6C482D0DCC58269C6C6826AC6A5
:10A86000C782ADCEC882C2DCC9826BC6CA82C3DCD5
:10A87000CB82C8DCCC82C9DCCD82D4B2CE82D1DC22
:10A88000CF82D5CBD0826CC6D182B7D4D282DBDC6A
:10A89000D382DFDCD482A6CCD582E6DCD6826DC63C
:10A8A000D782E7C3D882DCDCD9826EC6DA826FC673
:10A8B000DB82C1BFDC82D9DCDD8270C6DE82FAB009
:10A8C000DF82B6B9E082E5DCE182D3DCE28271C6E8
:10A8D000E382C4DCE482D6DCE582F4C8E682E0BF31
:10A8E000E78272C6E88273C6E98274C6EA8275C6D8
:10A8F000EB82BBC9EC8276C6ED8277C6EE8278C663
:10A90000EF82BDB1F08279C6F182A2D3F2827AC61B
:10A91000F3827BC6F482DADCF5827CC6F6827DC6E1
:10A92000F782D5DCF8827EC6F982BBC6FA8280C681
:10A93000FB82DEDCFC8281C6FD8282C6FE8283C68B
:10A94000FF8284C6008385C60183C2D70283AFC35A
:10A950000383B6B70483D1C70583A9C30683E2DCAA
:10A960000783D8DC0883EBDC0983D4DC0A8386C642
:10A970000B8387C60C83DDDC0D8388C60E83A5BEE2
:10A980000F83D7DC108389C61183E0DC12838AC66B
:10A9900013838BC61483E3DC1583E4DC16838CC637
:10A9A0001783F8DC18838DC619838EC61A83E1DC01
:10A9B0001B83A2DD1C83E7DC1D838FC61E8390C62C
:10A9C0001F8391C6208392C6218393C6228394C697
:10A9D000238395C6248396C6258397C6268398C667
:10A9E0002783EBBC2883C4B4298399C62A839AC6DB
:10A9F0002B83A3C32C83E7B22D83FADC2E839BC663
:10AA00002F83F2DC30839CC63183EFDC32839DC61A
:10AA10003383FCDC3483EEDC3583F0D23683E8B25A
:10AA200037839EC63883D7C83983E3C83A83FBDCB3
:10AA30003B839FC63C83EDDC3D83A0C63E8340C77D
:10AA40003F8341C74083F7DC418342C7428343C70A
:10AA50004383F5DC448344C7458345C74683A3BE8F
:10AA60004783F4DC488346C74983DDB24A8347C73E
:10AA70004B8348C74C8349C74D834AC74E834BC756
:10AA80004F83F3DC5083F6BC5183E8DC5283C4BBB4
:10AA900053834CC75483F3C055834DC756834EC769
:10AAA00057834FC7588350C7598351C75A83D4BC63
:10AAB0005B83E9DC5C83EADC5D8352C75E83F1DCA7
:10AAC0005F83F6DC6083F9DC6183B4B5628353C7CE
:10AAD0006383D9C86483E7BB6583FEDC6683FDDCE2
:10AAE0006783ABD36883A1DD6983A3DD6A83A5DDBA
:10AAF0006B83F1D26C83A4DD6D83A6DD6E83A7DD4D
:10AB00006F83A9D2708354C7718355C7728356C7A8
:10AB1000738357C7748358C7758359C776835AC7D9
:10AB20007783C9BA7883A9DD79835BC77A835CC7E9
:10AB30007B83B6DD7C83B1DD7D83B4DD7E835DC741
:10AB40007F835EC780835FC7818360C7828361C75D
:10AB5000838362C7848363C78583B0DD8683CEC663
:10AB6000878364C7888365C78983F2C08A8366C781
:10AB70008B8367C78C8368C78D8369C78E83AFC992
:10AB80008F836AC790836BC791836CC79283ECDC19
:10AB90009383AEDD94836DC795836EC796836FC72D
:10ABA000978370C79883B7DD998371C79A8372C7FB
:10ABB0009B83F0DC9C83AFDD9D8373C79E83B8DDF0
:10ABC0009F8374C7A083ACDDA18375C7A28376C7BA
:10ABD000A38377C7A48378C7A58379C7A6837AC7D9
:10ABE000A7837BC7A883B9DDA983B3DDAA83ADDDC5
:10ABF000AB83AAC4AC837CC7AD837DC7AE837EC75D
:10AC0000AF8380C7B083A8DDB183B3C0B283ABC1CB
:10AC1000B383AADDB483ABDDB58381C7B683B2DD70
:10AC2000B783F1BBB883B5DDB983A8D3BA83BADDE6
:10AC3000BB8382C7BC83BBDDBD83A7C3BE8383C781
:10AC4000BF8384C7C083D2DDC183BCDDC28385C717
:10AC5000C38386C7C48387C7C583D1DDC68388C73E
:10AC6000C783BDB9C88389C7C9838AC7CA83D5BE0C
:10AC7000CB838BC7CC83FABECD838CC7CE838DC7E5
:10AC8000CF83CABAD0838EC7D1838FC7D28390C7F0
:10AC9000D38391C7D483CADDD58392C7D683C5DD5C
:10ACA000D78393C7D883BFDDD98394C7DA8395C789
:10ACB000DB8396C7DC83CBB2DD83C3DDDE8397C73E
:10ACC000DF83CBDDE083A4B2E183D5DDE28398C7E7
:10ACD000E38399C7E4839AC7E583BEDDE6839BC718
:10ACE000E7839CC7E8839DC7E983D0C6EA83D0DDAC
:10ACF000EB839EC7EC839FC7ED83A0C7EE8340C85C
:10AD0000EF8341C8F083D4DDF183E2C1F283C6B79B
:10AD1000F38342C8F48343C8F58344C8F68345C827
:10AD2000F78346C8F883CEDDF983CFDDFA8347C8C1
:10AD3000FB8348C8FC8349C8FD83C4DDFE834AC841
:10AD4000FF834BC800844CC80184BDDD02844DC81C
:10AD50000384CDDD0484D1CC05844EC80684C9DDCE
:10AD600007844FC8088450C8098451C80A8452C84F
:10AD70000B84C2DD0C84C8C30D84BCC60E84AECE69
:10AD80000F84CCDD108453C81184C8DD128454C8EC
:10AD9000138455C8148456C8158457C8168458C8D7
:10ADA000178459C81884C1DD19845AC81A845BC82D
:10ADB0001B845CC81C84C6DD1D84DCC21E845DC887
:10ADC0001F845EC820845FC8218460C8228461C853
:10ADD000238462C82484A9D32584AAD32684D3DDFE
:10ADE0002784F4CF2884F8C8298463C82A8464C8D7
:10ADF0002B8465C82C8466C82D8467C82E8468C8D7
:10AE00002F8469C830846AC83184E6DD32846BC817
:10AE100033846CC834846DC835846EC836846FC87A
:10AE2000378470C83884C7DD398471C83A8472C8E1
:10AE30003B8473C83C84E0DD3D84E4C23E8474C836
:10AE40003F8475C8408476C8418477C8428478C8F6
:10AE5000438479C844847AC845847BC84684E1DD4C
:10AE600047847CC848847DC849847EC84A8480C899
:10AE70004B8481C84C8482C84D8483C84E8484C866
:10AE80004F8485C8508486C85184D7DD528487C8D2
:10AE9000538488C8548489C855848AC856848BC80A
:10AEA0005784F8D658848CC85984D9DD5A84D8DDA3
:10AEB0005B84F0B85C84D6DD5D848DC85E848EC80A
:10AEC0005F848FC8608490C86184CFC6628491C853
:10AED0006384ADB6648492C8658493C8668494C85C
:10AEE000678495C8688496C86984E2DD6A8497C8D7
:10AEF0006B84F9BA6C84E1D46D84E7DD6E8498C804
:10AF00006F8499C870849AC87184D0B472849BC8C5
:10AF10007384DADD74849CC87584FBBF7684E3DDBA
:10AF200077849DC87884DFDD79849EC87A84DDDDEE
:10AF30007B849FC87C84A0C87D8440C97E8441C92D
:10AF40007F8442C9808443C9818444C98284D9B53D
:10AF5000838445C9848446C9858447C9868448C991
:10AF60008784DBDD8884DCDD8984DEDD8A8449C971
:10AF70008B84AFBD8C84E4DD8D844AC98E84E5DD8D
:10AF80008F844BC990844CC991844DC992844EC919
:10AF900093844FC9948450C9958451C9968452C9E9
:10AFA0009784F5DD988453C99984C9C39A8454C998
:10AFB0009B8455C99C84E2CB9D8456C99E8457C905
:10AFC0009F8458C9A08459C9A184F2DDA2845AC9BA
:10AFD000A3845BC9A4845CC9A5845DC9A6845EC939
:10AFE000A7845FC9A88460C9A98461C9AA8462C909
:10AFF000AB8463C9AC8464C9AD8465C9AE8466C9D9
:10B00000AF84E1D8B08467C9B18468C9B284D1C6BD
:10B01000B38469C9B484F4DDB5846AC9B6846BC9E4
:10B02000B7846CC9B884F4D5B984F3DDBA84F0DD93
:10B03000BB846DC9BC846EC9BD84ECDDBE846FC9A0
:10B04000BF84EFDDC08470C9C184E8DDC28471C9EA
:10B05000C38472C9C484EED0C58473C9C68474C95C
:10B06000C78475C9C88476C9C984D8C8CA84EEDDC6
:10B07000CB8477C9CC8478C9CD84E9DDCE8479C905
:10B08000CF847AC9D084EADDD184F2CBD2847BC963
:10B09000D384EDDDD4847CC9D5847DC9D684CDB17B
:10B0A000D7847EC9D88480C9D98481C9DA8482C909
:10B0B000DB8483C9DC8484C9DD84B6C0DE8485C9B1
:10B0C000DF84BBBCE084F1DDE18486C9E28487C90A
:10B0D000E384F7DDE48488C9E584F6DDE684EBDD0E
:10B0E000E78489C9E8848AC9E9848BC9EA848CC960
:10B0F000EB848DC9EC84EEC5ED848EC9EE848FC9D6
:10B10000EF8490C9F084FBDDF18491C9F28492C987
:10B11000F38493C9F48494C9F58495C9F68496C9D7
:10B12000F78497C9F88498C9F98499C9FA849AC9A7
:10B13000FB849BC9FC84A4DEFD849CC9FE849DC95C
:10B14000FF84A3DE00859EC901859FC90285A0C931
:10B15000038540CA048541CA058542CA068543CA9B
:10B16000078544CA088545CA098546CA0A8547CA6B
:10B170000B8548CA0C85F8DD0D8549CA0E854ACA7B
:10B180000F854BCA10854CCA1185EFC312854DCA75
:10B190001385FBC214854ECA15854FCA168550CA41
:10B1A0001785E1D5188551CA198552CA1A85B5CEB9
:10B1B0001B8553CA1C8554CA1D8555CA1E8556CA8F
:10B1C0001F85FDDD208557CA2185CCB2228558CA4E
:10B1D000238559CA24855ACA25855BCA26855CCA37
:10B1E00027855DCA28855ECA29855FCA2A8560CA07
:10B1F0002B85E8C42C85DFCA2D8561CA2E8562CADD
:10B200002F8563CA308564CA318565CA328566CAAE
:10B21000338567CA348568CA358569CA36856ACA7E
:10B220003785BEC73885FADD3985FCDD3A85FEDD18
:10B230003B85A2DE3C85AAB03D85CEB13E856BCA7A
:10B240003F856CCA40856DCA41856ECA42856FCA0A
:10B250004385ACDE448570CA458571CA468572CA8D
:10B26000478573CA4885A6DE4985B6BD4A85EFC8BD
:10B270004B8574CA4C8575CA4D8576CA4E8577CA8A
:10B280004F8578CA508579CA51857ACA52857BCA5A
:10B2900053857CCA54857DCA55857ECA5685A1DEF4
:10B2A000578580CA588581CA5985A5DE5A8582CAC4
:10B2B0005B8583CA5C8584CA5D8585CA5E85A9DE97
:10B2C0005F8586CA608587CA618588CA628589CAA2
:10B2D00063858ACA6485A8DE65858BCA66858CCA43
:10B2E00067858DCA6885A7DE69858ECA6A858FCA1B
:10B2F0006B8590CA6C8591CA6D8592CA6E8593CA1A
:10B300006F8594CA708595CA718596CA7285ADDEBF
:10B31000738597CA7485CCD4758598CA768599CA81
:10B3200077859ACA78859BCA7985B3DE7A85AADE45
:10B330007B85AEDE7C859CCA7D859DCA7E85D9C015
:10B340007F859ECA80859FCA8185A0CA828540CBA1
:10B35000838541CB8485A1B18585B6DE868542CBC8
:10B360008785B1DE888543CB898544CB8A8545CBEB
:10B370008B8546CB8C8547CB8D8548CB8E8549CB3D
:10B380008F85B2DE90854ACB91854BCB92854CCB95
:10B3900093854DCB94854ECB95854FCB968550CBE1
:10B3A000978551CB988552CB998553CB9A8554CBB1
:10B3B0009B85A6D19C85B5DE9D8555CB9E8556CBBC
:10B3C0009F8557CBA08558CBA18559CBA2855ACB59
:10B3D000A3855BCBA485AFDEA5855CCBA6855DCBC5
:10B3E000A7855ECBA885B0DEA9855FCBAA85BDD039
:10B3F000AB8560CBAC8561CBAD8562CBAE85B4DE71
:10B40000AF85EDCAB085B9DEB18563CBB28564CBBB
:10B41000B38565CBB48566CBB58567CBB68568CB80
:10B42000B785B8DEB88569CBB985B7DEBA856ACB92
:10B43000BB856BCBBC856CCBBD856DCBBE856ECB28
:10B44000BF856FCBC08570CBC185BBDEC28571CB9C
:10B45000C38572CBC48573CBC58574CBC68575CBCC
:10B46000C78576CBC88577CBC985E5BDCA8578CB3E
:10B47000CB8579CBCC857ACBCD857BCBCE857CCB70
:10B48000CF85D8B2D085EAC3D1857DCBD2857ECB9E
:10B49000D385BADED48580CBD585BAC5D68581CB98
:10B4A000D78582CBD88583CBD98584CBDA8585CBEC
:10B4B000DB8586CBDC85BCDEDD8587CBDE8588CB76
:10B4C000DF8589CBE0858ACBE1858BCBE2858CCB90
:10B4D000E3858DCBE485D9CCE5858ECBE6858FCB16
:10B4E000E78590CBE88591CBE985AAB7EA8592CB31
:10B4F000EB8593CBEC8594CBED8595CBEE8596CB08
:10B50000EF8597CBF08598CBF18599CBF2859ACBD7
:10B51000F3859BCBF4859CCBF5859DCBF6859ECBA7
:10B52000F7859FCBF885A0CBF98540CCFA8541CC37
:10B53000FB85E5D4FC8542CCFD8543CCFE8544CC1F
:10B54000FF85BDDE008645CC018646CC028647CC11
:10B55000038648CC048649CC0586BFDE06864ACCE5
:10B5600007864BCC08864CCC09864DCC0A864ECC3F
:10B570000B864FCC0C8650CC0D8651CC0E8652CC0F
:10B580000F8653CC108654CC1186A2C4128655CC9B
:10B59000138656CC148657CC158658CC1686C1DE39
:10B5A000178659CC18865ACC19865BCC1A865CCC87
:10B5B0001B865DCC1C865ECC1D865FCC1E8660CC57
:10B5C0001F8661CC208662CC218663CC228664CC27
:10B5D000238665CC248666CC258667CC268668CCF7
:10B5E0002786BEDE288669CC2986C0DE2A866ACCFC
:10B5F0002B866BCC2C866CCC2D866DCC2E866ECC9F
:10B600002F866FCC308670CC318671CC328672CC6E
:10B61000338673CC348674CC358675CC368676CC3E
:10B62000378677CC3886BAD5398678CC3A8679CCC5
:10B630003B867ACC3C86C2DE3D867BCC3E867CCC8B
:10B640003F867DCC40867ECC418680CC428681CCB4
:10B65000438682CC448683CC458684CC468685CC82
:10B66000478686CC488687CC498688CC4A8689CC52
:10B670004B868ACC4C868BCC4D86AEF24E86A2BBD6
:10B680004F86B2C25086B0C55186C7C252868CCC96
:10B6900053868DCC5486AFF255868ECC56868FCC91
:10B6A000578690CC588691CC598692CC5A86E9D050
:10B6B0005B8693CC5C8694CC5D8695CC5E86DDD330
:10B6C0005F8696CC608697CC618698CC6286BDEB0F
:10B6D000638699CC64869ACC65869BCC66869CCC26
:10B6E00067869DCC68869ECC69869FCC6A86A0CCF6
:10B6F0006B86E6B36C86B0F26D8640CD6E86B1F295
:10B700006F8641CD708642CD7186ADCA728643CDBB
:10B71000738644CD748645CD758646CD768647CDF5
:10B72000778648CD788649CD7986E7BA7A86B3F2AE
:10B730007B86B5F27C86B4F27D86E4CB7E86BACF7A
:10B740007F86B2F28086B4CA8186CFD28286ECC26E
:10B7500083864ACD84864BCD85864CCD86864DCD5D
:10B7600087864ECD88864FCD898650CD8A86C3CEBA
:10B770008B86B8F28C86F6B08D86B7F28E8651CD68
:10B780008F8652CD908653CD918654CD928655CDDD
:10B790009386BEF2948656CD9586CFB2968657CDC7
:10B7A000978658CD988659CD99865ACD9A865BCD85
:10B7B0009B865CCD9C86C1D19D86BAF29E865DCD6E
:10B7C0009F865ECDA0865FCDA18660CDA28661CD2D
:10B7D000A386BCF2A486E9D4A58662CDA68663CDF5
:10B7E000A786BBF2A886B6F2A986BFF2AA86BDF2EA
:10B7F000AB8664CDAC86B9F2AD8665CDAE8666CD3E
:10B80000AF86C7F2B086C4F2B186C6F2B28667CD03
:10B81000B38668CDB486CAF2B586C2F2B686C0F2E7
:10B82000B78669CDB8866ACDB9866BCDBA86C5F2C2
:10B83000BB866CCDBC866DCDBD866ECDBE866FCD14
:10B84000BF8670CDC086FBD6C18671CDC28672CD53
:10B85000C38673CDC486C1F2C58674CDC686F9C7CA
:10B86000C786DFC9C88675CDC986C8F2CA86C6B97B
:10B87000CB86B0B5CC8676CDCD8677CDCE86C3F2DD
:10B88000CF86C9F2D086D0F2D186D6F2D28678CDD4
:10B89000D38679CDD486D7BBD5867ACDD6867BCDD7
:10B8A000D7867CCDD886D5F2D986DCCDDA867DCD1B
:10B8B000DB86EBD6DC867ECDDD8680CDDE86D2F2E1
:10B8C000DF86D4F2E08681CDE18682CDE28683CD2B
:10B8D000E38684CDE486F2B8E58685CDE68686CD1E
:10B8E000E78687CDE88688CDE986CBF2EA8689CDE2
:10B8F000EB868ACDEC868BCDED86CEF2EE86F9C254
:10B90000EF868CCDF086DDD5F186CCF2F286CDF2D5
:10B91000F386CFF2F486D3F2F5868DCDF6868ECD02
:10B92000F7868FCDF886D9F2F986BCD3FA8690CD0A
:10B93000FB8691CDFC8692CDFD8693CDFE86EAB640
:10B94000FF8694CD0087F1CA018795CD0287E4B7C1
:10B950000387D7F2048796CD058797CD068798CDC4
:10B960000787D8F20887DAF20987DDF20A87DBF267
:10B970000B8799CD0C879ACD0D87DCF20E879BCD76
:10B980000F879CCD10879DCD11879ECD1287D1D179
:10B990001387D1F214879FCD1587C9CD1687A0CD07
:10B9A0001787CFCE1887A9D6198740CE1A87E3F21A
:10B9B0001B8741CE1C87DBC31D8742CE1E87E0F26A
:10B9C0001F8743CE208744CE2187AFC02287ECF269
:10B9D0002387DEF2248745CE2587E1F2268746CEEF
:10B9E000278747CE288748CE2987E8F22A8749CE7D
:10B9F0002B874ACE2C874BCE2D874CCE2E87E2F25A
:10BA00002F874DCE30874ECE3187E7F232874FCE2B
:10BA1000338750CE3487E6F2358751CE368752CE03
:10BA20003787E9F2388753CE398754CE3A8755CED7
:10BA30003B87DFF23C8756CE3D8757CE3E87E4F208
:10BA40003F87EAF2408758CE418759CE42875ACE87
:10BA500043875BCE44875CCE45875DCE46875ECE0E
:10BA60004787ACD34887E5F24987F5B24A875FCE6E
:10BA70004B8760CE4C87F2F24D8761CE4E87ABD0BC
:10BA80004F8762CE508763CE518764CE528765CE92
:10BA90005387F5F2548766CE558767CE568768CEB2
:10BAA0005787C8BB588769CE5987F9F25A876ACE3B
:10BAB0005B876BCE5C876CCE5D876DCE5E876ECE0E
:10BAC0005F876FCE6087F0F2618770CE628771CE3C
:10BAD0006387F6F26487F8F26587FAF2668772CEBA
:10BAE000678773CE688774CE698775CE6A8776CE8E
:10BAF0006B8777CE6C8778CE6D8779CE6E87F3F2C1
:10BB00006F877ACE7087F1F271877BCE72877CCE99
:10BB100073877DCE7487FBBA75877ECE7687FBB53B
:10BB2000778780CE788781CE798782CE7A8783CED9
:10BB30007B87EFF27C87F7F27D87EDF27E87EEF26E
:10BB40007F8784CE808785CE818786CE8287EBF201
:10BB50008387A6F3848787CE8587A3F3868788CEDD
:10BB6000878789CE8887A2F389878ACE8A878BCEFA
:10BB70008B87F4F28C878CCE8D87DAC88E878DCE3A
:10BB80008F878ECE90878FCE918790CE928791CEE1
:10BB90009387FBF2948792CE958793CE968794CE27
:10BBA0009787A5F3988795CE998796CE9A8797CE53
:10BBB0009B8798CE9C8799CE9D879ACE9E879BCE59
:10BBC0009F87F8C3A0879CCEA1879DCEA2879ECEDB
:10BBD000A3879FCEA487A0CEA58740CFA68741CFBD
:10BBE000A78742CFA887FDF2A98743CFAA8744CF72
:10BBF000AB87A7F3AC87A9F3AD87A4F3AE8745CF96
:10BC0000AF87FCF2B08746CFB18747CFB28748CF26
:10BC1000B387ABF3B48749CFB587AAF3B6874ACFCA
:10BC2000B7874BCFB8874CCFB9874DCFBA87DDC226
:10BC3000BB874ECFBC874FCFBD87AEF3BE8750CFFB
:10BC4000BF8751CFC087B0F3C18752CFC28753CFD0
:10BC5000C38754CFC48755CFC58756CFC687A1F3B6
:10BC6000C78757CFC88758CFC98759CFCA87B1F37D
:10BC7000CB87ACF3CC875ACFCD875BCFCE875CCF59
:10BC8000CF875DCFD0875ECFD187AFF3D287FEF26B
:10BC9000D387ADF3D4875FCFD58760CFD68761CF09
:10BCA000D78762CFD88763CFD98764CFDA8765CF4C
:10BCB000DB87B2F3DC8766CFDD8767CFDE8768CFAF
:10BCC000DF8769CFE087B4F3E1876ACFE2876BCF84
:10BCD000E3876CCFE4876DCFE587A8F3E6876ECF67
:10BCE000E7876FCFE88770CFE98771CFEA87B3F333
:10BCF000EB8772CFEC8773CFED8774CFEE87B5F308
:10BD0000EF8775CFF08776CFF18777CFF28778CF3F
:10BD1000F38779CFF4877ACFF5877BCFF6877CCF0F
:10BD2000F7877DCFF8877ECFF987B7D0FA8780CFA6
:10BD3000FB8781CFFC8782CFFD8783CFFE87B8F357
:10BD4000FF8784CF008885CF018886CF028887CF80
:10BD50000388F9D9048888CF058889CF06888ACFD7
:10BD600007888BCF08888CCF09888DCF0A88B9F3D4
:10BD70000B888ECF0C888FCF0D8890CF0E8891CFF7
:10BD80000F8892CF108893CF118894CF128895CFC7
:10BD90001388B7F3148896CF1588E4C81688B6F3CD
:10BDA000178897CF188898CF198899CF1A889ACF73
:10BDB0001B88BAF31C889BCF1D889CCF1E889DCF03
:10BDC0001F889ECF20889FCF2188BBF32288C0B4D4
:10BDD0002388A0CF248840D0258841D0268842D00F
:10BDE000278843D0288844D0298845D02A8846D03F
:10BDF0002B8847D02C8848D02D8849D02E884AD00F
:10BE00002F884BD030884CD031884DD03288C3EE4B
:10BE100033884ED034884FD0358850D0368851D0B2
:10BE2000378852D0388853D03988BCF33A8854D0F8
:10BE30003B8855D03C88BDF33D8856D03E8857D0CE
:10BE40003F8858D04088AAD1418859D042885AD0DA
:10BE500043885BD04488ACF44588C6D046885CD023
:10BE600047885DD048885ED049885FD04A8860D0D6
:10BE70004B8861D04C88D0D04D88DCD14E8862D0C0
:10BE80004F8863D0508864D0518865D0528866D07E
:10BE9000538867D05488CECF558868D0568869D0EB
:10BEA0005788D6BD58886AD05988C3D15A886BD074
:10BEB0005B886CD05C886DD05D886ED05E886FD0FA
:10BEC0005F8870D0608871D06188E2BA6288E9E1E9
:10BED0006388C2D26488C2F16588B9B2668872D0BC
:10BEE000678873D06888EDB16988C3F16A8874D0B7
:10BEF0006B88C0C96C88C4B36D8875D06E88F2D960
:10BF00006F8876D07088A5CB718877D07288C4F19D
:10BF1000738878D0748879D075887AD076887BD009
:10BF20007788D4D678887CD079887DD07A887ED07E
:10BF30007B8880D07C8881D07D88C5F17E88C0F4E4
:10BF40007F88C6F1808882D08188ACD48288C7F18E
:10BF5000838883D08488C0B08588C1F4868884D0E3
:10BF6000878885D08888C2F4898886D08A8887D0D7
:10BF70008B88FCB48C8888D08D88DBC58E8889D06E
:10BF80008F888AD090888BD091888CD09288BBCCB7
:10BF900093888DD094888ED095888FD09688E4D061
:10BFA000978890D0988891D0998892D09A8893D089
:10BFB0009B8894D09C88E0CD9D8895D09E8896D013
:10BFC0009F8897D0A08898D0A18899D0A288C8F1DE
:10BFD000A3889AD0A488F3D9A5889BD0A6889CD0A2
:10BFE000A7889DD0A8889ED0A9889FD0AA88A0D0D5
:10BFF000AB88BBB1AC8840D1AD88AECFAE8841D163
:10C00000AF8842D1B08843D1B188A4B8B28844D1B6
:10C01000B38845D1B48846D1B58847D1B68848D1D0
:10C02000B788CAF1B88849D1B9884AD1BA884BD102
:10C03000BB884CD1BC88CBF1BD884DD1BE884ED1D8
:10C04000BF884FD1C08850D1C188C3B2C288D1C186
:10C05000C38851D1C48852D1C588B0D7C688C9F128
:10C06000C78853D1C88854D1C988CCF1CA8855D162
:10C07000CB8856D1CC8857D1CD8858D1CE88CEF137
:10C08000CF8859D1D0885AD1D1885BD1D288F6D9FE
:10C09000D3885CD1D488E1D2D588A3D4D6885DD1A9
:10C0A000D7885ED1D888C3F4D988B9C8DA885FD177
:10C0B000DB8860D1DC8861D1DD8862D1DE8863D124
:10C0C000DF88C4F4E08864D1E18865D1E288CDF1ED
:10C0D000E388CFF1E488E3BFE588D0F1E68866D154
:10C0E000E78867D1E888D4F1E98868D1EA8869D11E
:10C0F000EB886AD1EC886BD1ED886CD1EE886DD17C
:10C10000EF886ED1F088D6F1F188D1F1F2886FD145
:10C11000F388D1C9F488E1C5F58870D1F68871D16A
:10C12000F78872D1F888E3C2F988FCB9FA8873D12C
:10C13000FB8874D1FC88D3F1FD8875D1FE88D5F1D8
:10C14000FF8876D1008977D1018978D10289D3B966
:10C15000038979D104897AD105897BD106897CD17B
:10C1600007897DD108897ED1098980D10A89DBF1CF
:10C170000B8981D10C8982D10D8983D10E8984D11B
:10C180000F8985D11089D6BA118986D11289FDB05F
:10C190001389D9F1148987D1158988D1168989D154
:10C1A00017898AD118898BD11989D8F11A89D2F1C6
:10C1B0001B89DAF11C898CD11D898DD11E898ED104
:10C1C0001F898FD1208990D12189D7F1228991D1DE
:10C1D000238992D1248993D12589ECC8268994D1C9
:10C1E000278995D1288996D1298997D12A89CACDBD
:10C1F0002B89DDF12C8998D12D8999D12E899AD15D
:10C200002F899BD13089BDE531899CD132899DD15F
:10C2100033899ED13489DCF135899FD13689DEF1AD
:10C220003789A0D1388940D2398941D23A8942D25E
:10C230003B8943D23C8944D23D8945D23E8946D28E
:10C240003F8947D2408948D24189DFF1428949D2AA
:10C2500043894AD24489E5CF45894BD246894CD29D
:10C2600047894DD248894ED249894FD24A8950D206
:10C270004B8951D24C8952D24D8953D24E8954D2D6
:10C280004F8955D2508956D2518957D2528958D2A6
:10C29000538959D254895AD255895BD256895CD276
:10C2A00057895DD258895ED259895FD25A8960D246
:10C2B0005B8961D25C8962D25D8963D25E89C5F493
:10C2C0005F89F3BD608964D2618965D2628966D273
:10C2D000638967D2648968D2658969D26689E0F129
:10C2E00067896AD268896BD269896CD26A896DD292
:10C2F0006B896ED26C896FD26D8970D26E8971D262
:10C300006F8972D2708973D2718974D2728975D231
:10C31000738976D2748977D2758978D2768979D201
:10C3200077897AD278897BD279897CD27A897DD2D1
:10C330007B89E1F17C897ED27D8980D27E8981D220
:10C340007F89F7CE808982D28189AAD2828983D2DD
:10C350008389FBF1848984D2858985D28689B2B8A4
:10C36000878986D2888987D2898988D28A8989D221
:10C370008B898AD28C898BD28D898CD28E898DD2F1
:10C380008F898ED290898FD2918990D2928991D2C1
:10C39000938992D2948993D2958994D2968995D291
:10C3A000978996D2988997D2998998D29A8999D261
:10C3B0009B899AD29C899BD29D899CD29E899DD231
:10C3C0009F899ED2A0899FD2A189A0D2A28940D361
:10C3D000A38941D3A48942D3A58943D3A68944D351
:10C3E000A78945D3A88946D3A98947D3AA8948D321
:10C3F000AB8949D3AC894AD3AD894BD3AE894CD3F1
:10C40000AF894DD3B0894ED3B1894FD3B28950D3C0
:10C41000B38951D3B48952D3B58953D3B68954D390
:10C42000B78955D3B88956D3B98957D3BA8958D360
:10C43000BB8959D3BC895AD3BD895BD3BE895CD330
:10C44000BF895DD3C0895ED3C189FBBCC289DBB91A
:10C45000C3895FD3C489E6B9C589D9C3C689D3CA9C
:10C46000C789E8EAC889C0C0C989F5BECA89E9EAAE
:10C47000CB89EAEACC89EBEACD8960D3CE89ECEAB4
:10C48000CF89EDEAD089EEEAD189EFEAD289C7BD3A
:10C49000D38961D3D48962D3D58963D3D689FBF597
:10C4A000D78964D3D88965D3D98966D3DA89FDF56C
:10C4B000DB8967D3DC89FEF5DD8968D3DE89FCF58D
:10C4C000DF8969D3E0896AD3E1896BD3E2896CD3D0
:10C4D000E389E2BDE4896DD3E589A1F6E689A5B4D7
:10C4E000E7896ED3E8896FD3E98970D3EA8971D37C
:10C4F000EB89A2F6EC8972D3ED8973D3EE8974D3FC
:10C50000EF89A3F6F08975D3F18976D3F28977D3D1
:10C51000F389B2ECF48978D3F58979D3F6897AD3A3
:10C52000F7897BD3F8897CD3F9897DD3FA897ED3C7
:10C53000FB8980D3FC8981D3FD8982D3FE8983D393
:10C54000FF8984D3008AD4D1018A85D3028A86D315
:10C55000038A87D3048A88D3058A89D3068A8AD333
:10C56000078AEAD9088A8BD3098A8CD30A8A8DD3A1
:10C570000B8A8ED30C8A8FD30D8A90D30E8A91D3D7
:10C580000F8A92D3108A93D3118A94D3128A95D3A7
:10C59000138A96D3148A97D3158A98D3168A99D377
:10C5A000178A9AD3188A9BD3198A9CD31A8A9DD347
:10C5B0001B8A9ED31C8A9FD31D8AA0D31E8A40D477
:10C5C0001F8A41D4208A42D4218A43D4228A44D467
:10C5D000238A45D4248A46D4258A47D4268A48D437
:10C5E000278A49D4288A4AD4298A4BD42A8A4CD407
:10C5F0002B8A4DD42C8A4ED42D8A4FD42E8A50D4D7
:10C600002F8A51D4308A52D4318A53D4328A54D4A6
:10C61000338A55D4348A56D4358A57D4368A58D476
:10C62000378A59D4388A5AD4398A5BD43A8A5CD446
:10C630003B8A5DD43C8A5ED43D8A5FD43E8AA4F6B0
:10C640003F8A60D4408A61D4418A62D4428A63D4EA
:10C65000438A64D4448A65D4458A66D4468A67D4BA
:10C66000478A68D4488ABAEE498A69D44A8A6AD421
:10C670004B8A6BD44C8A6CD44D8A6DD44E8A6ED45E
:10C680004F8A6FD4508A70D4518A71D4528A72D42E
:10C69000538A73D4548A74D4558A75D4568A76D4FE
:10C6A000578A77D4588A78D4598A79D45A8A7AD4CE
:10C6B0005B8A7BD45C8A7CD45D8A7DD45E8A7ED49E
:10C6C0005F8A80D4608A81D4618A82D4628A83D46A
:10C6D000638A84D4648A85D4658A86D4668A87D43A
:10C6E000678A88D4688A89D4698A8AD46A8A8BD40A
:10C6F0006B8A8CD46C8A8DD46D8A8ED46E8A8FD4DA
:10C700006F8A90D4708A91D4718A92D4728A93D4A9
:10C71000738A94D4748A95D4758A96D4768A97D479
:10C72000778A98D4788A99D4798AB2D57A8A9AD431
:10C730007B8A9BD47C8A9CD47D8A9DD47E8A9ED41D
:10C740007F8A9FD4808AA0D4818A40D5828A41D5AD
:10C75000838A42D5848A43D5858A44D5868A45D53D
:10C76000878A46D5888A47D5898AFED38A8ADCCCCF
:10C770008B8A48D58C8A49D58D8A4AD58E8A4BD5E5
:10C780008F8A4CD5908A4DD5918A4ED5928A4FD5B5
:10C79000938AC4CA948A50D5958A51D5968A52D51F
:10C7A000978A53D5988A54D5998A55D59A8A56D559
:10C7B0009B8A57D59C8A58D59D8A59D59E8A5AD529
:10C7C0009F8A5BD5A08A5CD5A18A5DD5A28A5ED5F9
:10C7D000A38A5FD5A48A60D5A58A61D5A68A62D5C9
:10C7E000A78A63D5A88A64D5A98A65D5AA8A66D599
:10C7F000AB8A67D5AC8A68D5AD8A69D5AE8A6AD569
:10C80000AF8A6BD5B08A6CD5B18A6DD5B28A6ED538
:10C81000B38A6FD5B48A70D5B58A71D5B68A72D508
:10C82000B78A73D5B88A74D5B98A75D5BA8A76D5D8
:10C83000BB8A77D5BC8A78D5BD8A79D5BE8A7AD5A8
:10C84000BF8A7BD5C08A7CD5C18A7DD5C28A7ED578
:10C85000C38A80D5C48A81D5C58A82D5C68A83D544
:10C86000C78A84D5C88A85D5C98A86D5CA8A87D514
:10C87000CB8A88D5CC8A89D5CD8A8AD5CE8A8BD5E4
:10C88000CF8A8CD5D08A8DD5D18A8ED5D28A8FD5B4
:10C89000D38A90D5D48A91D5D58A92D5D68A93D584
:10C8A000D78A94D5D88A95D5D98A96D5DA8A97D554
:10C8B000DB8A98D5DC8A99D5DD8A9AD5DE8A9BD524
:10C8C000DF8A9CD5E08A9DD5E18A9ED5E28A9FD5F4
:10C8D000E38AA0D5E48A40D6E58A41D6E68A42D6E4
:10C8E000E78A43D6E88A44D6E98A45D6EA8A46D614
:10C8F000EB8A47D6EC8A48D6ED8A49D6EE8A4AD6E4
:10C90000EF8A4BD6F08A4CD6F18A4DD6F28A4ED6B3
:10C91000F38A4FD6F48A50D6F58A51D6F68A52D683
:10C92000F78A53D6F88A54D6F98A55D6FA8A56D653
:10C93000FB8A57D6FC8A58D6FD8A59D6FE8A5AD623
:10C94000FF8A5BD6008B5CD6018B5DD6028B5ED6F0
:10C95000038B5FD6048B60D6058B61D6068B62D6BF
:10C96000078BC0E5088B63D6098B64D60A8B65D626
:10C970000B8B66D60C8B67D60D8B68D60E8B69D663
:10C980000F8B6AD6108B6BD6118B6CD6128B6DD633
:10C99000138B6ED6148B6FD6158B70D6168B71D603
:10C9A000178B72D6188B73D6198B74D61A8B75D6D3
:10C9B0001B8B76D61C8B77D61D8B78D61E8B79D6A3
:10C9C0001F8B7AD6208B7BD6218B7CD6228B7DD673
:10C9D000238B7ED6248B80D6258B81D6268BA5F6FD
:10C9E000278B82D6288B83D6298B84D62A8B85D613
:10C9F0002B8B86D62C8B87D62D8B88D62E8B89D6E3
:10CA00002F8B8AD6308B8BD6318B8CD6328B8DD6B2
:10CA1000338B8ED6348B8FD6358B90D6368B91D682
:10CA2000378B92D6388B93D6398B94D63A8B95D652
:10CA30003B8B96D63C8B97D63D8B98D63E8B99D622
:10CA40003F8B9AD6408B9BD6418B9CD6428B9DD6F2
:10CA5000438B9ED6448B9FD6458BA0D6468B40D722
:10CA6000478B41D7488B42D7498B43D74A8B44D712
:10CA70004B8B45D74C8B46D74D8B47D74E8B48D7E2
:10CA80004F8B49D7508B4AD7518B4BD7528B4CD7B2
:10CA9000538B4DD7548B4ED7558B4FD7568B50D782
:10CAA000578B51D7588B52D7598B53D75A8B54D752
:10CAB0005B8B55D75C8B56D75D8B57D75E8B58D722
:10CAC0005F8B59D7608B5AD7618B5BD7628B5CD7F2
:10CAD000638B5DD7648B5ED7658B5FD7668BAFBE8C
:10CAE000678B60D7688B61D7698B62D76A8B63D796
:10CAF0006B8B64D76C8BA9C66D8B65D76E8B66D735
:10CB00006F8B67D7708B68D7718B69D7728B6AD739
:10CB1000738B6BD7748B6CD7758B6DD7768B6ED709
:10CB2000778B6FD7788B70D7798B71D77A8B72D7D9
:10CB30007B8B73D77C8B74D77D8B75D77E8B76D7A9
:10CB40007F8B77D7808B78D7818B79D7828B7AD779
:10CB5000838B7BD7848B7CD7858B7DD7868B7ED749
:10CB6000878B80D7888B81D7898B82D78A8B83D715
:10CB70008B8B84D78C8B85D78D8B86D78E8B87D7E5
:10CB80008F8B88D7908B89D7918B8AD7928B8BD7B5
:10CB9000938B8CD7948B8DD7958B8ED7968B8FD785
:10CBA000978B90D7988B91D7998B92D79A8B93D755
:10CBB0009B8B94D79C8B95D79D8B96D79E8B97D725
:10CBC0009F8B98D7A08BA5DAA18BC6BCA28BA9B6E8
:10CBD000A38BBCB8A48BCFC8A58BA5BCA68BA6DAAB
:10CBE000A78BA7DAA88BD6CCA98BC3C8AA8BA8DA47
:10CBF000AB8BFDC6AC8B99D7AD8BB5D1AE8BE9D2E3
:10CC0000AF8BB6D1B08BC7BCB18B9AD7B28BB2BD4C
:10CC1000B38BE4BBB48BA9DAB58BAADAB68BC8D1D7
:10CC2000B78BABDAB88BEDD0B98BEFB6BA8BDBC272
:10CC3000BB8B9BD7BC8BCFCBBD8BEDB7BE8BE8C975
:10CC4000BF8BC3B7C08BF7BEC18BA4D6C28BACDA87
:10CC5000C38BADDAC48BC0C6C58BE7D7C68BB6CA4B
:10CC6000C78B9CD7C88BA9D5C98BDFCBCA8BEFD517
:10CC7000CB8BAEDACC8BDFD6CD8BCAB4CE8BB0DA11
:10CC8000CF8BAFDAD08B9DD7D18BEBD2D28BB1DAF1
:10CC9000D38BB2DAD48BB3DAD58BD4CAD68BB4DAD1
:10CCA000D78BABCAD88BB5DAD98BB6DADA8BCFB3E0
:10CCB000DB8BEFD6DC8BB7DADD8BB0BBDE8BAEB5B2
:10CCC000DF8BB8DAE08BB9DAE18BEEB9E28BAFD16A
:10CCD000E38BE8D2E48BBADAE58BC3B8E68BEACF14
:10CCE000E78BEFB2E88BBBDAE98BBCDAEA8B9ED735
:10CCF000EB8BEBBDEC8BDCCEED8BEFD3EE8BBDDAAB
:10CD0000EF8BF3CEF08BBEDAF18BD5D3F28BE5BB94
:10CD1000F38BBFDAF48BB5CBF58BD0CBF68BC0DAC7
:10CD2000F78BEBC7F88BEED6F98BC1DAFA8BB5C56A
:10CD3000FB8BC1B6FC8BC2DAFD8BCCB7FE8BCEBFB2
:10CD4000FF8BC3DA008CC4DA018CADCB028CC5DA60
:10CD5000038CF7B5048CC6DA058CC2C1068CBBD730
:10CD6000078CC7DA088CB8CC098C9FD70A8CEAD21A
:10CD70000B8CB1C40C8CC8DA0D8CFDB50E8CD1BBFC
:10CD80000F8CC9DA108CB3D0118CCADA128CCBDAC2
:10CD9000138CBDCE148CCCDA158CCDDA168CCEDA91
:10CDA000178CF7B2188CD1DA198CCFDA1A8CE8D13B
:10CDB0001B8CD0DA1C8CD5C31D8CD2DA1E8CA0D76C
:10CDC0001F8CD3DA208CD4DA218CD5DA228CBBD01C
:10CDD000238CA5D2248CF9B0258CD6DA268CABC74F
:10CDE000278CD7DA288CF7BD298CA1C32A8CD8DAF6
:10CDF0002B8CD9DA2C8CFDC32D8CB7CC2E8CDADAA7
:10CE00002F8CDBDA308CBEC0318CD7C6328CDCDAAA
:10CE1000338CDDDA348CB4C7358CDEDA368CDFDA6D
:10CE2000378CC8B9388C40D8398C41D83A8C42D824
:10CE30003B8C43D83C8C44D83D8C45D83E8C46D85E
:10CE40003F8C47D8408C48D8418CEDBB428C49D8A8
:10CE5000438C4AD8448C4BD8458C4CD8468CB9B6B8
:10CE6000478CF8F4488C4DD8498CF9F44A8C4ED84C
:10CE70004B8C4FD84C8CE3CD4D8C50D84E8C51D828
:10CE80004F8C52D8508C53D8518C54D8528C55D882
:10CE9000538C56D8548C57D8558CB9F5568C58D8D5
:10CEA000578C59D8588C5AD8598C5BD85A8CE0EB8F
:10CEB0005B8C5CD85C8C5DD85D8C5ED85E8C5FD8FA
:10CEC0005F8C60D8608C61D8618CF3CF628CBFBB03
:10CED000638C62D8648C63D8658C64D8668C65D8A2
:10CEE000678C66D8688C67D8698C68D86A8CC0BA39
:10CEF0006B8CA5D46C8C69D86D8C6AD86E8C6BD811
:10CF00006F8C6CD8708C6DD8718C6ED8728C6FD819
:10CF1000738CD9E1748C70D8758C71D8768C72D87A
:10CF2000778C73D8788CF4F5798CAAB17A8CF2B2BC
:10CF30007B8C74D87C8C75D87D8C76D87E8C77D899
:10CF40007F8C78D8808C79D8818C7AD8828CF5F5D2
:10CF5000838C7BD8848C7CD8858CF7F5868C7DD8A7
:10CF6000878C7ED8888C80D8898CD1BA8A8CF6F54B
:10CF70008B8C81D88C8CB2C38D8C82D88E8C83D8CC
:10CF80008F8C84D8908C85D8918C86D8928C87D8B9
:10CF9000938C88D8948CF9F5958C89D8968C8AD8FE
:10CFA000978C8BD8988CF8F5998C8CD89A8C8DD8D6
:10CFB0009B8C8ED89C8C8FD89D8C90D89E8C91D831
:10CFC0009F8C92D8A08C93D8A18C94D8A28C95D801
:10CFD000A38C96D8A48C97D8A58C98D8A68C99D8D1
:10CFE000A78C9AD8A88C9BD8A98C9CD8AA8C9DD8A1
:10CFF000AB8C9ED8AC8C9FD8AD8CA0D8AE8C40D9D1
:10D00000AF8C41D9B08C42D9B18C43D9B28C44D9C0
:10D01000B38C45D9B48C46D9B58C47D9B68C48D990
:10D02000B78C49D9B88C4AD9B98C4BD9BA8C4CD960
:10D03000BB8C4DD9BC8C4ED9BD8C4FD9BE8C50D930
:10D04000BF8C51D9C08C52D9C18C53D9C28C54D900
:10D05000C38C55D9C48C56D9C58C57D9C68C58D9D0
:10D06000C78C59D9C88C5AD9C98C5BD9CA8C5CD9A0
:10D07000CB8C5DD9CC8C5ED9CD8C5FD9CE8C60D970
:10D08000CF8C61D9D08C62D9D18C63D9D28C64D940
:10D09000D38C65D9D48C66D9D58C67D9D68C68D910
:10D0A000D78C69D9D88C6AD9D98C6BD9DA8C6CD9E0
:10D0B000DB8C6DD9DC8C6ED9DD8C6FD9DE8C70D9B0
:10D0C000DF8C71D9E08C72D9E18C73D9E28C74D980
:10D0D000E38C75D9E48C76D9E58C77D9E68C78D950
:10D0E000E78C79D9E88C7AD9E98C7BD9EA8C7CD920
:10D0F000EB8C7DD9EC8C7ED9ED8C80D9EE8C81D9EE
:10D10000EF8C82D9F08C83D9F18C84D9F28C85D9BB
:10D11000F38C86D9F48C87D9F58C88D9F68C89D98B
:10D12000F78C8AD9F88C8BD9F98C8CD9FA8C8DD95B
:10D13000FB8C8ED9FC8C8FD9FD8C90D9FE8C91D92B
:10D14000FF8C92D9008D93D9018D94D9028D95D9F8
:10D15000038D96D9048D97D9058D98D9068D99D9C7
:10D16000078D9AD9088D9BD9098D9CD90A8D9DD997
:10D170000B8D9ED90C8D9FD90D8DA0D90E8D40DAC7
:10D180000F8D41DA108D42DA118D43DA128D44DAB7
:10D19000138D45DA148D46DA158D47DA168D48DA87
:10D1A000178D49DA188D4ADA198D4BDA1A8D4CDA57
:10D1B0001B8D4DDA1C8D4EDA1D8DB4B11E8DEAD556
:10D1C0001F8DBAB8208D4FDA218DB1B9228DC6B22C
:10D1D000238DF0D4248DCDCF258DDCB0268DCBD5FD
:10D1E000278DF5BB288DCAD6298DB7B72A8DB0CC2F
:10D1F0002B8DB6C62C8DE1B12D8DBAB92E8DFCD6F6
:10D200002F8DE1B9308DA1B7318DFABC328DDAEABC
:10D21000338DDBEA348DF9CC358DF3B9368DDCEA0C
:10D22000378DFBB4388DB3C3398DD1B73A8DD8BAA9
:10D230003B8DDDEA3C8DF4D43D8DDEEA3E8DD6BCDF
:10D240003F8DDFBB408DDFEA418DDEC1428DB8C22C
:10D25000438DDFD4448DCAD7458DE0EA468DE1EA9F
:10D26000478DE4EA488DE2EA498DE3EA4A8DDEC95A
:10D270004B8DB3B84C8DC4B64D8DE5EA4E8DEACAE0
:10D280004F8DCDC9508DCDB4518D50DA528D51DABC
:10D29000538DD9E2548DE2C5558DE6EA568DB5C061
:10D2A000578D52DA588DB8D7598DE7EA5A8DACD7D9
:10D2B0005B8DFCC85C8DD3D85D8DCDD85E8DDED402
:10D2C0005F8D53DA608DF9D4618DC4C9628DAED3A0
:10D2D000638DD3B8648DE0B3658D54DA668DE2C991
:10D2E000678DF6F4688D55DA698D56DA6A8D57DAEE
:10D2F0006B8DD5BA6C8D58DA6D8DF7F46E8D59DA69
:10D300006F8D5ADA708DDFD7718D5BDA728D5CDAD2
:10D31000738DF1F4748DB0B8758DD4D5768DCFB88A
:10D32000778DF0C6788D5DDA798D5EDA7A8D5FDA89
:10D330007B8D60DA7C8D61DA7D8D62DA7E8D63DAD9
:10D340007F8D64DA808D65DA818DC3B3828D66DA74
:10D35000838D67DA848DF2F4858DACB3868D68DABF
:10D36000878D69DA888D6ADA898D6BDA8A8DBDD40A
:10D370008B8DF7C78C8D6CDA8D8D6DDA8E8D6EDAB4
:10D380008F8D6FDA908D70DA918DF4F4928D71DA61
:10D39000938D72DA948DF3F4958D73DA968D74DA39
:10D3A000978D75DA988D76DA998D77DA9A8D78DAA5
:10D3B0009B8D79DA9C8D7ADA9D8D7BDA9E8D7CDA75
:10D3C0009F8DCBCCA08D7DDAA18D7EDAA28D80DA07
:10D3D000A38DA4C8A48D81DAA58D82DAA68D83DA07
:10D3E000A78D84DAA88D85DAA98D86DAAA8D87DAE9
:10D3F000AB8D88DAAC8D89DAAD8D8ADAAE8D8BDAB9
:10D40000AF8D8CDAB08D8DDAB18DF5F4B28D8EDA08
:10D41000B38DE3D7B48DBFC5B58DC0F5B68D8FDAAA
:10D42000B78D90DAB88DBBF5B98D91DABA8DC3F5A9
:10D43000BB8D92DABC8DC2F5BD8D93DABE8DBAD6A6
:10D44000BF8DC1F5C08D94DAC18D95DAC28D96DAA3
:10D45000C38DBED4C48DC4F5C58D97DAC68DCCF509
:10D46000C78D98DAC88D99DAC98D9ADACA8D9BDA98
:10D47000CB8DCFB0CC8DF8B5CD8D9CDACE8DC9F5E6
:10D48000CF8DCAF5D08D9DDAD18DDCC5D28D9EDAD7
:10D49000D38D9FDAD48DA0DAD58D40DBD68DC5F53E
:10D4A000D78DC6F5D88D41DBD98D42DBDA8DC7F536
:10D4B000DB8DCBF5DC8D43DBDD8DE0BEDE8DC8F58D
:10D4C000DF8DFAB8E08D44DBE18D45DBE28D46DB94
:10D4D000E38DD0F5E48DD3F5E58D47DBE68D48DBB4
:10D4E000E78D49DBE88DE7BFE98D4ADBEA8DF2B9CC
:10D4F000EB8DBCF5EC8DCDF5ED8D4BDBEE8D4CDB86
:10D50000EF8DB7C2F08D4DDBF18D4EDBF28D4FDB31
:10D51000F38DF8CCF48D50DBF58DF9BCF68D51DB35
:10D52000F78DCEF5F88DCFF5F98DD1F5FA8DE5B6FD
:10D53000FB8DD2F5FC8D52DBFD8DD5F5FE8D53DBD9
:10D54000FF8D54DB008E55DB018E56DB028E57DBE0
:10D55000038E58DB048E59DB058EBDF5068E5ADB33
:10D56000078E5BDB088E5CDB098ED4F50A8EBBD39D
:10D570000B8E5DDB0C8EECB30D8E5EDB0E8E5FDBF7
:10D580000F8EA4CC108E60DB118E61DB128E62DBFD
:10D59000138E63DB148ED6F5158E64DB168E65DB79
:10D5A000178E66DB188E67DB198E68DB1A8E69DBD7
:10D5B0001B8E6ADB1C8E6BDB1D8ED7F51E8EE1BECB
:10D5C0001F8ED8F5208E6CDB218E6DDB228EDFCC9A
:10D5D000238EDBF5248E6EDB258E6FDB268E70DBD3
:10D5E000278E71DB288E72DB298EC8B22A8ED9D79E
:10D5F0002B8E73DB2C8ED9F52D8E74DB2E8EDAF507
:10D600002F8EDCF5308E75DB318EE2F5328E76DBD7
:10D61000338E77DB348E78DB358EE0F5368E79DB32
:10D62000378E7ADB388E7BDB398EDFF53A8EDDF58F
:10D630003B8E7CDB3C8E7DDB3D8EE1F53E8E7EDBE2
:10D640003F8E80DB408EDEF5418EE4F5428EE5F5BF
:10D65000438E81DB448EE3CC458E82DB468E83DBBA
:10D66000478EBFE5488EB8B5498EE3F54A8EE8F59A
:10D670004B8EA3CC4C8E84DB4D8E85DB4E8E86DBB1
:10D680004F8E87DB508E88DB518EE6F5528EE7F5A4
:10D69000538E89DB548E8ADB558E8BDB568E8CDB6A
:10D6A000578E8DDB588E8EDB598EBEF55A8E8FDBF2
:10D6B0005B8E90DB5C8E91DB5D8E92DB5E8E93DB0E
:10D6C0005F8E94DB608E95DB618E96DB628E97DBDE
:10D6D000638E98DB648E99DB658E9ADB668EC4B1AF
:10D6E000678E9BDB688E9CDB698EBFF56A8E9DDB47
:10D6F0006B8E9EDB6C8EC5B56D8EE4B26E8E9FDB3D
:10D700006F8EECF5708EE9F5718EA0DB728ED7B658
:10D71000738E40DC748EEDF5758E41DC768EEAF505
:10D72000778E42DC788E43DC798E44DC7A8E45DC61
:10D730007B8E46DC7C8EEBF57D8E47DC7E8E48DC76
:10D740007F8EDAB4808E49DC818EEAD4828E4ADC08
:10D75000838E4BDC848E4CDC858EEEF5868E4DDC24
:10D76000878EF9B3888E4EDC898E4FDC8A8E50DC32
:10D770008B8E51DC8C8E52DC8D8E53DC8E8E54DC85
:10D780008F8EEFF5908EF1F5918E55DC928E56DCF2
:10D79000938E57DC948EF0F5958E58DC968E59DC7E
:10D7A000978E5ADC988E5BDC998E5CDC9A8E5DDC01
:10D7B0009B8E5EDC9C8EF2F59D8E5FDC9E8EF3F57B
:10D7C0009F8E60DCA08E61DCA18E62DCA28E63DCA9
:10D7D000A38E64DCA48E65DCA58E66DCA68E67DC79
:10D7E000A78E68DCA88E69DCA98E6ADCAA8E6BDC49
:10D7F000AB8EEDC9AC8EAAB9AD8E6CDCAE8E6DDC95
:10D80000AF8EFBC7B08E6EDCB18E6FDCB28EE3B62E
:10D81000B38E70DCB48E71DCB58E72DCB68E73DCC8
:10D82000B78E74DCB88E75DCB98E76DCBA8EC9CC56
:10D83000BB8E77DCBC8E78DCBD8E79DCBE8E7ADC6C
:10D84000BF8E7BDCC08E7CDCC18E7DDCC28E7EDC3C
:10D85000C38E80DCC48E81DCC58E82DCC68E83DC08
:10D86000C78E84DCC88E85DCC98E86DCCA8E87DCD8
:10D87000CB8E88DCCC8E89DCCD8E8ADCCE8EA6EA7F
:10D88000CF8E8BDCD08E8CDCD18E8DDCD28E8EDC7C
:10D89000D38E8FDCD48E90DCD58E91DCD68E92DC4C
:10D8A000D78E93DCD88E94DCD98E95DCDA8E96DC1C
:10D8B000DB8E97DCDC8E98DCDD8E99DCDE8E9ADCEC
:10D8C000DF8E9BDCE08E9CDCE18E9DDCE28E9EDCBC
:10D8D000E38E9FDCE48EA0DCE58E40DDE68E41DD4C
:10D8E000E78E42DDE88E43DDE98E44DDEA8E45DDDC
:10D8F000EB8E46DDEC8E47DDED8E48DDEE8E49DDAC
:10D90000EF8E4ADDF08E4BDDF18E4CDDF28E4DDD7B
:10D91000F38E4EDDF48E4FDDF58E50DDF68E51DD4B
:10D92000F78E52DDF88E53DDF98E54DDFA8E55DD1B
:10D93000FB8E56DDFC8E57DDFD8E58DDFE8E59DDEB
:10D94000FF8E5ADD008F5BDD018F5CDD028F5DDDB8
:10D95000038F5EDD048F5FDD058F60DD068F61DD87
:10D96000078F62DD088F63DD098F64DD0A8F65DD57
:10D970000B8F66DD0C8F67DD0D8F68DD0E8F69DD27
:10D980000F8F6ADD108F6BDD118F6CDD128F6DDDF7
:10D99000138F6EDD148F6FDD158F70DD168F71DDC7
:10D9A000178F72DD188F73DD198F74DD1A8F75DD97
:10D9B0001B8F76DD1C8F77DD1D8F78DD1E8F79DD67
:10D9C0001F8F7ADD208F7BDD218F7CDD228F7DDD37
:10D9D000238F7EDD248F80DD258F81DD268F82DD04
:10D9E000278F83DD288F84DD298F85DD2A8F86DDD3
:10D9F0002B8F87DD2C8F88DD2D8F89DD2E8F8ADDA3
:10DA00002F8F8BDD308F8CDD318F8DDD328F8EDD72
:10DA1000338F8FDD348F90DD358F91DD368F92DD42
:10DA2000378F93DD388F94DD398F95DD3A8F96DD12
:10DA30003B8F97DD3C8F98DD3D8F99DD3E8F9ADDE2
:10DA40003F8F9BDD408F9CDD418F9DDD428F9EDDB2
:10DA5000438F9FDD448FA0DD458F40DE468F41DE42
:10DA6000478F42DE488F43DE498F44DE4A8F45DED2
:10DA70004B8F46DE4C8F47DE4D8F48DE4E8F49DEA2
:10DA80004F8F4ADE508F4BDE518F4CDE528F4DDE72
:10DA9000538F4EDE548F4FDE558F50DE568F51DE42
:10DAA000578F52DE588F53DE598F54DE5A8F55DE12
:10DAB0005B8F56DE5C8F57DE5D8F58DE5E8F59DEE2
:10DAC0005F8F5ADE608F5BDE618F5CDE628F5DDEB2
:10DAD000638F5EDE648F5FDE658F60DE668FB5B359
:10DAE000678FFED4688FECB9698FF9D06A8F61DED9
:10DAF0006B8FEDE96C8FAAD76D8FEEE96E8FD6C272
:10DB00006F8FEDC8708FE4BA718FEFE9728FF0E913
:10DB1000738FF1E9748FE1D6758FF2E9768FF3E9AF
:10DB2000778FF5E9788FF4E9798FF6E97A8FF7E95D
:10DB30007B8FE1C77C8FF8E97D8FD8D47E8FF9E9A0
:10DB40007F8FCEBD808F62DE818FFAE9828FFBE905
:10DB5000838FCFBD848FFCE9858FA8B8868FBEC127
:10DB6000878FFDE9888FB2B1898FD4BB8A8FF5B9D1
:10DB70008B8FFEE98C8F63DE8D8FA1EA8E8FA2EAF8
:10DB80008F8FA3EA908FF8B7918FADBC928F64DE30
:10DB9000938FE4CA948FCEE0958FAFD4968FBDCF8C
:10DBA000978FB7D5988FA4EA998FDED59A8FA5EA7B
:10DBB0009B8FC1D09C8FBCB99D8F65DE9E8FC7B4F3
:10DBC0009F8FD9B1A08F66DEA18F67DEA28F68DE3E
:10DBD000A38FB1C0A48F69DEA58F6ADEA68F6BDE2E
:10DBE000A78F6CDEA88FE6B1A98FE7B1AA8F6DDE93
:10DBF000AB8FE8B1AC8F6EDEAD8F6FDEAE8F70DEB7
:10DC0000AF8F71DEB08FBDB3B18FE8C8B28F72DE57
:10DC1000B38F73DEB48F74DEB58F75DEB68FC1E55A
:10DC2000B78F76DEB88F77DEB98FDFB1BA8F78DE47
:10DC3000BB8F79DEBC8F7ADEBD8FC9C1BE8FEFB4DA
:10DC4000BF8F7BDEC08F7CDEC18FA8C7C28FD8D3C9
:10DC5000C38F7DDEC48FF9C6C58FB8D1C68F7EDE77
:10DC6000C78FFDB9C88FF5C2C98F80DECA8F81DE2C
:10DC7000CB8F82DECC8F83DECD8F84DECE8FADD393
:10DC8000CF8F85DED08FCBD4D18FFCBDD28F86DEF7
:10DC9000D38FC2E5D48FB5B7D58FC3E5D68F87DED6
:10DCA000D78F88DED88FB9BBD98FE2D5DA8F89DEDE
:10DCB000DB8FF8BDDC8FB6D4DD8FA5CEDE8FACC197
:10DCC000DF8FD9B3E08F8ADEE18F8BDEE28FF6CC77
:10DCD000E38F8CDEE48FC6E5E58FC4E5E68FC8E50B
:10DCE000E78F8DDEE88FCAE5E98FC7E5EA8FCFB50C
:10DCF000EB8FC8C6EC8F8EDEED8FFCB5EE8FC5E5E1
:10DD0000EF8F8FDEF08FF6CAF18F90DEF28F91DE0B
:10DD1000F38FC9E5F48F92DEF58F93DEF68F94DEF4
:10DD2000F78FD4C3F88FC5B1F98FA3BCFA8F95DEF6
:10DD3000FB8F96DEFC8F97DEFD8FB7D7FE8F98DEC8
:10DD4000FF8F99DE0090CBCD0190CDCB0290CACA57
:10DD50000390D3CC0490CCE50590CBE50690E6C4C7
:10DD600007909ADE08909BDE0990A1D10A90B7D166
:10DD70000B90CDE50C909CDE0D90D0E50E909DDED5
:10DD80000F90B8CD1090F0D61190CFE51290DDB580
:10DD900013909EDE1490BECD15909FDE1690D1E5B7
:10DDA0001790BAB61890A0DE199040DF1A90A8CD4F
:10DDB0001B90E4B91C9041DF1D90C5CA1E90D1B3E1
:10DDC0001F90D9CB2090ECD42190D2E52290EAB7D5
:10DDD000239042DF249043DF259044DF2690CEE558
:10DDE000279045DF289046DF299047DF2A9048DFBB
:10DDF0002B9049DF2C904ADF2D90D5E52E90FEB474
:10DE00002F90D6E530904BDF31904CDF32904DDFD4
:10DE100033904EDF34904FDF3590D3E53690D4E524
:10DE2000379050DF3890DDD2399051DF3A9052DF91
:10DE30003B90DFC23C90C6B13D9053DF3E90E2D3B1
:10DE40003F9054DF409055DF4190DDB64290ECCBDF
:10DE5000439056DF4490D7E5459057DF469058DF12
:10DE60004790F6D3489059DF49905ADF4A905BDFDC
:10DE70004B905CDF4C905DDF4D90E9B14E905EDFE2
:10DE80004F90F4B65090DAE55190D8E55290D9E52C
:10DE90005390C0B554905FDF559060DF569061DFBE
:10DEA0005790C5D25890DCE5599062DF5A9063DFF5
:10DEB0005B90DEE55C9064DF5D9065DF5E9066DF21
:10DEC0005F9067DF609068DF619069DF6290DDE5F9
:10DED0006390B2C764906ADF6590A3D266906BDFEF
:10DEE00067906CDF6890DBE569906DDF6A906EDFAC
:10DEF0006B906FDF6C9070DF6D90E2D46E90DAD52E
:10DF00006F9071DF709072DF719073DF729074DFC9
:10DF1000739075DF7490E0E57590F1D7769076DFB9
:10DF2000779077DF789078DF799079DF7A907ADF71
:10DF30007B907BDF7C907CDF7D90E1E57E907DDFD8
:10DF40007F90DCB18090FBD181907EDF8290E2E512
:10DF50008390E4E5849080DF859081DF869082DF86
:10DF6000879083DF8890E3E5899084DF8A9085DF5E
:10DF70008B90E5E58C9086DF8D9087DF8E9088DF33
:10DF80008F9089DF90908ADF9190D8D292908BDF2A
:10DF90009390CBB594908CDF9590DFE796908DDFD2
:10DFA0009790F5DA98908EDF9990F8DA9A908FDF53
:10DFB0009B90F6DA9C9090DF9D90F7DA9E9091DF2F
:10DFC0009F9092DFA09093DFA190FADAA290CFD039
:10DFD000A390C7C4A49094DFA59095DFA690EEB05F
:10DFE000A79096DFA89097DFA99098DFAA90B0D06D
:10DFF000AB9099DFAC90F9DAAD909ADFAE90CAD3CE
:10E00000AF90AABAB090A2DBB190F1C7B2909BDFFB
:10E01000B390FCDAB490FBDAB590DBC9B690FDDAC8
:10E02000B7909CDFB890A1DBB990DED7BA90FEDA4A
:10E03000BB90DAC1BC909DDFBD909EDFBE90A5DB9A
:10E04000BF909FDFC090A0DFC190F4D3C29040E0AA
:10E05000C39041E0C490A7DBC590A4DBC69042E02A
:10E06000C790A8DBC89043E0C99044E0CA90BCBD0B
:10E07000CB9045E0CC9046E0CD9047E0CE90C9C033
:10E08000CF90A3DBD090A6DBD190A3D6D29048E06E
:10E09000D390A9DBD49049E0D5904AE0D6904BE0EC
:10E0A000D790ADDBD8904CE0D9904DE0DA904EE0BF
:10E0B000DB90AEDBDC90ACDBDD90C2BADE904FE0F3
:10E0C000DF9050E0E09051E0E190A4BFE290ABDB44
:10E0D000E39052E0E49053E0E59054E0E690AADB50
:10E0E000E790C7D4E890BFB2E99055E0EA9056E0D7
:10E0F000EB90AFDBEC9057E0ED90F9B9EE9058E083
:10E10000EF90B0DBF09059E0F1905AE0F2905BE0D4
:10E11000F3905CE0F490BBB3F5905DE0F6905EE0C8
:10E12000F7905FE0F890A6B5F99060E0FA9061E0B2
:10E13000FB9062E0FC9063E0FD90BCB6FE90B1DB2A
:10E14000FF9064E0009165E0019166E00291F5B610
:10E15000039167E00491B2DB059168E0069169E004
:10E1600007916AE008916BE009916CE00A916DE01B
:10E170000B916EE00C916FE00D9170E00E9171E0EB
:10E180000F9172E0109173E0119174E0129175E0BB
:10E19000139176E0149177E0159178E0169179E08B
:10E1A00017917AE018917BE01991C9B11A917CE03E
:10E1B0001B917DE01C917EE01D9180E01E91B4DBFF
:10E1C0001F9181E0209182E0219183E02291B3DBD5
:10E1D0002391B5DB249184E0259185E0269186E0AA
:10E1E000279187E0289188E0299189E02A918AE0A7
:10E1F0002B918BE02C918CE02D918DE02E918EE077
:10E200002F91B7DB30918FE03191B6DB329190E006
:10E21000339191E0349192E0359193E0369194E01E
:10E22000379195E0389196E03991B8DB3A9197E0D3
:10E230003B9198E03C9199E03D919AE03E919BE0C2
:10E240003F919CE040919DE041919EE042919FE092
:10E250004391B9DB4491A0E0459140E14691BADB9E
:10E26000479141E1489142E14991CFD34A91FAF473
:10E270004B91F5C74C91C3D74D91E4C54E91FCF439
:10E280004F91FDF45091FBF4519143E15291C6BE80
:10E29000539144E1549145E1559146E1569147E14E
:10E2A0005791EFD0589148E1599149E15A91D3B72C
:10E2B0005B914AE15C914BE15D91CDD45E91AACC3A
:10E2C0005F914CE160914DE16191A2F56291A1F500
:10E2D0006391A8BA6491FEF46591D6CB66914EE144
:10E2E00067914FE1689150E16991A4F56A91D2C0BC
:10E2F0006B9151E16C91EAB36D9152E16E91AACDAF
:10E300006F91A5F57091A3F57191B4BD7291A8F5C7
:10E31000739153E17491A9F57591CDBD7691B8C310
:10E320007791E1BF7891E1CB7991AAF57A9154E1A7
:10E330007B9155E17C9156E17D91A6F57E91A7F503
:10E340007F91F0C4809157E1819158E1829159E128
:10E3500083915AE184915BE18591ACF586915CE112
:10E360008791BCB488915DE18991EDD78A915EE196
:10E370008B91D7B48C91ABF58D91AEF58E915FE119
:10E380008F9160E19091ADF59191AFF59291D1D0DF
:10E39000939161E1949162E1959163E1969164E1D9
:10E3A000979165E1989166E1999167E19A91D1C35E
:10E3B0009B91A9C89C9168E19D9169E19E916AE158
:10E3C0009F916BE1A0916CE1A1916DE1A291B0F5FB
:10E3D000A391B1F5A4916EE1A5916FE1A69170E1D1
:10E3E000A79171E1A89172E1A99173E1AA91B2F5A7
:10E3F000AB9174E1AC9175E1AD91B3F5AE91B4F52B
:10E40000AF91B5F5B09176E1B19177E1B29178E154
:10E41000B39179E1B491B7F5B591B6F5B6917AE1DA
:10E42000B7917BE1B8917CE1B9917DE1BA91B8F502
:10E43000BB917EE1BC9180E1BD9181E1BE9182E121
:10E44000BF9183E1C09184E1C19185E1C29186E1F0
:10E45000C39187E1C49188E1C59189E1C6918AE1C0
:10E46000C791C9B2C8918BE1C991D4D3CA91CDCA21
:10E47000CB918CE1CC91EFC0CD91D8D6CE91B0D2DA
:10E48000CF91BFC1D0918DE1D191F0BDD2918EE1FC
:10E49000D3918FE1D49190E1D59191E1D69192E120
:10E4A000D79193E1D89194E1D99195E1DA9196E1F0
:10E4B000DB9197E1DC91AAB8DD9198E1DE9199E1D9
:10E4C000DF919AE1E0919BE1E1919CE1E2919DE194
:10E4D000E3919EE1E4919FE1E591A0E1E69140E2C4
:10E4E000E79141E2E89142E2E99143E2EA9144E2B4
:10E4F000EB9145E2EC9146E2ED9147E2EE9148E284
:10E50000EF9149E2F0914AE2F1914BE2F2914CE253
:10E51000F3914DE2F4914EE2F5914FE2F69150E223
:10E52000F79151E2F89152E2F99153E2FA9154E2F3
:10E53000FB9155E2FC9156E2FD9157E2FE9158E2C3
:10E54000FF9159E200925AE201925BE202925CE290
:10E5500003925DE204925EE205925FE2069260E25F
:10E56000079261E2089262E2099263E20A9264E22F
:10E570000B9265E20C9266E20D9267E20E9268E2FF
:10E580000F9269E210926AE211926BE212926CE2CF
:10E5900013926DE214926EE215926FE2169270E29F
:10E5A000179271E2189272E2199273E21A9274E26F
:10E5B0001B9275E21C9276E21D9277E21E9278E23F
:10E5C0001F9279E220927AE221927BE222927CE20F
:10E5D00023927DE224927EE2259280E2269281E2DD
:10E5E000279282E2289283E2299284E22A9285E2AB
:10E5F0002B9286E22C9287E22D9288E22E9289E27B
:10E600002F928AE230928BE231928CE232928DE24A
:10E6100033928EE234928FE2359290E2369291E21A
:10E62000379292E2389293E2399294E23A9295E2EA
:10E630003B9296E23C9297E23D9298E23E9299E2BA
:10E640003F929AE240929BE241929CE242929DE28A
:10E6500043929EE244929FE24592A0E2469240E3BA
:10E66000479241E3489242E3499243E34A9244E3AA
:10E670004B9245E34C9246E34D9247E34E9248E37A
:10E680004F9249E350924AE351924BE352924CE34A
:10E6900053924DE354924EE355924FE3569250E31A
:10E6A000579251E3589252E3599253E35A9254E3EA
:10E6B0005B9255E35C9256E35D9257E35E9258E3BA
:10E6C0005F9259E360925AE361925BE362925CE38A
:10E6D00063925DE364925EE365925FE3669260E35A
:10E6E000679261E3689262E3699263E36A9264E32A
:10E6F0006B9265E36C9266E36D9267E36E9268E3FA
:10E700006F9269E370926AE371926BE372926CE3C9
:10E7100073926DE37492F8BC75926EE376926FE338
:10E72000779270E3789271E3799272E37A9273E36D
:10E730007B9274E37C9275E37D9276E37E9277E33D
:10E740007F9278E3809279E381927AE382927BE30D
:10E7500083927CE384927DE385927EE3869280E3DC
:10E76000879281E3889282E3899283E38A9284E3A9
:10E770008B9285E38C9286E38D9287E38E92C6F628
:10E780008F9288E3909289E391928AE392928BE34D
:10E7900093928CE394928DE395928EE396928FE31D
:10E7A000979290E3989291E3999292E39A9293E3ED
:10E7B0009B9294E39C9295E39D9296E39E9297E3BD
:10E7C0009F9298E3A09299E3A1929AE3A2929BE38D
:10E7D000A3929CE3A4929DE3A5929EE3A6929FE35D
:10E7E000A792A0E3A89240E4A99241E4AA9242E44D
:10E7F000AB9243E4AC9244E4AD9245E4AE92C7F6EA
:10E80000AF9246E4B09247E4B19248E4B29249E450
:10E81000B3924AE4B4924BE4B5924CE4B6924DE420
:10E82000B7924EE4B8924FE4B99250E4BA9251E4F0
:10E83000BB9252E4BC9253E4BD9254E4BE9255E4C0
:10E84000BF9256E4C09257E4C19258E4C29259E490
:10E85000C3925AE4C4925BE4C5925CE4C6925DE460
:10E86000C7925EE4C892C8F6C9925FE4CA9260E4B7
:10E87000CB9261E4CC9262E4CD9263E4CE9264E404
:10E88000CF9265E4D09266E4D19267E4D29268E4D4
:10E89000D39269E4D4926AE4D5926BE4D6926CE4A4
:10E8A000D7926DE4D8926EE4D9926FE4DA9270E474
:10E8B000DB9271E4DC9272E4DD9273E4DE9274E444
:10E8C000DF9275E4E09276E4E19277E4E29278E414
:10E8D000E39279E4E4927AE4E5927BE4E6927CE4E4
:10E8E000E7927DE4E8927EE4E99280E4EA9281E4B2
:10E8F000EB9282E4EC9283E4ED9284E4EE9285E480
:10E90000EF9286E4F09287E4F19288E4F29289E44F
:10E91000F3928AE4F4928BE4F5928CE4F6928DE41F
:10E92000F7928EE4F8928FE4F99290E4FA9291E4EF
:10E93000FB9292E4FC9293E4FD9294E4FE9295E4BF
:10E94000FF9296E4009397E4019398E4029399E48C
:10E9500003939AE404939BE405939CE406939DE45B
:10E9600007939EE408939FE40993A0E40A9340E58B
:10E970000B9341E50C9342E50D9343E50E9344E57B
:10E980000F9345E5109346E5119347E5129348E54B
:10E99000139349E514934AE515934BE516934CE51B
:10E9A00017934DE518934EE519934FE51A9350E5EB
:10E9B0001B9351E51C9352E51D9353E51E9354E5BB
:10E9C0001F9355E5209356E5219357E5229358E58B
:10E9D000239359E524935AE525935BE526935CE55B
:10E9E00027935DE528935EE529935FE52A9360E52B
:10E9F0002B9361E52C9362E52D9363E52E9364E5FB
:10EA00002F9365E5309366E5319367E5329368E5CA
:10EA1000339369E534936AE535936BE536936CE59A
:10EA200037936DE538936EE539936FE53A9370E56A
:10EA30003B9371E53C9372E53D9373E53E93C9F6D4
:10EA40003F9374E5409375E5419376E5429377E50E
:10EA5000439378E5449379E545937AE546937BE5DE
:10EA600047937CE548937DE549937EE54A9380E5AD
:10EA70004B9381E54C9382E54D9383E54E9384E57A
:10EA80004F9385E5509386E5519387E5529388E54A
:10EA9000539389E554938AE555938BE556938CE51A
:10EAA00057938DE558938EE559938FE55A9390E5EA
:10EAB0005B9391E55C9392E55D9393E55E9394E5BA
:10EAC0005F9395E5609396E5619397E5629398E58A
:10EAD000639399E564939AE565939BE566939CE55A
:10EAE00067939DE568939EE569939FE56A93CAF6EF
:10EAF0006B93A0E56C9340E66D9341E66E9342E61E
:10EB00006F9343E6709344E6719345E6729346E64D
:10EB1000739347E6749348E6759349E676934AE61D
:10EB200077934BE678934CE679934DE67A934EE6ED
:10EB30007B934FE67C9350E67D9351E67E9352E6BD
:10EB40007F9353E6809354E6819355E6829356E68D
:10EB5000839357E6849358E6859359E686935AE65D
:10EB600087935BE688935CE689935DE68A935EE62D
:10EB70008B935FE68C9360E68D9361E68E9362E6FD
:10EB80008F93CCF6909363E6919364E6929365E657
:10EB9000939366E6949367E6959368E6969369E6A1
:10EBA00097936AE698936BE699936CE69A936DE671
:10EBB0009B936EE69C936FE69D9370E69E9371E641
:10EBC0009F9372E6A09373E6A19374E6A29375E611
:10EBD000A39376E6A49377E6A59378E6A69379E6E1
:10EBE000A7937AE6A8937BE6A9937CE6AA937DE6B1
:10EBF000AB937EE6AC9380E6AD9381E6AE9382E67E
:10EC0000AF9383E6B09384E6B19385E6B29386E64C
:10EC1000B39387E6B49388E6B59389E6B6938AE61C
:10EC2000B7938BE6B8938CE6B9938DE6BA938EE6EC
:10EC3000BB938FE6BC9390E6BD9391E6BE9392E6BC
:10EC4000BF9393E6C09394E6C19395E6C29396E68C
:10EC5000C39397E6C49398E6C59399E6C6939AE65C
:10EC6000C7939BE6C8939CE6C9939DE6CA93CBF6EF
:10EC7000CB939EE6CC939FE6CD93A0E6CE9340E760
:10EC8000CF9341E7D09342E7D19343E7D29344E750
:10EC9000D39345E7D49346E7D59347E7D693E9F76F
:10ECA000D79348E7D89349E7D9934AE7DA934BE7F4
:10ECB000DB934CE7DC934DE7DD934EE7DE934FE7C4
:10ECC000DF9350E7E09351E7E19352E7E29353E794
:10ECD000E39354E7E49355E7E59356E7E69357E764
:10ECE000E79358E7E89359E7E9935AE7EA935BE734
:10ECF000EB935CE7EC935DE7ED935EE7EE935FE704
:10ED0000EF9360E7F09361E7F19362E7F29363E7D3
:10ED1000F39364E7F49365E7F59366E7F69367E7A3
:10ED2000F79368E7F89369E7F9936AE7FA936BE773
:10ED3000FB936CE7FC936DE7FD936EE7FE936FE743
:10ED4000FF9370E7009471E7019472E7029473E710
:10ED5000039474E7049475E7059476E7069477E7DF
:10ED6000079478E7089479E709947AE70A947BE7AF
:10ED70000B947CE70C947DE70D947EE70E9480E77E
:10ED80000F9481E7109482E7119483E7129484E74B
:10ED9000139485E7149486E7159487E7169488E71B
:10EDA000179489E718948AE719948BE71A948CE7EB
:10EDB0001B948DE71C948EE71D948FE71E9490E7BB
:10EDC0001F9491E7209492E7219493E7229494E78B
:10EDD000239495E7249496E7259497E7269498E75B
:10EDE000279499E728949AE729949BE72A949CE72B
:10EDF0002B949DE72C949EE72D949FE72E94A0E7FB
:10EE00002F9440E8309441E8319442E8329443E84A
:10EE1000339444E8349445E8359446E8369447E81A
:10EE2000379448E8389449E839944AE83A944BE8EA
:10EE30003B944CE83C944DE83D944EE83E94CDF62E
:10EE40003F944FE8409450E8419451E8429452E88E
:10EE5000439453E8449454E8459455E8469456E85E
:10EE6000479457E8489458E8499459E84A945AE82E
:10EE70004B945BE84C945CE84D945DE84E945EE8FE
:10EE80004F945FE8509460E8519461E8529462E8CE
:10EE9000539463E8549464E8559465E8569466E89E
:10EEA000579467E8589468E8599469E85A946AE86E
:10EEB0005B946BE85C946CE85D946DE85E946EE83E
:10EEC0005F946FE8609470E8619471E8629472E80E
:10EED000639473E8649474E8659475E8669476E8DE
:10EEE000679477E8689478E8699479E86A947AE8AE
:10EEF0006B94CEF66C947BE86D947CE86E947DE820
:10EF00006F947EE8709480E8719481E8729482E84E
:10EF1000739483E8749484E8759485E8769486E81D
:10EF2000779487E8789488E8799489E87A948AE8ED
:10EF30007B948BE87C948CE87D948DE87E948EE8BD
:10EF40007F948FE8809490E8819491E8829492E88D
:10EF5000839493E8849494E88594C4EE8694C5EEF3
:10EF60008794C6EE8894EBD58994A4B68A94C8EEAB
:10EF70008B94C7EE8C94C9EE8D94CAEE8E94A5C77F
:10EF80008F94CBEE9094CCEE919495E89294B0B798
:10EF90009394F6B59494CDEE9594CFEE969496E82E
:10EFA0009794CEEE989497E89994C6B89A94D0EE38
:10EFB0009B94D1EE9C94D2EE9D94DBB69E94AEB31E
:10EFC0009F94D3D6A094C6C4A194B5B1A294D6B848
:10EFD000A394D3EEA494D4EEA594BFD4A694D5C79D
:10EFE000A794FBBEA894D9CEA994B3B9AA94D6EE9F
:10EFF000AB94D5EEAC94D8EEAD94D7EEAE94A5C557
:10F00000AF94D9EEB094DAEEB194AEC7B294DBEE21
:10F01000B394AFC7B494DCEEB594A7B2B694DDEE6A
:10F02000B794DEEEB894DFEEB994E0EEBA94E1EE78
:10F03000BB94EAD7BC94E2EEBD94E3EEBE94D8BC98
:10F04000BF94E4EEC094CBD3C194FACCC294ACB2DA
:10F05000C394E5C1C494E5EEC594A6C7C694ADC3F8
:10F06000C79498E8C894E6EEC994E7EECA94E8EE2F
:10F07000CB94E9EECC94EAEECD94EBEECE94ECEEAC
:10F08000CF9499E8D094EDEED194EEEED294EFEED9
:10F09000D3949AE8D4949BE8D594F0EED694F1EE0C
:10F0A000D794F2EED894F4EED994F3EEDA949CE887
:10F0B000DB94F5EEDC94ADCDDD94C1C2DE94F6EECA
:10F0C000DF94F7EEE094F8EEE194A1D5E294F9EE46
:10F0D000E394B3CFE494FAEEE594FBEEE6949DE876
:10F0E000E794FCEEE894FDEEE994A1EFEA94FEEEDD
:10F0F000EB94A2EFEC94F5B8ED94FAC3EE94A3EF81
:10F10000EF94A4EFF094C2BDF194BFD2F294F9B29F
:10F11000F394A5EFF494A6EFF594A7EFF694F8D244
:10F12000F794A8EFF894FDD6F994A9EFFA94CCC619
:10F13000FB949EE8FC94AAEFFD94ABEFFE94B4C15F
:10F14000FF94ACEF0095FACF0195F8CB0295AEEFA6
:10F150000395ADEF0495FAB30595F8B90695AFEFB1
:10F160000795B0EF0895E2D00995B1EF0A95B2EF97
:10F170000B95E6B70C95BFD00D95B3EF0E95B4EF98
:10F180000F95B5EF1095F1C81195E0CC1295B6EF3B
:10F190001395B7EF1495B8EF1595B9EF1695BAEF2B
:10F1A0001795E0D51895BBEF1995EDB41A95AAC33C
:10F1B0001B95BCEF1C959FE81D95BDEF1E95BEEFFE
:10F1C0001F95BFEF2095A0E82195FDCE2295C0EFB9
:10F1D0002395E0C22495B8B42595B6D72695F5BDFC
:10F1E000279540E92895C7CF2995C3EF2A95C1EF08
:10F1F0002B95C2EF2C95C4EF2D95A7B62E95FCBC90
:10F200002F95E2BE3095CCC33195C5EF3295C6EF50
:10F21000339541E93495C7EF3595CFEF3695C8EF73
:10F220003795C9EF3895CAEF3995C2C73A95F1EFCE
:10F230003B95CDB63C95CBEF3D9542E93E95CCEF65
:10F240003F95CDEF4095C6B64195BEC34295CEEFF2
:10F25000439543E94495D0EF4595D1EF4695D2EFDC
:10F260004795F2D5489544E94995D3EF4A95F7C4B7
:10F270004B9545E94C95D4EF4D95F8C44E95D5EF97
:10F280004F95D6EF5095E4B85195F7B05295D7EF1A
:10F290005395D8EF5495D9EF559546E95695DAEF41
:10F2A0005795DBEF5895DCEF5995DDEF5A9547E917
:10F2B0005B95DEEF5C95B5BE5D95E1EF5E95DFEFAA
:10F2C0005F95E0EF609548E96195E2EF6295E3EFC5
:10F2D0006395CDC16495E4EF6595E5EF6695E6EF3E
:10F2E0006795E7EF6895E8EF6995E9EF6A95EAEFCA
:10F2F0006B95EBEF6C95ECEF6D95D8C06E9549E989
:10F300006F95EDEF7095ADC17195EEEF7295EFEFE2
:10F310007395F0EF74954AE975954BE97695E2CFD0
:10F3200077954CE978954DE979954EE97A954FE9CD
:10F330007B9550E97C9551E97D9552E97E9553E99D
:10F340007F95A4B3809554E9819555E9829556E956
:10F35000839557E9849558E9859559E986955AE941
:10F3600087955BE988955CE989955DE98A955EE911
:10F370008B955FE98C9560E98D9561E98E9562E9E1
:10F380008F9563E9909564E9919565E9929566E9B1
:10F39000939567E9949568E9959569E996956AE981
:10F3A00097956BE998956CE999956DE99A956EE951
:10F3B0009B956FE99C9570E99D9571E99E9572E921
:10F3C0009F9573E9A09574E9A19575E9A29576E9F1
:10F3D000A39577E9A49578E9A59579E9A6957AE9C1
:10F3E000A7957BE9A8957CE9A9957DE9AA957EE991
:10F3F000AB9580E9AC9581E9AD9582E9AE9583E95D
:10F40000AF9584E9B09585E9B19586E9B29587E92C
:10F41000B39588E9B49589E9B5958AE9B6958BE9FC
:10F42000B7958CE9B8958DE9B9958EE9BA958FE9CC
:10F43000BB9590E9BC9591E9BD9592E9BE9593E99C
:10F44000BF9594E9C09595E9C19596E9C29597E96C
:10F45000C39598E9C49599E9C5959AE9C6959BE93C
:10F46000C7959CE9C8959DE9C9959EE9CA959FE90C
:10F47000CB95A0E9CC9540EACD9541EACE9542EAFC
:10F48000CF9543EAD09544EAD19545EAD29546EA2C
:10F49000D39547EAD49548EAD59549EAD6954AEAFC
:10F4A000D7954BEAD8954CEAD9954DEADA954EEACC
:10F4B000DB954FEADC9550EADD9551EADE9552EA9C
:10F4C000DF9553EAE09554EAE19555EAE29556EA6C
:10F4D000E39557EAE49558EAE59559EAE6955AEA3C
:10F4E000E7955BEAE895C5C3E995C5E3EA95C1C927
:10F4F000EB95C6E3EC955CEAED95D5B1EE95CACEF9
:10F50000EF95B3B4F095F2C8F195C7E3F295D0CF7B
:10F51000F395C8E3F495E4BCF595C9E3F695CAE321
:10F52000F795C6C3F895A2D5F995D6C4FA95EBB967
:10F53000FB95C5CEFC95CBE3FD95F6C3FE95CCE3DC
:10F54000FF955DEA0096A7B70196F3B80296D2BA86
:10F550000396CDE30496CEE30596C4D40696CFE396
:10F5600007965EEA0896D0E30996CBD10A96D1E3D6
:10F570000B96D2E30C96D3E30D96D4E30E96D6D138
:10F580000F96D5E31096FBB21196BBC01296D6E348
:10F5900013965FEA1496ABC01596D7E31696D8E398
:10F5A0001796D9E3189660EA1996DAE31A96DBE320
:10F5B0001B9661EA1C96B7B81D96E2DA1E9662EABF
:10F5C0001F96D3B6209663EA2196E4DA2296E3DA10
:10F5D000239664EA249665EA259666EA269667EA03
:10F5E000279668EA289669EA29966AEA2A96E6DA68
:10F5F0002B966BEA2C966CEA2D966DEA2E96EEC849
:10F600002F966EEA30966FEA3196E5DA3296C0B7F9
:10F610003396F4D13496F5D23596F3D53696D7BDD8
:10F62000379670EA389671EA399672EA3A9673EA32
:10F630003B96E8D73C96E8DA3D96E7DA3E9674EAE0
:10F640003F96A2B04096D3CD419675EA4296E9DA4C
:10F65000439676EA4496BDB84596CABC4696BDC266
:10F660004796A4C24896C2B34996EADA4A9677EA20
:10F670004B96AAC24C96B0C44D96B5BD4E9678EA4C
:10F680004F9679EA5096DECF51967AEA52967BEA07
:10F6900053967CEA5496EBDA5596C2C956967DEAA3
:10F6A00057967EEA589680EA599681EA5A9682EAF7
:10F6B0005B96DDB15C9683EA5D9684EA5E9685EAA8
:10F6C0005F96ECDA609686EA6196B8B66296BAD42E
:10F6D000639687EA6496FDB3659688EA669689EA3A
:10F6E0006796EDDA6896C9D46996D5CF6A96E3C570
:10F6F0006B968AEA6C96EEDA6D968BEA6E968CEAD9
:10F700006F968DEA70968EEA71968FEA7296EFDAAE
:10F71000739690EA7496F0DA7596EAC17696D5CC2F
:10F720007796DDCF789691EA799692EA7A9693EA7F
:10F730007B9694EA7C9695EA7D9696EA7E9697EA81
:10F740007F9698EA809699EA81969AEA82969BEA51
:10F7500083969CEA84969DEA8596E7D38696A1C215
:10F7600087969EEA8896F1DA89969FEA8A96A0EAB9
:10F770008B96E5CB8C9640EB8D96F2DA8E9641EB2C
:10F780008F96E6CB9096FED2919642EB929643EB03
:10F79000939644EB9496F4B8959645EB969646EB83
:10F7A0009796F3DA9896AFB09996B6CF9A9647EBBC
:10F7B0009B9648EB9C96CFD59D9649EB9E964AEB3F
:10F7C0009F964BEBA0964CEBA1964DEBA2964EEB81
:10F7D000A3964FEBA49650EBA59651EBA69652EB51
:10F7E000A796EDCBA89653EBA99654EBAA9655EBAA
:10F7F000AB9656EBAC9657EBAD9658EBAE9659EBF5
:10F80000AF965AEBB096F4DAB1965BEBB2965CEB3E
:10F81000B396C4E3B4965DEBB5965EEBB696A5C120
:10F82000B7965FEBB89660EBB996BFF6BA9661EB08
:10F83000BB9662EBBC96C0F6BD96C1F6BE96D1C42F
:10F84000BF9663EBC096B8C8C196E3D1C29664EB8D
:10F85000C39665EBC496DBD0C596C5D1C696AFBC42
:10F86000C796CDB9C89666EBC996F4EFCA9667EB12
:10F87000CB9668EBCC96C6B4CD96BAD3CE96C2F6EC
:10F88000CF96FBB3D09669EBD1966AEBD296C3F6CE
:10F89000D3966BEBD4966CEBD596F1B5D6966DEB13
:10F8A000D7966EEBD8966FEBD99670EBDA9671EB34
:10F8B000DB9672EBDC9673EBDD9674EBDE9675EB04
:10F8C000DF9676EBE096C5F6E19677EBE29678EB7D
:10F8D000E39679EBE4967AEBE5967BEBE6967CEBA8
:10F8E000E7967DEBE896EAD3E996A7F6EA96A9D1E2
:10F8F000EB967EEBEC9680EBED9681EBEE9682EB51
:10F90000EF96A9F6F09683EBF19684EBF29685EBF1
:10F91000F396A8F6F49686EBF59687EBF696E3C198
:10F92000F796D7C0F89688EBF996A2B1FA9689EBCC
:10F93000FB968AEBFC968BEBFD968CEBFE96EDCE60
:10F94000FF968DEB0097E8D00197ABF602978EEB10
:10F9500003978FEB0497F6CF059790EB0697AAF6DF
:10F960000797F0D50897ACF60997B9C30A9791EBBA
:10F970000B9792EB0C9793EB0D97F4BB0E97AEF6AB
:10F980000F97ADF6109794EB119795EB129796EBB6
:10F990001397DEC4149797EB159798EB1697D8C179
:10F9A000179799EB18979AEB19979BEB1A979CEB83
:10F9B0001B979DEB1C97AACB1D979EEB1E97BCCF68
:10F9C0001F979FEB2097A0EB219740EC229741ECEB
:10F9D000239742EC249743EC259744EC269745EC7B
:10F9E000279746EC289747EC299748EC2A97AFF6DB
:10F9F0002B9749EC2C974AEC2D97B0F62E974BECB1
:10FA00002F974CEC3097B1F631974DEC3297B6C248
:10FA100033974EEC34974FEC359750EC369751ECCA
:10FA2000379752EC3897D4B03997F9C53A9753ECD9
:10FA30003B9754EC3C9755EC3D9756EC3E97B2F60D
:10FA40003F9757EC409758EC419759EC42975AEC46
:10FA500043975BEC44975CEC45975DEC46975EEC16
:10FA600047975FEC489760EC499761EC4A9762ECE6
:10FA70004B9763EC4C9764EC4D9765EC4E9766ECB6
:10FA80004F9767EC509768EC519769EC5297E0C735
:10FA90005397A6F654976AEC55976BEC5697B8BEF9
:10FAA00057976CEC58976DEC5997B2BE5A976EEC1D
:10FAB0005B97E5B55C976FEC5D9770EC5E97C7B7A9
:10FAC0005F9771EC6097BFBF6197D2C36297E6C33F
:10FAD000639772EC649773EC6597CCD8669774EC77
:10FAE000679775EC689776EC6997EFB86A9777EC4B
:10FAF0006B9778EC6C9779EC6D977AEC6E977BEC62
:10FB00006F977CEC70977DEC71977EEC729780EC30
:10FB10007397F9BD7497A5D1759781EC7697D0B09E
:10FB2000779782EC789783EC799784EC7A9785ECD9
:10FB30007B9786EC7C97B0F77D9787EC7E9788EC77
:10FB40007F9789EC80978AEC81978BEC82978CEC7D
:10FB500083978DEC84978EEC8597B1F786978FEC21
:10FB6000879790EC889791EC899792EC8A9793EC21
:10FB70008B97ACD08C9794EC8D97B0B08E9795EC1A
:10FB80008F9796EC909797EC9197B2F79297B3F77F
:10FB9000939798EC9497B4F7959799EC96979AEC7D
:10FBA00097979BEC9897CAC799979CEC9A979DEC6E
:10FBB0009B979EEC9C979FEC9D97A0EC9E9740EDA9
:10FBC0009F9741EDA097CFBEA19742EDA29743ED3D
:10FBD000A397B7F7A49744EDA59745EDA69746EDF3
:10FBE000A79747EDA89748EDA99749EDAA974AED41
:10FBF000AB97B6F7AC974BEDAD97DEB1AE974CED4A
:10FC0000AF97B5F7B0974DEDB1974EEDB297B8F706
:10FC1000B3974FEDB497B9F7B59750EDB69751ED4F
:10FC2000B79752EDB89753EDB99754EDBA9755ED94
:10FC3000BB9756EDBC9757EDBD9758EDBE9759ED64
:10FC4000BF975AEDC0975BEDC1975CEDC2975DED34
:10FC5000C3975EEDC4975FEDC59760EDC69761ED04
:10FC6000C79762EDC89763EDC99764EDCA9765EDD4
:10FC7000CB9766EDCC9767EDCD9768EDCE9769EDA4
:10FC8000CF976AEDD0976BEDD1976CEDD2976DED74
:10FC9000D3976EEDD4976FEDD59770EDD69771ED44
:10FCA000D79772EDD89773EDD99774EDDA9775ED14
:10FCB000DB9776EDDC9777EDDD9778EDDE9779EDE4
:10FCC000DF977AEDE0977BEDE1977CEDE2977DEDB4
:10FCD000E3977EEDE49780EDE59781EDE697A4CE7E
:10FCE000E797CDC8E89782EDE997ABBAEA97B8E80D
:10FCF000EB97B9E8EC97BAE8ED97C2BEEE9783EDC3
:10FD0000EF9784EDF09785EDF19786EDF29787ED0B
:10FD1000F397F4D2F49788EDF597CFD4F697D8C936
:10FD2000F79789EDF8978AEDF9978BEDFA978CEDB7
:10FD3000FB978DEDFC978EEDFD978FEDFE9790ED87
:10FD4000FF9791ED009892ED019893ED029894ED54
:10FD5000039895ED049896ED059897ED069898ED23
:10FD6000079899ED08989AED09989BED0A989CEDF3
:10FD70000B989DED0C989EED0D989FED0E98A0EDC3
:10FD80000F9840EE109841EE119842EE129843EE13
:10FD9000139844EE149845EE159846EE169847EEE3
:10FDA000179848EE189849EE19984AEE1A984BEEB3
:10FDB0001B984CEE1C984DEE1D984EEE1E984FEE83
:10FDC0001F9850EE209851EE219852EE229853EE53
:10FDD000239854EE249855EE259856EE269857EE23
:10FDE000279858EE289859EE29985AEE2A985BEEF3
:10FDF0002B985CEE2C985DEE2D985EEE2E985FEEC3
:10FE00002F9860EE309861EE319862EE329863EE92
:10FE1000339864EE349865EE359866EE369867EE62
:10FE2000379868EE389869EE39986AEE3A986BEE32
:10FE30003B986CEE3C986DEE3D986EEE3E986FEE02
:10FE40003F9870EE409871EE419872EE429873EED2
:10FE5000439874EE449875EE459876EE469877EEA2
:10FE6000479878EE489879EE49987AEE4A987BEE72
:10FE70004B987CEE4C987DEE4D987EEE4E9880EE41
:10FE80004F9881EE509882EE519883EE529884EE0E
:10FE9000539885EE549886EE559887EE569888EEDE
:10FEA000579889EE58988AEE59988BEE5A988CEEAE
:10FEB0005B988DEE5C988EEE5D988FEE5E9890EE7E
:10FEC0005F9891EE609892EE619893EE629894EE4E
:10FED000639895EE649896EE659897EE669898EE1E
:10FEE000679899EE68989AEE69989BEE6A989CEEEE
:10FEF0006B989DEE6C989EEE6D989FEE6E98A0EEBE
:10FF00006F9840EF709841EF719842EF729843EF0D
:10FF1000739844EF749845EF7598B3D27698A5B668
:10FF20007798EAC77898FCF17998EECF7A98B3CBB6
:10FF30007B98EBD07C98EFE77D98E7CD7E98CBB9A6
:10FF40007F98D9B68098FDF18198E4B08298CCCBA7
:10FF50008398FEF18498A4D48598ADC28698ECC1AC
:10FF60008798C4C68898B1BE8998A1F28A98D5BCF2
:10FF70008B9846EF8C98A2F28D98A3F28E9847EF5B
:10FF80008F98A4F29098C3D29198B5C6929848EFF2
:10FF90009398C7CD9498A5F2959849EF9698B1D3C8
:10FFA0009798C5BF9898E2CC99984AEF9A98A6F28C
:10FFB0009B98A7F29C98D5D19D98EEB69E98A8F2F2
:10FFC0009F98A9F2A098DFB5A198AAF2A298ABF2E7
:10FFD000A3984BEFA498FCB2A598ACF2A698ADF20A
:10FFE000A798A7C8A8984CEFA9984DEFAA984EEFEC
:10FFF000AB984FEFAC9850EFAD9851EFAE9852EFF1
:020000040804EE
:10000000AF9853EFB09854EFB19855EFB29856EFC0
:10001000B39857EFB49858EFB59859EFB6985AEF90
:10002000B7985BEFB8985CEFB9985DEFBA985EEF60
:10003000BB985FEFBC9860EFBD9861EFBE9862EF30
:10004000BF9863EFC09864EFC19865EFC29866EF00
:10005000C39867EFC49868EFC59869EFC6986AEFD0
:10006000C7986BEFC8986CEFC9986DEFCA986EEFA0
:10007000CB986FEFCC9870EFCD9871EFCE98E7B733
:10008000CF9872EFD09873EFD198A9ECD298AAECE0
:10009000D398ABECD49874EFD598ACECD69875EFB8
:1000A000D79876EFD898AEC6D998ADECDA98AEEC82
:1000B000DB9877EFDC9878EFDD9879EFDE98C9B7B9
:1000C000DF98B3CAE0987AEFE1987BEFE2987CEF93
:1000D000E3987DEFE4987EEFE59880EFE69881EF76
:1000E000E798B8E2E898CFF7E99882EFEA9883EFCB
:1000F000EB9884EFEC9885EFED9886EFEE9887EF1C
:10010000EF9888EFF09889EFF1988AEFF2988BEFEB
:10011000F3988CEFF4988DEFF5988EEFF6988FEFBB
:10012000F79890EFF89891EFF99892EFFA9893EF8B
:10013000FB9894EFFC9895EFFD9896EFFE9897EF5B
:10014000FF9898EF009999EF01999AEF02999BEF28
:1001500003999CEF04999DEF05999EEF06999FEFF7
:100160000799A0EF089940F0099941F00A9942F0E7
:100170000B9943F00C9944F00D99D0F70E9945F086
:100180000F9946F01099CDB2119947F0129948F0A5
:10019000139949F014994AF015994BF016994CF0BF
:1001A00017994DF018994EF019994FF01A9950F08F
:1001B0001B9951F01C9952F01D9953F01E9954F05F
:1001C0001F9955F0209956F0219957F0229958F02F
:1001D000239959F024995AF025995BF026995CF0FF
:1001E00027995DF028995EF029995FF02A9960F0CF
:1001F0002B9961F02C9962F02D9963F02E99D1F72B
:100200002F9964F0309965F0319966F0329967F072
:10021000339968F0349969F035996AF036996BF042
:1002200037996CF038996DF039996EF03A996FF012
:100230003B9970F03C9971F03D9972F03E9973F0E2
:100240003F9974F0409975F0419976F0429977F0B2
:10025000439978F0449979F045997AF046997BF082
:1002600047997CF048997DF049997EF04A9980F051
:100270004B9981F04C9982F04D9983F04E9984F01E
:100280004F9985F0509986F0519987F0529988F0EE
:10029000539989F05499D3F75599D2F756998AF022
:1002A00057998BF058998CF059998DF05A998EF096
:1002B0005B998FF05C9990F05D9991F05E9992F066
:1002C0005F9993F0609994F0619995F0629996F036
:1002D0006399BBE2649997F06599A2BC669998F01E
:1002E0006799BCE26899BDE26999BEE26A99BFE28A
:1002F0006B99C0E26C99C1E26D99B9B76E99FBD266
:100300006F99A4BD7099CECA7199A5B17299C7CBE6
:10031000739999F07499C2E27599FCB67699C4C83C
:100320007799C3E278999AF079999BF07A99C8BD48
:100330007B999CF07C99FDB17D99C4E27E999DF0FA
:100340007F99F6B68099C5E28199D9C482999EF0C9
:1003500083999FF08499C6E28599DACF8699DDB9B1
:100360008799C7E28899A1C08999A0F08A99C8E2C3
:100370008B99F6B28C9940F18D99C9E28E9941F131
:100380008F99F3C19099CAE29199CBE29299F8C200
:100390009399CCE29499CDE29599CEE29699D7CAF9
:1003A0009799B8D89899E5D99999E3CF9A9942F154
:1003B0009B9943F19C9944F19D9945F19E9946F191
:1003C0009F9947F1A09948F1A19949F1A2994AF161
:1003D000A3994BF1A4994CF1A599A5F0A6994DF1DB
:1003E000A7994EF1A899B0DCA9994FF1AA9950F1BB
:1003F000AB9951F1AC9952F1AD9953F1AE9954F1D9
:10040000AF9955F1B09956F1B19957F1B29958F1A8
:10041000B39959F1B4995AF1B5995BF1B6995CF178
:10042000B7995DF1B8995EF1B9995FF1BA9960F148
:10043000BB9961F1BC9962F1BD9963F1BE9964F118
:10044000BF9965F1C09966F1C19967F1C29968F1E8
:10045000C39969F1C4996AF1C5996BF1C6996CF1B8
:10046000C7996DF1C8996EF1C9996FF1CA9970F188
:10047000CB9971F1CC9972F1CD9973F1CE9974F158
:10048000CF9975F1D09976F1D19977F1D29978F128
:10049000D39979F1D4997AF1D5997BF1D6997CF1F8
:1004A000D7997DF1D8997EF1D99980F1DA9981F1C6
:1004B000DB9982F1DC9983F1DD9984F1DE9985F194
:1004C000DF9986F1E09987F1E19988F1E29989F164
:1004D000E3998AF1E4998BF1E5998CF1E6998DF134
:1004E000E7998EF1E8998FF1E99990F1EA9991F104
:1004F000EB9992F1EC9993F1ED9994F1EE9995F1D4
:10050000EF9996F1F09997F1F19998F1F29999F1A3
:10051000F3999AF1F4999BF1F5999CF1F6999DF173
:10052000F7999EF1F8999FF1F999A0F1FA9940F2A3
:10053000FB9941F2FC9942F2FD9943F2FE9944F293
:10054000FF9945F2009A46F2019A47F2029A48F260
:10055000039A49F2049A4AF2059A4BF2069A4CF22F
:10056000079A4DF2089A4EF2099A4FF20A9A50F2FF
:100570000B9A51F20C9A52F20D9A53F20E9A54F2CF
:100580000F9A55F2109A56F2119A57F2129A58F29F
:10059000139A59F2149A5AF2159A5BF2169A5CF26F
:1005A000179A5DF2189A5EF2199A5FF21A9A60F23F
:1005B0001B9A61F21C9A62F21D9A63F21E9A64F20F
:1005C0001F9A65F2209A66F2219A67F2229A68F2DF
:1005D000239A69F2249A6AF2259A6BF2269A6CF2AF
:1005E000279A6DF2289A6EF2299A6FF22A9A70F27F
:1005F0002B9A71F22C9A72F22D9A73F22E9A74F24F
:100600002F9A75F2309A76F2319A77F2329A78F21E
:10061000339A79F2349A7AF2359A7BF2369A7CF2EE
:10062000379A7DF2389A7EF2399A80F23A9A81F2BC
:100630003B9A82F23C9A83F23D9A84F23E9A85F28A
:100640003F9A86F2409A87F2419A88F2429A89F25A
:10065000439A8AF2449A8BF2459A8CF2469A8DF22A
:10066000479A8EF2489A8FF2499A90F24A9A91F2FA
:100670004B9A92F24C9A93F24D9A94F24E9A95F2CA
:100680004F9A96F2509A97F2519A98F2529A99F29A
:10069000539A9AF2549A9BF2559A9CF2569A9DF26A
:1006A000579A9EF2589A9FF2599AA0F25A9A40F39A
:1006B0005B9A41F35C9A42F35D9A43F35E9A44F38A
:1006C0005F9A45F3609A46F3619A47F3629A48F35A
:1006D000639A49F3649A4AF3659A4BF3669A4CF32A
:1006E000679A4DF3689A4EF3699A4FF36A9A50F3FA
:1006F0006B9A51F36C9AEDC26D9AA6D46E9AD4CDD2
:100700006F9AB1D1709ADBB3719AFDC7729A52F3A6
:10071000739AB5B2749ABFC2759AE0E6769ABBCA6C
:10072000779AE1E6789AE2E6799AD4BE7A9AE3E695
:100730007B9AA4D77C9AD5CD7D9AE5E67E9ADDBCDE
:100740007F9AE4E6809AE6E6819AE7E6829AEEC22C
:10075000839A53F3849ABEBD859AE8E6869AE6C2E8
:10076000879AA7BA889AE9E6899A54F38A9AEAE6B8
:100770008B9AD2B38C9AE9D18D9A55F38E9A56F30F
:100780008F9AA5BF909AEBE6919AEFC6929AECE603
:10079000939AEDE6949A57F3959A58F3969AEEE663
:1007A000979AADC6989AEFE6999A59F39A9AA7C97B
:1007B0009B9AF0E69C9AF1E69D9AF2E69E9AB9E53C
:1007C0009F9AF3E6A09AF4E6A19AE2C2A29AF5E60D
:1007D000A39AF6E6A49AE8D6A59AF7E6A69A5AF35B
:1007E000A79AF8E6A89AC7B9A99A5BF3AA9A5CF304
:1007F000AB9A5DF3AC9A5EF3AD9A5FF3AE9A60F399
:10080000AF9A61F3B09ABBF7B19ABAF7B29A62F3B2
:10081000B39A63F3B49A64F3B59A65F3B69ABEF7E4
:10082000B79ABCF7B89AA1BAB99A66F3BA9ABFF761
:10083000BB9A67F3BC9AC0F7BD9A68F3BE9A69F396
:10084000BF9A6AF3C09AC2F7C19AC1F7C29AC4F7B5
:10085000C39A6BF3C49A6CF3C59AC3F7C69A6DF347
:10086000C79A6EF3C89A6FF3C99A70F3CA9A71F374
:10087000CB9AC5F7CC9AC6F7CD9A72F3CE9A73F39A
:10088000CF9A74F3D09A75F3D19AC7F7D29A76F3C8
:10089000D39AE8CBD49A77F3D59A78F3D69A79F3AA
:1008A000D79A7AF3D89ADFB8D99A7BF3DA9A7CF39D
:1008B000DB9A7DF3DC9A7EF3DD9A80F3DE9A81F396
:1008C000DF9AD4F7E09A82F3E19AD5F7E29A83F3BC
:1008D000E39A84F3E49A85F3E59A86F3E69AD6F7E9
:1008E000E79A87F3E89A88F3E99A89F3EA9A8AF310
:1008F000EB9AD8F7EC9A8BF3ED9ADAF7EE9A8CF341
:10090000EF9AD7F7F09A8DF3F19A8EF3F29A8FF36C
:10091000F39A90F3F49A91F3F59A92F3F69A93F38B
:10092000F79A94F3F89A95F3F99ADBF7FA9A96F313
:10093000FB9AD9F7FC9A97F3FD9A98F3FE9A99F3EC
:10094000FF9A9AF3009B9BF3019B9CF3029B9DF300
:10095000039BD7D7049B9EF3059B9FF3069BA0F3B5
:10096000079B40F4089BDCF7099B41F40A9B42F487
:100970000B9B43F40C9B44F40D9B45F40E9B46F4F7
:100980000F9BDDF7109B47F4119B48F4129B49F431
:10099000139BDEF7149B4AF4159B4BF4169B4CF407
:1009A000179B4DF4189B4EF4199B4FF41A9B50F46F
:1009B0001B9B51F41C9B52F41D9B53F41E9B54F43F
:1009C0001F9BDFF7209B55F4219B56F4229B57F485
:1009D000239BE0F7249B58F4259B59F4269B5AF45B
:1009E000279B5BF4289B5CF4299B5DF42A9B5EF4B7
:1009F0002B9B5FF42C9B60F42D9B61F42E9B62F487
:100A00002F9BCBDB309B63F4319B64F4329BAAD8E1
:100A1000339B65F4349B66F4359B67F4369B68F42E
:100A2000379B69F4389B6AF4399B6BF43A9B6CF4FE
:100A30003B9BF7E53C9BEDB93D9B6DF43E9B6EF413
:100A40003F9B6FF4409B70F4419BFDBF429BEABB10
:100A5000439BC9F7449BC7C6459BC8F7469B71F4A7
:100A6000479BCAF7489BCCF7499BCBF74A9B72F44C
:100A70004B9B73F44C9B74F44D9BCDF74E9B75F4DC
:100A80004F9BBACE509B76F4519BCEF7529B77F496
:100A9000539B78F4549BA7C4559B79F4569B7AF4E6
:100AA000579B7BF4589B7CF4599B7DF45A9B7EF4B6
:100AB0005B9B80F45C9B81F45D9B82F45E9B83F482
:100AC0005F9B84F4609B85F4619B86F4629B87F452
:100AD000639B88F4649B89F4659B8AF4669B8BF422
:100AE000679B8CF4689B8DF4699B8EF46A9B8FF4F2
:100AF0006B9B90F46C9B91F46D9B92F46E9B93F4C2
:100B00006F9B94F4709B95F4719B96F4729B97F491
:100B1000739B98F4749B99F4759B9AF4769B9BF461
:100B2000779B9CF4789B9DF4799B9EF47A9B9FF431
:100B30007B9BA0F47C9B40F57D9B41F57E9B42F521
:100B40007F9B43F5809B44F5819B45F5829B46F551
:100B5000839B47F5849B48F5859B49F5869B4AF521
:100B6000879B4BF5889B4CF5899B4DF58A9B4EF5F1
:100B70008B9B4FF58C9B50F58D9B51F58E9B52F5C1
:100B80008F9B53F5909B54F5919B55F5929B56F591
:100B9000939B57F5949B58F5959B59F5969B5AF561
:100BA000979B5BF5989B5CF5999B5DF59A9B5EF531
:100BB0009B9B5FF59C9B60F59D9B61F59E9B62F501
:100BC0009F9B63F5A09B64F5A19B65F5A29B66F5D1
:100BD000A39B67F5A49B68F5A59B69F5A69B6AF5A1
:100BE000A79B6BF5A89B6CF5A99B6DF5AA9B6EF571
:100BF000AB9B6FF5AC9B70F5AD9B71F5AE9B72F541
:100C0000AF9B73F5B09B74F5B19B75F5B29B76F510
:100C1000B39B77F5B49B78F5B59B79F5B69B7AF5E0
:100C2000B79B7BF5B89B7CF5B99B7DF5BA9B7EF5B0
:100C3000BB9B80F5BC9B81F5BD9B82F5BE9B83F57C
:100C4000BF9B84F5C09B85F5C19B86F5C29B87F54C
:100C5000C39B88F5C49B89F5C59B8AF5C69B8BF51C
:100C6000C79B8CF5C89B8DF5C99B8EF5CA9B8FF5EC
:100C7000CB9B90F5CC9B91F5CD9B92F5CE9B93F5BC
:100C8000CF9B94F5D09B95F5D19B96F5D29B97F58C
:100C9000D39B98F5D49B99F5D59B9AF5D69B9BF55C
:100CA000D79B9CF5D89B9DF5D99B9EF5DA9B9FF52C
:100CB000DB9BA0F5DC9B40F6DD9B41F6DE9B42F61C
:100CC000DF9B43F6E09B44F6E19B45F6E29B46F64C
:100CD000E39B47F6E49B48F6E59B49F6E69B4AF61C
:100CE000E79B4BF6E89B4CF6E99B4DF6EA9B4EF6EC
:100CF000EB9B4FF6EC9B50F6ED9B51F6EE9B52F6BC
:100D0000EF9B53F6F09B54F6F19B55F6F29B56F68B
:100D1000F39B57F6F49B58F6F59B59F6F69B5AF65B
:100D2000F79B5BF6F89B5CF6F99B5DF6FA9B5EF62B
:100D3000FB9B5FF6FC9B60F6FD9B61F6FE9B62F6FB
:100D4000FF9B63F6009C64F6019C65F6029C66F6C8
:100D5000039C67F6049C68F6059C69F6069C6AF697
:100D6000079C6BF6089C6CF6099C6DF60A9C6EF667
:100D70000B9C6FF60C9C70F60D9C71F60E9C72F637
:100D80000F9C73F6109C74F6119C75F6129C76F607
:100D9000139C77F6149C78F6159C79F6169C7AF6D7
:100DA000179C7BF6189C7CF6199C7DF61A9C7EF6A7
:100DB0001B9C80F61C9C81F61D9C82F61E9C83F673
:100DC0001F9C84F6209C85F6219C86F6229C87F643
:100DD000239C88F6249C89F6259C8AF6269C8BF613
:100DE000279C8CF6289C8DF6299C8EF62A9C8FF6E3
:100DF0002B9C90F62C9C91F62D9C92F62E9C93F6B3
:100E00002F9C94F6309C95F6319C96F6329C97F682
:100E1000339C98F6349C99F6359C9AF6369C9BF652
:100E2000379C9CF6389C9DF6399C9EF63A9C9FF622
:100E30003B9CA0F63C9C40F73D9C41F73E9C42F712
:100E40003F9C43F7409C44F7419C45F7429C46F742
:100E5000439C47F7449C48F7459C49F7469C4AF712
:100E6000479C4BF7489C4CF7499C4DF74A9C4EF7E2
:100E70004B9C4FF74C9C50F74D9C51F74E9C52F7B2
:100E80004F9C53F7509C54F7519C55F7529C56F782
:100E9000539C57F7549C58F7559C59F7569C5AF752
:100EA000579C5BF7589C5CF7599C5DF75A9C5EF722
:100EB0005B9C5FF75C9C60F75D9C61F75E9C62F7F2
:100EC0005F9C63F7609C64F7619C65F7629C66F7C2
:100ED000639C67F7649C68F7659C69F7669C6AF792
:100EE000679C6BF7689C6CF7699C6DF76A9C6EF762
:100EF0006B9C6FF76C9C70F76D9C71F76E9C72F732
:100F00006F9C73F7709C74F7719C75F7729C76F701
:100F1000739C77F7749C78F7759C79F7769C7AF7D1
:100F2000779C7BF7789C7CF7799C7DF77A9C7EF7A1
:100F30007B9C80F77C9CE3D37D9C81F77E9C82F731
:100F40007F9CCFF6809C83F7819CB3C2829CD0F6B5
:100F5000839C84F7849C85F7859CD1F6869CD2F689
:100F6000879CD3F6889CD4F6899C86F78A9C87F761
:100F70008B9CD6F68C9C88F78D9CABB18E9CD7F65B
:100F80008F9C89F7909CD8F6919CD9F6929CDAF6C2
:100F9000939C8AF7949CDBF6959CDCF6969C8BF7E9
:100FA000979C8CF7989C8DF7999C8EF79A9CDDF610
:100FB0009B9CDEF69C9CCACF9D9C8FF79E9CDFF687
:100FC0009F9CE0F6A09CE1F6A19CE2F6A29CE3F6D1
:100FD000A39CE4F6A49CF0C0A59CE5F6A69CE6F6CE
:100FE000A79CE7F6A89CE8F6A99CE9F6AA9C90F7CE
:100FF000AB9CEAF6AC9C91F7AD9CEBF6AE9CECF6A4
:10100000AF9C92F7B09CEDF6B19CEEF6B29CEFF679
:10101000B39CF0F6B49CF1F6B59CF2F6B69CF3F6F0
:10102000B79CF4F6B89CA8BEB99C93F7BA9CF5F6A9
:10103000BB9CF6F6BC9CF7F6BD9CF8F6BE9C94F7FC
:10104000BF9C95F7C09C96F7C19C97F7C29C98F7F8
:10105000C39CFAC8C49CF9F6C59CFAF6C69CFBF67C
:10106000C79CFCF6C89C99F7C99C9AF7CA9CFDF6E8
:10107000CB9CFEF6CC9CA1F7CD9CA2F7CE9CA3F70F
:10108000CF9CA4F7D09CA5F7D19C9BF7D29C9CF752
:10109000D39CA6F7D49CA7F7D59CA8F7D69CEEB115
:1010A000D79CA9F7D89CAAF7D99CABF7DA9C9DF7F7
:1010B000DB9C9EF7DC9CACF7DD9CADF7DE9CDBC1D6
:1010C000DF9CAEF7E09C9FF7E19CA0F7E29CAFF7B6
:1010D000E39C40F8E49C41F8E59C42F8E69C43F828
:1010E000E79C44F8E89C45F8E99C46F8EA9C47F8F8
:1010F000EB9C48F8EC9C49F8ED9C4AF8EE9C4BF8C8
:10110000EF9C4CF8F09C4DF8F19C4EF8F29C4FF897
:10111000F39C50F8F49C51F8F59C52F8F69C53F867
:10112000F79C54F8F89C55F8F99C56F8FA9C57F837
:10113000FB9C58F8FC9C59F8FD9C5AF8FE9C5BF807
:10114000FF9C5CF8009D5DF8019D5EF8029D5FF8D4
:10115000039D60F8049D61F8059D62F8069D63F8A3
:10116000079D64F8089D65F8099D66F80A9D67F873
:101170000B9D68F80C9D69F80D9D6AF80E9D6BF843
:101180000F9D6CF8109D6DF8119D6EF8129D6FF813
:10119000139D70F8149D71F8159D72F8169D73F8E3
:1011A000179D74F8189D75F8199D76F81A9D77F8B3
:1011B0001B9D78F81C9D79F81D9D7AF81E9D7BF883
:1011C0001F9D7CF8209D7DF8219D7EF8229D80F852
:1011D000239D81F8249D82F8259D83F8269D84F81F
:1011E000279D85F8289D86F8299D87F82A9D88F8EF
:1011F0002B9D89F82C9D8AF82D9D8BF82E9D8CF8BF
:101200002F9D8DF8309D8EF8319D8FF8329D90F88E
:10121000339D91F8349D92F8359D93F8369D94F85E
:10122000379D95F8389D96F8399D97F83A9D98F82E
:101230003B9D99F83C9D9AF83D9D9BF83E9D9CF8FE
:101240003F9D9DF8409D9EF8419D9FF8429DA0F8CE
:10125000439D40F9449D41F9459D42F9469D43F91E
:10126000479D44F9489D45F9499D46F94A9D47F9EE
:101270004B9D48F94C9D49F94D9D4AF94E9D4BF9BE
:101280004F9D4CF9509D4DF9519D4EF9529D4FF98E
:10129000539D50F9549D51F9559D52F9569D53F95E
:1012A000579D54F9589D55F9599D56F95A9D57F92E
:1012B0005B9D58F95C9D59F95D9D5AF95E9D5BF9FE
:1012C0005F9D5CF9609D5DF9619D5EF9629D5FF9CE
:1012D000639D60F9649D61F9659D62F9669D63F99E
:1012E000679D64F9689D65F9699D66F96A9D67F96E
:1012F0006B9D68F96C9D69F96D9D6AF96E9D6BF93E
:101300006F9D6CF9709D6DF9719D6EF9729D6FF90D
:10131000739D70F9749D71F9759D72F9769D73F9DD
:10132000779D74F9789D75F9799D76F97A9D77F9AD
:101330007B9D78F97C9D79F97D9D7AF97E9D7BF97D
:101340007F9D7CF9809D7DF9819D7EF9829D80F94C
:10135000839D81F9849D82F9859D83F9869D84F919
:10136000879D85F9889D86F9899D87F98A9D88F9E9
:101370008B9D89F98C9D8AF98D9D8BF98E9D8CF9B9
:101380008F9D8DF9909D8EF9919D8FF9929D90F989
:10139000939D91F9949D92F9959D93F9969D94F959
:1013A000979D95F9989D96F9999D97F99A9D98F929
:1013B0009B9D99F99C9D9AF99D9D9BF99E9D9CF9F9
:1013C0009F9D9DF9A09D9EF9A19D9FF9A29DA0F9C9
:1013D000A39D40FAA49D41FAA59D42FAA69D43FA19
:1013E000A79D44FAA89D45FAA99D46FAAA9D47FAE9
:1013F000AB9D48FAAC9D49FAAD9D4AFAAE9D4BFAB9
:10140000AF9D4CFAB09D4DFAB19D4EFAB29D4FFA88
:10141000B39D50FAB49D51FAB59D52FAB69D53FA58
:10142000B79D54FAB89D55FAB99D56FABA9D57FA28
:10143000BB9D58FABC9D59FABD9D5AFABE9D5BFAF8
:10144000BF9D5CFAC09D5DFAC19D5EFAC29D5FFAC8
:10145000C39D60FAC49D61FAC59D62FAC69D63FA98
:10146000C79D64FAC89D65FAC99D66FACA9D67FA68
:10147000CB9D68FACC9D69FACD9D6AFACE9D6BFA38
:10148000CF9D6CFAD09D6DFAD19D6EFAD29D6FFA08
:10149000D39D70FAD49D71FAD59D72FAD69D73FAD8
:1014A000D79D74FAD89D75FAD99D76FADA9D77FAA8
:1014B000DB9D78FADC9D79FADD9D7AFADE9D7BFA78
:1014C000DF9D7CFAE09D7DFAE19D7EFAE29D80FA47
:1014D000E39D81FAE49D82FAE59D83FAE69D84FA14
:1014E000E79D85FAE89D86FAE99D87FAEA9D88FAE4
:1014F000EB9D89FAEC9D8AFAED9D8BFAEE9D8CFAB4
:10150000EF9D8DFAF09D8EFAF19D8FFAF29D90FA83
:10151000F39D91FAF49D92FAF59D93FAF69D94FA53
:10152000F79D95FAF89D96FAF99D97FAFA9D98FA23
:10153000FB9D99FAFC9D9AFAFD9D9BFAFE9D9CFAF3
:10154000FF9D9DFA009E9EFA019E9FFA029EA0FAC0
:10155000039E40FB049E41FB059E42FB069E43FB0F
:10156000079E44FB089E45FB099E46FB0A9E47FBDF
:101570000B9E48FB0C9E49FB0D9E4AFB0E9E4BFBAF
:101580000F9E4CFB109E4DFB119E4EFB129E4FFB7F
:10159000139E50FB149E51FB159E52FB169E53FB4F
:1015A000179E54FB189E55FB199E56FB1A9E57FB1F
:1015B0001B9E58FB1C9E59FB1D9E5AFB1E9E5BFBEF
:1015C0001F9EF1C4209EAFF0219EA6BC229EB0F0CB
:1015D000239EF9C3249E5CFB259EB8C5269EBBD1E5
:1015E000279E5DFB289EB1F0299EB2F02A9EB3F0A3
:1015F0002B9EB4F02C9EB5F02D9EBCD12E9E5EFB92
:101600002F9EECD1309E5FFB319EB7F0329EB6F03C
:10161000339EA7D4349E60FB359ED2CD369EB8F063
:10162000379EBAF0389EB9F0399EBBF03A9EBCF0B6
:101630003B9E61FB3C9E62FB3D9EEBB83E9EBDF037
:101640003F9EE8BA409E63FB419EBEF0429EBFF0C3
:10165000439EE9BE449EC0F0459EECB6469EC1F056
:10166000479EC2F0489EC3F0499EC4F04A9EB5C84A
:101670004B9EC5F04C9EC6F04D9E64FB4E9EC7F03F
:101680004F9EF4C5509E65FB519EC8F0529E66FB6E
:10169000539E67FB549E68FB559EC9F0569E69FB9E
:1016A000579ECAF0589EBDF7599E6AFB5A9ECBF0D2
:1016B0005B9ECCF05C9ECDF05D9E6BFB5E9ECEF0A3
:1016C0005F9E6CFB609E6DFB619E6EFB629E6FFB7E
:1016D000639ECFF0649ED7BA659E70FB669ED0F085
:1016E000679ED1F0689ED2F0699ED3F06A9ED4F0D6
:1016F0006B9ED5F06C9ED6F06D9ED8F06E9E71FB01
:101700006F9E72FB709EA5D3719ED7F0729E73FB85
:10171000739ED9F0749E74FB759E75FB769E76FB66
:10172000779E77FB789E78FB799E79FB7A9E7AFB91
:101730007B9E7BFB7C9E7CFB7D9E7DFB7E9EBAF52B
:101740007F9EB9C2809E7EFB819E80FB829EE4F7D5
:10175000839E81FB849E82FB859E83FB869E84FB09
:10176000879EE5F7889EE6F7899E85FB8A9E86FB25
:101770008B9EE7F78C9E87FB8D9E88FB8E9E89FB58
:101780008F9E8AFB909E8BFB919E8CFB929EE8F72E
:10179000939EB4C2949E8DFB959E8EFB969E8FFB6E
:1017A000979E90FB989E91FB999E92FB9A9E93FB2D
:1017B0009B9E94FB9C9E95FB9D9EEAF79E9E96FBAE
:1017C0009F9EEBF7A09E97FBA19E98FBA29E99FB84
:1017D000A39E9AFBA49E9BFBA59E9CFBA69EF3C288
:1017E000A79E9DFBA89E9EFBA99E9FFBAA9EA0FB79
:1017F000AB9E40FCAC9E41FCAD9E42FCAE9E43FCC9
:10180000AF9E44FCB09E45FCB19E46FCB29E47FC98
:10181000B39E48FCB49EF0F4B59E49FCB69E4AFCCB
:10182000B79E4BFCB89EEFF4B99E4CFCBA9E4DFCA3
:10183000BB9EE9C2BC9E4EFCBD9EE1F7BE9EE2F798
:10184000BF9E4FFCC09E50FCC19E51FCC29E52FCEC
:10185000C39E53FCC49EC6BBC59E54FCC69E55FC8D
:10186000C79E56FCC89E57FCC99EE4D9CA9E58FC28
:10187000CB9E59FCCC9E5AFCCD9EF2CACE9EE8C0AF
:10188000CF9EA4F0D09E5BFCD19EDABAD29E5CFCC7
:10189000D39E5DFCD49EADC7D59E5EFCD69E5FFCFC
:1018A000D79E60FCD89EACC4D99E61FCDA9E62FCD7
:1018B000DB9EECF7DC9EEDF7DD9EEEF7DE9E63FC33
:1018C000DF9EF0F7E09EEFF7E19E64FCE29EF1F709
:1018D000E39E65FCE49E66FCE59EF4F7E69E67FCED
:1018E000E79EF3F7E89E68FCE99EF2F7EA9EF5F7BB
:1018F000EB9E69FCEC9E6AFCED9E6BFCEE9E6CFC24
:10190000EF9EF6F7F09E6DFCF19E6EFCF29E6FFC72
:10191000F39E70FCF49E71FCF59E72FCF69E73FCC7
:10192000F79E74FCF89E75FCF99EE9EDFA9E76FC34
:10193000FB9EEAEDFC9EEBEDFD9E77FCFE9EBCF669
:10194000FF9E78FC009F79FC019F7AFC029F7BFC44
:10195000039F7CFC049F7DFC059F7EFC069F80FC12
:10196000079F81FC089F82FC099F83FC0A9F84FCDF
:101970000B9FBDF60C9F85FC0D9FBEF60E9FA6B675
:101980000F9F86FC109FBED8119F87FC129F88FC7A
:10199000139FC4B9149F89FC159F8AFC169F8BFC6A
:1019A000179FBBD8189F8CFC199FB1DC1A9F8DFC28
:1019B0001B9F8EFC1C9F8FFC1D9F90FC1E9F91FC0B
:1019C0001F9F92FC209FF3CA219F93FC229FF7F751
:1019D000239F94FC249F95FC259F96FC269F97FCB3
:1019E000279F98FC289F99FC299F9AFC2A9F9BFC83
:1019F0002B9F9CFC2C9FF8F72D9F9DFC2E9F9EFCFF
:101A00002F9FF9F7309F9FFC319FA0FC329F40FD34
:101A1000339F41FD349F42FD359F43FD369F44FD7A
:101A2000379FFBF7389F45FD399FFAF73A9F46FDF0
:101A30003B9FC7B13C9F47FD3D9FFCF73E9FFDF795
:101A40003F9F48FD409F49FD419F4AFD429F4BFDFE
:101A5000439F4CFD449FFEF7459F4DFD469F4EFD25
:101A6000479F4FFD489F50FD499F51FD4A9F52FDA2
:101A70004B9F53FD4C9F54FD4D9F55FD4E9F56FD72
:101A80004F9F57FD509FEBC6519FB4EC529F58FD9E
:101A9000539F59FD549F5AFD559F5BFD569F5CFD1A
:101AA000579F5DFD589F5EFD599F5FFD5A9F60FDEA
:101AB0005B9F61FD5C9F62FD5D9F63FD5E9F64FDBA
:101AC0005F9F65FD609F66FD619F67FD629F68FD8A
:101AD000639F69FD649F6AFD659F6BFD669F6CFD5A
:101AE000679F6DFD689F6EFD699F6FFD6A9F70FD2A
:101AF0006B9F71FD6C9F72FD6D9F73FD6E9F74FDFA
:101B00006F9F75FD709F76FD719F77FD729F78FDC9
:101B1000739F79FD749F7AFD759F7BFD769F7CFD99
:101B2000779F7DFD789F7EFD799F80FD7A9F81FD67
:101B30007B9F82FD7C9F83FD7D9F84FD7E9F85FD35
:101B40007F9FDDB3809FB3F6819F86FD829F87FDD7
:101B5000839FB4F6849FE4C1859FB5F6869FB6F651
:101B6000879FB7F6889FB8F6899FB9F68A9FBAF61D
:101B70008B9FA3C88C9FBBF68D9F88FD8E9F89FD90
:101B80008F9F8AFD909F8BFD919F8CFD929F8DFD75
:101B9000939F8EFD949F8FFD959F90FD969F91FD45
:101BA000979F92FD989F93FD999FFAC19A9FA8B91C
:101BB0009B9FE8ED9C9F94FD9D9F95FD9E9F96FDAC
:101BC0009F9FEAB9A09FDFD9A19F97FDA29F98FD93
:101BD000A39F99FDA49F9AFDA59F9BFD2CF99CFDB9
:101BE00079F99DFD95F99EFDE7F99FFDF1F9A0FDBD
:101BF0000CFA40FE0DFA41FE0EFA42FE0FFA43FEC9
:101C000011FA44FE13FA45FE14FA46FE18FA47FE8E
:101C10001FFA48FE20FA49FE21FA4AFE23FA4BFE3B
:101C200024FA4CFE27FA4DFE28FA4EFE29FA4FFE02
:101C300030FE55A931FEF2A633FEF4A634FEF5A619
:101C400035FEE0A636FEE1A637FEF0A638FEF1A688
:101C500039FEE2A63AFEE3A63BFEEEA63CFEEFA668
:101C60003DFEE6A63EFEE7A63FFEE4A640FEE5A654
:101C700041FEE8A642FEE9A643FEEAA644FEEBA624
:101C800049FE68A94AFE69A94BFE6AA94CFE6BA9E8
:101C90004DFE6CA94EFE6DA94FFE6EA950FE6FA9B8
:101CA00051FE70A952FE71A954FE72A955FE73A986
:101CB00056FE74A957FE75A959FE76A95AFE77A952
:101CC0005BFE78A95CFE79A95DFE7AA95EFE7BA920
:101CD0005FFE7CA960FE7DA961FE7EA962FE80A9EF
:101CE00063FE81A964FE82A965FE83A966FE84A9BC
:101CF00068FE85A969FE86A96AFE87A96BFE88A988
:101D000001FFA1A302FFA2A303FFA3A304FFE7A176
:101D100005FFA5A306FFA6A307FFA7A308FFA8A387
:101D200009FFA9A30AFFAAA30BFFABA30CFFACA357
:101D30000DFFADA30EFFAEA30FFFAFA310FFB0A327
:101D400011FFB1A312FFB2A313FFB3A314FFB4A3F7
:101D500015FFB5A316FFB6A317FFB7A318FFB8A3C7
:101D600019FFB9A31AFFBAA31BFFBBA31CFFBCA397
:101D70001DFFBDA31EFFBEA31FFFBFA320FFC0A367
:101D800021FFC1A322FFC2A323FFC3A324FFC4A337
:101D900025FFC5A326FFC6A327FFC7A328FFC8A307
:101DA00029FFC9A32AFFCAA32BFFCBA32CFFCCA3D7
:101DB0002DFFCDA32EFFCEA32FFFCFA330FFD0A3A7
:101DC00031FFD1A332FFD2A333FFD3A334FFD4A377
:101DD00035FFD5A336FFD6A337FFD7A338FFD8A347
:101DE00039FFD9A33AFFDAA33BFFDBA33CFFDCA317
:101DF0003DFFDDA33EFFDEA33FFFDFA340FFE0A3E7
:101E000041FFE1A342FFE2A343FFE3A344FFE4A3B6
:101E100045FFE5A346FFE6A347FFE7A348FFE8A386
:101E200049FFE9A34AFFEAA34BFFEBA34CFFECA356
:101E30004DFFEDA34EFFEEA34FFFEFA350FFF0A326
:101E400051FFF1A352FFF2A353FFF3A354FFF4A3F6
:101E500055FFF5A356FFF6A357FFF7A358FFF8A3C6
:101E600059FFF9A35AFFFAA35BFFFBA35CFFFCA396
:101E70005DFFFDA35EFFABA1E0FFE9A1E1FFEAA1E9
:101E8000E2FF56A9E3FFFEA3E4FF57A9E5FFA4A3E1
:101E900000000000B81E04080000002060010000DF
:101EA00026150008A81F040860010020A8A701004B
:101EB000045D010800000000D12F05DB000871DB84
:101EC00000088DDB0008B5DB2C0805DC0008B5DA5E
:101ED000000821DB76088101000672035D020080A4
:101EE0000080000820202020014824F40012010076
:101EF000023C408E0474570002010203012F0403C8
:101F0000090405E8000845E6000871E99208D90DC2
:101F1000E6000829E600082F59E7000805E7000851
:101F2000B1E70008EDE63D0809022000010104C008
:101F30003209043B020806500507058102403607B6
:101F400005010240450A0600024340012FB1C900C5
:101F5000084DC90008BDC90008EDC92C08F9C90021
:101F6000086DCA0008ADC9081B08D16601081A032C
:101F7000401B85080108D10901086D090108310AD3
:101F80000108E1080108FFFFFFFFD007320C02241F
:101F90000428A7C9020880EE364E0147505A444132
:081FA00020310D0A00011000C0
:04000005080001AD41
:00000001FF
