:020000040800F2
:1000000008A90120C1010008599D000811850008B8
:10001000559D0008AD1B0008C10A01080000000042
:100020000000000000000000000000000DCB0008F0
:10003000912000080000000061A1000841CD0008E7
:10004000DB010008DB010008DB010008DB01000820
:10005000DB010008DB010008DB010008DB01000810
:10006000DB010008DB010008DB010008DB01000800
:10007000DB010008DB010008DB010008DB010008F0
:10008000DB010008DB010008DB010008DB010008E0
:10009000DB010008DB010008DB010008DB010008D0
:1000A000DB010008DB010008DB010008DB010008C0
:1000B000DB010008DB010008DB010008DB010008B0
:1000C000DB010008DB010008DB010008DB010008A0
:1000D000DB010008C1D30008D1D30008DB01000810
:1000E00035230008DB010008DB010008DB01000804
:1000F000DB010008DB010008DB010008DB01000870
:10010000DB01000841BE0008DB010008DB0100083C
:10011000DB010008DB010008DB010008DB0100084F
:10012000DB010008DB010008DB010008D91E000824
:10013000DB010008DB010008DB010008DB0100082F
:10014000DB010008DB010008DB010008DB0100081F
:10015000DB010008E91E0008DB010008E1D300080C
:10016000DB010008DB010008DB010008DB010008FF
:10017000DB010008C99D0008DB0100080000000049
:10018000DB010008DB010008DB010008DB010008DF
:100190006DC60008DB010008DB010008DB01000878
:1001A000DB010008DB010008DB010008DFF80CD0F0
:1001B00000F088FF004800471D53010808A90120EE
:1001C0000648804706480047FEE7FEE7FEE7FEE7F1
:1001D000FEE7FEE7FEE7FEE7FEE7FEE715CE0008D6
:1001E000AD0100082DE9F05F0546002092469B46D0
:1001F00088460646814640241BE02846414647463D
:10020000224600F097F953465A46C01A914110D33E
:1002100011461846224600F07EF92D1A67EB0108B8
:100220004F4622460120002100F075F917EB000926
:100230004E41201EA4F10104DFDC484631462A4627
:100240004346BDE8F09F40EA01039B0703D009E065
:1002500008C9121F08C0042AFAD203E011F8013BB2
:1002600000F8013B521EF9D27047D2B201E000F80B
:10027000012B491EFBD270470022F6E710B513464A
:100280000A4604461946FFF7F0FF204610BD30B578
:1002900005462A460B4612F8010B13F8014B08B12C
:1002A000A042F8D01CB1002802D06D1CF1E728460E
:1002B00030BD10B5044604E00B7800F8013B03B1F3
:1002C000491C521EF8D2204610BD421C10F8011BDA
:1002D0000029FBD1801A704710B5002200E0521CA3
:1002E000835C8C5CA34201D1002BF8D1D8B2E1B27F
:1002F000401A10BD30B505460020034600E05B1CE7
:10030000934205D2EC5CC85C201A01D1002CF6D1D6
:1003100030BD000070B50F4D00B92868002412E010
:100320000A4602E09E4203D0521C1378002BF9D1FA
:10033000DAB2224305D02BB124B1002100F8011B11
:1003400004E00446401C0678002EE9D128602046CF
:1003500070BD00000000002030B50546002008E018
:100360000A4602E0A34207D0521C1378002BF9D1B1
:10037000401C2C5C002CF3D130BD00000FB400B544
:100380008DB010A909900B9000914FF0FF300A90AA
:1003900000200C9005480690054807906A4609A879
:1003A0000F9900F04FFC0DB05DF814FB610C0008D4
:1003B0007F0C000870B5064615F0AEFC04680546D3
:1003C0000A220021304600F06BFC2C6070BD2DE944
:1003D000FE4F81EA030404F0004421F00041009440
:1003E0004FF0000B23F0004350EA01045ED052EAC4
:1003F00003045BD0C3F30A54C1F30A552C44A4F29E
:10040000F3340194A0FB0254C1F3130141F48011B1
:10041000C3F3130343F4801301FB024400FB034EB8
:10042000840A970A44EA815447EA8357A4FB076881
:1004300002958D0A05FB07854FEA932C04FB0C54AB
:100440002705029D4FEA065847EA1637B5EB08051F
:100450006EEB070C870E920E47EA811742EA831271
:10046000A7FB0201B6EB0B0164EB00042B0D43EA82
:100470000C335E1844EB1C50DA465146E7FB020190
:10048000C5F313044FEA0B3343EA14534FEA043223
:10049000019C43EA0603A4F10C040294009CCDE9FC
:1004A00000B400F07BFC03B0BDE8F08F00200146F3
:1004B000F9E701F0004330B421F0004150EA0102B5
:1004C00006D00A0DA2F56072C1F31301002A02DC06
:1004D00030BC00207047440F44EAC104C100E0185A
:1004E00030BC00EBC25000F013BC30B50B460146E7
:1004F00000202022012409E021FA02F59D4205D3C3
:1005000003FA02F5491B04FA02F52844151EA2F16C
:100510000102F1DC30BD202A04DB203A00FA02F1AE
:10052000002070479140C2F1200320FA03F31943E1
:1005300090407047202A04DB203A21FA02F0002183
:10054000704721FA02F3D040C2F1200291400843E3
:10055000194670472DE9FF4F1C4681B00021D4E9B0
:10056000016791464FF0FF358A468846A1696D1CA8
:1005700002988847216A834688470028F6D1BBF154
:10058000FF3F0CD026F4C066002F1ADD700615D58B
:10059000BBF12B0F0AD0BBF12D0F0FD104E04FF0B0
:1005A000FF3005B0BDE8F08F46F48066A1696D1C90
:1005B000029888477F1E8346002F02DDBBF1300F73
:1005C00003D0B9F1000F2AD025E0A1696D1C46F4D3
:1005D00000767F1E029888478346002F05DDBBF119
:1005E000780F06D0BBF1580F03D0B9F1000F10D02F
:1005F00011E0B9F1000F02D0B9F1100F0BD1A169D0
:100600006D1C26F400767F1E0298884783461020D2
:1006100000E0082081464FEAE970009017E00A20C8
:10062000F8E74346AAFB092803FB0980DDF800C070
:100630007F1E0AFB0C0112EB0B0A41EBEB78A16960
:1006400046F4007605F10105029888478346002F9D
:1006500006DD4946584600F066FD5FEA000BE0D52E
:10066000E16902988847B00502D46FF0010098E76D
:10067000F00718D1700610D57005514605D5002336
:10068000D1EB030163EB080200E042462068031D42
:1006900023600068C0E9001205E02068011D2160A8
:1006A0000068C0E900A828467BE72DE9FF5F1D46EA
:1006B0004FF0FF3BD5E9014691465F464FF00008F9
:1006C000A9697F1C01988847296A824688470028C3
:1006D000F6D1BAF1FF3F0CD024F4C064002E19DD2E
:1006E000600614D5BAF12B0F09D0BAF12D0F0ED137
:1006F00003E0584604B0BDE8F09F44F48064A96963
:100700007F1C01988847761E8246002E02DDBAF1D2
:10071000300F03D0B9F1000F26D032E0A969761E60
:1007200044F400747F1C019888478246002E05DD42
:10073000BAF1780F06D0BAF1580F03D0B9F1000F13
:1007400010D01EE0B9F1000F02D0B9F1100F18D18E
:10075000A969761E24F400747F1C0198884782469C
:10076000102002E0082000E00A20814609E008FB92
:100770000908A969761E44F400747F1C0198884713
:100780008246002E05DD4946504600F0CCFC00288C
:10079000EDDAE96901988847A00502D46FF00100FD
:1007A000A8E7E00725D1600613D5600502D5C8F19A
:1007B000000000E0404629680A1D2A6009682205F9
:1007C00001D5087015E0220701D5088011E0086006
:1007D0000FE02868011D29600068210502D580F816
:1007E000008006E0210702D5A0F8008001E0C0F8F3
:1007F000008038467EE72DE9FF5FD2E901A74FF080
:100800000008916999461446DDF838B046460198CB
:100810008847054659EA0B0005D009E0A169761C16
:10082000019888470546216A284688470028F5D15F
:10083000681C03D05FEACA7005D015E04FF0FF30A6
:1008400004B0BDE8F09F2068011D2160D0F8008051
:100850000AE05FEACA7001D108F8015BA169761C61
:100860007F1E019888470546002F1ADD681C18D0A6
:10087000B9F1000F0DD0E81705EBD060421120F060
:100880001F0059F822102A1A012090400142E0D19D
:1008900007E0BBF1000FDCD1216A28468847002819
:1008A000D7D0E16901988847BBF1000F07D1002E2E
:1008B00005DD5FEACA7002D1002188F80010A06847
:1008C000B84203DDBBF1000F03D017B16FF0010098
:1008D000B6E73046B4E700002DE9FF4F087883B053
:1008E0009946FF2805D0491C2D2804D0002400205B
:1008F00008E000200BE00124F9E700EB800003EBA7
:100900004000491C0B78FF2BF7D104B14042002373
:100910000293147819461D462D2C01D02B2C04D19E
:10092000521C2D2C13D000240294AA461478FF2CBC
:100930000FD00A25A3FB057801FB05814FF0000CC1
:1009400003FB0C11521CE3194AEB0101EEE70124F1
:10095000EAE7814453EA010002D019F5C87F06DABC
:1009600003980021C0E9001107B0BDE8F08F002511
:10097000AE4E2F46DFF8B882184600F0C8FDCDE92C
:100980000001B9F1000002DAC9F1000400E00446F8
:100990000023A74A1AEB030B42EB045A12E0E007CC
:1009A00007D02A46334638464146FFF710FD074632
:1009B00088462A46334610461946FFF708FD054685
:1009C0000E466410002CEAD1DDE90001B9F1000FF8
:1009D0005A46534606DA00F0D6FA3A46434600F045
:1009E000D2FA05E0FFF7F3FC3A464346FFF7EFFC87
:1009F000029A0AB181F00041039AC2E90001B3E70B
:100A00002DE9FF4F1F468DB0D7E901464FF0FF3863
:100A10002E2045464FF000090B90B9696D1C0E98C9
:100A20008847396A824688470028F6D1BAF1FF3FE5
:100A30000AD024F4D064002E11DDBAF12B0F08D0B7
:100A4000BAF12D0F0BD102E0404611B08DE744F40E
:100A50008064B9696D1C0E9888478246761E694687
:100A6000600501D52D2000E02B208DF8000001F15C
:100A7000010B0DF1200809E0B9696D1C0E9888473B
:100A800082460F9844F40074761E0560002E02DD45
:100A9000BAF1300FF0D00B998A453ED144F0800472
:100AA00006E00F99681CA9F1010944F4007408607C
:100AB000B9696D1C761E0E98884782463028F0D0A2
:100AC0002BE00B998A4505D1200603D444F080041D
:100AD000761E18E0504615F0F5F908B30DF1130233
:100AE000761EAAF1300044F40074934506D20BF848
:100AF000010B200607D5A9F1010003E0200602D46E
:100B000009F101008146A00502D50F99681C086013
:100B1000B9696D1C0E9888478246002ED1DC53E0DF
:100B2000002E51DDBAF1650F02D0BAF1450F4BD15D
:100B3000A00549D5B9696D1C24F44074761E0E9841
:100B400088478246002E0CDD2B2804D0BAF12D0FE9
:100B500007D144F48074B9696D1C0E9888478246A9
:100B6000761EE00501D52D2100E02B2108F8011BA0
:100B7000CDF82C8021E00DF12901761E44F400749B
:100B800088450CD2AAF1300010F0FF0088F8000070
:100B900002D10B99884509D908F1010806E0E00562
:100BA00001D5244801E042F20F708146B9696D1CFD
:100BB0000E98884782460F980560002E04DD504647
:100BC00015F080F90028D6D1F9690E988847FF20E2
:100BD0008BF8000088F800000020069007904B4634
:100BE0006A4608A906A8FFF777FEA00502D46FF0B1
:100BF00001002AE714F0240F0AD0E00714D1DDE940
:100C000006123868031D3B600068C0E900120BE063
:100C1000DDE90601FFF74DFC0146E00704D1386825
:100C2000021D3A600068016028460EE7000014408B
:100C30000000F03FF1D8FFFF026811441378016013
:100C400018467047D160044951610449116200217E
:100C50001161114600F076BA390C00081511000830
:100C6000426842B1016811F8013B23B1521EC0E94C
:100C70000012184670470121C160881E7047426803
:100C80005AB1C368016843B983688B4205D0491ED5
:100C9000521CC0E90012002070474FF0FF3070472F
:100CA0002DE9F04791460F4680460446002614F889
:100CB000015B2DB100F02AFA0068405DC007F6D153
:100CC0002B2D02D02D2D18D0641E4A4639462046C1
:100CD00000F0CEFB27B13968A14201D1C7F80080EE
:100CE00071054FF002040BD54042002803DD15F0DA
:100CF00013F80460A007BDE8F08746F48066E4E7D7
:100D00000028F8DA15F008F804606FF00040F2E708
:100D10000029A8BF7047401C490008BF20F001000F
:100D2000704710B4B0FA80FC00FA0CF050EA0104ED
:100D300004BF10BC704749B1CCF1200421FA04F47F
:100D400011FA0CF118BF012121430843A3EB0C0158
:100D5000CB1D4FEA00614FEA102042BF002010BCBB
:100D6000704700EBC35010440029A4BF10BC70476B
:100D7000401C490008BF20F0010010BC704710B5AE
:100D8000141E73F1000408DA401C41F100019218AE
:100D90005B411A4301D120F0010010BD2DE9F04D57
:100DA00092469B4611B1B1FA81F202E0B0FA80F2AC
:100DB00020329046FFF7AFFB04460F4640EA0A0098
:100DC00041EA0B0153465A46084313D0114653EAF1
:100DD000010019D0C8F140025046FFF7ABFB0546B1
:100DE0000E46504659464246FFF795FB084305D04C
:100DF000012004E020463946BDE8F08D002005437F
:100E000046EAE0762C4337430A986305E40AA0EBF0
:100E100008000022FD0A44EA47540A3002D50020A7
:100E20000146E9E7010510196941DDE908450019A6
:100E30006941BDE8F04DA2E72DE9FE4F804681EA09
:100E40000300C00F0C46009021F0004123F0004544
:100E5000B8EB0200A94105D24046214690461C4607
:100E60000B46024623F00040104347D0270DC7F33E
:100E70000A00C3F30A510290401A019040286BDA2D
:100E8000C3F3130040F4801B0098924620B1002366
:100E9000D2EB030A63EB0B0B01985946C0F14002F9
:100EA0005046FFF738FB06460D4650465946019A14
:100EB00000F01AF910EB08006141002487EA115292
:100EC00084EAE7731A4340D0009A62B3019A012A78
:100ED0004FEA075215DC001B61EB02014FF00042A4
:100EE00002EA0752CDE90042001C41F5801132466A
:100EF0002B46FFF753FF03B0BDE8F08F4046214675
:100F0000F9E7001B61EB0201001C41F5801300189A
:100F10005B412018A2F5001747EB030140EAD570AA
:100F2000B6196D4111E06D084FEA360645EAC07505
:100F30004FEA0752001B61EB0201001C41F58011D2
:100F400049084FEA30000019514132462B4603B0A0
:100F5000BDE8F04FFFF713BF0098012240000023C7
:100F6000D0EB020263EBE073009821464FEAE07495
:100F7000B8EB000061EB0401E9E783F000435BE7B5
:100F800081F0004158E72DE9F04D81EA030404F0B7
:100F9000004B21F0004514464FF0000A23F00041B9
:100FA00050EA050220D054EA01021DD0C5F30A57C9
:100FB0000246C5F31303C1F31300C1F30A5640F40C
:100FC000801543F48013A7EB0608101BD64608F2E1
:100FD000FD3873EB050002D308F1010801E0921817
:100FE0005B41B8F1000F03DA00200146BDE8F08D47
:100FF00000204FF48011064684460EE0171B73EB69
:10100000050705D3121B63EB050306434CEA010CED
:1010100049084FEA300092185B4150EA0107EDD1D0
:1010200052EA030012D082EA040083EA0501084371
:1010300005D0101BAB4106D20122002306E000229E
:101040004FF0004302E06FF0010253101AEB06006C
:101050004CEB085110EB0A0041EB0B01BDE8F04DE1
:10106000FFF78DBEC1F30A52C1F3130140F2FF3303
:1010700041F480119A4202DA00200146704740F2A2
:1010800033439A42A2F2334202DC5242FFF752BA91
:10109000FFF741BA30B5041E71F1000404DB4FF0D4
:1010A0000044404264EB0101141E73F1000405DBAF
:1010B0001C464FF00043524263EB0403994208BFC1
:1010C000904230BD064C074D06E0E06840F0010359
:1010D00094E8070098471034AC42F6D3FFF76AF85B
:1010E000C01E0408E01E0408202A06DBCB17203AA5
:1010F00041FA02F043EAE07306E041FA02F3D0401D
:10110000C2F12002914008431946704700487047D9
:101110009C66010810B50446FFF7F8FF0068005D03
:1011200000F0010010BD3A2800D2303820F0200233
:10113000412A01D3A2F13700884201D34FF0FF309A
:10114000704700002DE9F34F8BB04FF0000801F11C
:101150000C000C464FF0010B46460DF1080A0190B9
:101160006269012101989047051E2DD0252D2CD0B4
:10117000216A8847C0B16269012101989047216ABC
:1011800088470028F7D1411E62690198904700E026
:10119000761CA1690B988847216A88470028F7D1F7
:1011A000E1690B988847DBE7A1690B9888470746F8
:1011B000A84201D1761CD3E7E1690B9888477F1CD0
:1011C00002D1B8F1000F6FD046E1002762693D46B9
:1011D0003946019890472A2804D162690121019873
:1011E00090470125DFF884926269012101989047B8
:1011F000A0F130010A290AD24F45E5DC07EB87014F
:1012000000EB4107303FDFD445F01005ECE7E9067D
:1012100001D46FF000476C280AD04C2814D06828FD
:1012200015D06A280DD074281CD07A281AD01DE059
:1012300062690121019890476C2802D045F00405AD
:1012400014E045F002050DE045F020050AE0626972
:10125000012101989047682802D045F0080505E073
:1012600045F400656269012101989047C4E901577E
:1012700065283DD019DC58287AD00CDC452837D0B9
:1012800004DC252826D0412831D131E046282FD052
:1012900047282CD12CE05B2877D0612828D0632800
:1012A0007CD0642823D15AE0D0E06F2848D008DCF5
:1012B00066281DD067281BD0692821D06E2816D13A
:1012C00027E0702845D0732868D0752847D0782843
:1012D0000DD14DE0A1690B988847054625283FF4BC
:1012E00069AFE1690B9888476D1C3FF46AAFB3E0C2
:1012F00023466A466FF001000B99FFF781FB9EE0E1
:1013000045F040006060A80723464FF0000236D445
:101310003EE0E8077FF447AF2068011D21600068C8
:10132000290501D506701BE7290701D5068017E7B7
:10133000A90703D5F117C0E9006111E706600FE7BF
:1013400045F040006060A80723464FF0080216D41D
:101350001EE040F60E0125EA0100606016E045F04F
:1013600040006060A80723464FF00A0207D40FE050
:1013700045F040006060A80708D5234610226FF0B2
:1013800001000B99FFF7E6F859E007E02346102229
:101390006FF001000B99FFF788F950E04FF000095A
:1013A0004F464B46632802D05B2806D040E0E80653
:1013B00001D40120A06001273AE06269012101986F
:1013C00090475E2805D14FF00109626949460198AE
:1013D0009047216939B900210A46534643F8212034
:1013E000491C0829FADBB0B3216969B9C11700EBC0
:1013F000D16253110AEB830122F01F02821A0120ED
:101400000B68904003430B6062690121019890478B
:101410005D28E8D1B9F1000F09D00020514651F8FC
:101420002020D24341F82020401C0828F7DB02ABE3
:10143000224600976FF001000B99FFF7DCF90028B6
:101440000CDA401C08D1BBF1000F05D04FF0FF3083
:101450000DB0BDE8F08FFFE74046F9E7E90701D19D
:1014600008F1010806444FF0000B79E6CCCCCC0C17
:101470002DE9F05F82460078002715468B460AF179
:101480000104B946302801D09DB113E014F8010BD6
:101490000127782803D0582801D045B10AE00DB1C2
:1014A000102D07D10027102514F8010B02E00825A4
:1014B00000E00A250026B0460EE005FB080005FB0B
:1014C00006F1012701EB10461FFA80F8B6F5803FC0
:1014D00000D3B94614F8010B2946FFF724FE002873
:1014E000EBDABBF1000F05D00FB1641E00E05446EB
:1014F000CBF80040B9F1000F06D014F00DFC02212A
:101500000160C81EBDE8F09F48EA0640FAE70EB544
:1015100040F2334202920022CDE900221346FFF747
:101520003DFC03B000BD30B58C1810F8012B12F053
:101530000F0301D110F8013B120906D110F8012B5D
:1015400003E010F8015B01F8015B5B1EF9D101E0DB
:1015500001F8013B521EFBD1A142E6D3002030BD71
:1015600080B58AB0089000228DF81C200692422097
:101570008DF818008DF8192048208DF81A00089968
:101580004868098901F03EFF0898006806A903220F
:101590004FF47A7306F000F858B1FFE708994868ED
:1015A00009890122059201F02DFF05988DF8270089
:1015B00088E00899486809890122049201F022FF15
:1015C000022001F0A1FC60208DF8180008994868FD
:1015D0000989002201F016FF049A0898006806A9FC
:1015E0004FF47A7305F0D8FF58B1FFE708994868BF
:1015F00009890122039201F005FF03988DF8270065
:1016000060E0089948680989012201F0FBFE0FF0AB
:1016100059FA42208DF8180000228DF81920482030
:101620008DF81A0008994868098901F0EBFE0898BE
:10163000006806A903224FF47A7305F0ADFF58B194
:10164000FFE70899486809890122029201F0DAFE51
:1016500002988DF8270035E0089948680989012229
:10166000019201F0CFFE022001F04EFC61208DF8C6
:101670001800089948680989002201F0C3FE019A00
:101680000898006806A94FF47A7305F085FF58B1F1
:10169000FFE70899486809890122009201F0B2FE2B
:1016A00000988DF827000DE0089948680989012203
:1016B00001F0A8FE0FF006FA089800F0C1F98DF8C5
:1016C0002700FFE79DF827000AB080BD80B58AB0EB
:1016D0000990099949F29010C2F201000860099935
:1016E00041F20000C4F20200486009994FF4006022
:1016F0000881099940F60040C4F20200C860099AC6
:101700004FF48051118209994861099A4FF40051B0
:10171000118300210391089107910691059104918D
:101720004FF48042049201220092059206910791A3
:1017300004A9019101F042FC009A099948680989BD
:1017400001F060FE009A01990398099B1B8B04939A
:101750000592069007900998406901F02FFC039AC2
:1017600009994869098B01F04DFE01990398099A7E
:10177000128A04924FF40412059206900998C068E8
:1017800001F01CFC039A28200290114602F084FF0D
:10179000029802F077FF03980AB080BD80B586B04A
:1017A000049003910FF08EF920B1FFE701208DF82E
:1017B000170029E00022029204994868098901F083
:1017C00021FE0498006802A904224FF47A7305F000
:1017D000BBFD58B1FFE704994868098901220192CD
:1017E00001F010FE01988DF817000DE0049948688B
:1017F0000989012201F006FE029800BA03990860E7
:1018000000208DF81700FFE79DF8170006B080BD97
:1018100080B584B0039040F60040C4F2020000900E
:101820004FF480410191002201F0ECFD0120029073
:1018300001F06AFB00980199029A01F0E3FD029819
:1018400001F062FB0FF03EF904B080BD80B582B0BC
:1018500000900098FFF73AFF20B1FFE701208DF8D4
:10186000070015E00098FFF7D3FF20B1FFE7012044
:101870008DF807000CE00098FFF772FE20B1FFE73B
:1018800001208DF8070003E000208DF80700FFE736
:101890009DF8070002B080BD80B584B000200390A1
:1018A00048F63010C2F2010003A9FFF777FF08B134
:1018B000FFE7C2E040F6A862C2F2000247F21870E9
:1018C000C0F20100105C47F6085110FB01200290A5
:1018D000029847F604514058B0F5FA5FC0F0968080
:1018E000FFE702994FF4FA420120885440F6404144
:1018F000C2F2000108680130086040F6A860C2F238
:10190000000047F21871C0F20101405C01304AF654
:10191000AB21CAF6AA21A0FB011202F0FE0101EBE5
:101920005201401A8DF807009DF807008DF8060057
:1019300000208DF80500FFE79DF8070040F6A8623B
:10194000C2F2000247F6085110FB01204FF4FA41A1
:10195000405CC007A0B9FFE79DF8070040F6A86209
:10196000C2F2000247F6085110FB012047F6015170
:10197000405CC00720B9FFE701208DF8050016E0A4
:101980009DF8070001304AF6AB21CAF6AA21A0FB58
:101990000121490801EB4101401A8DF80700FFE7DA
:1019A0009DF807009DF806108842C5D1FFE79DF815
:1019B000050098B9FFE740F6A861C2F2000147F2BE
:1019C0002072C0F2010288580130885040F644412C
:1019D000C2F200010868013008602EE09DF807009F
:1019E00040F6A862C2F2000247F21871C0F201018B
:1019F00050549DF8070047F6085110FB0120029053
:101A0000029947F6045200208850FFE70398029994
:101A100047F604528B5841F8230002998858013048
:101A2000885040F6A861C2F2000147F21C72C0F271
:101A30000102885801308850FFE704B080BD0000E3
:101A400080B586B0049000208DF80C0002904021F3
:101A50008DF8081002218DF809108DF80A0040F267
:101A60001C10C2F200000088014601917D280ED0B2
:101A7000FFE70198FA280ED0FFE70198B0F57A7FCA
:101A80000DD0FFE70198B0F5FA6F0CD00FE00220FF
:101A90008DF80B001AE00A208DF80B0016E01A20D2
:101AA0008DF80B0012E022208DF80B000EE02220B2
:101AB0008DF80B0040F21C10C2F2000001884CF2BD
:101AC0000150C0F6020014F0FDF8FFE70F208DF87A
:101AD0000C00049948680989002201F093FC0498DD
:101AE000006802A905224FF47A7305F055FD58B13C
:101AF000FFE70499486809890122009201F082FCFD
:101B000000988DF8170009E00499486809890122B6
:101B100001F078FC00208DF81700FFE79DF8170012
:101B200006B080BD80B582B040F6A860C2F2000069
:101B300047F22871C0F20101FEF79EFB00200190E0
:101B4000FFE70198022820DCFFE7019840F6A86330
:101B5000C2F2000347F6085200FB02314FF4FA4C80
:101B6000002001F80C00019901FB023147F6015CED
:101B700001F80C00019901FB023147F6045288502C
:101B8000FFE7019801300190DBE740F6A861C2F25F
:101B9000000147F21872C0F201020020885447F297
:101BA0001972C0F20102885402B080BDFFE7FEE75F
:101BB00080B5ADF5147D49F27010C2F201000190BC
:101BC0008FA90022009204F069FF009A01988EA963
:101BD00004F028FF40F21910C2F2000000789DF8CE
:101BE0003C1288420AD1FFE740F21810C2F200000E
:101BF00000789DF83A12884242D0FFE74CF6AE00DA
:101C0000C0F6020014F05EF80AF09EFF38B9FFE754
:101C10004CF2F360C0F6020014F054F830E040F6E5
:101C20007041C2F200010020087002A800F098FB89
:101C3000F0B1FFE749F2C820C2F2010002A94FF457
:101C40000C72FEF700FB40F67041C2F20001012069
:101C500008709DF83C0240F21911C2F200010870B0
:101C60009DF83A0240F21811C2F20001087006E035
:101C70004CF66700C0F6020014F024F8FFE7FFE717
:101C80000DF5147D80BD000080B58CB04CF2254070
:101C9000C0F602000AA90BAA10F05EFB8DF8230023
:101CA0009DF8230048B1FFE79DF823104BF6D37051
:101CB000C0F6020014F006F897E00B98806902382D
:101CC00009900B984089039009980399A0FB011093
:101CD000400240EAD1504902069107900A980399C0
:101CE000A0FB0110400240EAD15049020491059046
:101CF00006990798090D41EA0032030D04980599E9
:101D0000000D40EA01304FEA115C6946C1F804C099
:101D100008604BF68570C0F6020013F0D3FF049AFA
:101D2000059840F21C11C2F200014968B2EB015261
:101D300070EB113059D2FFE74BF64D70C0F6020040
:101D400013F0C0FFFFE7049A059840F21C11C2F29D
:101D500000014968B2EB015270EB113044D2FFE749
:101D600000F098F98DF823009DF82300B0B1FFE74B
:101D70009DF82300042807D1FFE74CF21040C0F67D
:101D8000020013F09FFF08E09DF823104BF6EA7065
:101D9000C0F6020013F096FFFFE725E04CF2254065
:101DA000C0F602000AA90BAA10F0D6FA8DF823009B
:101DB0009DF8230008B1FFE716E00A980399A0FBFD
:101DC0000110400240EAD150490204910590049963
:101DD0000598090D41EA0032030D4BF66B70C0F611
:101DE000020013F06FFFAEE7FFE70CB080BD00000C
:101DF00080B5ADF5127D4CF28041C0F6020106A817
:101E0000012211F0A5FB8DF817009DF8170050B9BD
:101E1000FFE706A810F050FA4CF20020C0F60200CE
:101E200013F050FF55E04BF60970C0F6020013F0B6
:101E300049FF4CF28041C0F6020106A80A2211F0C7
:101E400087FB8DF817009DF8170048B1FFE79DF854
:101E500017104CF26900C0F6020013F033FF38E0AF
:101E60004CF21D20C0F6020004900020039004985C
:101E70000290FEF72AFA0299024606A803AB12F076
:101E80006FF88DF817009DF8170088B9FFE70398E1
:101E900001900498FEF719FA01460198884207D18B
:101EA000FFE74CF2E710C0F6020013F00BFF08E06A
:101EB0009DF817104CF28800C0F6020013F002FFE4
:101EC000FFE706A8009011F033FF009810F0F4F936
:101ED000FFE70DF5127D80BD80B548F6AC10C2F26B
:101EE000010000F067FD80BD80B548F64C10C2F2DD
:101EF000010000F05FFD80BD82B001900198007884
:101F000010384AF6AB21CAF6AA21A0FB011000093D
:101F10000090009946F2E860C0F60100405C01992B
:101F2000C8650098042807D3FFE7019908680422D0
:101F300062F30900886506E00199086840F2FF3203
:101F400090438865FFE70198806D02B070470000FC
:101F500086B0059000208DF813000598806A0390E4
:101F60000598806910BBFFE70398029003281BD8EF
:101F70000299DFE801F0020D0218059890F82F0091
:101F8000C00720B1FFE701208DF81300FFE70CE048
:101F90000598C06AB0F1C07F04D1FFE701208DF839
:101FA0001300FFE701E000E0FFE745E005988069E6
:101FB000B0F5005F25D1FFE70398019003281ED8F4
:101FC0000199DFE801F00206021101208DF81300EB
:101FD00016E0059890F82F00C00720B1FFE7012018
:101FE0008DF81300FFE70BE00598C06AB0F1C07FE1
:101FF00004D1FFE701208DF81300FFE700E0FFE7C1
:1020000019E003980090032804D3FFE70098032801
:1020100004D00EE001208DF813000BE0059890F835
:102020002F00C00720B1FFE701208DF81300FFE764
:1020300000E0FFE7FFE7FFE79DF8130006B07047F9
:1020400084B003900291019200930398016808689C
:1020500020F480200860009803990968486003987C
:102060008068402809D1FFE70198039909688860D2
:10207000029803990968C86008E002980399096802
:102080008860019803990968C860FFE704B0704749
:102090007047000080B5ADF5527D38A84FF48C71C3
:1020A000FEF7EAF808A88021FEF7E6F840F21C10D7
:1020B000C2F20000037A4CF28E42C0F6020228A857
:1020C0000690402113F00EFE0699C4A811F016FCEC
:1020D0008DF81F009DF81F0070B1FFE79DF81F20CD
:1020E0004BF6CD60C0F6020028A913F0EBFD9DF879
:1020F0001F008DF84703A0E0FFE7C4A87EA911F0F8
:10210000CDFD8DF81F009DF81F0020B9FFE79DF859
:102110000E0208B9FFE777E09DF80E022E2801D1E4
:10212000FFE7EAE77EA816304CF2B841C0F602019C
:10213000FEF7ADF858B9FFE77EA816304CF27441AF
:10214000C0F60201FEF7A3F808B9FFE7D5E79DF84E
:10215000F61001200590B9B3FFE7BDF8FC11BDF8FA
:10216000E4200120914205902EDBFFE7BDF8FC0141
:10217000BDF8E410884209D1FFE7BDF8FE11BDF8B3
:10218000E6200120914205901EDBFFE7BDF8FC111F
:10219000BDF8E42000209142049012D1FFE7BDF881
:1021A000FE11BDF8E62000209142049009D1FFE71E
:1021B0007EA8163038A91631FEF78EF8C00F0490AD
:1021C000FFE704980590FFE7059800F001008DF8FF
:1021D0001E009DF81E00C007A8B1FFE738A87EA921
:1021E00003914FF48C72FEF72EF80398163069466F
:1021F00008604CF27A42C0F6020208A8802128AB9F
:1022000013F070FDFFE778E7C4A810F07FF89DF8A1
:10221000200070B1FFE74CF21310C0F6020008A9CD
:10222000029113F04FFD029811F0F6FD8DF847036F
:1022300003E004208DF84703FFE79DF847030DF501
:10224000527D80BD80B582B00190019948F60C2086
:10225000C2F2010001F07AFC02B080BD80B584B00A
:102260000290019100920299019A009B48F60C207D
:10227000C2F2010002F004F820B1FFE701208DF85E
:102280000F0009E0FFE700F00BF808B1FFE7FAE7FD
:1022900000208DF80F00FFE79DF80F0004B080BD0F
:1022A00080B582B04FF6FF70ADF80400FFE7BDF8CF
:1022B0000400411EADF8041088B1FFE748F60C2079
:1022C000C2F2010001F064FC042804D1FFE7002001
:1022D0008DF8070007E0012000F016FEE7E7012077
:1022E0008DF80700FFE79DF8070002B080BD0000F1
:1022F00080B584B00290019100920299019A009BEE
:1023000048F60C20C2F2010002F0AAF820B1FFE763
:1023100001208DF80F0009E0FFE7FFF7C1FF08B1CA
:10232000FFE7FAE700208DF80F00FFE79DF80F00A8
:1023300004B080BD80B54FF4805000F023FE80BD16
:1023400080B540F24810C2F2000001684BF685608B
:10235000C0F6020013F0B6FC72B60AF0C3FC80BDF2
:1023600010B5ACB02A902A9850B9FFE74CF2EF3084
:10237000C0F6020013F0A6FC00208DF8AF00C6E006
:1023800049F27010C2F2010009900CA900220892D3
:1023900004F084FB089A09980BA904F043FB9DF80C
:1023A0002F0040F21B11C2F2000108709DF82D00B1
:1023B00040F21A11C2F2000108709DF82E0040F29E
:1023C0001811C2F2000108709DF8300040F2191196
:1023D000C2F20001087040F21C10C2F20000037A41
:1023E0004CF28E42C0F602020DF147000A90202105
:1023F00013F078FC0A9810F0CDFA8DF8A7009DF83C
:10240000A70098B1FFE79DF8A70008280ED0FFE7C6
:102410009DF8A7204CF22400C0F602000DF1470100
:1024200013F050FC00208DF8AF0070E09DF82D20D7
:102430009DF82E309DF82F0000F5FA609DF830C011
:102440009DF831E09DF8324069464C61C1F810E0DA
:10245000C1F80CC08B604A6008604CF29D42C0F627
:1024600002020DF16700079040210DF1470313F0C0
:1024700039FC07992A98122211F06AF88DF8A70002
:102480009DF8A70070B1FFE79DF8A7204BF6FD70FF
:10249000C0F602000DF1670113F014FC00208DF866
:1024A000AF0034E02A98C16810F050F88DF8A7000A
:1024B0009DF8A70078B1FFE79DF8A7104BF6B47020
:1024C000C0F6020013F0FEFB2A980FF0F5FE002084
:1024D0008DF8AF001BE02A98C06848B9FFE74CF2BE
:1024E000F600C0F602000DF1670113F0EBFB0AE005
:1024F0002A9882694CF29910C0F602000DF167012A
:1025000013F0E0FBFFE701208DF8AF00FFE79DF837
:10251000AF002CB010BD000080B582B001900091DA
:1025200001980099002200F003F802B080BD00007D
:1025300084B0039002918DF8072001208DF80600E9
:1025400000208DF8050040F64840C2F20000407AB5
:10255000002827DCFFE740F64843C2F2000300935F
:10256000597A0020585403995A7A03EB8202516039
:102570009DF807105A7A1A441172597A4A1C5A72F5
:102580008DF805109DF805103031029A1170029AED
:102590003A215170029A2F2191700299C8708DF8DA
:1025A0000600FFE79DF8060004B0704780B584B0D0
:1025B0004CF20051C0F6020102910022104610F0C8
:1025C00075FF029940F67440C2F20000012210F03B
:1025D0006DFF014649F2F840C2F201000170007837
:1025E00048B9FFE74CF2D410C0F6020013F06AFBC2
:1025F0000020039076E049F2F840C2F20100007832
:102600000D2860D1FFE74BF6E960C0F6020013F039
:1026100059FB69464FF4007008604CF22540C0F643
:10262000020049F20473C2F201030321002210F0F8
:10263000B5FA014649F2F840C2F201000170007893
:1026400090BBFFE74BF62F70C0F6020013F03AFB89
:1026500040F67440C2F200004CF20051C0F6020194
:10266000012210F023FF014649F2F840C2F20100B6
:102670000170007848B9FFE74CF2CB10C0F60200B9
:1026800013F020FB002003902CE049F2F840C2F246
:10269000010001784CF2BE00C0F6020013F012FBFC
:1026A0004FF0FF3003901DE049F2F840C2F2010004
:1026B00001784CF2A700C0F6020013F003FB4FF0C4
:1026C000FF3003900EE049F2F840C2F201000178B9
:1026D0004CF2DB00C0F6020013F0F4FA4FF0FF30CA
:1026E0000390FFE7039804B080BD000080B588B078
:1026F0008DF81F009DF81F0040F6A862C2F200028C
:1027000047F6085110FB01200690069847F6045141
:1027100040588000049000200290FFE702980128B2
:1027200027DCFFE70699049A49F2C820C2F20100AB
:1027300005AB11F015FC8DF80F009DF80F0030B9B6
:10274000FFE705980499884201D1FFE711E002985C
:10275000411C9DF80F204CF6F200C0F6020013F069
:10276000B1FA022000F0D0FBFFE70298013002909E
:10277000D4E79DF80F0028B9FFE70598049988422F
:1027800023D0FFE70499059A9DF80F304CF63E10D0
:10279000C0F6020013F096FA9DF80F0007280AD041
:1027A000FFE79DF80F00022805D0FFE79DF80F0016
:1027B000092809D1FFE74CF6C700C0F6020013F064
:1027C00081FA0AF08FFAFFE7FFE740F2A411C2F2A4
:1027D0000001087801300870C0B20A281CDBFFE74E
:1027E00049F2C820C2F2010011F0A2FA8DF80700E8
:1027F0009DF8070048B1FFE79DF807104CF61D1043
:10280000C0F6020013F05EFAFFE740F2A411C2F234
:10281000000100200870FFE708B080BD80B584B0DB
:1028200047F61020C1F6FF700068039047F61420A9
:10283000C1F6FF700068029047F61820C1F6FF70DD
:10284000006801900199039808440390039888B1A7
:10285000FFE7039840F2E801C2F200010091023163
:10286000082205F057FE009902981231042205F063
:1028700051FEFFE704B080BD80B584B0029002989D
:10288000806D019000F0D6FD0090029890F8350020
:1028900002280DD0FFE7029980204865FFE70299E2
:1028A000002081F83400FFE701208DF80F0055E08B
:1028B00002980168086820F0160008600298016814
:1028C000486920F0800048610298006C20B9FFE759
:1028D0000298806C38B1FFE702980168086820F020
:1028E00008000860FFE702980168086820F001000E
:1028F0000860FFE7029800680068C007C8B1FFE7FA
:1029000000F098FD0099401A062811D3FFE70299BC
:10291000202048650299032081F83500FFE70299DD
:10292000002081F83400FFE703208DF80F0015E048
:10293000E0E70298C16D3F208840019988600299C4
:10294000012081F83500FFE70299002081F834006A
:10295000FFE7FFE700208DF80F00FFE79DF80F006D
:1029600004B080BD82B00090009890F83500022835
:1029700007D0FFE700998020486501208DF8070007
:102980000EE00099052081F835000098016808687C
:1029900020F001000860FFE700208DF80700FFE746
:1029A0009DF8070002B0704781B000900098406D1C
:1029B00001B0704780B586B005900020039040F2CA
:1029C0004800C2F20000006848F2B511C1F64E316D
:1029D000A0FB0110800A02900598806D019001987B
:1029E0000068049004980599C96DC8400007002844
:1029F0001AD5FFE70598006800684007002812D53F
:102A0000FFE705980168086820F004000860059851
:102A1000C16D08208840019988600599486D40F093
:102A200001004865FFE7FFE704980599C96DC840B4
:102A3000C007A0B1FFE705980068406900060028BC
:102A40000CD5FFE70598C16D012088400199886089
:102A50000599486D40F002004865FFE7FFE70498DC
:102A60000599C96DC8404007002814D5FFE70598AF
:102A700000680068800700280CD5FFE70598C16D45
:102A800004208840019988600599486D40F0040051
:102A90004865FFE7FFE704980599C96DC840C0067F
:102AA000002847D5FFE70598006800680007002860
:102AB0003FD5FFE70598C16D1020884001998860D7
:102AC000059800680068400300281AD5FFE70598BC
:102AD000006800680003002809D4FFE70598006C2F
:102AE00020B1FFE70598016C8847FFE708E00598EB
:102AF000806C20B1FFE70598816C8847FFE7FFE70E
:102B000016E0059800680068C005002807D4FFE7B4
:102B100005980168086820F008000860FFE705983C
:102B2000006C20B1FFE70598016C8847FFE7FFE7DD
:102B3000FFE7FFE704980599C96DC84080060028A3
:102B400040F18D80FFE7059800680068C006002806
:102B500040F18480FFE70598C16D202088400199ED
:102B60008860059890F83500052834D1FFE705986E
:102B70000168086820F01600086005980168486937
:102B800020F0800048610598006C20B9FFE70598A7
:102B9000806C38B1FFE705980168086820F00800EC
:102BA0000860FFE70598C16D3F2088400199886063
:102BB0000599012081F83500FFE70599002081F88B
:102BC0003400FFE70598006D20B1FFE70598016D1F
:102BD0008847FFE77BE0059800680068400300280D
:102BE0001AD5FFE70598006800680003002809D49B
:102BF000FFE70598406C20B1FFE70598416C8847D6
:102C0000FFE708E00598C06B20B1FFE70598C16BAE
:102C10008847FFE7FFE720E0059800680068C005E7
:102C2000002811D4FFE705980168086820F010001B
:102C300008600599012081F83500FFE7059900201B
:102C400081F83400FFE7FFE70598C06B20B1FFE78C
:102C50000598C16B8847FFE7FFE7FFE7FFE70598A7
:102C6000406DA0B3FFE70598406DC00730B3FFE7A4
:102C70000599052081F8350005980168086820F05D
:102C800001000860FFE70398013003900299884231
:102C900001D9FFE707E0FFE7059800680068C00773
:102CA0000028F0D1FFE70599012081F83500FFE702
:102CB0000599002081F83400FFE7FFE70598C06C14
:102CC00020B1FFE70598C16C8847FFE7FFE706B032
:102CD00080BD000080B586B004900020039000F015
:102CE000A9FB0290049820B9FFE701208DF8170096
:102CF000A3E00498406A08B1FFE7FFE704990220C7
:102D000081F83500FFE70499002081F83400FFE7DF
:102D100004980168086820F001000860FFE7049843
:102D200000680068C00790B1FFE700F083FB0299DC
:102D3000401A06280AD3FFE7049920204865049921
:102D4000032081F835008DF8170076E0E7E7049856
:102D5000006800680390039848F23F01CFF2100129
:102D600008400390049900914868D1F808C0CB68E6
:102D70000A6940EA0C00184310434A6910438A6903
:102D80001043CA691043096A01430398084303903A
:102D90000498406A042808D1FFE70499C86A096BBF
:102DA0000143039808430390FFE7039804990968D7
:102DB00008600498006840690390039820F00700B9
:102DC00003900498416A0398084303900498406A6A
:102DD00004281AD1FFE70498816A039808430390F6
:102DE0000498C06A80B1FFE70498FFF7B1F850B1CA
:102DF000FFE70499402048650499012081F83500D7
:102E00008DF8170019E0FFE7FFE7039804990968B8
:102E100048610498FFF770F801900498C16D3F2055
:102E2000884001998860049900204865049A01212E
:102E300082F835108DF81700FFE79DF8170006B0EF
:102E400080BD000080B588B0069005910492039380
:102E500000208DF80B000698806D0190FFE7069822
:102E600090F83400012804D1FFE702208DF81F00FC
:102E700045E00699012081F83400FFE7FFE7069856
:102E800090F8350001282BD1FFE70699022081F840
:102E9000350006990020486506980599049A039B19
:102EA000FFF7CEF80698C16D3F20884001998860F1
:102EB00006980168086840F0160008600698006CE3
:102EC00038B1FFE706980168086840F0080008601C
:102ED000FFE706980168086840F00100086009E013
:102EE000FFE70699002081F83400FFE702208DF803
:102EF0000B00FFE79DF80B008DF81F00FFE79DF822
:102F00001F0008B080BD000080B584B0039000F0C1
:102F100091FA0290039801900198013048B1FFE7BF
:102F200040F25B10C2F20000017801980844019061
:102F3000FFE7FFE700F07EFA0299401A0199884204
:102F400001D2FFE7F6E704B080BD000080B582B093
:102F5000ADF80600BDF8060048F63011C2F20101D6
:102F6000098A88420CD1FFE740F63C40C2F20000DB
:102F70000078042803D1FFE7FEF78EFCFFE7FFE7A8
:102F800002B080BD80B582B0ADF8060043F61440B3
:102F9000C4F201000068BDF8061008420CD0FFE73B
:102FA000BDF8060043F61441C4F201010860BDF803
:102FB0000600FFF7CBFFFFE702B080BD90B00F9097
:102FC0000E9100200C900B900A900D90FFE70D9849
:102FD0000F2800F2E881FFE70D99012088400C904E
:102FE0000E9800680C9908400B900B980C99884239
:102FF00040F0D481FFE70E98406800F003000128FC
:1030000007D0FFE70E98406800F0030002282FD198
:10301000FFE70F9880680A900D984100032000FA9E
:1030200001F10A9888430A900E98C0680D994900EA
:1030300000FA01F10A9808430A900A980F998860EB
:103040000F9840680A900D99012000FA01F10A9842
:1030500088430A900E984068C0F300100D9900FA5A
:1030600001F10A9808430A900A980F994860FFE70F
:103070000E98406800F00300032818D0FFE70F986F
:10308000C0680A900D984100032000FA01F10A98E7
:1030900088430A900E9880680D99490000FA01F162
:1030A0000A9808430A900A980F99C860FFE70E989B
:1030B000406800F00300022826D1FFE70F980D9921
:1030C0006FF0030202EA51010844006A0A900D9869
:1030D00000F0070081000F2000FA01F10A988843F0
:1030E0000A900E9800690D9901F00701890000FA15
:1030F00001F10A9808430A900A980F990D9B02EA79
:10310000530211440862FFE70F9800680A900D9877
:103110004100032000FA01F10A9888430A900E98B2
:10312000406800F003000D99490000FA01F10A9887
:1031300008430A900A980F9908600E9880798007D2
:10314000002800F02A81FFE7FFE70020099043F6FE
:103150004400C4F20200016841F48041016000684B
:1031600000F4804009900998FFE70D9820F00300D3
:1031700043F60801C4F2010140580A900D9800F08E
:10318000030081000F2000FA01F10A9888430A9099
:103190000F980021C4F20201884203D1FFE700200A
:1031A00008907AE00F9840F20041C4F20201884290
:1031B00003D1FFE7012007906CE00F9840F6000173
:1031C000C4F20201884203D1FFE7022006905EE0CC
:1031D0000F9840F60041C4F20201884203D1FFE794
:1031E0000320059050E00F9841F20001C4F2020163
:1031F000884203D1FFE70420049042E00F9841F297
:103200000041C4F20201884203D1FFE70520039088
:1032100034E00F9841F60001C4F20201884203D164
:10322000FFE70620029026E00F9841F60041C4F225
:103230000201884203D1FFE70720019018E00F98B0
:1032400042F20001C4F20201884203D1FFE70820E4
:1032500000900AE00F9942F20042C4F202020A20F2
:10326000914208BF09200090FFE700980190FFE716
:1032700001980290FFE702980390FFE703980490FB
:10328000FFE704980590FFE705980690FFE706988A
:103290000790FFE707980890FFE70898C0B20D99DC
:1032A00001F00301890000FA01F10A9808430A902D
:1032B0000A980D9921F0030143F60802C4F20102B5
:1032C000885043F60840C4F2010000680A900B9948
:1032D0000A9888430A900E988079C006002805D580
:1032E000FFE70B990A9808430A90FFE70A9843F60C
:1032F0000841C4F20101086043F60C40C4F2010029
:1033000000680A900B990A9888430A900E98807971
:103310008006002805D5FFE70B990A9808430A9014
:10332000FFE70A9843F60C41C4F20101086043F636
:103330000440C4F2010000680A900B990A9888437F
:103340000A900E9880798007002805D5FFE70B9931
:103350000A9808430A90FFE70A9843F60441C4F22A
:103360000101086043F60040C4F2010000680A90C1
:103370000B990A9888430A900E988079C00728B163
:10338000FFE70B990A9808430A90FFE70A9843F66B
:103390000041C4F201010860FFE7FFE7FFE70D9875
:1033A00001300D9013E610B07047000082B001901C
:1033B000ADF8021001980069BDF80210084204D06F
:1033C000FFE701208DF8010003E000208DF80100E7
:1033D000FFE79DF8010002B07047000083B0029043
:1033E000ADF80610029840690090009ABDF80600FA
:1033F00002EA0001904340EA01400299886103B06B
:103400007047000082B00190ADF802108DF80120E5
:103410009DF8010028B1FFE7BDF80200019988611D
:1034200005E0BDF80200000401998861FFE702B0E1
:103430007047000049F20070C2F201000068704756
:1034400040F25B10C2F20000027849F20071C2F251
:1034500001010868104408607047000080B543F619
:103460000041C4F20201086840F400700860086876
:1034700040F480600860086840F4807008600320B1
:1034800001F024F90F2000F005F801F0D5F8002034
:1034900080BD000080B582B0009040F24800C2F2CA
:1034A0000000006840F25B11C2F200010A784FF49C
:1034B0007A71B1FBF2F1B0FBF1F004F091FB20B1B5
:1034C000FFE701208DF8070018E000980F280DD8BD
:1034D000FFE700994FF0FF30002201F0DDF800987F
:1034E00040F25C11C2F20001086003E001208DF897
:1034F000070003E000208DF80700FFE79DF80700B4
:1035000002B080BD81B0009001B07047B0B590B0FE
:103510000E900D91002004900E99032081F8340044
:103520000E980D9905F06AFB05900598002840F06B
:10353000A780FFE70D98B0F5805F0AD1FFE70E98EE
:10354000006840F20021C0F2B73108F045FE059056
:1035500020E00D98B0F5006F0AD1FFE70E980068E3
:1035600040F20011C0F2B73108F036FE059010E0CD
:103570000D9848B9FFE70E9800680021C0F2B731F6
:1035800008F02AFE059003E04FF000600590FFE789
:10359000FFE7FFE70598002871D1FFE74FF6FF70BE
:1035A0000C90FFE70E990868C96C090408F0B6FD95
:1035B0000590059808B1FFE71BE00E980068002110
:1035C00008F032FC04900C9801380C90FFE70020C2
:1035D0009DF81110C907039031B9FFE70C98002836
:1035E00018BF01200390FFE70398C0070028D9D136
:1035F000FFE70C98C8B3FFE70598B0BBFFE79DF85D
:1036000010000006002804D5FFE74FF48030059035
:103610002AE0DDF838E0DEF80400DEF80810DEF815
:103620000C20DEF81030DEF814C0DEF818E0CDF81B
:103630002CE0CDF828C009930892079106900D98C8
:1036400009900E9800680699079A089BDDF824C037
:103650000A9C0B9DEE46CEF80850CEF80440CEF8FA
:1036600000C008F0F5FBFFE708E00C9820B9FFE781
:103670004FF00040059000E0FFE7FFE7FFE7FFE7BE
:103680000E99012081F83400059880B1FFE70E986B
:10369000016840F2FF50C0F240008863059A0E991D
:1036A000886B1043886301208DF83F0003E0002001
:1036B0008DF83F00FFE79DF83F0010B0B0BD00005F
:1036C00081B0009001B0704780B584B00290019144
:1036D000002000900299096E890F019A11700299D9
:1036E000096EC1F38361019A51700299096EC1F3A9
:1036F0000161019A91700299B1F86210019AD1703A
:103700000299096E090A019A11710299096E019ACA
:1037100051710299496E090D019AD1800299496E41
:10372000C1F30341019A11720299B1F86410C90BF7
:10373000019A51720299496EC1F38031019A9172D6
:103740000299496EC1F34031019AD1720299496ED2
:10375000C1F30031019A1173019948730299486EBF
:10376000896E6FF39F20800040EA91700199086193
:103770000298806EC0F3C260019908750298806E4D
:10378000C0F30260019948750298806EC0F3425000
:10379000019988750298806EC0F382400199C875BE
:1037A0000298806EC0F3C23001990876029869468B
:1037B000D4226FF0704305F0BDFA20B1FFE701207D
:1037C0008DF80F00C0E00298406C18BBFFE701982D
:1037D00000690130029908650198007E00F0070039
:1037E000811C012000FA01F3029A116D5943116501
:1037F0000199097A01F00F01884002994865029900
:10380000086D4A6D520A5043886502994FF4007062
:10381000C86526E00298406C01280ED1FFE70098A9
:10382000029908650299086D886502994FF4007045
:1038300048650299486DC86512E00298016840F237
:10384000FF50C0F2400088630299886B40F08050BE
:1038500088630299012081F834008DF80F0073E02D
:10386000FFE70298806EC0F3803001994876029895
:10387000806EC0F3C610019988760298806E00F0C1
:103880007F000199C8760298C06EC00F0199087731
:103890000298C06EC0F34170019948770298C06EDB
:1038A000C0F38260019988770298C06EC0F383509C
:1038B0000199C8770298C06EC0F34050019981F811
:1038C00020000199002081F821000299C96EC1F3FE
:1038D0000041019A82F822100299B1F86C10C90BCC
:1038E000019A82F823100299C96EC1F38031019ABE
:1038F00082F824100299C96EC1F34031019A82F80E
:1039000025100299C96EC1F30031019A82F8261080
:103910000299C96EC1F38121019A82F82710029998
:10392000C96EC1F30121019A82F82810029991F819
:103930006C104908019A82F82910019A012182F835
:103940002A108DF80F00FFE79DF80F0004B080BD2E
:1039500080B590B00E900D910C92FFF76BFD049026
:103960000D9848B9FFE70E99886B40F000608863B6
:1039700001208DF83F00E5E00E9890F83400012812
:1039800040F0DC80FFE70E990020019088630E9ADA
:10399000032182F834100E990968C8620D990291CA
:1039A0004FF0FF3106914FF400710791902108917B
:1039B000022109910A9001200B900E98006806A937
:1039C00008F0FEF901990E98006808F089FB05904F
:1039D000059898B1FFE70E98016840F2FF50C0F2D9
:1039E00040008863059A0E99886B104388630E998E
:1039F000012081F834008DF83F00A3E0FFE70E9826
:103A00000068406B10F4957F3DD1FFE70E98006889
:103A1000406B0004002816D5FFE700200390FFE765
:103A2000039807280ED8FFE70E98006808F046FABA
:103A300002990860029804300290FFE70398013071
:103A40000390EDE7FFE7FFF7F5FC0499401A0C99A6
:103A5000884203D2FFE70C98A0B9FFE70E980168EF
:103A600040F2FF50C0F2400088630E99886B40F02E
:103A7000004088630E99012081F8340003208DF8FE
:103A80003F005FE0BBE70E980068406B000700282E
:103A900013D5FFE70E98016840F2FF50C0F24000D6
:103AA00088630E99886B40F0080088630E990120A6
:103AB00081F834008DF83F0044E00E980068406BB8
:103AC0008007002813D5FFE70E98016840F2FF50E9
:103AD000C0F2400088630E99886B40F00200886352
:103AE0000E99012081F834008DF83F002AE00E98ED
:103AF0000068406B8006002813D5FFE70E98016828
:103B000040F2FF50C0F2400088630E99886B40F08D
:103B1000200088630E99012081F834008DF83F0061
:103B200010E0FFE7FFE7FFE70E98016840F23A5028
:103B300088630E99012081F83400FFE700208DF89A
:103B40003F00FFE79DF83F0010B080BD82B00190BC
:103B500000910198406C009908600198806C009970
:103B600048600198C06C009988600198006D0099C8
:103B7000C8600198406D009908610198806D0099B6
:103B800048610198C06D00998861002002B07047BB
:103B900080B584B00390002000900398694605F03A
:103BA000C5F90190019830B1FFE7019A0399886B3C
:103BB00010438863FFE70098C0F343200290029807
:103BC00004B080BD81B00090009890F8340001B03E
:103BD0007047000080B584B003900398006B01909B
:103BE00003980068406B81B20020B0EBD13F0AD04F
:103BF000FFE79DF804000007002804D5FFE70398BD
:103C000005F046F970E103980068406B00F480719C
:103C10000020B0EB112F00F08F80FFE703980168C0
:103C20004FF48070886303980168C86B40F23A32A1
:103C30009043C86303980168C86A20F00100C86215
:103C40009DF804000006002832D5FFE79DF8040027
:103C50008006002812D5FFE70398006808F09EFA56
:103C60000290029848B1FFE7029A0399886B1043CB
:103C700088630398FFF724FDFFE7FFE79DF8040042
:103C8000C007A0B9FFE79DF80400800700280ED404
:103C9000FFE703980168C86A20F00800C86203992A
:103CA000012081F83400039800F0D6FBFFE742E0E2
:103CB0009DF80400000700283BD5FFE79DF80400AD
:103CC0008007002806D4FFE79DF80400800600283E
:103CD00012D5FFE70398006808F060FA0290029896
:103CE00048B1FFE7029A0399886B104388630398F1
:103CF000FFF7E6FCFFE7FFE70398016840F23A5060
:103D000088630399012081F834009DF80400C007FE
:103D100030B9FFE79DF804008007002804D5FFE7CD
:103D2000039800F095FB03E0039800F095FBFFE794
:103D300000E0FFE7FFE7D6E003980068406B00F47F
:103D400080410020B0EB913F0AD0FFE79DF80400CE
:103D50000007002804D5FFE7039805F00FF9C1E03C
:103D600003980068406B40F23A21084200F0B880A6
:103D7000FFE703980068406B00F002010020B0EB01
:103D8000510F06D0FFE70399886B40F0020088636B
:103D9000FFE703980068406B00F008010020B0EBDB
:103DA000D10F06D0FFE70399886B40F008008863C5
:103DB000FFE703980068406B00F020010020B0EBA3
:103DC000511F06D0FFE70399886B40F020008863FD
:103DD000FFE703980068406B00F010010020B0EB93
:103DE000111F06D0FFE70399886B40F0100088632D
:103DF000FFE703980068406B00F400710020B0EB0F
:103E0000512F06D0FFE70399886B40F008008863C4
:103E1000FFE70398016840F23A70886303980168ED
:103E2000C86B40F23A329043C8630398006808F0C8
:103E3000B5F902460399886B104388639DF8040026
:103E40000007002808D5FFE70399012081F8340016
:103E50000398FFF735FC42E09DF8040000060028B7
:103E60003BD5FFE70398006C98B1FFE70398016C1E
:103E700048F6F100C0F6000008650398006CFEF7F4
:103E800071FD28B1FFE70398006C04F031FDFFE7F6
:103E900022E00398C06B98B1FFE70398C16B48F626
:103EA0005900C0F6000008650398C06BFEF75AFD84
:103EB00028B1FFE70398C06B04F0CEFCFFE70AE0EF
:103EC0000399002088630399012081F83400039846
:103ED000FFF718FBFFE7FFE700E0FFE7FFE700E081
:103EE000FFE7FFE7FFE7FFE704B080BD80B582B0E2
:103EF0000090009820B9FFE701208DF8070035E019
:103F0000009890F8340038B9FFE70099002008774E
:103F1000009800F0C1F8FFE70099032081F8340011
:103F2000009800F027F8012804D1FFE701208DF860
:103F300007001BE00099002088630099086300993E
:103F4000012081F834000098006958B1FFE700981B
:103F50000169FFF7DBFA20B1FFE701208DF80700C8
:103F600004E0FFE700208DF80700FFE79DF8070059
:103F700002B080BDB0B58EB00C90002005900690C8
:103F800007900890099076200A900C98006805998F
:103F9000069A079BDDF820C0099C0A9DEE46CEF8E4
:103FA0000850CEF80440CEF800C007F051FF8DF85D
:103FB00013009DF81300012804D1FFE701208DF8BC
:103FC000370064E048F2A001C4F225210020086017
:103FD0000C98006807F06AFF8DF813009DF8130035
:103FE000012804D1FFE701208DF837004FE048F2A7
:103FF000A001C4F22521012008600220FEF784FF01
:104000000C9804F0A5FD0B900B9860B1FFE70C999C
:10401000012081F834000B9B0C9A916B194391633A
:104020008DF8370033E00C9804F0A0FC0B900B984F
:1040300060B1FFE70C99012081F834000B9B0C9ACA
:10404000916B194391638DF8370020E00C9800685C
:104050004FF4007107F068FF0B900B9898B1FFE7E1
:104060000C98016840F2FF50C0F2400088630B9A40
:104070000C99886B104388630C99012081F83400F7
:104080008DF8370003E000208DF83700FFE79DF83A
:1040900037000EB0B0BD000080B592B01190002086
:1040A00010900F900E900D900C901198006842F6B1
:1040B0000041C4F20101884240F0DF80FFE7FFE7E2
:1040C00000200B9043F64400C4F20200016841F462
:1040D00000610160006800F400600B900B98FFE73E
:1040E000FFE700200A9043F63000C4F202000168A6
:1040F00041F004010160006800F004000A900A9891
:10410000FFE7FFE70020099043F63000C4F2020009
:10411000016841F008010160006800F008000990A2
:104120000998FFE74FF4F8500C90022002900D9090
:10413000012003900E90032007900F900C20049014
:10414000109040F60000C4F202000CA90591FEF7A1
:1041500035FFDDF808C0039B04980599079A4FF0D6
:10416000040ECDF818E0CDF830E0CDF834C00E9351
:104170000F92109040F60040C4F20200FEF71EFFBE
:10418000069A079948F6AC10C2F20100089046F270
:104190005843C4F2020303604FF0006343604023BE
:1041A00083600023C3604FF4806303614FF4805346
:1041B00043614FF4804383612023C3614FF4003394
:1041C0000362426281624FF40001C1624FF4001148
:1041D0000163FEF77FFD18B1FFE7FEF7B1F8FFE7D7
:1041E000FFE7119848F6AC11C2F201010164119881
:1041F0008863FFE748F64C10C2F20100019046F2D6
:10420000A041C4F2020101604FF000614160002151
:104210008160C1604FF4806101614FF48051416160
:104220004FF4804181612021C1614FF4003101626E
:1042300004214162032181624FF40001C1624FF405
:1042400000110163FEF746FD18B1FFE7FEF778F8AD
:10425000FFE7FFE7119848F64C11C2F20101C16374
:1042600011988863FFE7312000900521002200F0BB
:1042700013FA009800F006FAFFE712B080BD0000C4
:1042800080B58EB00C900B910A9209930A98019018
:104290000B9848B9FFE70C99886B40F00060886381
:1042A00001208DF83700CEE00C9890F834000128FA
:1042B00040F0C580FFE70C99002088630A980999AF
:1042C00008440C99896D884209D9FFE70C99886BDD
:1042D00040F00070886301208DF83700B3E00C993E
:1042E000032081F834000C9801680020C8620C9902
:1042F0000A68D16B40F22A331943D1630C99CA6B17
:1043000048F2F571C0F60001D1630C99CA6B48F20E
:104310005571C0F60001D1640C99C96B08650C9801
:10432000406C012804D0FFE7019840020190FFE7AC
:104330000C98C16B002088600C98C06B0068006806
:1043400020F0C0000C99CA6B116892681043086095
:104350000C980168C06B80310B9ADDF824C04FF6D1
:104360008073C3F6FF7303EACC13FEF76BFDC0B195
:10437000FFE70C980168C86B20F49570C8630C982F
:10438000016840F2FF50C0F2400088630C994FF082
:10439000804088630C99012081F834008DF8370043
:1043A00051E048F28C51C4F22521012008604FF001
:1043B000FF3103910999490204919021059102214D
:1043C00006910021079108900C98006803A907F056
:1043D000F7FC099802280AD3FFE70C9982200863AA
:1043E0000C980068019907F0EDFD029009E00C9926
:1043F000812008630C980068019907F001FE029083
:10440000FFE70298B8B1FFE70C98016840F2FF504F
:10441000C0F2400088630C980168C86B20F4957066
:10442000C86302980C9988630C99012081F83400C4
:104430008DF8370007E000208DF8370003E00220F8
:104440008DF83700FFE79DF837000EB080BD000003
:1044500081B0009001B0704781B0009001B070470A
:1044600080B58EB00C900B910A9209930A98019036
:104470000B9848B9FFE70C99886B40F0006088639F
:1044800001208DF83700D2E00C9890F83400012814
:1044900040F0C980FFE70C99002088630A980999C9
:1044A00008440C99896D884209D9FFE70C99886BFB
:1044B00040F00070886301208DF83700B7E00C9958
:1044C000032081F834000C9801680020C8620C9920
:1044D0000A68D16B40F21A231943D1630C990A6C14
:1044E00048F6D501C0F60001D1630C990A6C48F278
:1044F0005571C0F60001D1640C99096C08650C98DF
:10450000406C012804D0FFE7019840020190FFE7CA
:10451000099802280AD3FFE70C99A02008630C9899
:104520000068019907F076FE029009E00C9990204E
:1045300008630C980068019907F08AFE0290FFE773
:104540000298C8B1FFE70C98016840F2FF50C0F232
:10455000400088630C980168C86B20F48D70C863B4
:10456000029A0C99886B104388630C99012081F89A
:1045700034008DF837005AE048F28C51C4F22521FE
:10458000012008600C98016C402088600C98006C39
:104590000068006820F0C0000C990A6C11689268ED
:1045A000104308600C980268006C0B998032DDF8AB
:1045B00024C04FF68073C3F6FF7303EACC13FEF7F3
:1045C00041FCC8B1FFE70C980168C86B20F48D70FE
:1045D000C8630C98016840F2FF50C0F24000886345
:1045E0000C99886B40F0804088630C99012081F819
:1045F00034008DF837001AE04FF0FF30039009982F
:1046000040020490902005900020009006900790B2
:10461000012008900C98006803A907F0D1FB0098CE
:104620008DF8370003E002208DF83700FFE79DF892
:1046300037000EB080BD000082B0FFE7002001907F
:1046400043F64400C4F20200016841F48041016075
:10465000006800F4804001900198FFE7FFE7002028
:10466000009043F64000C4F20200016841F080511E
:104670000160006800F0805000900098FFE702B0F1
:104680007047000080B582B08DF807009DF90700E3
:104690000CF03CFA02B080BD80B586B08DF81700F2
:1046A00004910392002002900CF048FA02909DF9C8
:1046B0001700019002980499039A05F04FFB0146F8
:1046C00001980CF043FA06B080BD000080B582B0BE
:1046D000019001980CF05CFA02B080BD0CF076FA03
:1046E00082B001908DF8031002B0704782B0019043
:1046F000ADF80210BDF80200019909684862002077
:1047000002B0704784B003908DF80B10ADF808200C
:1047100003980068406A00909DF80B0048B9FFE7D5
:10472000BDF80810009840EA0140039909688862C2
:1047300033E003980068816A009800EB1140009014
:1047400000208DF80700FFE79DF807009DF80B108B
:104750000139884213D2FFE7039800689DF80710DB
:1047600000EB8100D0F80411009800EB114000909C
:10477000FFE79DF8070001308DF80700E4E7BDF87A
:104780000810009840EA0140039909689DF80B2041
:1047900001EB8201C1F80001FFE7002004B070477F
:1047A00080B582B001900198D0F8E00409F064FC73
:1047B00002B080BD80B582B001908DF80310019ADF
:1047C000D2F8E0049DF8031001EBC10302EB830271
:1047D000126A09F0AFFA02B080BD000080B582B065
:1047E00001908DF80310019AD2F8E0049DF80310AF
:1047F00001EBC10302EB8302D2F8602209F062FBF5
:1048000002B080BD80B582B001900198D0F8E0047C
:1048100009F038FC02B080BD80B584B003908DF8FB
:104820000B109DF80B00000600280CD5FFE703983D
:104830009DF80B1001F00F0101EBC10100EB8100AD
:10484000143001900CE003989DF80B1001F00F015B
:1048500001EBC10100EB810000F515700190FFE74D
:104860000398006801990BF05BFC8DF80A009DF835
:104870000A0004B080BD000080B584B002908DF8BD
:1048800007109DF80700000600280FD5FFE70298E3
:104890009DF8071001F00F0101EBC10100EB810051
:1048A000143000900099012048700FE002989DF8A4
:1048B000071001F00F0101EBC10100EB810000F5D1
:1048C00015700090009900204870FFE79DF80700E0
:1048D00000F00F0000990870FFE7029890F8940428
:1048E000012804D1FFE702208DF80F0014E002999F
:1048F000012081F89404FFE7FFE70298006800991F
:104900000AF0FEFEFFE70299002081F89404FFE719
:1049100000208DF80F00FFE79DF80F0004B080BD68
:1049200080B584B002908DF807109DF8070000F064
:104930000F0002990979884204D9FFE701208DF818
:104940000F004DE09DF80700000600280FD5FFE797
:1049500002989DF8071001F00F0101EBC10100EB77
:104960008100143000900099012048700FE00298F7
:104970009DF8071001F00F0101EBC10100EB810070
:1049800000F515700090009900204870FFE700992D
:10499000002088709DF8070000F00F000099087053
:1049A000FFE7029890F89404012804D1FFE7022061
:1049B0008DF80F0014E00299012081F89404FFE7BC
:1049C000FFE70298006800990BF00AF9FFE70299E7
:1049D000002081F89404FFE700208DF80F00FFE726
:1049E0009DF80F0004B080BD80B584B002908DF8B2
:1049F0000710FFE7029890F89404012804D1FFE71C
:104A000002208DF80F0023E00299012081F8940420
:104A1000FFE7FFE79DF807000006002809D5FFE73C
:104A2000029800689DF8071001F00F010BF04AFC96
:104A300004E0029800680BF00BFCFFE7FFE7029927
:104A4000002081F89404FFE700208DF80F00FFE7B5
:104A50009DF80F0004B080BD82B001908DF8031066
:104A600001989DF8031001F00F0101EBC10100EB6B
:104A70008100D0F8680202B07047000080B586B0AF
:104A800004908DF80F10ADF80C208DF80B3000203D
:104A90008DF80A009DF80F00000600280FD5FFE7EB
:104AA00004989DF80F1001F00F0101EBC10100EB1C
:104AB0008100143001900199012048700FE00498A2
:104AC0009DF80F1001F00F0101EBC10100EB810017
:104AD00000F515700190019900204870FFE79DF8DE
:104AE0000F0000F00F0001990870BDF80C006FF383
:104AF000DF20019988609DF80B00019908710198E9
:104B0000407820B1FFE7019908784883FFE79DF8D6
:104B10000B00022804D1FFE7019900204871FFE74C
:104B2000FFE7049890F89404012804D1FFE70220DD
:104B30008DF8170015E00499012081F89404FFE72F
:104B4000FFE70498006801990AF0ACFCFFE70499BC
:104B5000002081F89404FFE79DF80A008DF8170003
:104B6000FFE79DF8170006B080BD000080B586B055
:104B700005908DF813100392029305989DF8131079
:104B800001F00F0101EBC10100EB810000F5157090
:104B9000019003980199C8600298019908610199F0
:104BA00000204861019948709DF8130000F00F0043
:104BB0000199087005988079012804D1FFE70398CE
:104BC0000199C861FFE7059A1068019992790BF085
:104BD000ABF8002006B080BD80B584B002908DF89F
:104BE00007109DF8070000F00F000299097988422C
:104BF00004D9FFE701208DF80F0058E09DF8070069
:104C0000000600280FD5FFE702989DF8071001F075
:104C10000F0101EBC10100EB8100143000900099FD
:104C2000012048700DE002989DF8071001EBC101CA
:104C300000EB810000F5157000900099002048708D
:104C4000FFE70099012088709DF8070000F00F0031
:104C500000990870FFE7029890F89404012804D1A5
:104C6000FFE702208DF80F0021E00299012081F872
:104C70009404FFE7FFE70298006800990BF000F842
:104C80009DF80700000740B9FFE7029A1068917984
:104C900002F29C420AF054FFFFE7FFE7029900206E
:104CA00081F89404FFE700208DF80F00FFE79DF8DE
:104CB0000F0004B080BD000080B586B005908DF86F
:104CC00013100392029305989DF8131001F00F0141
:104CD00001EBC10100EB81001430019003980199B0
:104CE000C860029801990861019900204861019902
:104CF000012048709DF8130000F00F000199087022
:104D000005988079012804D1FFE703980199C861CB
:104D1000FFE7059A1068019992790BF005F80020D9
:104D200006B080BD80B58CB00B900B9800680A90DF
:104D30000A9809900B9800680BF028FB002840F0B7
:104D40000B84FFE70B9800680BF08CFB10B9FFE7B2
:104D500000F002BC0998D0F80808C0F30D200B99A8
:104D6000C1F8D4040B9800680BF07CFB8007002886
:104D700007D5FFE70B980168486900F00200486119
:104D8000FFE70B9800680BF06DFBC006002862D5AA
:104D9000FFE70B980168886920F0100088610A9885
:104DA000006A02900B98029901F00F0101EBC1011A
:104DB00000EB810000F515700890029800F4F011E6
:104DC0000220B0EB514F23D1FFE7BDF8080047F6B2
:104DD000F07108421BD0FFE70A980899C968029A47
:104DE000C2F30A120BF04CFB029847F6F07100EA8E
:104DF0000103089AD06800EB1310D060029800EA13
:104E000001020899486900EB12104861FFE71BE0B6
:104E1000029800F4F0110620B0EB514F12D1FFE7D9
:104E20000A980B9901F29C4108220BF029FB029889
:104E300047F6F07100EA01020899486900EB121088
:104E4000486100E0FFE7FFE70B980168886940F0E0
:104E500010008861FFE70B9800680BF003FB00036C
:104E6000002840F1A680FFE7002004900B9800681E
:104E70000BF0A6FA0690FFE70698002800F098804D
:104E8000FFE79DF81800C007002800F08A80FFE7C0
:104E90000B9800689DF810100BF0CCFA05909DF867
:104EA0001400C00760B1FFE70998049900EB4111B5
:104EB0000120C1F8080B0B98049904F0D3FFFFE719
:104EC0009DF81400000700280CD5FFE70998049905
:104ED00000EB41110820C1F8080B0B98049904F06D
:104EE0007BFFFFE79DF81400C006002808D5FFE708
:104EF0000998049900EB41111020C1F8080BFFE755
:104F00009DF81400800700282DD5FFE70A98406916
:104F10000006002808D5FFE70999D1F8040840F4F5
:104F20008060C1F80408FFE70B98049901EBC10108
:104F300000EB810000F5157008900898C0780128F2
:104F400009D1FFE708990020C8700B989DF8101050
:104F500000F012FBFFE70998049900EB41110220D1
:104F6000C1F8080BFFE79DF814008006002808D55B
:104F7000FFE70998049900EB41112020C1F8080BC4
:104F8000FFE79DF815008006002809D5FFE709987E
:104F9000049900EB41114FF40050C1F8080BFFE7F2
:104FA000FFE704980130049006984008069063E7F4
:104FB000FFE70B9800680BF055FA4003002840F11A
:104FC000C680FFE70B9800680BF0E8F90690002018
:104FD0000490FFE70698002800F0B880FFE79DF8EE
:104FE0001800C007002800F0AA80FFE70B980068AF
:104FF0009DF810100BF0F6F905909DF81400C0070D
:1050000000283ED0FFE7049800F00F01012000FACD
:1050100001F10391039B099AD2F834189943C2F81D
:1050200034180999049A01EB4211C1F808090B9848
:10503000807901281FD1FFE70B98049901EBC1018A
:1050400000EB8101CA69086A10440862049888B9B3
:10505000FFE70B98049901EBC10100EB8100406A66
:1050600040B9FFE70B99086801F29C4201210AF060
:1050700067FDFFE7FFE70B989DF81010FFF79AFB1D
:10508000FFE79DF814000007002808D5FFE70998FE
:10509000049900EB41110820C1F80809FFE79DF8C9
:1050A0001400C006002808D5FFE70998049900EB12
:1050B00041111020C1F80809FFE79DF814004006CF
:1050C000002808D5FFE70998049900EB411140201A
:1050D000C1F80809FFE79DF814008007002822D5D1
:1050E000FFE70A9804990BF0EDF80B98049901EB8F
:1050F000C10100EB8100143008900898C0780128A5
:1051000009D1FFE708990020C8700B989DF810108E
:1051100000F024FAFFE70998049900EB41110220FE
:10512000C1F80809FFE79DF814000006002805D51E
:10513000FFE70B98049904F079FFFFE7FFE7049875
:105140000130049006984008069043E7FFE70B986B
:1051500000680BF087F9C00F00B3FFE70999D1F899
:10516000040820F00100C1F804080B9890F8CC0462
:10517000012808D1FFE70B98002180F8CC140B9888
:10518000FFF7AEFA03E00B9800F002FCFFE70B9884
:105190000168486900F000404861FFE70B9800682B
:1051A0000BF060F90005002811D5FFE70998D0F849
:1051B0000808C00720B1FFE70B9800F075FCFFE777
:1051C0000B980168486900F400604861FFE70B989C
:1051D00000680BF047F9C004002840F18680FFE723
:1051E0000999D1F8040820F00100C1F804080B98CF
:1051F000006810210BF066F800200790FFE7079881
:105200000B990979884231D2FFE70998079900EB99
:1052100041114FF67F30C1F808090999079A01EB4F
:105220004212D2F8001921F40011C2F800190999AC
:10523000079A01EB4211C1F8080B0998079900EB96
:105240004111D1F8000B20F40010C1F8000B0998AF
:10525000079900EB4111D1F8000B40F00060C1F854
:10526000000BFFE7079801300790C8E70999D1F8CC
:105270001C0840F00110C1F81C080B98C07B78B1E5
:10528000FFE70999D1F8840840F00B00C1F88408C1
:105290000999D1F8440840F00B00C1F844080FE028
:1052A0000999D1F8140842F22B021043C1F81408EE
:1052B0000999D1F8100840F00B00C1F81008FFE779
:1052C0000999D1F8000820F4FE60C1F800080B9A93
:1052D0001068917902F29C420AF032FC0B98016846
:1052E000486900F480504861FFE70B9800680BF0B4
:1052F000B9F8800400281FD5FFE70B9800680AF072
:1053000041F90B9800680BF01BF80B99C8710B98CA
:105310000068019000F088FF014601980B9AD2794D
:105320000BF0A6F90B9800F009FB0B98016848698F
:1053300000F400504861FFE70B9800680BF092F80A
:10534000000700280AD5FFE70B9800F02BFB0B980D
:105350000168486900F008004861FFE70B980068A1
:105360000BF080F80006002825D5FFE70A99886928
:1053700020F08000886101200490FFE704980B99D9
:105380000979884216D2FFE70B98049901EBC10115
:1053900000EB810090F85702012806D1FFE70B9837
:1053A0009DF81010FFF738FAFFE7FFE70498013087
:1053B0000490E3E7FFE70B9800680BF053F8C00296
:1053C00000283CD5FFE701200490FFE704980B99E3
:1053D000097988422CD2FFE70998049900EB411023
:1053E000D0F8000902900B98049901EBC10100EB81
:1053F0008100007E012816D1FFE79DF80B00000612
:10540000002810D5FFE70B98049901EBC10100EBD0
:1054100081010120C8750B989DF8101041F08001A2
:10542000FFF7FAF9FFE7FFE7049801300490CDE7B2
:105430000B980168486900F480104861FFE70B98F9
:1054400000680BF00FF88002002855D5FFE7012017
:105450000490FFE704980B990979884245D2FFE749
:105460000998049900EB4110D0F8000B02900B98BA
:10547000049901EBC10100EB810090F8580201286A
:105480002ED1FFE79DF80B000006002828D5FFE786
:10549000029800F480300B99D1F8D41401F0010186
:1054A00088421DD1FFE70B98049901EBC10100EB85
:1054B0008101012081F857020A99886940F0800033
:1054C00088610A9840690006002808D4FFE7099916
:1054D000D1F8040840F40070C1F8040805E0FFE7C3
:1054E000FFE7049801300490B4E70B98016848691D
:1054F00000F400104861FFE70B9800680AF0B2FF63
:10550000400000280AD5FFE70B98FFF749F90B98F0
:105510000168486900F080404861FFE70B98006827
:105520000AF0A0FF4007002815D5FFE70B98006898
:10553000406802909DF808004007002804D5FFE766
:105540000B98FFF75FF9FFE7029A0B98016848682C
:1055500010434860FFE7FFE70CB080BD80B582B024
:1055600001908DF803100198D0F8E0049DF8031025
:1055700008F046FE02B080BD80B582B001908DF883
:1055800003100198D0F8E0049DF8031008F070FEB5
:1055900002B080BD80B58EB00C900C9820B9FFE7AA
:1055A00001208DF8370012E10C9800680B900C98E0
:1055B00090F8950440B9FFE70C99002081F8940415
:1055C0000C9800F009F9FFE70C99032081F8950485
:1055D0000B98B0F1A04F04D1FFE70C99002088711F
:1055E000FFE70C9800680AF0A1FA0C9B1868197C78
:1055F0008DF8241059689A68DB6808930792069121
:105600000699079A089BDDF824C0EE46CEF800C044
:1056100009F0CEFF40B1FFE70C99022081F8950414
:1056200001208DF83700D2E00C98006800210AF0C4
:1056300081FF40B1FFE70C99022081F89504012019
:105640008DF83700C3E000208DF82B00FFE79DF8B0
:105650002B000C990979884241DAFFE70C989DF8F4
:105660002B1001EBC10100EB8101012048759DF871
:105670002B000C9900EBC00201EB820108759DF82C
:105680002B000C9900EBC00201EB8201C8850C983D
:105690009DF82B1001EBC10100EB81010020087681
:1056A0000C999DF82B2002EBC20201EB8201C8612C
:1056B0000C999DF82B2002EBC20201EB82010862DB
:1056C0000C999DF82B2002EBC20201EB820148628B
:1056D000FFE79DF82B0001308DF82B00B7E7002085
:1056E0008DF82B00FFE79DF82B000C990979884273
:1056F0003EDAFFE70C989DF82B1001EBC10100EB9F
:105700008101002081F855029DF82B100C9A01EBC5
:10571000C10302EB830282F854120C999DF82B20EE
:1057200002EBC20201EB820181F858020C999DF84C
:105730002B2002EBC20201EB8201C1F85C020C9942
:105740009DF82B2002EBC20201EB8201C1F860023E
:105750000C999DF82B2002EBC20201EB8201C1F8EB
:105760006402FFE79DF82B0001308DF82B00BAE7AB
:105770000C9B1868197C8DF8141059689A68DB68BE
:105780000493039202910299039A049BDDF814C0DA
:10579000EE46CEF800C00AF07BF840B1FFE70C9966
:1057A000022081F8950401208DF837000FE00C9954
:1057B0000020019048740C99012081F895040C9800
:1057C00000680AF04FF801988DF83700FFE79DF860
:1057D00037000EB080BD000080B592B0119000205F
:1057E00010900F900E900D900C9011980068002171
:1057F000C4F20401884240F09F80FFE7FFE70020E9
:105800000B9043F63000C4F20200016841F004013D
:105810000160006800F004000B900B98FFE7FFE7C1
:1058200000200A9043F63000C4F20200016841F003
:1058300001010160006800F001000A900A98FFE78A
:10584000FFE70020099043F63000C4F2020001682F
:1058500041F002010160006800F00200099009981F
:10586000FFE70D200C90022002900D900020039085
:105870000E90032004900F900A200590109040F69F
:105880000000C4F202000CA90691FDF797FBDDF8B9
:1058900008C0039B049A059806994FF0280ECDF88E
:1058A00030E0CDF834C00E930F9210900020C4F277
:1058B0000200FDF783FBDDF808C0039B049A0598FE
:1058C000069943F6234ECDF830E0CDF834C00E9360
:1058D0000F92109040F20040C4F20200FDF76EFB00
:1058E000FFE70020089043F63000C4F20200016890
:1058F00041F000510160006800F0005008900898E5
:10590000FFE7FFE70020079043F63000C4F20200F3
:10591000016841F080410160006800F0804007901C
:105920000798FFE74D20019007210022FEF7B4FE03
:105930000198FEF7A7FEFFE712B080BD80B582B0E8
:10594000019001208DF803000198C07920B9FFE78C
:1059500000208DF803000CE00198C079022804D1E2
:10596000FFE701208DF8030002E0FCF7E9FCFFE708
:10597000FFE70198D0F8E0049DF8031008F078FDE7
:105980000198D0F8E00408F0F3FC02B080BD0000FC
:1059900080B582B001900198D0F8E00408F036FD9F
:1059A00002B080BD80B582B001900198D0F8E004CB
:1059B00008F03EFD02B080BD80B584B002908DF845
:1059C0000710FFE7029890F89404012804D1FFE73C
:1059D00002208DF80F0019E00299012081F894044B
:1059E000FFE7FFE79DF807000299487402980068F6
:1059F0009DF807100AF00EFEFFE70299002081F8DB
:105A00009404FFE700208DF80F00FFE79DF80F00DA
:105A100004B080BD80B582B001900199D1F8E00456
:105A200001F29C4108F04EFD02B080BD80B584B00B
:105A30000290029800680190FFE7029890F89404A1
:105A4000012804D1FFE702208DF80F0028E0029919
:105A5000012081F89404FFE7FFE70198C068400641
:105A600000280BD5FFE70298407B012806D1FFE70D
:105A70000199886B40F480308863FFE702980068E2
:105A80000AF0DCFB0298006809F0D6FEFFE70299F5
:105A9000002081F89404FFE700208DF80F00FFE755
:105AA0009DF80F0004B080BD80B582B001900198D0
:105AB000D0F8E00408F088FD01980168D1F8000EE4
:105AC00040F00100C1F8000E0198C07A48B1FFE72C
:105AD0004EF61051CEF20001086840F00600086052
:105AE000FFE702B080BD000080B584B000200290C6
:105AF000FFE70020019043F64000C4F20200016875
:105B000041F080510160006800F0805001900198E0
:105B1000FFE74021C4F20E2101200860FDF78AFC56
:105B20000290FFE747F20400C4F20000006800F4AE
:105B30008030B0F5803F0DD0FFE7FDF77BFC029988
:105B4000401AB0F57A7F04D9FFE703208DF80F00E3
:105B500025E0E7E74421C4F20E2101200860FDF7AB
:105B600069FC0290FFE747F20400C4F200000068FD
:105B700000F40030B0F5003F0DD0FFE7FDF75AFC10
:105B80000299401AB0F57A7F04D9FFE703208DF817
:105B90000F0004E0E7E700208DF80F00FFE79DF815
:105BA0000F0004B080BD000080B586B004900020D6
:105BB0000390029004980078C00770B9FFE704983A
:105BC000006800F00200022807D0FFE70498007880
:105BD0004006002840F18F80FFE76821C4F247218A
:105BE00000200860FDF726FC0390FFE743F6000065
:105BF000C4F20200006800F000610020B0EBD16F39
:105C00000CD0FFE7FDF716FC0399401A032804D3D4
:105C1000FFE703208DF81700D0E1E7E7049800784C
:105C2000C00760B1FFE7049948688968800140EACD
:105C3000017043F68401C4F202010860FFE7049892
:105C40000078800700281FD5FFE743F68401C4F2DF
:105C500002010868C0F302700290049A5068D2688A
:105C6000800140EA0260029A40EA0270086043F64E
:105C70008C01C4F20201086820F01F00049AD26966
:105C8000013A10430860FFE70498007840060028B6
:105C90000FD5FFE7049A50689168D268800140EA06
:105CA000026040EA017043F68401C4F20201086018
:105CB000FFE76821C4F2472101200860FDF7BAFB25
:105CC0000390FFE743F60000C4F20200006800F012
:105CD00000610020B0EBD16F0CD1FFE7FDF7AAFB0C
:105CE0000399401A032804D3FFE703208DF8170017
:105CF00064E1E7E7FFE70498006800F00400042887
:105D000007D0FFE7049800780007002840F1908052
:105D1000FFE77021C4F2472100200860FDF78AFBED
:105D20000390FFE743F60000C4F20200006800F0B1
:105D300000510020B0EB517F0CD0FFE7FDF77AFB5C
:105D40000399401A032804D3FFE703208DF81700B6
:105D500034E1E7E7049800784007002822D5FFE700
:105D600043F68801C4F202010868C0F30270029091
:105D7000049A10695269800140EA0260029A40EA7E
:105D80000270086043F68C01C4F20201086820F436
:105D9000F850049A136A6FF0FF0202EB03221043DB
:105DA0000860FFE704980078000700281ED5FFE789
:105DB00043F68801C4F202010868C0F30360029050
:105DC000049A106992698001029B40EA036040EAEC
:105DD0000270086043F68C01C4F20201086820F4E6
:105DE0004030049A526A10430860FFE77021C4F201
:105DF000472101200860FDF71DFB0390FFE743F6F4
:105E00000000C4F20200006800F000510020B0EB76
:105E1000517F0CD1FFE7FDF70DFB0399401A0328D2
:105E200004D3FFE703208DF81700C7E0E7E7FFE79B
:105E3000049800788006002840F1AD80FFE7FFE776
:105E40000020019043F64000C4F20200016841F0D6
:105E500080510160006800F0805001900198FFE7D8
:105E600047F20001C4F20001086840F48070086045
:105E7000FDF7E0FA0390FFE747F20000C4F20000EC
:105E80000068C00500280CD4FFE7FDF7D3FA03999A
:105E9000401A032804D3FFE703208DF817008DE094
:105EA000EAE743F67000C4F20200006800F44070B4
:105EB0000290029800283ED0FFE702980499896A70
:105EC00001F44071884236D0FFE743F67000C4F217
:105ED0000200016821F44071029140F64062C4F270
:105EE00047220121116000211160029901600068C0
:105EF000C007F8B1FFE7FDF79DFA0390FFE743F60F
:105F00007000C4F20200006800F002010020B0EB53
:105F1000510F0ED1FFE7FDF78DFA0399401A41F2B8
:105F20008931884204D3FFE703208DF8170045E04C
:105F3000E5E7FFE7FFE7FFE70498806A00F44070B9
:105F4000B0F5407F11D1FFE743F60801C4F202012A
:105F5000086820F4F810049A926A4FF6FF43C0F6DE
:105F6000FF731A401043086008E043F60801C4F2CA
:105F70000201086820F4F8100860FFE70498826ABC
:105F80006FF31F3243F67001C4F202010868104338
:105F90000860FFE7FFE704980078C006002809D5ED
:105FA000FFE7049890F82C0041F2E011C4F2472179
:105FB0000860FFE700208DF81700FFE79DF8170045
:105FC00006B080BD80B584B002900191029820B9DE
:105FD000FFE701208DF80F0021E1019843F6004111
:105FE000C4F20201096801F00F01884212D9FFE7EB
:105FF000019943F60040C4F202000170006800F00D
:106000000F000199884204D0FFE701208DF80F00AE
:1060100005E1FFE702980078800700282AD5FFE70E
:10602000029800784007002809D5FFE743F60801E9
:10603000C4F20201086840F4E0500860FFE70298EB
:1060400000780007002809D5FFE743F60801C4F2ED
:106050000201086840F460400860FFE743F6080169
:10606000C4F20201086820F0F000029A926810431E
:106070000860FFE702980078C00700286ED0FFE7AD
:1060800002984068012811D1FFE743F60000C4F2EE
:106090000200006800F400310020B0EB514F04D141
:1060A000FFE701208DF80F00B9E02CE0029840686E
:1060B000022805D0FFE702984068032811D1FFE7C6
:1060C00043F60000C4F20200006800F000710020F6
:1060D000B0EB516F04D1FFE701208DF80F009EE077
:1060E00010E043F60000C4F20200006800F0020174
:1060F0000020B0EB510F04D1FFE701208DF80F0015
:106100008DE0FFE7FFE743F60801C4F202010868EB
:1061100020F00300029A526810430860FDF78AF9E4
:106120000090FFE743F60800C4F20200006800F0A8
:106130000C0002994968B0EB810F0ED0FFE7FDF724
:1061400079F90099401A41F28931884204D3FFE776
:1061500003208DF80F0062E0E4E7FFE7019843F6C3
:106160000041C4F20201096801F00F01884212D215
:10617000FFE7019943F60040C4F202000170006895
:1061800000F00F000199884204D0FFE701208DF84C
:106190000F0044E0FFE702980078400700280CD584
:1061A000FFE743F60801C4F20201086820F4E0505A
:1061B000029AD26810430860FFE70298007800074F
:1061C00000280DD5FFE743F60801C4F20201086874
:1061D00020F46040029A126940EAC2000860FFE7BA
:1061E00000F04CF843F60801C4F202010968C9B294
:1061F0000A0946F2D061C0F60101895CC84040F24C
:106200004801C2F20001086040F25C10C2F20000D6
:106210000068FDF73FF900208DF80F00FFE79DF8BB
:106220000F0004B080BD000040F24800C2F2000040
:106230000068704780B5FFF7F7FF43F60801C4F226
:1062400002010968C1F3822246F2E061C0F6010151
:10625000895CC84080BD000080B5FFF7E5FF43F6CC
:106260000801C4F20201096889B24A0B46F2E061F2
:10627000C0F60101895CC84080BD000080B586B0D1
:106280000020059004900390029043F60800C4F2A9
:106290000200006800F00C000146019140B1FFE7E8
:1062A000019804280AD0FFE7019808280CD04FE095
:1062B00042F20040C0F2F40002904FE047F6400086
:1062C000C0F27D10029049E043F60400C4F20200DF
:1062D000016801F03F01059100684002002813D5D4
:1062E000FFE743F60400C4F202000068C0F3881020
:1062F00047F64001C0F27D11A0FB0101059A002381
:10630000F9F770FF049012E043F60400C4F20200B3
:106310000068C0F3881042F20041C0F2F401A0FB13
:106320000101059A0023F9F75DFF0490FFE743F6AA
:106330000400C4F20200006800F44031022000EBC7
:10634000D130039004980399B0FBF1F0029005E07E
:1063500042F20040C0F2F4000290FFE7029806B05B
:1063600080BD000080B586B00490049820B9FFE796
:1063700001208DF8170050E304980078C00700282A
:1063800000F0A580FFE743F60800C4F202000068B1
:1063900000F00C00042813D0FFE743F60800C4F215
:1063A0000200006800F00C0008281ED1FFE743F649
:1063B0000400C4F2020000684002002815D5FFE77F
:1063C00043F60000C4F20200006800F4003100202F
:1063D000B0EB514F08D0FFE70498406820B9FFE7C1
:1063E00001208DF8170018E370E0FFE7049840687B
:1063F000B0F5803F09D1FFE743F60001C4F2020186
:10640000086840F48030086020E004984068B0F5E7
:10641000A02F0DD1FFE743F60001C4F20201086886
:1064200040F480200860086840F4803008600CE088
:1064300043F60001C4F20201086820F480300860CD
:10644000086820F480200860FFE7FFE7FFE7049872
:106450004068E8B1FFE7FCF7EDFF0390FFE743F684
:106460000000C4F20200006800F400310020B0EB2C
:10647000514F0CD1FFE7FCF7DDFF0399401A652867
:1064800004D3FFE703208DF81700C6E2E7E71CE01E
:10649000FCF7D0FF0390FFE743F60000C4F20200D0
:1064A000006800F400310020B0EB514F0CD0FFE742
:1064B000FCF7C0FF0399401A652804D3FFE70320C7
:1064C0008DF81700A9E2E7E7FFE7FFE7FFE7049889
:1064D00000788007002840F19680FFE743F6080027
:1064E000C4F20200006810F00C0F13D0FFE743F66F
:1064F0000800C4F20200006800F00C0008282CD14B
:10650000FFE743F60400C4F20200006840020028DE
:1065100023D4FFE743F60000C4F20200006800F055
:1065200002010020B0EB510F09D0FFE70498C068CA
:10653000012804D0FFE701208DF817006DE243F633
:106540000001C4F20201086820F0F800049A126900
:1065500040EAC2000860FFE754E00498C06870B3E6
:10656000FFE70021C4F2472101200860FCF762FF29
:106570000390FFE743F60000C4F20200006800F059
:1065800002010020B0EB510F0CD1FFE7FCF752FFE6
:106590000399401A032804D3FFE703208DF817005E
:1065A0003BE2E7E743F60001C4F20201086820F08D
:1065B000F800049A126940EAC200086021E0002154
:1065C000C4F2472100200860FCF734FF0390FFE786
:1065D00043F60000C4F20200006800F0020100204F
:1065E000B0EB510F0CD0FFE7FCF724FF0399401AE2
:1065F000032804D3FFE703208DF817000DE2E7E737
:10660000FFE7FFE7FFE704980078000700284BD575
:10661000FFE70498406918B3FFE740F68061C4F2D1
:10662000472101200860FCF705FF0390FFE743F6D0
:106630007400C4F20200006800F002010020B0EB18
:10664000510F0CD1FFE7FCF7F5FE0399401A032820
:1066500004D3FFE703208DF81700DEE1E7E722E02F
:1066600040F68061C4F2472100200860FCF7E2FE9A
:106670000390FFE743F67400C4F20200006800F0E4
:1066800002010020B0EB510F0CD0FFE7FCF7D2FE67
:106690000399401A032804D3FFE703208DF817005D
:1066A000BBE1E7E7FFE7FFE7049800784007002831
:1066B00040F1CE80FFE700208DF8070043F6400050
:1066C000C4F202000068C000002815D4FFE7FFE70D
:1066D0000020009043F64000C4F20200016841F03F
:1066E00080510160006800F0805000900098FFE742
:1066F00001208DF80700FFE747F20000C4F2000018
:106700000068C005002822D4FFE747F20001C4F268
:106710000001086840F480700860FCF78BFE03906D
:10672000FFE747F20000C4F200000068C00500283F
:106730000CD4FFE7FCF77EFE0399401A032804D32C
:10674000FFE703208DF8170067E1EAE7FFE7FFE7BF
:1067500004988068012809D1FFE743F67001C4F26C
:106760000201086840F0010008601FE0049880689A
:1067700005280DD1FFE743F67001C4F20201086855
:1067800040F004000860086840F0010008600CE078
:1067900043F67001C4F20201086820F001000860AD
:1067A000086820F004000860FFE7FFE7FFE70498AF
:1067B0008068F8B1FFE7FCF73DFE0390FFE743F682
:1067C0007000C4F20200006800F002010020B0EB8B
:1067D000510F0ED1FFE7FCF72DFE0399401A41F24D
:1067E0008931884204D3FFE703208DF8170014E1B4
:1067F000E5E71EE0FCF71EFE0390FFE743F670009E
:10680000C4F20200006800F002010020B0EB510F5A
:106810000ED0FFE7FCF70EFE0399401A41F28931D2
:10682000884204D3FFE703208DF81700F5E0E5E781
:10683000FFE79DF80700012809D1FFE743F6400173
:10684000C4F20201086820F080500860FFE7FFE70B
:1068500004988069002800F0DC80FFE743F6080018
:10686000C4F20200006800F00C00082800F08580E7
:10687000FFE70498806902285CD1FFE76021C4F239
:10688000472100200860FCF7D5FD0390FFE743F6A1
:106890000000C4F20200006800F000710020B0EBBC
:1068A000516F0CD0FFE7FCF7C5FD0399401A032890
:1068B00004D3FFE703208DF81700AEE0E7E7049963
:1068C000C869D1F820C04B6A8A6A40EA0C0040EAE5
:1068D0008310D2034FF6FF739A43A2F58032104320
:1068E000C96A40EA016043F60401C4F2020108608B
:1068F0006021C4F2472101200860FCF79BFD039052
:10690000FFE743F60000C4F20200006800F00071E7
:106910000020B0EB516F0CD1FFE7FCF78BFD039922
:10692000401A032804D3FFE703208DF8170074E012
:10693000E7E721E06021C4F2472100200860FCF76E
:1069400079FD0390FFE743F60000C4F202000068FF
:1069500000F000710020B0EB516F0CD0FFE7FCF7A6
:1069600069FD0399401A032804D3FFE703208DF83B
:10697000170052E0E7E7FFE74AE004988069012842
:1069800004D1FFE701208DF8170046E043F604002C
:10699000C4F202000068029004988069012831D096
:1069A000FFE7029800F480000499C969884229D160
:1069B000FFE7029800F03F000499096A884221D15C
:1069C000FFE7029847F6C07108400499496AB0EBA6
:1069D000811F17D1FFE7029800F440300499896ABB
:1069E000C9034FF6FF729143A1F58031884209D166
:1069F000FFE7029800F070600499C96AB0EB016F7C
:106A000004D0FFE701208DF8170006E0FFE7FFE75D
:106A1000FFE700208DF81700FFE79DF8170006B08C
:106A200080BD000080B584B00390029101920020E7
:106A300000900398006840684FF63F71C0F2FF0174
:106A400008400090BDF802000299C8700098C0F399
:106A5000042002994870009800F03F000299887065
:106A6000BDF80000400B02990870019898B9FFE743
:106A70000298C07803F00AFF0299C8700298407823
:106A800003F004FF029948700298807803F0FEFE3C
:106A900002998870FFE7002004B080BD80B584B003
:106AA0000390029101920020009003980068806A90
:106AB000029948600398006800696FF3DF3002991B
:106AC000886003980068006847F67F71C0F27F0114
:106AD000084000900098C0F30540029908700098A3
:106AE000C0F3062002994870009800F07F000299D8
:106AF00088700098C0F380500299C870019898B9C6
:106B0000FFE70298007803F0C1FE0299087002982E
:106B1000407803F0BBFE029948700298807803F039
:106B2000B5FE02998870FFE7002004B080BD000028
:106B300080B584B0029001208DF80700029820B93A
:106B4000FFE701208DF80F0077E00298407F38B909
:106B5000FFE7029900200877029800F073F8FFE73A
:106B600002990220487702980068C06800F010017E
:106B70000020B0EB111F4FD1FFE7FFE7029801683B
:106B8000CA2048620298016853204862FFE70298D1
:106B900003F0B0FE8DF807009DF8070020BBFFE76B
:106BA0000298016888684FF6BF72CFF68F72104066
:106BB0008860029A11685068136952691843024349
:106BC00088681043886002980168C068086102986C
:106BD00001688268086940EA02400861029803F08F
:106BE000CBFE8DF80700FFE79DF8070068B9FFE7C7
:106BF00002980168086C20F48020086402980168FB
:106C00008269086C10430864FFE7FFE70298016897
:106C1000FF204862FFE703E000208DF80700FFE750
:106C20009DF8070020B9FFE7029901204877FFE7A8
:106C30009DF807008DF80F00FFE79DF80F0004B0E6
:106C400080BD000080B58EB00D9001A83021F9F70D
:106C500013FB0D98006842F60001C4F2000188425F
:106C600014D1FFE7202001904FF480700B9001A811
:106C7000FEF79AFF18B1FFE7FBF762FBFFE740F66C
:106C80003C61C4F2472101200860FFE70EB080BDDF
:106C900080B588B006900591049200200390FFE72C
:106CA0000698007F012804D1FFE702208DF81F001D
:106CB0007DE0069901200877FFE7FFE706990220AB
:106CC0004877049868B9FFE705984078C00600281F
:106CD00007D5FFE70599487800F0EF000A304870C3
:106CE000FFE70498E0B9FFE70598C07803F0E4FDFA
:106CF000000400900598407803F0DEFD01460098FE
:106D000040EA012001900598807803F0D5FD014606
:106D1000019808440599097840EA413003900CE055
:106D20000598017843788278C078000440EA03200F
:106D3000104440EA41300390FFE7FFE706980168FE
:106D4000CA2048620698016853204862FFE7069807
:106D500003F0D0FD8DF80B009DF80B0078B9FFE72C
:106D600003984FF63F71C0F2FF0108400699096889
:106D70004860069803F000FE8DF80B00FFE79DF8D1
:106D80000B0020B9FFE7069901204877FFE7FFE7EE
:106D900006980168FF204862FFE7FFE70699002098
:106DA0000877FFE79DF80B008DF81F00FFE79DF8BF
:106DB0001F0008B080BD000080B588B00690059126
:106DC000049200200390FFE70698007F012804D179
:106DD000FFE702208DF81F0095E006990120087753
:106DE000FFE7FFE7069902204877049840BBFFE7DA
:106DF0000698006880684006002801D5FFE703E098
:106E000005990020C870FFE70598007803F054FD4D
:106E1000000400900598407803F04EFD014600986C
:106E200040EA012001900598807803F045FD014675
:106E3000019808440599C97840EA8150039018E008
:106E40000698006880684006002801D5FFE703E047
:106E500005990020C870FFE7059908784B788A7873
:106E6000C978000440EA0320104440EA81500390AE
:106E7000FFE7FFE706980168CA20486206980168A4
:106E800053204862FFE7069803F034FD8DF80B00AD
:106E90009DF80B00F8B9FFE7039847F67F71C0F241
:106EA0007F010840069909680860069801688868AB
:106EB00020F4802088600599C868096940EA0102C9
:106EC00006980168886810438860069803F054FDAE
:106ED0008DF80B00FFE79DF80B0020B9FFE706993E
:106EE00001204877FFE7FFE706980168FF20486226
:106EF000FFE7FFE7069900200877FFE79DF80B0002
:106F00008DF81F00FFE79DF81F0008B080BD00004E
:106F100080B584B00290002001900298016847F685
:106F20005F70C0F20100C860FCF784FA0190FFE7CF
:106F300002980068C068800600280DD4FFE7FCF7BF
:106F400079FA0199401AB0F57A7F04D9FFE7032056
:106F50008DF80F0004E0EBE700208DF80F00FFE74D
:106F60009DF80F0004B080BD81B0009001B0704763
:106F700080B588B007900798006840680690079829
:106F80000068806805909DF8140000F04001002022
:106F9000B0EB911F11D1FFE70598C00768B1FFE77B
:106FA0009DF8180000F040010020B0EB911F04D0C4
:106FB000FFE70798016C8847F0E09DF8140000F0A7
:106FC00002010020B0EB510F0BD0FFE79DF8181025
:106FD0000020B0EBD11F04D0FFE70798416C884731
:106FE000DCE09DF8140000F020010020B0EB511F00
:106FF00010D1FFE79DF8140000F040010020B0EB35
:10700000911F07D1FFE79DF81500C007002800F089
:10701000C580FFE79DF8180000F020010020B0EBCC
:10702000511F00F0BB80FFE79DF8140000F0400105
:107030000020B0EB911F28D0FFE7079890F851008F
:10704000032813D0FFE70799486D40F00400486516
:10705000FFE70020049007980068C0680490079834
:107060000068806804900498FFE70DE0FFE70020C7
:10707000039007980068C0680390079800688068CC
:1070800003900398FFE789E0FFE79DF8140000F004
:1070900020010020B0EB511F15D0FFE70799486D84
:1070A00040F001004865FFE7002002900798006863
:1070B0008068029007980168086820F04000086026
:1070C0000298FFE7FFE79DF81500C00778B1FFE7DA
:1070D0000799486D40F008004865FFE700200190DF
:1070E00007980068806801900198FFE7FFE707981C
:1070F000406D002851D0FFE707980168486820F0EC
:10710000E00048600799012081F85100069800F0DE
:107110000200022805D0FFE79DF81800C007B8B3A9
:10712000FFE707980168486820F003004860079867
:10713000C06CA0B1FFE70798C16C4CF27D60C0F64F
:10714000000008650798C06CFBF70CFC30B1FFE746
:107150000799486D40F040004865FFE7FFE7079852
:10716000806CA0B1FFE70798816C4CF27D60C0F69F
:10717000000008650798806CFBF7F4FB30B1FFE76F
:107180000799486D40F040004865FFE7FFE703E0DE
:107190000798FFF7E9FEFFE7FFE7FFE708B080BDCC
:1071A00080B584B00290029820B9FFE701208DF8E5
:1071B0000F0071E00298406A60B9FFE702984068EA
:1071C000B0F5827F01D1FFE703E002990020C8619A
:1071D000FFE705E002990020086102994861FFE796
:1071E000029900208862029890F8510040B9FFE7A8
:1071F0000299002081F85000029800F051F8FFE752
:107200000299022081F8510002980168086820F074
:1072100040000860029A019211685068D2F808C0D4
:10722000D36800F482700CF4044C604403F40063EF
:107230001844136903F002031844536903F001036F
:107240001844936903F400731844D36903F03803B6
:107250001844136A03F080031843926A02F4005240
:1072600010430860029A508B00F004001168526AC3
:1072700002F010021044486002980168C86920F4C6
:107280000060C861029900204865029A012182F8D5
:1072900051108DF80F00FFE79DF80F0004B080BD7E
:1072A00080B58AB00990002008900790069005905C
:1072B00004900998006843F20041C4F20101884239
:1072C0003FD1FFE7FFE70020039043F64400C4F2FC
:1072D0000200016841F400510160006800F40050B0
:1072E00003900398FFE7FFE70020029043F6300089
:1072F000C4F20200016841F010010160006800F072
:10730000100002900298FFE74FF4E0400490022042
:10731000059000200090069003200790052008901B
:1073200041F20000C4F2020004A9FBF747FE009AF4
:10733000542001901146FDF7AFF90198FDF7A2F92D
:10734000FFE70AB080BD000080B588B006900591C7
:10735000ADF812200393069890F85100012804D04C
:10736000FFE702208DF81F0011E106984068B0F594
:10737000827F16D1FFE70698806890B9FFE70699EB
:10738000042081F851000698059ABDF8123003993F
:10739000EC46CCF80010114600F050FA8DF81F00B2
:1073A000F5E0FCF747F80290059820B1FFE7BDF83B
:1073B000120020B9FFE701208DF81F00E7E0FFE78A
:1073C000069890F85000012804D1FFE702208DF8BC
:1073D0001F00DCE00699012081F85000FFE7FFE77D
:1073E0000699042081F85100069900204865059906
:1073F000069A9163BDF81210069A9187BDF8121093
:10740000069AD18706990863069988860699C886E0
:10741000069908640699486406988068B0F5004F9C
:107420000DD1FFE706980168086820F04000086069
:1074300006980168086820F480400860FFE7069815
:107440000068006800F04000402807D0FFE7069879
:107450000168086840F040000860FFE70698C068CF
:10746000D0BBFFE7FFE70698C08FA0B3FFE7069801
:1074700000688068C00778B1FFE706980068007B65
:107480000699896B08700699886B013088630699A4
:10749000C88F0138C8871DE0FBF7CCFF0299401A5E
:1074A0000399884204D3FFE70398013018B9FFE736
:1074B000039870B9FFE70699012081F85100FFE7B2
:1074C0000699002081F85000FFE703208DF81F0087
:1074D0005DE0FFE7C7E739E0FFE70698C08FA0B39C
:1074E000FFE7069800688068C00778B1FFE7069854
:1074F0000068C0680699896B08800699886B02301D
:1075000088630699C88F0138C8871DE0FBF792FF92
:107510000299401A0399884204D3FFE70398013087
:1075200018B9FFE7039870B9FFE70699012081F8C1
:107530005100FFE70699002081F85000FFE7032083
:107540008DF81F0023E0FFE7C7E7FFE706980399E0
:10755000029A05F0A3F820B1FFE7069920204865BC
:10756000FFE70699012081F85100FFE70699002006
:1075700081F85000FFE70698406D20B1FFE7012039
:107580008DF81F0003E000208DF81F00FFE79DF835
:107590001F0008B080BD000080B588B0069005913E
:1075A000ADF812200393FBF745FF0290BDF81200DF
:1075B000ADF80600069890F85100012804D0FFE7C6
:1075C00002208DF81F0034E1059820B1FFE7BDF8D7
:1075D000120020B9FFE701208DF81F0029E1FFE725
:1075E000069890F85000012804D1FFE702208DF89A
:1075F0001F001EE10699012081F85000FFE7FFE718
:107600000699032081F851000699002048650599E4
:10761000069A1163BDF81210069A9186BDF81210F1
:10762000069AD18606998863069988870699C8873D
:10763000069948640699086406988068B0F5004F7A
:107640000DD1FFE706980168086820F04000086047
:1076500006980168086840F480400860FFE70698D3
:107660000068006800F04000402807D0FFE7069857
:107670000168086840F040000860FFE70698C068AD
:10768000B0F5006F51D1FFE70698406828B1FFE7D9
:10769000BDF8060001280ED1FFE706980168006BCF
:1076A0000088C8600699086B023008630699C88E86
:1076B0000138C886FFE7FFE70698C08EA0B3FFE752
:1076C000069800688068800700280ED5FFE70698B6
:1076D0000168006B0088C8600699086B0230086377
:1076E0000699C88E0138C8861DE0FBF7A3FE0299F3
:1076F000401A0399884204D3FFE70398013018B970
:10770000FFE7039870B9FFE70699012081F851005F
:10771000FFE70699002081F85000FFE703208DF86D
:107720001F0086E0FFE7C7E750E00698406828B1F1
:10773000FFE7BDF8060001280ED1FFE706980168B3
:10774000006B007808730699086B0130086306998E
:10775000C88E0138C886FFE7FFE70698C08EA0B341
:10776000FFE7069800688068800700280ED5FFE7CD
:1077700006980168006B007808730699086B013061
:1077800008630699C88E0138C8861DE0FBF752FED3
:107790000299401A0399884204D3FFE70398013005
:1077A00018B9FFE7039870B9FFE70699012081F83F
:1077B0005100FFE70699002081F85000FFE7032001
:1077C0008DF81F0035E0FFE7C7E7FFE7069803994C
:1077D000029A04F0D5FF20B1FFE706992020486502
:1077E000FFE70698806870B9FFE7FFE70020009088
:1077F00006980068C068009006980068806800904D
:107800000098FFE7FFE70699012081F85100FFE7A4
:107810000699002081F85000FFE70698406D20B1DE
:10782000FFE701208DF81F0003E000208DF81F0006
:10783000FFE79DF81F0008B080BD000080B58CB048
:10784000DDF838C00A9009910892ADF81E30012089
:107850000390FBF7EFFD04900A9890F851008DF823
:1078600017000A9840680690BDF81E00ADF81C008D
:107870009DF81700012812D0FFE70698B0F5827F27
:1078800009D1FFE70A98806828B9FFE79DF817003B
:10789000042804D0FFE702208DF82F009BE109980F
:1078A00038B1FFE7089820B1FFE7BDF81E0020B906
:1078B000FFE701208DF82F008DE1FFE70A9890F88F
:1078C0005000012804D1FFE702208DF82F0082E14B
:1078D0000A99012081F85000FFE7FFE70A9890F825
:1078E0005100042805D0FFE70A99052081F85100CE
:1078F000FFE70A990020486508990A9A9163BDF844
:107900001E100A9AD187BDF81E100A9A918709990C
:107910000A9A1163BDF81E100A9AD186BDF81E108E
:107920000A9A91860A9908640A9948640A98006834
:10793000006800F04000402807D0FFE70A9801687F
:10794000086840F040000860FFE70A98C068B0F59A
:10795000006F40F08180FFE70A98406828B1FFE798
:10796000BDF81C0001280ED1FFE70A980168006BE2
:107970000088C8600A99086B023008630A99C88EAB
:107980000138C886FFE7FFE70A98C18E0120019001
:1079900039B9FFE70A98C08F002818BF012001906D
:1079A000FFE70198C007002855D0FFE70A98006854
:1079B00080688007002818D5FFE70A98C08EA0B11C
:1079C000FFE70398012810D1FFE70A980168006BD0
:1079D0000088C8600A99086B023008630A99C88E4B
:1079E0000138C88600200390FFE70A980068806885
:1079F000C007A8B1FFE70A98C08F88B1FFE70A98CF
:107A00000068C0680A99896B08800A99886B0230FF
:107A100088630A99C88F0138C88701200390FFE75F
:107A2000FBF708FD0499401A0E99884212D3FFE72C
:107A30000E98013070B1FFE70A99012081F85100DA
:107A4000FFE70A99002081F85000FFE703208DF836
:107A50002F00C0E098E782E00A98406828B1FFE76D
:107A6000BDF81C0001280ED1FFE70A980168006BE1
:107A7000007808730A99086B013008630A99C88E68
:107A80000138C886FFE7FFE70A98C18E0120009001
:107A900039B9FFE70A98C08F002818BF012000906D
:107AA000FFE70098C007002858D0FFE70A98006851
:107AB00080688007002818D5FFE70A98C08EA0B11B
:107AC000FFE70398012810D1FFE70A980168006BCF
:107AD000007808730A99086B013008630A99C88E08
:107AE0000138C88600200390FFE70A980068806884
:107AF000C007A8B1FFE70A98C08F88B1FFE70A98CE
:107B00000068C0680A99896B08700A99886B01300F
:107B100088630A99C88F0138C88701200390FFE75E
:107B2000FBF788FC0499401A0E99884204D3FFE7BA
:107B30000E98013018B9FFE70E9870B9FFE70A995F
:107B4000012081F85100FFE70A99002081F85000D8
:107B5000FFE703208DF82F003DE095E7FFE70A9847
:107B60000E99049A04F00CFE68B1FFE70A992020F0
:107B70004865FFE70A99002081F85000FFE70120DF
:107B80008DF82F0027E00A98806870B9FFE7FFE7BB
:107B9000002002900A980068C06802900A98006865
:107BA000806802900298FFE7FFE70A99012081F8B8
:107BB0005100FFE70A99002081F85000FFE70A987A
:107BC000406D20B1FFE701208DF82F0003E0002079
:107BD0008DF82F00FFE79DF82F000CB080BD00004E
:107BE00080B582B00190019805F080F802B080BDA8
:107BF00082B00190ADF8021002B0704781B00090E1
:107C000001B0704780B592B011901198006800687B
:107C1000109011980068C0680F9011980068406932
:107C20000E9000200D900C90109800F00F000D9019
:107C30000D9888B9FFE79DF84000800600280AD516
:107C4000FFE79DF83C008006002804D5FFE7119867
:107C500005F058F9EAE1FFE70D98002800F0C2802E
:107C6000FFE79DF83800C00738B9FFE7BDF83C00D2
:107C700010F4907F00F0B680FFE79DF84000C00749
:107C800058B1FFE79DF83D00C00730B1FFE71199FB
:107C9000486C40F001004864FFE79DF84000400751
:107CA00000280BD5FFE79DF83800C00730B1FFE78B
:107CB0001199486C40F002004864FFE79DF84000CD
:107CC000800700280BD5FFE79DF83800C00730B1CA
:107CD000FFE71199486C40F004004864FFE79DF805
:107CE00040000007002811D5FFE79DF83C00800602
:107CF000002805D4FFE79DF83800C00730B1FFE742
:107D00001199486C40F008004864FFE71198406CF6
:107D1000002866D0FFE79DF84000800600280AD5BD
:107D2000FFE79DF83C008006002804D5FFE7119886
:107D300005F0E8F8FFE7119800684069C0F380108B
:107D40000C901198406C0007002804D4FFE70C98B1
:107D500000283ED0FFE7119805F076F811980068EA
:107D60004069400600282FD5FFE7FFE7FFE711989D
:107D7000006850E8050F20F040000B90FFE70B99DA
:107D80001198026842E805100028F0D1FFE7FFE7EC
:107D90001198C06B98B1FFE71198C16B4CF6296040
:107DA000C0F6000008651198C06BFAF7DBFD28B13A
:107DB000FFE71198C06B016D8847FFE703E011985A
:107DC000FFF71CFFFFE703E01198FFF717FFFFE73E
:107DD00006E01198FFF712FF119900204864FFE7B1
:107DE000FFE723E11198006B012840F0FF80FFE7D7
:107DF0009DF84000C006002840F1F880FFE79DF89C
:107E00003C00C006002840F1F180FFE7FFE70020BA
:107E10000A901198006800680A90119800684068FC
:107E20000A900A98FFE71198006840694006002808
:107E300040F18280FFE71198C06B00684068ADF8A0
:107E40002600BDF82600002875D0FFE7BDF8260003
:107E50001199898D88426EDAFFE7BDF826001199E5
:107E6000C8851198C06BC069B0F5807F58D0FFE716
:107E7000FFE7FFE71198006850E8030F20F48070D7
:107E80000890FFE708991198026842E8031000285B
:107E9000F0D1FFE7FFE7FFE7FFE71198006850E840
:107EA000050F20F001000790FFE70799119802687D
:107EB00042E805100028F0D1FFE7FFE7FFE7FFE702
:107EC0001198006850E8050F20F040000690FFE789
:107ED00006991198026842E805100028F0D1FFE7E2
:107EE000FFE71199202081F84200119900200863D2
:107EF000FFE7FFE71198006850E8030F20F010003B
:107F00000590FFE705991198026842E803100028E0
:107F1000F0D1FFE7FFE71198C06BFAF7ADFCFFE780
:107F20001199022048631198818DC28D891A89B2F6
:107F3000FFF75EFEFFE779E01199888DC98D401A41
:107F4000ADF812001198C08D00284ED0FFE7BDF8A3
:107F50001200002849D0FFE7FFE7FFE7119800680B
:107F600050E8030F20F490700390FFE703991198F5
:107F7000026842E803100028F0D1FFE7FFE7FFE7BF
:107F8000FFE71198006850E8050F20F0010002900B
:107F9000FFE702991198026842E805100028F0D125
:107FA000FFE7FFE71199202081F842001199002096
:107FB0000863FFE7FFE71198006850E8030F20F01F
:107FC00010000190FFE701991198026842E8031040
:107FD0000028F0D1FFE7FFE71199022048631198CC
:107FE000BDF81210FFF704FEFFE71FE09DF8400008
:107FF000000600280AD5FFE79DF83C00000600288F
:1080000004D5FFE7119805F003F90FE09DF8400053
:10801000400600280AD5FFE79DF83C0040060028EE
:1080200004D5FFE7119804F059FFFFE712B080BDB7
:1080300080B582B00090009820B9FFE701208DF84C
:10804000070040E00098806908B1FFE700E0FFE723
:10805000009890F8410040B9FFE70099002081F8AE
:108060004000009800F034F8FFE70099242081F8E0
:10807000410000980168C86820F40050C86000986A
:1080800004F0F6FF00980168086920F49040086148
:1080900000980168486920F02A004861009801684A
:1080A000C86840F40050C860009900204864009AF5
:1080B000202182F84110009A82F84210009948630A
:1080C0008DF80700FFE79DF8070002B080BD0000B3
:1080D00080B592B01190002010900F900E900D90EE
:1080E0000C901198006841F20001C4F2010188422D
:1080F0003ED1FFE7FFE700200B9043F64400C4F2B7
:108100000200016841F010010160006800F01000F9
:108110000B900B98FFE7FFE700200A9043F6300032
:10812000C4F20200016841F001010160006800F042
:1081300001000A900A98FFE74FF4C0600C900220FB
:108140000D90002004900E9003200F9007201090B7
:108150000020C4F202000CA9FAF730FF049A25208F
:1081600005901146FCF798FA0598FCF78BFA90E019
:108170001198006844F20041C4F2000188423ED1E7
:10818000FFE7FFE70020099043F64000C4F2020039
:10819000016841F400310160006800F4003009908A
:1081A0000998FFE7FFE70020089043F63000C4F28B
:1081B0000200016841F008010160006800F0080059
:1081C00008900898FFE760200C9002200D90002096
:1081D00002900E9003200F900720109040F6004070
:1081E000C4F202000CA9FAF7E9FE029A26200390D5
:1081F0001146FCF751FA0398FCF744FA48E011984D
:10820000006841F20041C4F2010188423FD1FFE71A
:10821000FFE70020079043F64400C4F20200016823
:1082200041F020010160006800F0200007900798ED
:10823000FFE7FFE70020069043F63000C4F202009B
:10824000016841F040010160006800F040000690C4
:108250000698FFE74FF484400C9002200D90002018
:1082600000900E9003200F900820109041F600001F
:10827000C4F202000CA9FAF7A1FE009A472001906F
:108280001146FCF709FA0198FCF7FCF9FFE7FFE754
:10829000FFE712B080BD000080B584B0029001916C
:1082A000ADF80220029890F84200202817D1FFE78D
:1082B000019820B1FFE7BDF8020020B9FFE70120D7
:1082C0008DF80F000FE002990020086302980199D1
:1082D000BDF8022004F06AFF8DF80F0003E00220D1
:1082E0008DF80F00FFE79DF80F0004B080BD00007F
:1082F00080B582B001900198006841F20041C4F25B
:108300000101884265D1FFE748F25160C2F20100E5
:1083100000787E284ADCFFE748F25060C2F2010094
:10832000017848F2516CC2F2010C9CF800305A1CE2
:108330008CF8002048F2D052C2F20102D1540078E9
:108340000A2832D1FFE748F25160C2F201000278F8
:1083500048F2D050C2F20100002181540DF0FEFB22
:10836000E0B1FFE748F25261C2F20101012008705A
:1083700048F25360C2F201000078C00768B9FFE715
:1083800048F25361C2F20101012008704CF26250C0
:10839000C0F602000DF096FCFFE7FFE748F25161DE
:1083A000C2F2010100200870FFE706E048F25161C7
:1083B000C2F2010100200870FFE749F27820C2F202
:1083C000010048F25061C2F201010122FFF764FF8F
:1083D000FFE702B080BD000080B58AB00890079129
:1083E000ADF81A20059300200290089890F84100FB
:1083F000202840F08180FFE7079820B1FFE7BDF813
:108400001A0020B9FFE701208DF8270078E00899CD
:10841000002048640899212081F84100FBF70AF800
:108420000290BDF81A0008998884BDF81A000899CE
:10843000C88408988068B0F5805F09D1FFE7089884
:10844000006928B9FFE7002004900798039004E032
:108450000798049000200390FFE7FFE70898C08C7E
:1084600078B3FFE70898029B05996A46116080215E
:10847000002204F017FF40B1FFE70899202081F89F
:10848000410003208DF827003AE0049858B9FFE72F
:10849000039800886FF35F20089909684860039883
:1084A0000230039008E00498007808990968486051
:1084B000049801300490FFE70899C88C0138C884FB
:1084C000CCE70898029B05996A461160402100227A
:1084D00004F0E8FE40B1FFE70899202081F8410050
:1084E00003208DF827000BE00899202081F8410037
:1084F00000208DF8270003E002208DF82700FFE719
:108500009DF827000AB080BD81B0009001B070478F
:10851000FFE7FEE783B0029001918DF80320002071
:108520008DF802008DF80200FFE79DF802009DF82B
:108530000310884229DAFFE70298000F092809D8BA
:10854000FFE70298000F303001999DF8022001F8F2
:10855000120009E00299372000EB117001999DF893
:10856000022001F81200FFE7029800010290019832
:108570009DF8021000EB410100204870FFE79DF8D4
:10858000020001308DF80200CFE703B07047000011
:1085900080B5ADF5247D4CF28041C0F6020118A8EB
:1085A00001220AF0D5FF8DF81F009DF81F0048B189
:1085B000FFE79DF81F104CF24A00C0F602000DF0D4
:1085C00081FBC3E008A84021F7F756FE40F21C11DA
:1085D000C2F20001059100200690C1F82600C1F802
:1085E0002200C1F81E00C1F81A00C1F81600C1F837
:1085F0001200C1F80E00C1F80A00FFE708A84021E8
:1086000018AA09F05DFF002800F08380FFE74CF610
:10861000C401C0F6020108A80490F7F79DFE0246C7
:108620000498002181544CF25141C0F602010C2201
:10863000F7F760FE68B9FFE708A80C304CF29941E3
:10864000C0F6020140F21C12C2F20002F7F796FED9
:108650005EE04CF22841C0F6020108A81322F7F7A9
:1086600049FE70B9FFE708A8133040F21C11C2F2AE
:1086700000010A1D4CF29641C0F60201F7F77EFE9A
:1086800045E04CF23C41C0F6020108A80922F7F788
:1086900031FE50B9FFE708A80930F7F78BFE40F22A
:1086A0001C11C2F20001087230E04CF25E41C0F6CB
:1086B000020108A81522F7F71DFE50B9FFE708A828
:1086C0001530F7F777FE40F21C11C2F20001487234
:1086D0001BE04CF24641C0F6020108A80A22F7F757
:1086E00009FE88B9FFE708A800F10A0140F21C1052
:1086F000C2F2000003900A301F22F7F7DAFD039957
:10870000002081F82900FFE7FFE7FFE7FFE7FFE729
:1087100074E718A809F0D0FD40F21C1CC2F2000C4E
:10872000BCF80010DCF804209CF808309CF8090024
:108730000CF10A0EEC46CCF804E0CCF800004CF248
:108740002210C0F602000DF0BDFAFFE70DF5247D02
:1087500080BD000080B586B005900598806B0490C0
:108760000598FAF721F9022841D0FFE70498C06B79
:10877000406D02900498006C406D019002980128B1
:1087800004D0FFE7019801282DD1FFE70498016884
:1087900040F2FF50C0F24000886304980168C86B43
:1087A00020F49D70C8630499886B40F08040886312
:1087B0000498FBF7EDF903900398062804D0FFE72F
:1087C000039805280AD1FFE70498006803F0E6FC47
:1087D00002460499886B10438863FFE704990120DF
:1087E00081F83400FFE70498FAF76AFFFFE706B064
:1087F00080BD000080B584B003900398806B029028
:108800000298006B822812D1FFE70298006803F0FB
:10881000C5FC0190019848B1FFE7019A0299886B65
:10882000104388630298FAF74BFFFFE7FFE70298CF
:108830000168C86A20F00800C8620298016840F226
:108840003A5088630299012081F834000298FBF7BE
:10885000FFFD04B080BD000080B584B00390039894
:10886000806B02900298C06B20B1FFE70299002054
:10887000C863FFE70298006C50BBFFE70298FBF764
:1088800087F901900299002088630299012081F8FC
:1088900034000198062804D0FFE70198052816D176
:1088A000FFE70298006803F079FC02460299886BA2
:1088B000104388630298806B20B1FFE70298FAF7B3
:1088C00021FE03E00298FAF7FBFEFFE7FFE7FFE770
:1088D00004B080BD82B001900198806B0090009838
:1088E0000168C86B40F48070C86302B07047000034
:1088F00080B584B003900398806B02900298006C5E
:1089000020B1FFE7029900200864FFE70298C06BDE
:1089100050BBFFE70298FBF73BF90190029900205A
:1089200088630299012081F834000198062804D058
:10893000FFE70198052816D1FFE70298006803F0C9
:108940002DFC02460299886B104388630298806B65
:1089500020B1FFE70298FAF7D5FD03E00298FAF795
:10896000AFFEFFE7FFE7FFE704B080BDB0B59AB008
:1089700018900220ADF82E001898006803F04CFA09
:1089800020B9FFE74FF080601990DDE0189800688B
:1089900003F074FB0C900C9818B1FFE70C98199039
:1089A000D2E018980068002103F03EFA1899086791
:1089B00018980068042103F037FA18994867189846
:1089C0000068082103F030FA189988671898006841
:1089D0000C2103F029FA1899C867FFE71898006876
:1089E000BDF82E1003F0B8FB0C900C9818B1FFE7FF
:1089F0000C981990A8E0BDF82E001899C864189931
:108A00000868C96C090403F051FB0C900C9818B16C
:108A1000FFE70C98199097E018980068002103F080
:108A200003FA1899086618980068042103F0FCF905
:108A30001899486618980068082103F0F5F9189904
:108A40008866189800680C2103F0EEF91899C8663A
:108A5000FFE718980068042103F0E6F9000D189963
:108A6000886418990868C96C0A04002303F0E6FAC0
:108A70000C900C9818B1FFE70C98199064E01898C6
:108A80000DA9FAF721FE20B1FFE71898806B199025
:108A90005AE018990868C96C090403F03FFB0C9070
:108AA0000C9830B1FFE70C9A1899886B10438863D3
:108AB000FFE7189800F180014FF0FF32FAF748FF06
:108AC00020B1FFE71898806B19903DE0189908686D
:108AD000C96C090403F022FB0C900C9830B1FFE73D
:108AE0000C9A1899886B10438863FFE7DDF860E003
:108AF000DEF80400DEF80810DEF80C20DEF8103096
:108B0000DEF814C0DEF818E0CDF828E0CDF824C077
:108B100008930792069105900020049008901898F9
:108B200000680599069A079BDDF820C0099C0A9DFC
:108B3000EE46CEF80850CEF80440CEF800C003F060
:108B400087F904981990FFE719981AB0B0BD000092
:108B500080B586B0049000200390029001900498A4
:108B6000006803F0FFF90090009818B1FFE7009843
:108B700005903FE0FFE7019860BBFFE70398411CC9
:108B800003914FF6FF71884204D1FFE74FF08070E8
:108B900005902FE00498006848F20001CCF2FF0134
:108BA00003F0F6F90090009820B1FFE74FF08050F5
:108BB00005901FE004980068002103F035F9029049
:108BC00002994FF0FF3000EBD170B0FA80F040090D
:108BD0000190D0E79DF80B00C02804D1FFE704996D
:108BE0000120486403E0049900204864FFE7002066
:108BF0000590FFE7059806B080BD000080B588B0FD
:108C0000079006910020049003900698B0F5805FCD
:108C100006D0FFE70698B0F5006F40F08880FFE7C8
:108C200000200290079802A9BB224FF0FF3300F00A
:108C300081F820B1FFE74FF48030039003E09DF806
:108C40000B000290FFE7079890F84B010190039802
:108C500000286BD1FFE70698B0F5805F04D1FFE7ED
:108C6000019800090190FFE7029800F00F000199B8
:108C700001F00F01884258D0FFE70798006801997A
:108C800001F00F020021C0F2BB3141EA022103F0E2
:108C9000A3FA03900398002846D1FFE74FF6FF7030
:108CA0000590FFE707990868C96C090403F036FAD4
:108CB0000390039808B1FFE71BE0079800680021C4
:108CC00003F0B2F80490059801380590FFE7002002
:108CD0009DF81110C907009031B9FFE705980028E9
:108CE00018BF01200090FFE70098C0070028D9D1E5
:108CF000FFE7059870B1FFE7039858B9FFE79DF8C3
:108D000010000006002804D5FFE74FF080500390C4
:108D1000FFE708E0059820B9FFE74FF00040039017
:108D200000E0FFE7FFE7FFE7FFE7FFE7FFE7039864
:108D300008B080BD80B592B010900F91ADF83A2088
:108D40000D93FAF777FB059000200190039010999E
:108D5000886310990968C8624FF0FF3107914FF49A
:108D6000007108919021099102210A910B90012034
:108D70000C901098006807A903F022F80199109848
:108D8000006803F0ADF90690069890B1FFE71098DF
:108D9000016840F2FF50C0F240008863069A1099C3
:108DA000886B104388631099012081F8340011907A
:108DB0006BE0FFE710980068406B10F4957F48D196
:108DC000FFE710980068406B0004002822D5FFE7F9
:108DD00000200490FFE70498072817D8FFE71098B1
:108DE000006803F06BF80290039804990844BDF8FA
:108DF0003A10B0EB910F04D1FFE702980F99086089
:108E0000FFE7FFE7049801300490E4E70398083097
:108E10000390FFE7FAF70EFB0599401A0D99884277
:108E200003D2FFE70D9898B9FFE71098016840F268
:108E3000FF50C0F2400088631099886B40F00040FA
:108E400088631099012081F83400032011901CE000
:108E5000B0E710990868C96C090403F05FF906903F
:108E6000069830B1FFE7069A1099886B1043886323
:108E7000FFE71098016840F23A508863109901208A
:108E800081F8340000201190FFE7119812B080BDE6
:108E900080B586B005900598806A01900598C06AF3
:108EA0000290029800283FD0FFE700200490FFE7DF
:108EB0000498072831D8FFE70598006802F0FEFF04
:108EC000039003980199087001980130019002986D
:108ED000013802900398000A019908700198013046
:108EE0000190029801380290BDF80E0001990870B7
:108EF0000198013001900298013802909DF80F000E
:108F0000019908700198013001900298013802908F
:108F1000FFE7049801300490CAE701980599886238
:108F200002980599C862FFE706B080BD80B586B09B
:108F300004900391039820B9FFE74FF0006005907B
:108F400018E004990868C96C090403F0E7F8029076
:108F5000029818B1FFE7029805900BE004980068AA
:108F60000021019102F060FF01460198039A11600F
:108F70000590FFE7059806B080BD000080B586B07B
:108F800005900598006A01900598406A0290029841
:108F9000002845D0FFE700200490FFE70498072849
:108FA00037D8FFE7019800780390019801300190CD
:108FB00002980138029001980178039840EA012054
:108FC00003900198013001900298013802900198B5
:108FD0000178039840EA0140039001980130019024
:108FE00002980138029001980178039840EA0160E4
:108FF0000390019801300190029801380290059881
:10900000006803A902F084FFFFE704980130049090
:10901000C4E7019805990862029805994862FFE73C
:1090200006B080BD80B582B001900198D0F8D4120E
:1090300000EB8100D0F8C0020090009808B9FFE76B
:1090400034E0009890F81C0890B9FFE70098D0F839
:10905000180868B1FFE70098407A48B9FFE701981F
:1090600040F22901C2F20001097805F075FAFFE724
:10907000019840F22801C2F20001097805F06CFA6B
:109080000098407A022811D1FFE7019840F22801A8
:10909000C2F20001097805F05FFA019840F2290157
:1090A000C2F20001097805F057FAFFE702B080BD6F
:1090B00080B582B001900198D0F8D41200EB810005
:1090C000D0F8C0020090009808B9FFE786E0009948
:1090D000D1F81408C1F834080099D1F81808C1F87B
:1090E0003808019840F22901C2F20001097805F020
:1090F00007F81F281BD1FFE70098D0F8100845F2A9
:109100005531C4F24231884211D1FFE7009890F8FE
:109110001D0801280BD8FFE7009890F81E0830B111
:10912000FFE7009890F81E0811280FD3FFE7019879
:10913000009991F81D180522202302F01BFB0099CD
:10914000022048720198FFF76DFF47E00198009AEE
:1091500092F81D1802F61F0201F0ACFDB0F1FF3FBE
:109160000FDCFFE70098007A052805D1FFE701989A
:10917000012100F067F903E00198FFF753FFFFE7D3
:109180002BE00098007A022825D0FFE70098007AAB
:10919000012820D0FFE70098007A03281BD0FFE7C2
:1091A0000098C06840B1FFE70198009A02F11001F1
:1091B000D26800F083F90DE00098C06828B9FFE795
:1091C0000198002100F03EF903E00198FFF72AFF23
:1091D000FFE7FFE700E001E0FFE7FFE702B080BD47
:1091E00080B584B003908DF80B100398D0F8D4129A
:1091F00000EB8100D0F8C0020190019808B9FFE7A8
:1092000027E00198407A022811D1FFE7039840F245
:109210002801C2F20001097805F09EF9039840F296
:109220002901C2F20001097805F096F911E09DF8D4
:109230000B00000600280AD5FFE70198407A0128B4
:1092400005D0FFE70398012100F0FCF800E000E002
:10925000FFE704B080BD000080B584B003908DF8B6
:109260000B100398D0F8D41200EB8100D0F8C002A4
:109270000190019808B9FFE723E00198007A0146C0
:109280000091022805D0FFE700980338022812D386
:1092900016E00398019A92F81D1802F61F0201F0D9
:1092A00009FDB0F1FF3F05DCFFE70398012100F065
:1092B000C9F8FFE705E00398002100F0C3F800E0DB
:1092C000FFE704B080BD000080B584B003908DF846
:1092D0000B100398D0F8D41200EB8100D0F8C00234
:1092E0000190019808B9FFE720E00198007A014653
:1092F000009120B1FFE70098012804D015E0039801
:10930000FFF7D6FE12E00398019A92F81D1802F6B4
:109310001F0201F0CFFCB0F1FF3F05DCFFE703982F
:10932000012100F08FF8FFE700E0FFE704B080BD07
:1093300082B001900198D0F8D41200EB8100D0F8EF
:10934000C0020090009820B1FFE700990020087249
:10935000FFE702B07047000080B584B00390039827
:10936000D0F8D41200EB8100D0F8C002029002982D
:1093700008B9FFE731E002990020087202994872AB
:10938000029981F86108029981F86008029981F8D0
:1093900062080399D1F8D42201EB8201D1F8C412FA
:1093A00009688847039840F22901C2F2000101913F
:1093B000097804F087FE039840F22801C2F2000108
:1093C000097804F07FFE019903980978029A02F562
:1093D00001621F2304F0AAFFFFE704B080BD000074
:1093E00080B584B003900398D0F8D41200EB8100CC
:1093F000D0F8C0020290029808B9FFE720E0029975
:1094000000200872029901204872039840F2280156
:10941000C2F20001097804F051FC039840F22901DE
:10942000C2F200010191097804F048FC0199039807
:109430000978029A02F501621F2304F077FFFFE723
:1094400004B080BD80B584B003908DF80B100398F4
:10945000D0F8D41200EB8100D0F8C002019001983E
:1094600008B9FFE727E0019945F25530C5F24230CF
:10947000C1F830089DF80B00019981F83C0801996A
:1094800000200872039840F22801C2F20001097816
:10949000019A02F503620D2305F0ACF8039840F23F
:1094A0002901C2F200010978019A02F501621F2325
:1094B00004F03CFFFFE704B080BD000080B586B03B
:1094C0000590049103920598D0F8D41200EB810026
:1094D000D0F8C0020290029808B9FFE729E002988C
:1094E000D0F818080399884205D2FFE70298D0F80F
:1094F0001808009002E003980090FFE700980190A0
:10950000039A0299D1F83808801AC1F838080299EC
:10951000002081F83C08029904200872059840F266
:109520002801C2F200010978049A019B05F062F853
:10953000FFE706B080BD000080B586B0FFE70020E1
:10954000059043F63000C4F20200016841F4800146
:109550000160006800F4800005900598FFE73B205B
:1095600001900621029100220392FBF795F80198E1
:10957000FBF788F80299039A45200490FBF78CF8D2
:109580000498FBF77FF806B080BD000080B540F27C
:109590000410C2F2000040F63841C2F20001F8F7B0
:1095A000BBFF49F2F941C2F20101087080BD000021
:1095B00080B59AB0002019901890179016901590C9
:1095C000FFE70020149043F63000C4F20200016867
:1095D00041F004010160006800F004001490149848
:1095E000FFE7FFE70020139043F63000C4F20200CB
:1095F000016841F020010160006800F02000139034
:109600001398FFE7FFE70020129043F63000C4F202
:109610000200016841F080010160006800F08000F4
:1096200012901298FFE7FFE70020119043F63000F8
:10963000C4F20200016841F001010160006800F01D
:10964000010011901198FFE7FFE70020109043F60A
:109650003000C4F20200016841F0020101600068BC
:1096600000F0020010901098FFE7FFE700200F9035
:1096700043F63000C4F20200016841F0400101608D
:10968000006800F040000F900F98FFE7FFE7002010
:109690000E9043F63000C4F20200016841F0100160
:1096A0000160006800F010000E900E98FFE7FFE7E1
:1096B00000200D9043F63000C4F20200016841F032
:1096C00008010160006800F008000D900D98FFE7A8
:1096D00041F20040C4F202000290072101910022F1
:1096E0000A92F9F78FFE40F60000C4F202000490DF
:1096F0000221039101220992F9F784FE099A41F6A9
:109700000000C4F20200069006210591F9F77AFEE6
:10971000099A41F20000C4F2020008904FF400617F
:109720000791F9F76FFE0A9A40F60040C4F2020072
:109730000B904FF40051F9F765FE099A0B984FF41E
:109740004041F9F75FFE019B0298099A0A99159327
:1097500016921791189115A90C91F9F72FFC039AFD
:109760000498DDF824C00A9B0C991592CDF858C0D6
:1097700017931892F9F722FC0698099B0A9A0C99FC
:10978000159316921792F9F719FCDDF814C0069894
:10979000099B0A9A0C99CDF854C016931792189207
:1097A000F9F70CFCDDF81CC00898099B0A9A0C9983
:1097B000CDF854C0169317921892F9F7FFFB0A9A46
:1097C0000B980C994FF48053159316921792F9F752
:1097D000F5FB099B0A9A0B980C994FF4604CCDF855
:1097E00054C0169317921892F9F7E8FB1AB080BD8F
:1097F00080B588B0002100910791069105910491F0
:109800000391029149F27010C2F20100019042F6F8
:109810000002C4F20002026041607F228260FF22E7
:10982000C260016141618161FDF782F918B1FFE712
:10983000F8F786FDFFE700208DF80C008DF80D008D
:109840008DF80E000690079049F27010C2F20100E8
:1098500003A90122FDF7B0FA18B1FFE7F8F770FD90
:10986000FFE701228DF808208DF809208DF80A20E5
:1098700000208DF80B0049F27010C2F2010002A91D
:10988000FDF706FA18B1FFE7F8F75AFDFFE70E20DB
:109890008DF80C0001208DF80D0000228DF80E20AF
:1098A0000692079249F27010C2F2010003A9FDF777
:1098B00083FA18B1FFE7F8F743FDFFE705208DF8BD
:1098C000080008208DF8090002208DF80A001920F0
:1098D0008DF80B0049F27010C2F2010002A90022BB
:1098E000FDF7D6F918B1FFE7F8F72AFDFFE742F6D2
:1098F0001001C4F2000140F2FF300860086840F433
:10990000F810086008B080BD80B582B048F60C2021
:10991000C2F20100019042F60041C4F2010101606F
:10992000002141608160C1604FF4006202614161C9
:10993000816140F24812C2F200024BF6C061C0F6EB
:1099400002011160FAF7D2FA18B1FFE7F8F7F8FC54
:10995000FFE740F24811C2F200014BF6A160C0F6E9
:109960000200086048F60C20C2F201004FF40061CA
:10997000F9F7CCFD18B1FFE7F8F7E2FCFFE702B01A
:1099800080BD000080B582B049F29010C2F20100A3
:10999000019043F20041C4F2010101604FF4827171
:1099A000416000218160C160016141614FF400723A
:1099B00082611822C2610162416281620A21C16230
:1099C000FDF7EEFB18B1FFE7F8F7BAFCFFE702B0CE
:1099D00080BD000080B582B049F2E810C2F20100FB
:1099E000019041F20001C4F2010101604FF4E13144
:1099F000416000218160C16001610C22426181618E
:109A0000C161FEF715FB18B1FFE7F8F799FCFFE716
:109A100002B080BD80B582B049F23020C2F20100B0
:109A2000019044F20041C4F2000101604FF4E131C1
:109A3000416000218160C16001610C22426181614D
:109A4000C161FEF7F5FA18B1FFE7F8F779FCFFE717
:109A500002B080BD80B582B049F27820C2F2010028
:109A6000019041F20041C4F2010101604FF4E13183
:109A7000416000218160C16001610C22426181610D
:109A8000C161FEF7D5FA18B1FFE7F8F759FCFFE717
:109A900049F27820C2F201000168C86840F0200055
:109AA000C86002B080BD000080B548F25460C2F2C8
:109AB000010040F20C01C2F20001012204F0C8F8DA
:109AC00018B1FFE7F8F73CFCFFE748F25460C2F238
:109AD000010040F26401C2F2000105F08FF818B1F4
:109AE000FFE7F8F72DFCFFE748F25460C2F20100EF
:109AF00040F2C801C2F2000104F036FF18B1FFE7DE
:109B0000F8F71EFCFFE748F25460C2F2010005F0CE
:109B1000FFF918B1FFE7F8F713FCFFE780BD00007D
:109B200080B584B0F9F786FC039048F25460C2F225
:109B3000010090F89C02032830D1FFE740F250105A
:109B4000C2F20000007840B3FFE74CF2E370C0F6C9
:109B500002000CF0B7F840F25011C2F200010020F0
:109B6000087040F67040C2F200000078C00798B15B
:109B7000FFE749F2C820C2F2010008F09DFB40F661
:109B80007041C2F20001002008704CF2C770C0F6AC
:109B900002000CF097F8FFE7FFE7D9E040F2A810C9
:109BA000C2F20000006840B9FFE7F9F743FC40F259
:109BB000A811C2F200010860FFE7F9F73BFC40F290
:109BC000A811C2F200010968401AB0F57A7F40F28C
:109BD000B280FFE740F25010C2F200000078012886
:109BE00000F0A880FFE74CF2F770C0F602000CF01E
:109BF00069F80A20F9F788F94CF20051C0F6020121
:109C00000020012209F052FC40F67440C2F200002C
:109C10004FF40D71F6F730FB4CF6F510C0F602006C
:109C20000CF050F843F64401C4F20201086820F435
:109C30000060086043F62401C4F202010091086844
:109C400040F40060086014200190F9F75DF9009A73
:109C50000198116821F400611160F9F755F9FFE7E7
:109C60000020029043F64400C4F20200016841F46F
:109C700000610160006800F4006002900298FFE754
:109C80001420F9F741F9FFF73FFE4CF29760C0F658
:109C900002000CF017F8C820F9F736F9F8F786FC3F
:109CA00048B1FFE74CF28370C0F602000CF00AF8EE
:109CB00003F018F8FFE74CF21A60C0F602000CF04F
:109CC00001F8FEF765FC48F63010C2F20100F7F724
:109CD000B7FE38B1FFE74CF20760C0F602000BF0A8
:109CE000F1FFFFE749F2FC60C2F20100006838B9F9
:109CF000FFE740F63C41C2F200010020087006E098
:109D000040F63C41C2F2000104200870FFE740F237
:109D10005011C2F200010120087040F2A811C2F2F5
:109D20000001002008604CF64B00C0F602000BF06A
:109D3000C9FFFFE7FFE7FFE740F25010C2F2000063
:109D40000078012804D1FFE7039800F055FBFFE7F6
:109D500004B080BDFFE7FEE7FFE7FEE788B00790AD
:109D600006910592079800F0070004900498C0F14E
:109D70000700052803D3FFE70420019004E00498BE
:109D8000C0F107000190FFE70198039004980430A8
:109D9000062803D8FFE70020009003E0049803386A
:109DA0000090FFE70098029006980399012202FABA
:109DB00001F101390840029B984005999A40013A07
:109DC0001140084308B0704780B548F68C40C2F295
:109DD0000100FAF7A7FF80BD80B586B00590049119
:109DE000059800680390039802900398006C019016
:109DF0000298049900EB4110D0F8080B00900198EC
:109E000043F20B01C4F6547188420FD3FFE79DF86B
:109E100001000006002809D5FFE70298049900EB2D
:109E200041114FF40040C1F8080BFFE70598FBF71C
:109E3000F1FD019843F20B01C4F6547188420DD331
:109E4000FFE705988079012808D1FFE705990868A0
:109E500001F29C42012105F073FEFFE7002006B0ED
:109E600080BD000080B588B0079006910798006813
:109E70000490049803900498006C0290039806994B
:109E800000EB4110D0F8080B019007988079012869
:109E900040F08180FFE79DF804000007002818D5F6
:109EA000FFE7029843F20B01C4F6547188420FD3C6
:109EB000FFE79DF805000006002809D5FFE7039895
:109EC000069900EB41114FF40040C1F8080BFFE781
:109ED00060E09DF804008006002808D5FFE703989D
:109EE000069900EB41112020C1F8080B51E09DF8C4
:109EF000040010F0280F4AD1FFE7029843F20B014B
:109F0000C4F6547188420FD3FFE79DF805000006A0
:109F1000002809D5FFE70398069900EB41114FF49B
:109F20000040C1F8080B31E00798069901EBC10128
:109F300000EB810000F5157005900598006A039903
:109F4000069A01EB4211D1F8101B6FF3DF41401A62
:109F500005994861069898B9FFE70598006940B9E6
:109F6000FFE70799086801F29C42012105F0E8FD2E
:109F700005E00599C8684A691044C860FFE7FFE733
:109F800007989DF81810FAF729FCFFE700E0FFE7B3
:109F9000FFE7FFE747E0029843F20A11C4F6547165
:109FA000884224D1FFE79DF805000006002809D566
:109FB000FFE70398069900EB41114FF40040C1F808
:109FC000080B13E09DF804008006002808D5FFE781
:109FD0000398069900EB41112020C1F8080BFFE718
:109FE00007989DF81810FAF7F9FBFFE71AE00698B2
:109FF00090B9FFE70798069901EBC10100EB8100DA
:10A00000D0F8640240B9FFE70799086801F29C4262
:10A01000002105F095FDFFE707989DF81810FAF765
:10A02000DDFBFFE7FFE7002008B080BD80B58CB006
:10A030000A9009910A9800680890089807900A9871
:10A04000099901EBC10100EB8100143006900698DC
:10A0500001694069884204D9FFE701208DF82F008B
:10A0600079E0069908694969401A059005980699AA
:10A070008968884204D9FFE7069880680590FFE761
:10A080000598033080080490FFE70798099900EBD2
:10A090004110D0F8180981B2049A00209142029030
:10A0A0000FD3FFE7069802694169002091420290B0
:10A0B00007D2FFE706980069002818BF0120029028
:10A0C000FFE70298C00770B3FFE70699086949697E
:10A0D000401A0590059806998968884204D9FFE7D7
:10A0E000069880680590FFE7059803308008049083
:10A0F00008980699C9689DF82420BDF81430DDF849
:10A1000028C09CF806C0EE46CEF800C006F08EFBD4
:10A11000059A0699C8681044C860059A0699486966
:10A1200010444861B1E706990869496988420ED828
:10A13000FFE7099800F00F01012088400390039A7F
:10A140000799D1F834089043C1F83408FFE700209C
:10A150008DF82F00FFE79DF82F000CB080BD0000A8
:10A160007047000080B582B048F25261C2F201012E
:10A1700000200870C820F8F7C7FE49F27820C2F224
:10A18000010048F25061C2F201010122FEF784F899
:10A1900003F0F6F8F9F74EF900904CF22E50C0F6A5
:10A1A00002000BF08FFDFFE7F9F744F90099401A20
:10A1B00000097C280AD8FFE748F25260C2F2010089
:10A1C0000078C00708B1FFE700E0EDE748F2526011
:10A1D000C2F201000078C00750B9FFE74CF2A2506C
:10A1E000C0F602000BF06EFD00208DF8070003E0C2
:10A1F00001208DF80700FFE79DF8070002B080BD41
:10A2000080B584B000200390029001900090FFE799
:10A21000009802285EDCFFE7009840F6A862C2F2D0
:10A22000000247F6085100FB01204FF4FA41405C60
:10A23000C00798B9FFE7009840F6A862C2F2000292
:10A2400047F6085100FB012047F60151405CC0076A
:10A2500020B9FFE703980130039036E0009840F6FC
:10A26000A862C2F2000247F6085100FB01204FF439
:10A27000FA41405CC00798B9FFE7009840F6A86231
:10A28000C2F2000247F6085100FB012047F60151D7
:10A29000405CC00720B1FFE702980130029013E054
:10A2A000009840F6A862C2F2000247F6085100FB8F
:10A2B00001204FF4FA41405CC00720B1FFE701984C
:10A2C00001300190FFE7FFE7FFE7FFE7009801306B
:10A2D00000909DE70399029A019B4CF25D70C0F6D5
:10A2E00002000BF0EFFC04B080BD000080B586B02A
:10A2F00040F67040C2F200000078C00738B9FFE7AE
:10A300004CF6B010C0F602000BF0DCFC71E000204F
:10A310000590FFE7059802286BDCFFE740F6A8628E
:10A32000C2F2000247F21970C0F20100105C0599F8
:10A33000084445F25651C5F2555150FB01F101EB6D
:10A34000D17101EB4101401A8DF813009DF8130003
:10A3500047F6085110FB0120039003984FF4FA418F
:10A36000405CC00700283FD0FFE7039847F6015143
:10A37000405CC007C0BBFFE7039947F6015201925A
:10A3800001208854F9F756F802909DF81300F8F769
:10A39000ADF9019A49F60411C2F2010108680130D1
:10A3A000086003994FF4FA430020C8540399885475
:10A3B000039947F6045288509DF8130001304AF67D
:10A3C000AB21CAF6AA21A0FB011202F0FE0101EBAB
:10A3D0005201401A40F6A861C2F2000147F2197218
:10A3E000C0F20102885404E0FFE7059801300590AF
:10A3F00090E706B080BD000080B5ADF5267DA59044
:10A4000040F63C40C2F20000007801460B9104285F
:10A4100000F238820B99DFE811F0050033009E004E
:10A420000B015B0149F2FC60C2F20100006830BB25
:10A43000FFE7A59849F2FC61C2F2010108604CF205
:10A440003B60C0F602000BF03DFC49F27820C2F2FE
:10A45000010048F25061C2F2010101220A92FDF7A7
:10A460001BFF02F08DFF0A9849F2C421C2F20101DC
:10A47000087040F63C41C2F20001087003E202E2BB
:10A4800048F25260C2F201000078C007C0B1FFE795
:10A490004CF26860C0F602000BF014FC40F63C4140
:10A4A000C2F200010220087048F25261C2F20101BA
:10A4B0000020087048F25161C2F20101087049E0C1
:10A4C000F8F7B8FF49F2FC61C2F201010968401ACD
:10A4D0004BF62071C0F2020188423AD3FFE74CF6F6
:10A4E0000D00C0F602000BF0EDFB49F27010C2F255
:10A4F00001000890A0A900220992FCF7CFFA099A5E
:10A5000008989FA9FCF78EFA09989DF8801240F2EE
:10A510001912C2F2000211709DF87E1240F2181258
:10A52000C2F20002117048F25261C2F201010870D9
:10A5300048F25161C2F20101087049F2C421C2F22D
:10A540000101087040F63C41C2F20001042008708D
:10A55000FFE7FFE797E14CF6EC10C0F6020048F287
:10A56000D051C2F201010BF0ADFB48F25460C2F2CF
:10A57000010090F89C02032807D1FFE74CF2987085
:10A58000C0F602000BF09EFB27E049F2C420C2F2A5
:10A5900001000078C007F8B1FFE748F2D050C2F2DE
:10A5A000010007F0E3FDF8F745FF49F2C021C2F2D0
:10A5B0000101086040F24C10C2F2000001684CF248
:10A5C0004970C0F602000BF07DFB49F2C421C2F2D3
:10A5D000010100200870FFE7FFE748F2D050C2F207
:10A5E00001008021F5F748FE49F27010C2F2010027
:10A5F00007909AA900220692FCF750FA069A07984B
:10A6000099A9FCF70FFA9DF8680240F21911C2F2FD
:10A61000000108709DF8660240F21811C2F20001B4
:10A62000087040F63C41C2F20001042008702AE1A3
:10A6300049F2C420C2F201000078C007002846D0C9
:10A64000FFE740F25010C2F20000007801283ED12E
:10A65000FFE7FFF787FDA0B1FFE7F8F7EBFE49F250
:10A66000C021C2F2010108604CF2BC60C0F60200D9
:10A670000BF028FB40F63C41C2F2000102200870BA
:10A6800024E04CF69100C0F602000BF01BFBF8F73B
:10A69000D1FE40F24C11C2F200010968401A42F2A8
:10A6A000C071C0F20901084449F2C021C2F201019F
:10A6B000086049F2C421C2F201010020087040F68E
:10A6C0003C41C2F2000104200870FFE7FFE7DAE036
:10A6D000A59840F2AC11C2F200010968401A4EF68A
:10A6E0006021884242D3FFE7A59840F2AC11C2F244
:10A6F0000001086040F6A860C2F2000047F21C7139
:10A70000C0F20101415847F22072C0F201028258A2
:10A7100040F64040C2F200000390036849F604107E
:10A72000C2F201000490006840F6444CC2F2000CF2
:10A73000CDF814C0DCF800E0EC46CCF804E0CCF82E
:10A7400000004CF67710C0F602000BF0BBFA039B3A
:10A75000049A0599002018601060086041F20040DA
:10A76000C4F202000121F8F739FEFFE7A59849F28B
:10A77000C021C2F201010968401A40F24C11C2F234
:10A780000001096888420DD3FFE749F2C421C2F2F3
:10A7900001010120087040F63C41C2F20001032093
:10A7A000087070E0A59840F2B811C2F20001096883
:10A7B000401A47F24171C0F21B01884209D3FFE7FA
:10A7C000F7F762FAA59840F2B811C2F200010860EA
:10A7D000FFE7F7F7EDF940F67040C2F200000078AD
:10A7E000C007E8B9FFE70DA8F7F7BAFD80B1FFE7AA
:10A7F00049F2C820C2F201000DA94FF40C72F5F71E
:10A8000022FD40F67041C2F200010120087006E00E
:10A810004CF66E00C0F602000BF054FA33E0FFE78E
:10A82000FFF764FDA59840F2B411C2F20001096877
:10A83000401AB0F57A7F24D3FFE740F6A860C2F251
:10A84000000047F21C72C0F20102835840F2B011BE
:10A85000C2F20001D1F800C0A3EB0C030C938058A6
:10A860000860A59840F2B411C2F2000108600C998A
:10A870004CF6D810C0F602000BF024FAFFF7C0FC2B
:10A88000FFE700E0FFE70DF5267D80BD82B08DF883
:10A890000700002000909DF80700000900EB8000F1
:10A8A0004000009000989DF8071001F00F01084447
:10A8B000C0B202B07047000082B08DF807000020DF
:10A8C0000090FFE79DF807000A2809D3FFE70098EA
:10A8D000013000909DF807000A388DF80700F1E775
:10A8E000009800F00F019DF8070040EA011002B047
:10A8F0007047000080B584B00390002002908DF86E
:10A90000070003980068C068400600282FD4FFE7BE
:10A9100003980168C86840F08000C860F8F78AFDB5
:10A920000290FFE703980068C168002049060029EB
:10A93000009007D4FFE79DF80700013818BF0120F9
:10A940000090FFE70098C00780B1FFE7F8F772FDBD
:10A950000299401AB0F57A7F07D9FFE703990420DE
:10A96000487701208DF80700FFE7DBE7FFE79DF858
:10A97000070004B080BD000080B582B001900020C7
:10A980008DF8030001980168C86820F08000C86055
:10A99000019800688068800600280DD4FFE70198C0
:10A9A000FCF7B6FA38B1FFE7019904204877012097
:10A9B0008DF80300FFE7FFE79DF8030002B080BDBC
:10A9C00085B003908DF80B1001920398D0F8D41243
:10A9D00000EB8100D0F8C0020090009820B9FFE79A
:10A9E000FF208DF8130013E00198007928B9FFE7E4
:10A9F0000099002081F8620804E00099012081F8A4
:10AA00006208FFE700990020C8608DF81300FFE797
:10AA10009DF9130005B0704780B586B004908DF89D
:10AA20000F10029201930498D0F8D41200EB810029
:10AA3000D0F8C0020090009820B9FFE7FF208DF801
:10AA4000170017E00298019908440099D1F8681896
:10AA500088420BD9FFE704989DF80F1005222123A7
:10AA600000F088FEFF208DF8170003E000208DF82D
:10AA70001700FFE79DF9170006B080BD80B588B0CC
:10AA800006908DF8171004920698D0F8D41200EBB7
:10AA90008100D0F8C0020190019820B9FFE7FF20A3
:10AAA0008DF81F0069E00198D0F8180860B9FFE739
:10AAB0000698019991F81D180522202300F05AFEEE
:10AAC000FF208DF81F0058E004984078C00748B375
:10AAD000FFE70498807848B9FFE7019840F2360113
:10AAE000C2F20001062200F045FF1AE004988078C7
:10AAF000802809D1FFE7019840F23C01C2F2000131
:10AB0000082200F037FF0BE00698019991F81D1814
:10AB10000522242300F02EFEFF208DF81F002CE0DC
:10AB2000FFE726E00698D0F8D41200EB8100D0F8B9
:10AB3000C402C0699DF8171001EBC10100EB810050
:10AB40000390039800790530ADF80A000498007965
:10AB5000BDF80A10884205DCFFE704980079ADF8DB
:10AB60000A00FFE701980399BDF80A2000F002FFF0
:10AB7000FFE700208DF81F00FFE79DF91F0008B0D8
:10AB800080BD000080B586B004908DF80F10029251
:10AB90000498D0F8D41200EB8100D0F8C0020190E4
:10ABA0000820ADF80200019820B9FFE7FF208DF8DA
:10ABB00017002EE00498D0F8D41200EB8100D0F8F2
:10ABC000C402C1689DF80F00884748B1FFE740F212
:10ABD0002A01C2F20001C87840F08000C870FFE787
:10ABE0000298007ABDF80210884205DCFFE702985F
:10ABF000007AADF80200FFE70198BDF8022040F2AC
:10AC00002A01C2F2000100F0B5FE00208DF8170005
:10AC1000FFE79DF9170006B080BD000080B586B043
:10AC200004908DF80F1002920498D0F8D41200EB23
:10AC30008100D0F8C00201900420ADF80200019814
:10AC400020B9FFE7FF208DF817002EE00498D0F818
:10AC5000D41200EB8100D0F8C402C1689DF80F0047
:10AC6000884748B1FFE740F23201C2F2000188781C
:10AC700040F080008870FFE702980079BDF802106C
:10AC8000884205DCFFE702980079ADF80200FFE793
:10AC90000198BDF8022040F23201C2F2000100F03A
:10ACA00069FE00208DF81700FFE79DF9170006B038
:10ACB00080BD000080B588B006908DF81710049212
:10ACC0000698D0F8D41200EB8100D0F8C0020290B0
:10ACD000029820B9FFE7FF208DF81F00D9E0049803
:10ACE000007801460191D0B3FFE7019803283FD0D7
:10ACF000FFE70198122844D0FFE701981A285BD09B
:10AD0000FFE701981B2845D0FFE701981E284AD08D
:10AD1000FFE70198232861D0FFE70198252866D036
:10AD2000FFE70198282874D0FFE701982A2800F04F
:10AD30008280FFE701982F2800F08F80FFE70198BD
:10AD40005A2842D0FFE701989E2859D0FFE7019882
:10AD5000A82867D0FFE70198AA2875D086E0069852
:10AD60009DF81710049A00F0A5FD8DF80F008BE0F8
:10AD700006989DF81710049A00F072FC8DF80F00E9
:10AD800082E006989DF81710049AFFF777FE8DF879
:10AD90000F0079E006989DF81710049A00F02CFD3A
:10ADA0008DF80F0070E006989DF81710049AFFF7D1
:10ADB00007FE8DF80F0067E006989DF81710049ABB
:10ADC000FFF72CFF8DF80F005EE006989DF8171036
:10ADD000049AFFF7D7FE8DF80F0055E006989DF80E
:10ADE0001710049A00F0BEFB8DF80F004CE0069897
:10ADF0009DF81710049A00F0C5FA8DF80F0043E093
:10AE000006989DF81710049A00F026FB8DF80F00A5
:10AE10003AE006989DF81710049A00F06FF98DF843
:10AE20000F0031E006989DF81710049A00F008FA18
:10AE30008DF80F0028E006989DF81710049A00F08E
:10AE400009FE8DF80F001FE006989DF81710049A70
:10AE500000F0D8FE8DF80F0016E006989DF8171048
:10AE6000049A00F0B5FD8DF80F000DE006989DF8EE
:10AE700017100522202300F07DFC02990220487261
:10AE8000FF208DF80F00FFE79DF80F008DF81F00E1
:10AE9000FFE79DF91F0008B080BD000080B586B0B7
:10AEA00004908DF80F100498D0F8D41200EB8100B4
:10AEB000D0F8C0020290029820B9FFE7FF208DF879
:10AEC000170071E00299D1F87008B1F8641848438E
:10AED000019001990020B0EBD12F03D1FFE7019839
:10AEE000009003E04FF400600090FFE700980190AD
:10AEF0000498D0F8D41200EB8100D0F8C402D0F846
:10AF000010C09DF80F00DDF808E00EF11001DEF82A
:10AF10006C28019BBEF864E8B3FBFEF39BB2E047EC
:10AF2000B0F1FF3F0BDCFFE704989DF80F100422FF
:10AF3000112300F01FFCFF208DF8170034E0049867
:10AF400040F22801C2F200010978029A1032019BF6
:10AF500003F050FB01980299B1F86428B0FBF2F2BB
:10AF6000D1F86C081044C1F86C0801980299B1F846
:10AF70006428B0FBF2F2D1F87008801AC1F87008AA
:10AF8000019A0299D1F83808801AC1F83808029855
:10AF9000D0F8700820B9FFE7029903200872FFE794
:10AFA00000208DF81700FFE79DF9170006B080BD5F
:10AFB00080B588B006908DF817100698D0F8D41296
:10AFC00000EB8100D0F8C0020490049820B9FFE79C
:10AFD000FF208DF81F008CE00499D1F87008B1F8BB
:10AFE00064184843039003990020B0EBD12F03D19C
:10AFF000FFE70398029003E04FF400600290FFE740
:10B00000029803900698D0F8D41200EB8100D0F893
:10B01000C402D0F814C09DF81700DDF810E00EF15E
:10B020001001DEF86C28039BBEF864E8B3FBFEF366
:10B030009BB2E047B0F1FF3F0BDCFFE706989DF8BD
:10B0400017100422032300F095FBFF208DF81F004A
:10B050004FE003980499B1F86428B0FBF2F2D1F8FC
:10B060006C081044C1F86C0803980499B1F864287E
:10B07000B0FBF2F2D1F87008801AC1F87008039A98
:10B080000499D1F83808801AC1F838080498D0F823
:10B09000700828B9FFE706980021FEF7D3F924E0ED
:10B0A0000499D1F87008B1F8641841430020B0EB5E
:10B0B000D12F08D1FFE70499D1F87008B1F86418CE
:10B0C0004843019003E04FF400600190FFE70198CE
:10B0D0000390069840F22901C2F200010978049A0F
:10B0E0001032039B03F022F9FFE700208DF81F00C8
:10B0F000FFE79DF91F0008B080BD000080B586B055
:10B1000004908DF80F1002920498D0F8D41200EB3E
:10B110008100D0F8C0020190019820B9FFE7FF201C
:10B120008DF8170088E00198007A002878D1FFE7B1
:10B13000019890F81C0800F0800080280CD0FFE7F0
:10B140000498019991F81D180522202300F012FBA4
:10B15000FF208DF817006FE0019890F86208022830
:10B160000BD1FFE704989DF80F1002223A2300F05C
:10B1700001FBFF208DF817005EE00498D0F8D41290
:10B1800000EB8100D0F8C40281689DF80F00884769
:10B1900058B1FFE704989DF80F1002223A2300F0FF
:10B1A000E9FAFF208DF8170046E00298D0F8020077
:10B1B00000BA0199C1F86C080298B0F8070040BACB
:10B1C0000199C1F8700804989DF80F10019BD3F8FD
:10B1D0006C28D3F87038FFF71FFCB0F1FF3F04DC98
:10B1E000FFE7FF208DF8170026E0019AD2F8180833
:10B1F000D2F87018B2F86428514388420CD0FFE7A7
:10B200000498019991F81D180522202300F0B2FA44
:10B21000FF208DF817000FE0019902200872FFE768
:10B2200001994FF40060C86004989DF80F10FFF773
:10B2300035FE8DF81700FFE79DF9170006B080BDB9
:10B2400080B586B004908DF80F1002920498D0F863
:10B25000D41200EB8100D0F8C0020190019820B90F
:10B26000FFE7FF208DF8170088E00198007A00289A
:10B2700078D1FFE7019890F81C0800F08000802842
:10B280000CD0FFE70498019991F81D18052220239E
:10B2900000F070FAFF208DF817006FE0019890F829
:10B2A000620802280BD1FFE704989DF80F100222D4
:10B2B0003A2300F05FFAFF208DF817005EE0049853
:10B2C000D0F8D41200EB8100D0F8C40281689DF858
:10B2D0000F00884758B1FFE704989DF80F1002222D
:10B2E0003A2300F047FAFF208DF8170046E0029855
:10B2F000D0F8020000BA0199C1F86C080298D0F8A1
:10B30000060000BA0199C1F8700804989DF80F1062
:10B31000019BD3F86C28D3F87038FFF77DFBB0F1B0
:10B32000FF3F04DCFFE7FF208DF8170026E0019ABD
:10B33000D2F81808D2F87018B2F86428514388423D
:10B340000CD0FFE70498019991F81D1805222023DD
:10B3500000F010FAFF208DF817000FE0019902208D
:10B360000872FFE701994FF40060C86004989DF8E7
:10B370000F10FFF793FD8DF81700FFE79DF91700F9
:10B3800006B080BD80B586B004908DF80F10029293
:10B390000498D0F8D41200EB8100D0F8C0020090DD
:10B3A000009820B9FFE7FF208DF8170050E00498BF
:10B3B000D0F8D41200EB8100D0F8C40243689DF8A5
:10B3C0000F00009A02F6680102F6640298478DF8B1
:10B3D00007009DF9070030B9FFE7009890F8620870
:10B3E00002280BD1FFE704989DF80F1002223A23A0
:10B3F00000F0C0F9FF208DF8170029E00099D1F87E
:10B4000068080138000E08740099D1F868080138FE
:10B41000000C48740099D1F868080138000A887453
:10B420000099D1F868080138C8740099002008759F
:10B4300000994875009A92F865189175009A92F8EB
:10B440006418D175009A0821D1608DF81700FFE7C4
:10B450009DF9170006B080BD80B588B006908DF8C4
:10B46000171004920698D0F8D41200EB8100D0F89F
:10B47000C0020190019820B9FFE7FF208DF81F005E
:10B480006CE00698D0F8D41200EB8100D0F8C4022A
:10B4900043689DF81700019A02F6680102F66402FB
:10B4A00098478DF80B009DF90B0030B9FFE7019824
:10B4B00090F8620802280BD1FFE706989DF8171054
:10B4C00002223A2300F056F9FF208DF81F0045E0D4
:10B4D0000498D0F80A0000BA0199C86000200390CF
:10B4E000FFE703980199C96888420AD2FFE70198EB
:10B4F0000399014400200874FFE70398013003908A
:10B50000EFE70199D1F868080138000E0875019934
:10B51000D1F868080138000C48750199D1F868081D
:10B520000138000A88750199D1F868080138C87592
:10B5300001990020087601994876019A92F86518D9
:10B540009176019A92F86418D1760499D1F80A108C
:10B5500009BA019AD1608DF81F00FFE79DF91F001D
:10B5600008B080BD80B588B006908DF817100492A1
:10B570000698D0F8D41200EB8100D0F8C0020090F9
:10B58000009820B9FFE7FF208DF81F0064E00698BF
:10B59000D0F8D41200EB8100D0F8C40243689DF8C3
:10B5A000170002A90DF10E0298478DF805009DF9CC
:10B5B000050030B9FFE7009890F8620802280BD127
:10B5C000FFE706989DF8171002223A2300F0D2F800
:10B5D000FF208DF81F003FE00020ADF80600FFE7D8
:10B5E000BDF806000B280DD8FFE70098BDF806103F
:10B5F000014400200874FFE7BDF806000130ADF8F3
:10B600000600EDE700990820C87402980138000E82
:10B610000099087502980138000C00994875029845
:10B620000138000A00998875029801380099C87598
:10B630000099022008760099002048769DF80F10A6
:10B64000009A91769DF80E10009AD176009A0C21FE
:10B65000D1608DF81F00FFE79DF91F0008B080BD85
:10B6600080B586B004908DF80F1002920498D0F83F
:10B67000D41200EB8100D0F8C0020090009820B9ED
:10B68000FFE7FF208DF817006FE00098D0F818084A
:10B6900060B9FFE70498009991F81D18052220234E
:10B6A00000F068F8FF208DF817005EE000208DF8AC
:10B6B0000700FFE79DF8070011280DD8FFE7009865
:10B6C0009DF80710014400200874FFE79DF807006B
:10B6D00001308DF80700EDE700997020087400999B
:10B6E0000C20C875009991F8600891F8611888429B
:10B6F0002AD0FFE7009991F8600801EBC00090F8AC
:10B7000040088874009991F8600801EBC00090F837
:10B7100044080877009991F8600801EBC00090F8A0
:10B7200045084877009991F86008013081F8600871
:10B73000009890F86008042805D1FFE700990020E0
:10B7400081F86008FFE7FFE700991220C8600298BF
:10B750000079122805D8FFE7029800790099C8609F
:10B76000FFE700208DF81700FFE79DF9170006B0EE
:10B7700080BD000083B002908DF807108DF8062080
:10B780008DF805300298D0F8D41200EB8100D0F883
:10B79000C0020090009808B9FFE72AE09DF8060073
:10B7A000009991F8612801EBC20181F840089DF8E9
:10B7B0000500009991F8612801EBC20181F8440865
:10B7C000009890F8611800EBC101002081F845084D
:10B7D000009991F86108013081F86108009890F8AB
:10B7E0006108042805D1FFE70099002081F861086D
:10B7F000FFE703B07047000080B586B004908DF875
:10B800000F1002920498D0F8D41200EB8100D0F807
:10B81000C0020190019820B9FFE7FF208DF81700C2
:10B8200044E0019890F86208012812D1FFE70298DD
:10B83000007900F0030002280BD1FFE704989DF87F
:10B840000F1005222423FFF795FFFF208DF8170026
:10B850002CE00298007900F00300012805D1FFE7F1
:10B860000199002081F862081AE00298007900F03E
:10B870000300022805D1FFE70199022081F8620840
:10B880000DE00298007900F00300032805D1FFE7DE
:10B890000199002081F8620800E0FFE7FFE7FFE779
:10B8A00001990020C8608DF81700FFE79DF9170087
:10B8B00006B080BD80B586B004908DF80F1002925E
:10B8C0000498D0F8D41200EB8100D0F8C0020190A7
:10B8D000019820B9FFE7FF208DF8170045E0019897
:10B8E000D0F8180860B1FFE70498019991F81D1885
:10B8F00005222023FFF73EFFFF208DF8170034E0DC
:10B90000019890F8620802280ED1FFE704989DF88C
:10B910000F1002223A23FFF72DFF0199052008722C
:10B92000FF208DF8170020E00498D0F8D41200EB27
:10B930008100D0F8C40281689DF80F00884770B17B
:10B94000FFE704989DF80F1002223A23FFF712FF39
:10B95000019905200872FF208DF8170005E0019974
:10B960000020C8608DF81700FFE79DF9170006B0AA
:10B9700080BD000084B002900191ADF80220BDF8B6
:10B980000200ADF80000029820B9FFE7FF208DF813
:10B990000F0019E0BDF800000299C860FFE7BDF88C
:10B9A000000068B1FFE7BDF800000138ADF8000005
:10B9B0000198BDF80020805C029911440874EEE7FC
:10B9C00000208DF80F00FFE79DF90F0004B07047CD
:10B9D00080B586B004908DF80F1002920498D0F8CC
:10B9E000D41200EB8100D0F8C0020190019820B978
:10B9F000FFE7FF208DF8170028E0029840788007C5
:10BA000000280BD5FFE704989DF80F10052224238A
:10BA1000FFF7B0FEFF208DF8170017E004989DF89F
:10BA20000F10019BD3F86C28D3F87038FEF7F4FFA1
:10BA3000B0F1FF3F04DCFFE7FF208DF8170005E0C1
:10BA400001990020C8608DF81700FFE79DF91700E5
:10BA500006B080BD80B588B006908DF817100492AE
:10BA60000698D0F8D41200EB8100D0F8C002039001
:10BA7000039820B9FFE7FF208DF81F00BDE0039871
:10BA8000007A002840F0AD80FFE70398D0F818084E
:10BA900060B9FFE70698039991F81D180522202345
:10BAA000FFF768FEFF208DF81F00A6E0039890F8CE
:10BAB0001C08000600280CD5FFE70698039991F8AA
:10BAC0001D1805222023FFF755FEFF208DF81F00CB
:10BAD00093E00698D0F8D41200EB8100D0F8C402AD
:10BAE00081689DF81700884758B1FFE706989DF8D0
:10BAF000171002223A23FFF73DFEFF208DF81F00AA
:10BB00007BE00698D0F8D41200EB8100D0F8C40294
:10BB1000C1689DF81700884758B1FFE706989DF85F
:10BB2000171002222723FFF725FEFF208DF81F00A4
:10BB300063E00498D0F8020000BA0399C1F86C08D9
:10BB40000498B0F8070040BA0399C1F87008069845
:10BB50009DF81710039BD3F86C28D3F87038FEF7C4
:10BB60005BFFB0F1FF3F04DCFFE7FF208DF81F0013
:10BB700043E00399D1F87008B1F864184843029083
:10BB80000398D0F81808029988420CD0FFE706986D
:10BB9000039991F81D1805222023FFF7EBFDFF20E4
:10BBA0008DF81F0029E002990020B0EBD12F03D1BE
:10BBB000FFE70298019003E04FF400600190FFE777
:10BBC00001980290039901200872069840F2290119
:10BBD000C2F200010978039A1032029B02F0A6FB20
:10BBE00007E006989DF81710FFF7E2F98DF81F009F
:10BBF00003E000208DF81F00FFE79DF91F0008B04B
:10BC000080BD000080B588B006908DF817100492B2
:10BC10000698D0F8D41200EB8100D0F8C00203904F
:10BC2000039820B9FFE7FF208DF81F00C3E00398B9
:10BC3000007A002840F0B380FFE70398D0F8180896
:10BC400060B9FFE70698039991F81D180522202393
:10BC5000FFF790FDFF208DF81F00ACE0039890F8EF
:10BC60001C08000600280CD5FFE70698039991F8F8
:10BC70001D1805222023FFF77DFDFF208DF81F00F2
:10BC800099E00698D0F8D41200EB8100D0F8C402F5
:10BC900081689DF81700884770B1FFE706989DF806
:10BCA000171002223A23FFF765FD03990520087259
:10BCB000FF208DF81F007EE00698D0F8D41200EB2C
:10BCC0008100D0F8C402C1689DF81700884770B1A0
:10BCD000FFE706989DF8171002222723FFF74AFD79
:10BCE000039905200872FF208DF81F0063E0049877
:10BCF000D0F8020000BA0399C1F86C080498D0F893
:10BD0000060000BA0399C1F8700806989DF817104C
:10BD1000039BD3F86C28D3F87038FEF77DFEB0F1A2
:10BD2000FF3F04DCFFE7FF208DF81F0043E003998D
:10BD3000D1F87008B1F86418484302900398D0F81D
:10BD40001808029988420CD0FFE70698039991F8E9
:10BD50001D1805222023FFF70DFDFF208DF81F0081
:10BD600029E002990020B0EBD12F03D1FFE7029820
:10BD7000019003E04FF400600190FFE7019802900A
:10BD8000039901200872069840F22901C2F20001CD
:10BD90000978039A1032029B02F0C8FA07E006986D
:10BDA0009DF81710FFF704F98DF81F0003E000203D
:10BDB0008DF81F00FFE79DF91F0008B080BD00004F
:10BDC00083B0029001910020009001990968029AC5
:10BDD000516201994968029A9162019A9168D2F878
:10BDE0000CC01369526941EA0C0119430A430099D6
:10BDF000114300910299C96A21F0F701009A114399
:10BE0000029AD16203B0704781B000900098006937
:10BE1000C0B201B07047000081B000900098006887
:10BE200000F0030001B0704783B0029001910298C6
:10BE300001990844143000900098006803B07047DE
:10BE400080B548F60C20C2F20100F7F7C3FE80BDB2
:10BE5000B0B588B00E9CDDF834E0DDF830C0079452
:10BE6000CDF818E0CDF814C004930392029101902C
:10BE7000002000900299DDF80CC0049B059A41EA6D
:10BE80000C0119431143069A1143079A0A4300997A
:10BE9000114300910199496847F6FF629143009A66
:10BEA0001143019A516008B0B0BD000081B000900C
:10BEB000009903200860002001B0704781B0009015
:10BEC0000098D0F8800001B07047000083B0029065
:10BED00001910020009001990968029A9160019AED
:10BEE0005168D2F808C0D368126941EA0C011943BD
:10BEF0000A430099114300910299C96840F6FF7204
:10BF00009143009A1143029AD16003B07047000038
:10BF100082B001900091009800680199C1F88000FA
:10BF2000002002B07047000080B58AB009900891E7
:10BF30000898039010200190049040200590002064
:10BF400006904FF480600790099803A9FFF7BEFFA1
:10BF50000199099841F2883200F0C6F902900298DE
:10BF60000AB080BD80B588B0079000200290039091
:10BF7000049005904FF480600690079802A9FFF79F
:10BF8000A5FF079800F082F90190019808B080BDE4
:10BF900080B588B007900691069801900120029024
:10BFA00040200390002004904FF480600590079893
:10BFB00001A9FFF78BFF079800F00EFB0090009897
:10BFC00008B080BD80B58AB00990089108980390A8
:10BFD00012200190049040200590002006904FF41C
:10BFE00080600790099803A9FFF770FF01990998ED
:10BFF00041F2883200F078F9029002980AB080BDD0
:10C0000080B58AB00990089108980390112001909A
:10C01000049040200590002006904FF48060079027
:10C02000099803A9FFF752FF0199099841F2883254
:10C0300000F05AF9029002980AB080BD80B58CB029
:10C040000B900993089208980390072001900490A0
:10C0500040200590002006904FF4806007900B98D8
:10C0600003A9FFF733FF01990B9841F2883200F0E2
:10C070003BF9029002980CB080BD000080B588B0FA
:10C0800007900020029002210391C02104910590A5
:10C090004FF480600690079802A9FFF717FF0798F2
:10C0A00000F046FA0190019808B080BD80B588B0D4
:10C0B000079006910698019009200290C0200390F5
:10C0C000002004904FF480600590079801A9FFF7C5
:10C0D000FDFE079800F02CFA0090009808B080BD93
:10C0E00080B58AB0099008910898039008200190C3
:10C0F000049040200590002006904FF48060079047
:10C10000099803A9FFF7E2FE0199099841F28832E4
:10C1100000F0EAF8029002980AB080BD80B58AB0BB
:10C1200009900891089803900D20019004904020F8
:10C130000590002006904FF480600790099803A9AD
:10C14000FFF7C4FE0199099841F2883200F0CCF85B
:10C15000029002980AB080BD80B58AB00990ADF80F
:10C160002210BDF8220000040390032001900490E7
:10C1700040200590002006904FF4806007900998B9
:10C1800003A9FFF7A3FE0199099841F2883200F054
:10C19000ABF8029002980AB080BD000080B588B06C
:10C1A0000790002002900C210091039140210491FE
:10C1B00005904FF480600690079802A9FFF786FE6D
:10C1C000009907984EF20012C0F2F55200F08CF878
:10C1D0000190019808B080BD80B58AB0099008919F
:10C1E00008980390062001900490402005900020BC
:10C1F00006904FF480600790099803A9FFF766FE48
:10C200000199099841F2883200F06EF80290029884
:10C210000AB080BD80B58AB0099008910898039053
:10C2200019200190049040200590002006904FF4C2
:10C2300080600790099803A9FFF748FE01990998C3
:10C2400041F2883200F050F8029002980AB080BDA6
:10C2500080B58AB009900891089803901820019041
:10C26000049040200590002006904FF480600790D5
:10C27000099803A9FFF72AFE0199099841F288322B
:10C2800000F032F8029002980AB080BD83B00190AD
:10C2900040F24800C2F200000068C00844F6D351E2
:10C2A000C1F26201A0FB0110800941F288314843CC
:10C2B0000090FFE70098411E009120B9FFE74FF082
:10C2C000004002900CE0FFE70198406B0006002858
:10C2D000F0D5FFE70199C520886300200290FFE7B1
:10C2E000029803B07047000080B588B006908DF8C2
:10C2F00017100492049840F24801C2F20001096844
:10C30000C90844F6D352C1F26202A1FB0221890995
:10C3100048430190FFE70198411E019120B9FFE7D2
:10C320004FF000400790FFE00698406B0290FFE757
:10C3300001209DF8081011F0450F009006D0FFE78E
:10C340009DF80900C0F3C0000090FFE70098C00707
:10C350000028E0D1FFE70698406B4007002805D58C
:10C36000FFE70699042088630790DDE00698406B9C
:10C37000C00728B1FFE70699012088630790D3E042
:10C38000FFE7FFE70699C52088630698FFF73CFDA5
:10C390009DF81710884203D0FFE701200790C3E003
:10C3A00006980021FFF740FD039003984EF2080124
:10C3B000CFF6FF51084203D1FFE700200790B3E01A
:10C3C0009DF80F000006002804D5FFE74FF000702D
:10C3D0000790A9E09DF80F004006002803D5FFE76D
:10C3E00040200790A0E09DF80F008006002803D5AC
:10C3F000FFE78020079097E09DF80F00C006002817
:10C4000004D5FFE74FF4807007908DE09DF80F0092
:10C410000007002804D5FFE74FF40070079083E081
:10C420009DF80F004007002804D5FFE74FF4806017
:10C43000079079E09DF80F00C00720B1FFE74FF4A7
:10C440000060079070E09DF80E000006002804D5FB
:10C45000FFE74FF48050079066E09DF80E0040061D
:10C46000002804D5FFE74FF4005007905CE09DF8EA
:10C470000E008006002804D5FFE74FF480400790A7
:10C4800052E09DF80E00C006002804D5FFE74FF4E7
:10C490000040079048E09DF80E004007002804D5B2
:10C4A000FFE74FF4003007903EE09DF80E00800754
:10C4B000002804D5FFE74FF48020079034E09DF872
:10C4C0000E00C00720B1FFE74FF4002007902BE0DB
:10C4D0009DF80D000006002804D5FFE74FF48010FA
:10C4E000079021E09DF80D004006002804D5FFE7E5
:10C4F0004FF40010079017E09DF80D00800600280B
:10C5000004D5FFE74FF4800007900DE09DF80C0084
:10C510000007002804D5FFE74FF40000079003E070
:10C520004FF480300790FFE7079808B080BD000007
:10C5300085B0039040F24800C2F200000068C008D5
:10C5400044F6D351C1F26201A0FB0110800941F20F
:10C55000883148430190FFE70198411E019120B9BD
:10C56000FFE74FF00040049033E00398406B0290E7
:10C57000FFE701209DF8081011F0450F009006D04C
:10C58000FFE79DF80900C0F3C0000090FFE70098A6
:10C59000C0070028E0D1FFE70398406B4007002860
:10C5A00005D5FFE7039904208863049011E0039800
:10C5B000406BC00728B1FFE703990120886304900E
:10C5C00007E00399C5208863FFE7FFE70020049098
:10C5D000FFE7049805B0704785B0039040F248002B
:10C5E000C2F200000068C00844F6D351C1F26201F3
:10C5F000A0FB0110800941F2883148430190FFE718
:10C600000198411E019120B9FFE74FF000400490CE
:10C6100028E00398406B0290FFE701209DF8081086
:10C6200011F0450F009006D0FFE79DF80900C0F318
:10C63000C0000090FFE70098C0070028E0D1FFE7A6
:10C640000398406B4007002805D5FFE703990420B5
:10C650008863049006E00399C5208863FFE7002003
:10C660000490FFE7049805B07047000080B549F2D8
:10C670009010C2F20100FAF77BFC80BD80B582B059
:10C6800001900198806B009000990020C887009964
:10C69000C8860098FAF768FC02B080BD80B586B005
:10C6A00004900391029204984068B0F5827F13D100
:10C6B000FFE704988068B0F5004F06D0FFE70498C4
:10C6C0008068B0F5806F07D1FFE7049801680868BB
:10C6D00020F040000860FFE704984068B0F5827FD2
:10C6E00031D1FFE704988068B0F5806F15D0FFE77F
:10C6F0000498039B02996A4611608021002200F091
:10C70000A5F848B1FFE70499486D40F0200048655E
:10C7100003208DF817002FE014E00498039B029982
:10C720006A4611600121002200F090F848B1FFE74D
:10C730000499486D40F02000486503208DF81700EB
:10C740001AE0FFE714E00498039B02996A4611601F
:10C750000121002200F07AF848B1FFE70499486D02
:10C7600040F02000486503208DF8170004E0FFE743
:10C7700000208DF81700FFE79DF8170006B080BD78
:10C7800080B586B00490039102920498039B0299AD
:10C790006A4611600221012200F058F848B1FFE713
:10C7A0000499486D40F02000486503208DF817007B
:10C7B00048E040F24800C2F2000000684AF6AB21AF
:10C7C000CAF6AA21A0FB011000094DF68361C4F24C
:10C7D0001B31A0FB0110800C4FF47A71484301908B
:10C7E00004984068B0F5827F15D1FFE70498039B59
:10C7F00002996A4611608021002200F027F848B1B2
:10C80000FFE70499486D40F02000486503208DF84B
:10C81000170017E012E0FFE7019808B9FFE70CE006
:10C82000019801380190FFE7049800688068C1B260
:10C830000020B0EBD11FEFD1FFE7FFE700208DF81C
:10C840001700FFE79DF8170006B080BD80B58AB0DD
:10C85000DDF830C0089007918DF81B2005930598EE
:10C860000190F6F7E7FD024601980C99891A0844F1
:10C870000390F6F7DFFD0290039840F24801C2F200
:10C8800000010968C1F3CB3148430490FFE70898E1
:10C890000068806807990840401AB0FA80F04009A3
:10C8A0009DF81B1088425ED0FFE7059801300028F4
:10C8B00058D0FFE7F6F7BEFD0299401A0399884267
:10C8C00004D2FFE70398002842D1FFE708980168E7
:10C8D000486820F0E000486008984068B0F5827F22
:10C8E00013D1FFE708988068B0F5004F06D0FFE746
:10C8F00008988068B0F5806F07D1FFE70898016855
:10C90000086820F040000860FFE70898806AB0F5EA
:10C91000005F0FD1FFE7FFE708980168086820F47F
:10C920000050086008980168086840F400500860EA
:10C93000FFE7FFE70899012081F85100FFE7089918
:10C94000002081F85000FFE703208DF827000EE05B
:10C95000049818B9FFE700200390FFE70498013816
:10C960000490FFE793E700208DF82700FFE79DF88C
:10C9700027000AB080BD000080B58AB08DF826007F
:10C980000891079240F25011C2F200010020087095
:10C9900048F60C20C2F20100F7F7FAF8042812D189
:10C9A000FFE748F60C20C2F201006946F7F7CEF81F
:10C9B00005980138089908600698079908800020B2
:10C9C0008DF8270003E003208DF82700FFE79DF98D
:10C9D00027000AB080BD00000020704781B08DF8AC
:10C9E0000300002001B0704780B582B08DF80700C9
:10C9F00000208DF8060048F60C20C2F20100F7F77F
:10CA0000C7F88DF806009DF80600012801D0FFE761
:10CA1000FFE7002002B080BD81B08DF80300002048
:10CA200001B0704780B584B08DF80F00029101927B
:10CA3000ADF8023003208DF801000299019ABDF88B
:10CA4000023048F60C20C2F20100F7F719FC8DF80D
:10CA500000009DF80000D0B9FFE700208DF801002C
:10CA6000FFE748F60C20C2F20100F7F7ABF8032805
:10CA700001D1FFE7F5E7FFE748F60C20C2F201001D
:10CA8000F7F786F8042801D0FFE7F5E700E0FFE7B5
:10CA90009DF9010004B080BD80B584B08DF80F0011
:10CAA00002910192ADF8023003208DF80100029945
:10CAB000019ABDF8023048F60C20C2F20100F7F7E7
:10CAC000CFFC8DF800009DF80000D0B9FFE70020F2
:10CAD0008DF80100FFE748F60C20C2F20100F7F7DD
:10CAE00071F8032801D1FFE7F5E7FFE748F60C20CE
:10CAF000C2F20100F7F74CF8042801D0FFE7F5E790
:10CB000000E0FFE79DF9010004B080BD7047000020
:10CB100084B003900398009000980078ADF8080066
:10CB200000980130009000980078ADF80600BDF83C
:10CB30000610BDF8080040EA0120ADF80A00BDF873
:10CB40000A0004B07047000080B582B040F6704023
:10CB5000C2F200000078C00720B9FFE701208DF87D
:10CB6000070039E049F2C820C2F2010007F0E0F8FE
:10CB70008DF806009DF8060060B1FFE79DF80610ED
:10CB80004CF22470C0F6020009F09CF800208DF8E9
:10CB9000070021E049F2C820C2F2010005F08CFB39
:10CBA0008DF806009DF8060060B1FFE79DF80610BD
:10CBB0004CF23670C0F6020009F084F800208DF8BF
:10CBC000070009E040F67041C2F200010020087041
:10CBD00001208DF80700FFE79DF8070002B080BD37
:10CBE00080B592B0119011980178407801EB8101E5
:10CBF00000EB4100A0F50470109011988178C07886
:10CC000001EB810100EB4100A0F504700F90119839
:10CC10000179407901EB810100EB4100A0F504703E
:10CC20000E90109808301090109818282FDBFFE70E
:10CC300010981838109049F27010C2F2010002905A
:10CC40000DA9039100220492F9F7ECFE9DF837003C
:10CC50000A909DF835000B909DF8360001300C903D
:10CC60000AA808F0CDF902980399049A0A9B8DF856
:10CC700037300B9B8DF835300C9B8DF83630FAF73A
:10CC800007F818B1FFE7F5F75BFBFFE7FFE70020C8
:10CC900001900990089007900690059010998DF8E2
:10CCA00014100F998DF815100E998DF81610089024
:10CCB000099010990F9A0E9B4CF2B950C0F60200E1
:10CCC00009F000F8019A49F27010C2F2010005A9BA
:10CCD000FAF772F818B1FFE7F5F732FBFFE712B089
:10CCE00080BD000080B5F7F7F9FC80BD80B582B04B
:10CCF000009000980138B0F1807F03D3FFE7012056
:10CD0000019019E0009801384EF21401CEF20001B2
:10CD100008604FF0FF300F2103F018FF4EF21801AA
:10CD2000CEF20001002008604EF21002CEF20002A6
:10CD3000072111600190FFE7019802B080BD00005B
:10CD400080B5F6F77DFB80BD80B594B008A8302192
:10CD5000F3F792FA00200790069005900490039054
:10CD6000FFE70020029043F64000C4F20200016891
:10CD700041F080510160006800F0805002900298FC
:10CD8000FFE7FFE70020019047F20000C4F2000037
:10CD9000016841F440410160006800F440400190A6
:10CDA0000198FFE70620089001200A900B901020C0
:10CDB0000C9002210E9100200F9008201090B422B8
:10CDC00011921291139008A8F9F7CCFA18B1FFE765
:10CDD000F5F7B6FAFFE7F8F787FE18B1FFE7F5F7C2
:10CDE000AFFAFFE70F200390022004900020059087
:10CDF0004FF4A05006904FF48050079003A80521EF
:10CE0000F9F7E0F818B1FFE7F5F79AFAFFE714B081
:10CE100080BD00004EF68851CEF20001086840F453
:10CE2000700008607047000080B582B001900198E2
:10CE3000806B009000990020C8850099C8840098F4
:10CE4000FAF7DCFE02B080BD84B00390FFE7FFE795
:10CE50000398006850E8030F20F490700290FFE7F9
:10CE600002990398026842E803100028F0D1FFE716
:10CE7000FFE7FFE7FFE70398006850E8050F20F0A1
:10CE800001000190FFE701990398026842E805104C
:10CE90000028F0D1FFE7FFE70398006B012814D1C9
:10CEA000FFE7FFE7FFE70398006850E8030F20F073
:10CEB00010000090FFE700990398026842E8031011
:10CEC0000028F0D1FFE7FFE7FFE70399202081F872
:10CED000420003990020086304B0704780B582B017
:10CEE000019001980168C86820F04000C86001996D
:10CEF000202081F841000198FBF706FB002002B0DA
:10CF000080BD000080B586B00490049890F842007F
:10CF1000222840F0A480FFE704988068B0F5805F85
:10CF200015D1FFE70498006988B9FFE70020039056
:10CF30000498806A02900498006840686FF35F204C
:10CF4000029908800499886A0230886225E0049872
:10CF5000806A03900020029004988068B0F5805F9A
:10CF600008D0FFE70498806850B9FFE7049800698B
:10CF700030B9FFE70498006840680399087007E03B
:10CF800004980068406800F07F0003990870FFE78C
:10CF90000499886A01308862FFE70499C88D0138D6
:10CFA000C8850004002856D1FFE704980168C868C6
:10CFB00020F02000C86004980168C86820F48070E0
:10CFC000C86004980168486920F00100486104992C
:10CFD000202081F842000499002048630498006BE7
:10CFE000012830D1FFE7049900200863FFE7FFE73D
:10CFF0000498006850E8030F20F010000190FFE74C
:10D0000001990498026842E803100028F0D1FFE774
:10D01000FFE7049800680068C00600280ED5FFE707
:10D02000FFE70020009004980068006800900498D2
:10D030000068406800900098FFE7FFE70498818D42
:10D04000FAF7D6FD03E00498FBF752F9FFE700205A
:10D050008DF8170007E000208DF8170003E002208C
:10D060008DF81700FFE79DF8170006B080BD00009F
:10D0700080B586B0059005980068006920F440509E
:10D08000059A1168D26810430861059988680B6990
:10D090004A69C96918431043084304900598006819
:10D0A000C06849F20C6188430499084305990968EE
:10D0B000C86005980068406920F44070059A1168BE
:10D0C0009269104348610598006841F20001C4F27A
:10D0D0000101884209D0FFE70598006841F200414C
:10D0E000C4F20101884204D1FFE7F9F7B5F80390D3
:10D0F00003E0F9F79FF80390FFE70598C069B0F5E2
:10D10000004F29D1FFE703981921A0FB0101059ADF
:10D110001368029353685A00DB0FF3F763F8029920
:10D12000864648F21F53C5F2EB13AEFB03204209BB
:10D1300010014FF0640C02FB1CEC322202EBCC021B
:10D14000A2FB0332F82303EA521300EB4300C2F3BD
:10D1500042121044886026E003981921A0FB0101C7
:10D16000059A1368019353689A009B0FF3F73AF8F6
:10D170000199844648F21F52C5F2EB12ACFB023013
:10D180004309642003FB10CC322000EB0C10A0FB01
:10D190000202F02000EA521000EB0310C2F3431227
:10D1A00010448860FFE706B080BD000083B00290A5
:10D1B0000191ADF80220019802998862BDF8020041
:10D1C00002998885BDF802000299C885029900205D
:10D1D00048640299222081F842000298006938B11F
:10D1E000FFE702980168C86840F48070C860FFE7F4
:10D1F00002980168486940F001004861029801689E
:10D20000C86840F02000C860002003B070470000EC
:10D2100083B00190019890F8410021283AD1FFE7AE
:10D2200001988068B0F5805F13D1FFE7019800692D
:10D2300078B9FFE70198006A0090009800886FF3C2
:10D240005F200199096848600199086A0230086204
:10D2500008E0019A106A411C11620078019909687E
:10D260004860FFE70199C88C0138C884000468B998
:10D27000FFE701980168C86820F08000C860019845
:10D280000168C86840F04000C860FFE700208DF8E2
:10D290000B0003E002208DF80B00FFE79DF80B0068
:10D2A00003B0704780B586B0DDF820C004900391CC
:10D2B0008DF80B200193FFE704980068006803993C
:10D2C0000840401AB0FA80F040099DF80B108842DF
:10D2D0004DD1FFE708980130002847D0FFE7F6F767
:10D2E000A9F80199401A0899884203D8FFE70898DD
:10D2F00020B9FFE703208DF817003CE00498006890
:10D30000C0684007002830D5FFE7039880282CD05C
:10D31000FFE70398402828D0FFE7049800680068DA
:10D3200000F008010120B0EBD10F1DD1FFE7FFE7AE
:10D33000002000900498006800680090049800683D
:10D34000406800900098FFE70498FFF77DFD04997E
:10D3500008204864FFE70499002081F84000FFE7B7
:10D3600001208DF8170006E0FFE7FFE7A4E70020A3
:10D370008DF81700FFE79DF8170006B080BD00008C
:10D3800080B549F2FA40C2F201004FF40071F2F7A1
:10D3900073FF49F27820C2F2010040F25111C2F24B
:10D3A000000109224FF47A73FBF716F838B1FFE752
:10D3B0004CF24050C0F6020008F084FCFFE780BD4C
:10D3C00080B549F2E810C2F20100FAF71BFC80BDFB
:10D3D00080B549F23020C2F20100FAF713FC80BD9B
:10D3E00080B549F27820C2F20100FAF70BFC80BD4B
:10D3F00080B582B001908DF8031000208DF80200F6
:10D400000198D0F8B8124A689DF80310904720B1EF
:10D41000FFE703208DF80200FFE79DF8020002B04D
:10D4200080BD000080B582B001900091019890F815
:10D430009C02013802280ED8FFE700984088012896
:10D4400008D1FFE701990020C1F8A402019800F07B
:10D4500073F8FFE704E00198009900F033F8FFE764
:10D4600002B080BD82B001908DF80310002002B0A0
:10D470007047000082B001908DF80310002002B0C8
:10D480007047000080B584B0039002910192039828
:10D49000029A019B0021009100F048FF009804B01F
:10D4A00080BD000080B584B0039002910192039882
:10D4B000029A019B0021009101F09CF8009804B0B1
:10D4C00080BD000080B582B001900091019880215C
:10D4D00001F042F80198002101F03EF802B080BD51
:10D4E00080B582B0019001990520C1F8940201989D
:10D4F0000023009319461A4600F018FF009802B066
:10D5000080BD000080B584B0039002910192039920
:10D510000220C1F894020198039988610198039947
:10D52000C8610398029A019B0021009101F062F802
:10D53000009804B080BD000080B582B001900199D0
:10D540000420C1F8940201980023009319461A465A
:10D5500001F050F8009802B080BD000080B584B0A2
:10D56000039002910298C088012805D0FFE7039834
:10D570000299FFF7A7FF21E0039890F89C12481E3C
:10D580000191022804D3FFE7019803280AD00FE095
:10D59000039900208860039800F108010122FFF739
:10D5A000B1FF0AE00398011D0122FFF7ABFF04E081
:10D5B00003980299FFF786FFFFE7FFE704B080BDFD
:10D5C00080B588B0079006910020ADF81600049051
:10D5D0008DF80F000698C0780138014602910628A0
:10D5E00000F21E810299DFE811F0070011002E0001
:10D5F0001B011B01E80000010798D0F8B4120A686B
:10D60000007C0DF116019047049013E10798007C0F
:10D6100060B9FFE70798D0F8B802816A0DF11600EB
:10D62000884704900499022048700BE00798D0F8CE
:10D63000B802C16A0DF116008847049004990220CF
:10D640004870FFE7F6E006988078014601910528CA
:10D6500000F2A8800199DFE801F0031E39546F8AB7
:10D660000798D0F8B402406850B1FFE70798D0F8A7
:10D67000B4124A68007C0DF116019047049009E04D
:10D6800007980699FFF71EFF9DF80F0001308DF8EF
:10D690000F00FFE790E00798D0F8B402806850B11F
:10D6A000FFE70798D0F8B4128A68007C0DF11601E4
:10D6B0009047049009E007980699FFF703FF9DF84B
:10D6C0000F0001308DF80F00FFE775E00798D0F8E4
:10D6D000B402C06850B1FFE70798D0F8B412CA6826
:10D6E000007C0DF116019047049009E00798069917
:10D6F000FFF7E8FE9DF80F0001308DF80F00FFE7FF
:10D700005AE00798D0F8B402006950B1FFE70798D3
:10D71000D0F8B4120A69007C0DF11601904704900C
:10D7200009E007980699FFF7CDFE9DF80F0001303C
:10D730008DF80F00FFE73FE00798D0F8B40240698A
:10D7400050B1FFE70798D0F8B4124A69007C0DF198
:10D7500016019047049009E007980699FFF7B2FE7A
:10D760009DF80F0001308DF80F00FFE724E00798C7
:10D77000D0F8B402806950B1FFE70798D0F8B4122E
:10D780008A69007C0DF116019047049009E0079822
:10D790000699FFF797FE9DF80F0001308DF80F00F6
:10D7A000FFE709E007980699FFF78CFE9DF80F0048
:10D7B00001308DF80F00FFE73CE00798007C48B986
:10D7C000FFE70798D0F8B802416B0DF116008847C3
:10D7D000049009E007980699FFF774FE9DF80F0082
:10D7E00001308DF80F00FFE724E00798007C60B956
:10D7F000FFE70798D0F8B802016B0DF116008847D3
:10D80000049004990720487009E007980699FFF7EB
:10D8100059FE9DF80F0001308DF80F00FFE709E079
:10D8200007980699FFF74EFE9DF80F0001308DF81E
:10D830000F00FFE79DF80F0008B1FFE72AE0069808
:10D84000C08818B3FFE7BDF81600C8B1FFE7BDF800
:10D8500016000699C988884204DAFFE7BDF8160069
:10D86000009003E00698C0880090FFE70098ADF8AC
:10D87000160007980499BDF81620FFF743FE04E050
:10D8800007980699FFF71EFEFFE703E00798FFF7EA
:10D8900053FEFFE708B080BD80B586B005908DF8D7
:10D8A00013100598039005980290002001900299AA
:10D8B00048880978884227DDFFE702980078ADF8AC
:10D8C0000200FFE7BDF802000299498888421ADA8F
:10D8D000FFE703980DF1020100F034F8039003987C
:10D8E000407805280ED1FFE70398019001988078D1
:10D8F0009DF81310884201D1FFE704E00020019059
:10D90000FFE7FFE7DEE7FFE7019806B080BD000014
:10D9100083B0029000208DF8070002980090FFE786
:10D920000098007848B1FFE79DF8070001308DF8B6
:10D930000700009801300090F2E79DF8070003B05F
:10D940007047000083B00290019102980090009807
:10D950000278019908881044088002980099097893
:10D9600008440090009803B07047000080B582B072
:10D9700001900091019890F89C02013802281FD86C
:10D98000FFE70098C088022805D0FFE701980099BA
:10D99000FFF798FD19E001990120C8600198D0F8BF
:10D9A000A40230B1FFE70199C86840F00200C860E6
:10D9B000FFE7019800F10C010222FFF7A3FD04E04C
:10D9C00001980099FFF77EFDFFE702B080BD0000DF
:10D9D00080B586B005900491039200208DF80B006D
:10D9E000059808B9FFE74FE0059801900198FFF707
:10D9F0008FFF0146022000EB4100B0F5007F04D903
:10DA0000FFE74FF40070009008E00198FFF780FFF7
:10DA10000146022000EB41000090FFE700980399C7
:10DA200008800398007804999DF80B2088549DF88D
:10DA30000B0001308DF80B0004999DF80B2003209A
:10DA400088549DF80B0001308DF80B00FFE701981A
:10DA50000078C8B1FFE70198007804999DF80B2081
:10DA600088540198013001909DF80B0001308DF829
:10DA70000B0004999DF80B20002088549DF80B00A2
:10DA800001308DF80B00E2E706B080BD82B08DF862
:10DA9000070000208DF806009DF807000146009160
:10DAA000032814D80099DFE801F002060A0E0020CE
:10DAB0008DF806000FE003208DF806000BE0012032
:10DAC0008DF8060007E003208DF8060003E0032030
:10DAD0008DF80600FFE79DF8060002B070470000D1
:10DAE00080B582B08DF8070000919DF8070060B9FD
:10DAF000FFE7009A4CF61E20C0F6020040F2C0116B
:10DB0000C2F20001FFF764FF0BE0009A4CF61E2002
:10DB1000C0F6020040F2C011C2F20001FFF758FF48
:10DB2000FFE740F2C010C2F2000002B080BD00006A
:10DB300082B08DF80700009100991220088040F211
:10DB40004C00C2F2000002B07047000080B582B005
:10DB50008DF8070000919DF8070060B9FFE7009A73
:10DB60004CF6FD10C0F6020040F2C011C2F20001F6
:10DB7000FFF72EFF0BE0009A4CF6FD10C0F60200F6
:10DB800040F2C011C2F20001FFF722FFFFE740F2AE
:10DB9000C010C2F2000002B080BD000082B08DF85B
:10DBA0000700009100990420088040F26000C2F252
:10DBB000000002B07047000080B584B08DF80F00FF
:10DBC0000291029A4CF62920C0F6020040F2C011E0
:10DBD000C2F200010191FFF7FBFE019804B080BD85
:10DBE00080B582B08DF8070000919DF8070060B9FC
:10DBF000FFE7009A4CF60B20C0F6020040F2C0117D
:10DC0000C2F20001FFF7E4FE0BE0009A4CF60B2095
:10DC1000C0F6020040F2C011C2F20001FFF7D8FEC8
:10DC2000FFE740F2C010C2F2000002B080BD000069
:10DC300080B582B08DF80700009100991A20088005
:10DC4000F4F7ECFD40F2E800C2F2000002B080BD43
:10DC500080B584B0029001918DF80320029820B91C
:10DC6000FFE703208DF80F0023E002990020C1F8A0
:10DC7000B8020299C1F8C4020299C1F8D002019811
:10DC800028B1FFE701980299C1F8B402FFE70299B1
:10DC9000012081F89C029DF8030002990870029807
:10DCA00000F03CFA8DF802009DF802008DF80F009C
:10DCB000FFE79DF80F0004B080BD000080B582B082
:10DCC00001908DF8031000208DF802008DF80100FE
:10DCD0000198D0F8C8029DF80310F6F721FE8DF8E0
:10DCE00002009DF80200FFF7D1FE8DF801009DF8BB
:10DCF000010002B080BD000080B582B001908DF8B7
:10DD0000031000208DF802008DF801000198D0F872
:10DD1000C8029DF80310F6F7AFFD8DF802009DF8DC
:10DD20000200FFF7B3FE8DF801009DF8010002B07C
:10DD300080BD000080B588B006908DF81710049261
:10DD40009DF81700002874D1FFE70698143003905F
:10DD50000698D0F8940202285DD1FFE703998868FD
:10DD6000C968884212D9FFE703998868CA68801A8F
:10DD7000886006980499039A9268FFF793FB0698C7
:10DD8000002319461A4600F0D1FA43E0039881684F
:10DD9000C06888421ED1FFE703994868C968884275
:10DDA00018D3FFE7039840680699D1F89812884283
:10DDB00010D2FFE70698002201921146FFF772FB8E
:10DDC000019B0698C0F89832069819461A4600F04A
:10DDD000ADFA1EE0069890F89C02032811D1FFE7E7
:10DDE0000698D0F8B802C06850B1FFE70699002045
:10DDF000C1F8D4020698D0F8B812C9688847FFE77E
:10DE0000FFE70698802100F0A7FB0698FFF768FB64
:10DE1000FFE7FFE7FFE7069890F8A00240B1FFE7B1
:10DE2000069800F025FF0699002081F8A002FFE780
:10DE300040E006989DF8171041F08001FFF712FBB3
:10DE40008DF80A009DF80A00FF2832D0FFE79DF800
:10DE50000A0070BBFFE7069890F89C02032827D1C0
:10DE6000FFE706989DF80A1000EB8100D0F8B80291
:10DE70004069E0B1FFE79DF80A000699C1F8D402B5
:10DE800006989DF80A1000EB8101D1F8B8124A6992
:10DE90009DF8171090478DF80B009DF80B0028B1E6
:10DEA000FFE79DF80B008DF81F0007E0FFE7FFE795
:10DEB000FFE7FFE700208DF81F00FFE79DF81F0038
:10DEC00008B080BD80B58AB008908DF81F1006920A
:10DED00000208DF813009DF81F00002840F082807C
:10DEE000FFE7089800F5AA7005900898D0F894020A
:10DEF000032876D1FFE705998868C96888421DD94B
:10DF0000FFE705998868CA68801A886008980290B7
:10DF10000698039005998868C968884204D2FFE78B
:10DF200005988068019003E00598C0680190FFE7BC
:10DF300003990298019AFFF7A5FA51E0089890F822
:10DF4000AA0200F01F000146009140B1FFE70098CF
:10DF5000012808D0FFE7009802280CD013E0002029
:10DF60008DF8120013E0089890F8AE12FFF782FACD
:10DF70008DF812000BE0089890F8AE12FFF772FAD5
:10DF80008DF8120003E000208DF81200FFE79DF8E5
:10DF9000120008BBFFE7089890F89C0203281AD1EA
:10DFA000FFE708989DF8121000EB8100D0F8B80246
:10DFB000006978B1FFE79DF812000899C1F8D40212
:10DFC00008989DF8121000EB8101D1F8B812096988
:10DFD0008847FFE7FFE7FFE70898FFF7ADFAFFE79D
:10DFE000FFE740E008989DF81F1001F07F01FFF760
:10DFF00039FA8DF812009DF81200FF2832D0FFE7A1
:10E000009DF8120070BBFFE7089890F89C02032867
:10E010001ED1FFE708989DF8121000EB8100D0F8A0
:10E02000B802806998B1FFE79DF812000899C1F81D
:10E03000D40208989DF8121000EB8101D1F8B812B3
:10E040008A699DF81F1090478DF81300FFE7FFE7DE
:10E050009DF8130028B1FFE79DF813008DF8270005
:10E0600005E0FFE7FFE700208DF82700FFE79DF8B8
:10E0700027000AB080BD000081B00090002001B0F0
:10E080007047000080B582B0019000208DF8030039
:10E090000199012081F89C020198D0F8B80268B17A
:10E0A000FFE70198D0F8B8124A680179904720B18B
:10E0B000FFE703208DF80300FFE7FFE79DF803006B
:10E0C00002B080BD80B582B001908DF803100020B1
:10E0D0008DF802008DF801000198D0F8C8029DF873
:10E0E0000310F6F781FC8DF802009DF80200FFF79F
:10E0F000CDFC8DF801009DF8010002B080BD00004C
:10E1000080B582B001908DF803100198D0F8C80254
:10E110009DF80310F6F7A0FC02B080BD80B584B076
:10E12000039003980078012839D1FFE7039948F656
:10E130008C40C2F201000190C0F8E0140399C1F8CC
:10E14000C8020021C4F2040101600621017100210E
:10E150000291C1718171012242728172C172017397
:10E160008173C1730174F7F715FA18B1FFE7F4F77B
:10E17000E7F8FFE748F68C40C2F2010000904FF448
:10E180000071F6F7B3FA009800218022F6F7BAFA88
:10E19000009801214FF4BA72F6F7B4FAFFE70020B5
:10E1A00004B080BD84B002908DF807100298D0F8BA
:10E1B000C80200909DF80700000600280DD5FFE773
:10E1C00000989DF8071001F07F0101EBC10100EB01
:10E1D0008100807D8DF80F000DE000989DF80710FC
:10E1E00001F07F0101EBC10100EB810090F85602C4
:10E1F0008DF80F00FFE79DF80F0004B07047000096
:10E2000080B584B002908DF807100298D0F8D4122F
:10E2100000EB8100D0F8B80220B9FFE703208DF8A9
:10E220000F0020E0029890F89C02032817D1FFE726
:10E230000298D0F8D41200EB8100D0F8B802006A3E
:10E2400060B1FFE70298D0F8D41200EB8101D1F859
:10E25000B8120A6A9DF807109047FFE7FFE7002011
:10E260008DF80F00FFE79DF80F0004B080BD00009F
:10E2700080B584B002908DF807100298D0F8D412BF
:10E2800000EB8100D0F8B80220B9FFE703208DF839
:10E290000F0020E0029890F89C02032817D1FFE7B6
:10E2A0000298D0F8D41200EB8100D0F8B802406A8E
:10E2B00060B1FFE70298D0F8D41200EB8101D1F8E9
:10E2C000B8124A6A9DF807109047FFE7FFE7002061
:10E2D0008DF80F00FFE79DF80F0004B080BD00002F
:10E2E00080B584B003908DF80B108DF80A20ADF83E
:10E2F000083000208DF807008DF806000398D0F84C
:10E30000C8029DF80B10BDF808209DF80A30F6F7FA
:10E31000B5FB8DF807009DF80700FFF7B7FB8DF8F8
:10E3200006009DF8060004B080BD000080B586B0F0
:10E3300005908DF813100392029300208DF80700CA
:10E340008DF806000598D0F8C8029DF81310039ABE
:10E35000029BF6F70BFC8DF807009DF80700FFF70E
:10E3600095FB8DF806009DF8060006B080BD000004
:10E3700080B586B0059000208DF81300059A012124
:10E3800082F89C120599C1F8940205994860059994
:10E39000C1F8A402059981F8A0020598D0F8B80246
:10E3A000A0B1FFE70598D0F8B802406868B1FFE770
:10E3B0000598D0F8B8124A680179904720B1FFE774
:10E3C00003208DF81300FFE7FFE7FFE70598002221
:10E3D0000192402303931146FFF782FF019A039BAA
:10E3E000059901200290A1F864010598C0F86031F8
:10E3F00005988021FFF774FF02990398059A91848C
:10E40000059908629DF8130006B080BD81B00090A8
:10E41000009890F89C02042807D1FFE7009890F834
:10E420009D02009981F89C02FFE7002001B070472F
:10E4300080B582B00190019890F89C02032813D116
:10E44000FFE70198D0F8B80268B1FFE70198D0F86B
:10E45000B802C06930B1FFE70198D0F8B812C969B5
:10E460008847FFE7FFE7FFE7002002B080BD00001C
:10E4700082B001908DF803109DF803000199087493
:10E48000002002B07047000080B582B001908DF886
:10E49000031000208DF802008DF801000198D0F8DB
:10E4A000C8029DF80310F7F787FA8DF802009DF86F
:10E4B0000200FFF7EBFA8DF801009DF8010002B0B1
:10E4C00080BD000080B584B003900291039800F2F3
:10E4D000AA20029900F060FB03990120C1F8940280
:10E4E0000399B1F8B002C1F89802039890F8AA0213
:10E4F00000F01F000146009140B1FFE7009801289D
:10E500000CD0FFE70098022810D017E0039800F223
:10E51000AA2100F005FD8DF8070019E0039800F22C
:10E52000AA2100F039FF8DF8070011E0039800F2EE
:10E53000AA2100F05BFD8DF8070009E0039890F830
:10E54000AA1201F0800100F007F88DF80700FFE73C
:10E550009DF8070004B080BD80B582B001908DF8B1
:10E56000031000208DF802008DF801000198D0F80A
:10E57000C8029DF80310F6F72FFB8DF802009DF8F6
:10E580000200FFF783FA8DF801009DF8010002B048
:10E5900080BD000080B582B0019000208DF803009E
:10E5A0008DF802000198D0F8C802F7F73FFA8DF80D
:10E5B00003009DF80300FFF769FA8DF802009DF84B
:10E5C000020002B080BD000081B00090009890F879
:10E5D0009C02042807D0FFE7009890F89C0200995D
:10E5E00081F89D02FFE70099042081F89C02002039
:10E5F00001B0704780B586B005908DF81310039276
:10E60000029300208DF807008DF806000598D0F8D9
:10E61000C8029DF81310039A029BF6F74DFB8DF884
:10E6200007009DF80700FFF731FA8DF806009DF806
:10E63000060006B080BD000080B582B001908DF864
:10E64000031001989DF80310FAF706FE002002B0AF
:10E6500080BD000080B582B001908DF80310019854
:10E660009DF80310FAF730FE002002B080BD0000D4
:10E6700080B586B005908DF81310059840F22901F9
:10E68000C2F2000101910978FFF736FB0199059864
:10E69000097801F00F0101EB810100EB81010020FD
:10E6A0000390A1F86401059840F22801C2F200012C
:10E6B00002910978FFF720FB029A039805991278D6
:10E6C00002F00F0202EB820201EB820188840598BE
:10E6D000D0F8D41200EB8100D0F8C002C0B1FFE73F
:10E6E0000598FAF725FE0598D0F8D41200EB8100C2
:10E6F000D0F8C00200F0CAFE0598D0F8D41200EBA2
:10E7000081010020C1F8C0020599C1F8BC02FFE7F1
:10E71000002006B080BD000081B0009000990A2062
:10E72000088040F2BC00C2F2000001B07047000057
:10E7300080B584B0039040F29C00C2F200000090CB
:10E740008121FFF7A9F80146009802910121FFF706
:10E75000A3F80190029820B1FFE702994020888039
:10E76000FFE7019820B1FFE7019940208880FFE78B
:10E7700003992020088040F29C00C2F2000004B0FF
:10E7800080BD000080B584B0039040F29C00C2F2CE
:10E79000000000908121FFF77FF801460098029168
:10E7A0000121FFF779F80190029828B1FFE702995B
:10E7B0004FF400708880FFE7019828B1FFE70199C6
:10E7C0004FF400708880FFE703992020088040F212
:10E7D0009C00C2F2000004B080BD000080B584B08F
:10E7E000039040F29C00C2F2000000908121FFF7EC
:10E7F00053F80146009802910121FFF74DF801906E
:10E80000029820B1FFE7029940208880FFE7019835
:10E8100020B1FFE7019940208880FFE7039920207D
:10E82000088040F29C00C2F2000004B080BD0000ED
:10E8300080B58EB00C908DF82F1040F6740000F06B
:10E8400029FE0A900A9860B9FFE70C98D0F8D41214
:10E8500000EB81010020C1F8C00202208DF83700D2
:10E860007EE00A980C99D1F8D42201EB8201C1F81C
:10E87000C0020C99D1F8D40201EB8000D0F8C0029C
:10E88000C1F8BC020C98007C90BBFFE70C9840F2EA
:10E890002901C2F2000105910978022206924FF483
:10E8A00000730793FFF71CFD0599069A079B0C98C8
:10E8B000097801F00F0101EB810100EB81010120DA
:10E8C0000990A1F864010C9840F22801C2F20001FD
:10E8D00008910978FFF704FD089A09980C991278B5
:10E8E00002F00F0202EB820201EB8201888430E029
:10E8F0000C9840F22901C2F200010091097802222D
:10E90000019240230293FFF7EBFC0099019A029BCE
:10E910000C98097801F00F0101EB810100EB8101F6
:10E9200001200490A1F864010C9840F22801C2F281
:10E93000000103910978FFF7D3FC039A04980C991E
:10E94000127802F00F0202EB820201EB820188844E
:10E95000FFE70C98FAF700FD00208DF83700FFE77D
:10E960009DF837000EB080BD83B0019000910098F3
:10E9700020B9FFE703208DF80B000BE00098019908
:10E98000D1F8D42201EB8201C1F8C40200208DF835
:10E990000B00FFE79DF80B0003B0704780B588B00F
:10E9A000069005910698D0F8D41200EB8100D0F8BB
:10E9B000C002049000208DF80F00ADF80C00049800
:10E9C00020B9FFE703208DF81F00E1E005980078EB
:10E9D00000F060000146029100285ED0FFE7029837
:10E9E000202840F0C880FFE7059840780146019153
:10E9F000FE2804D0FFE70198FF2829D044E00598BD
:10EA00004088E0B9FFE70598C088012817D1FFE7E3
:10EA1000059800780006002811D5FFE70698D0F881
:10EA2000D41200EB8100D0F8C402806980470499B9
:10EA30000860069804990122FEF764FD07E0069835
:10EA40000599FEF73FFD03208DF80F00FFE723E057
:10EA50000598408878B9FFE70598C08858B9FFE75E
:10EA60000598007800F08000802804D0FFE7069821
:10EA7000FAF7B6FC07E006980599FEF723FD032098
:10EA80008DF80F00FFE707E006980599FEF71AFDDD
:10EA900003208DF80F00FFE775E0059840780146E8
:10EAA00000910B285ED80099DFE801F006455C5C18
:10EAB0005C5C5C5C5C5C1B31069890F89C020328F3
:10EAC00006D1FFE7069803A90222FEF71BFD07E027
:10EAD00006980599FEF7F6FC03208DF80F00FFE776
:10EAE00048E0069890F89C02032807D1FFE70698B3
:10EAF000049904310122FEF705FD07E00698059907
:10EB0000FEF7E0FC03208DF80F00FFE732E00698E7
:10EB100090F89C02032805D1FFE7059880780499B6
:10EB2000486007E006980599FEF7CCFC03208DF8B5
:10EB30000F00FFE71EE0069890F89C02032810D112
:10EB4000FFE70598408858B9FFE7069805990979C5
:10EB5000FFF7B8FA069805990979FAF741FBFFE73C
:10EB6000FFE707E006980599FEF7ACFC03208DF857
:10EB70000F00FFE707E006980599FEF7A3FC0320C6
:10EB80008DF80F00FFE79DF80F008DF81F00FFE7DD
:10EB90009DF81F0008B080BD80B584B0039002913D
:10EBA000029801900198007803990870019801304B
:10EBB0000190019800780399487001980130019004
:10EBC0000198FDF7A5FF0399488001980130019055
:10EBD0000198013001900198FDF79AFF0399888010
:10EBE0000198013001900198013001900198FDF7E2
:10EBF0008FFF0399C88004B080BD000080B584B049
:10EC0000029001910020ADF80200019820B9FFE7C1
:10EC100003208DF80F0026E001980299C1F8B80290
:10EC20000298D0F8D41200EB8100D0F8B802C06A84
:10EC300078B1FFE70298D0F8D41200EB8100D0F849
:10EC4000B802C16A0DF1020088470299C1F8D002EA
:10EC5000FFE70299D1F8D8020130C1F8D8020020AC
:10EC60008DF80F00FFE79DF80F0004B080BD000095
:10EC700081B00090002001B07047000080B584B0E2
:10EC80000390029102988088B8BBFFE70298C08881
:10EC900098BBFFE7029840887F282ED8FFE70298AC
:10ECA000807800F07F008DF80700039890F89C02B0
:10ECB000032805D1FFE703980299FEF703FC1BE048
:10ECC0009DF80700039981F89E0203989DF80710AC
:10ECD000FFF7DAFB0398FEF72FFC9DF8070028B139
:10ECE000FFE70399022081F89C0204E003990120C8
:10ECF00081F89C02FFE7FFE704E003980299FEF722
:10ED0000E1FBFFE704B080BD80B582B001908DF8D3
:10ED1000031000208DF802000198D0F8B80250B11D
:10ED2000FFE70198D0F8B8120A689DF803109047E1
:10ED30008DF80200FFE79DF8020002B080BD0000E0
:10ED400080B586B00490039100208DF80B000398E5
:10ED5000817840F2BC10C2F20000017000780228F5
:10ED600008D3FFE704980399FEF7ACFB03208DF866
:10ED70001700A0E0049890F89C0201460191022837
:10ED800004D0FFE7019803282FD07FE040F2BC10A9
:10ED9000C2F20000007818B3FFE740F2BC11C2F2E3
:10EDA00000010878049A506004980978FFF7ACFFD6
:10EDB0008DF80B009DF80B0048B1FFE7049803990C
:10EDC000FEF780FB0499022081F89C0207E004987A
:10EDD000FEF7B2FB0499032081F89C02FFE703E0F1
:10EDE0000498FEF7A9FBFFE760E040F2BC10C2F216
:10EDF0000000007898B9FFE70499022081F89C028E
:10EE000040F2BC11C2F200010878049A50600498E4
:10EE10000978FEF7EDFA0498FEF78EFB35E040F234
:10EE2000BC10C2F20000007804994968884227D0DB
:10EE3000FFE704980179FEF7DBFA40F2BC11C2F259
:10EE400000010878049A506004980978FFF75CFF85
:10EE50008DF80B009DF80B0068B1FFE7049803994B
:10EE6000FEF730FB04980179FEF7C2FA04990220FC
:10EE700081F89C0203E00498FEF75EFBFFE703E0E5
:10EE80000498FEF759FBFFE7FFE70FE004980399AA
:10EE9000FEF718FB049840F2BC11C2F20001097899
:10EEA000FEF7A6FA03208DF80B00FFE79DF80B0094
:10EEB0008DF81700FFE79DF8170006B080BD000031
:10EEC00080B582B00190009100984088012808D157
:10EED000FFE701990120C1F8A4020198FEF72CFB7D
:10EEE00013E000984088022809D1FFE70098407994
:10EEF000019981F8A0020198FEF71EFB04E0019839
:10EF00000099FEF7DFFAFFE7FFE702B080BD0000DF
:10EF100080B582B001900198FFF73CFB02B080BD44
:10EF200080B586B00590049100208DF80F000498FC
:10EF3000007800F0600001460291A8B1FFE7029856
:10EF4000202804D0FFE70298402846D1FFE7059823
:10EF5000D0F8D41200EB8101D1F8B8128A68049974
:10EF600090478DF80F003DE00498407801460191EC
:10EF700009282CD80199DFE801F01B252A202A0A4C
:10EF8000052A160F05980499FEF71AFB24E0059848
:10EF90000499FFF773FE1FE005980499FFF7D0FE70
:10EFA0008DF80F0018E005980499FEF7D7FA13E0E2
:10EFB00005980499FEF7DAFC0EE005980499FFF72E
:10EFC0007FFF09E005980499FEF72CFA04E0059804
:10EFD0000499FEF777FAFFE704E005980499FEF735
:10EFE00071FAFFE79DF80F0006B080BD80B58CB0C8
:10EFF0000B900A9100208DF821000A9880888DF8E6
:10F0000023000A98007800F0600001460791B8B329
:10F01000FFE70798202805D0FFE70798402840F031
:10F02000B281FFE70B989DF82310FEF71BFA8DF8CD
:10F0300022009DF82200FF2821D0FFE79DF8220042
:10F04000E8B9FFE79DF822000B99C1F8D4020B98AC
:10F050009DF8221000EB8100D0F8B802806868B1FA
:10F06000FFE70B989DF8221000EB8101D1F8B81250
:10F070008A680A9990478DF82100FFE7FFE787E14A
:10F080000A98407801460691002800F0BD80FFE70D
:10F09000069801284CD0FFE70698032840F06D81C0
:10F0A000FFE70B9890F89C0201460591022804D0D6
:10F0B000FFE70598032819D034E09DF8230078B1C4
:10F0C000FFE79DF8230080280AD0FFE70B989DF802
:10F0D0002310FFF741FA0B988021FFF73DFA04E077
:10F0E0000B980A99FEF7EEF9FFE720E00A984088AE
:10F0F000A0B9FFE79DF8230078B1FFE79DF8230052
:10F1000080280AD0FFE70A98C08830B9FFE70B983B
:10F110009DF82310FFF720FAFFE7FFE70B98FEF7B3
:10F120000BFA04E00B980A99FEF7CCF9FFE729E106
:10F130000B9890F89C0201460491022804D0FFE746
:10F140000498032819D059E09DF8230078B1FFE70F
:10F150009DF8230080280AD0FFE70B989DF8231024
:10F16000FFF7FAF90B988021FFF7F6F904E00B9806
:10F170000A99FEF7A7F9FFE745E00A984088E0BB47
:10F18000FFE79DF82300400630B1FFE70B989DF89C
:10F190002310FEF793FDFFE70B98FEF7CDF90B98D0
:10F1A0009DF82310FEF75EF98DF822009DF82200ED
:10F1B000FF2821D0FFE79DF82200E8B9FFE79DF87E
:10F1C00022000B99C1F8D4020B989DF8221000EB95
:10F1D0008100D0F8B802806868B1FFE70B989DF80D
:10F1E000221000EB8101D1F8B8128A680A99904781
:10F1F0008DF82100FFE7FFE7FFE704E00B980A998D
:10F20000FEF760F9FFE7BDE00B9890F89C0201461D
:10F210000391022804D0FFE70398032838D0A6E022
:10F220009DF8230050B1FFE79DF82300802805D00A
:10F23000FFE70B980A99FEF745F99DE09DF823003A
:10F24000000600280CD5FFE70B989DF8231001F06D
:10F250007F0101EB810100EB8100143002900CE092
:10F260000B989DF8231001F07F0101EB810100EB69
:10F27000810000F5AA700290FFE7029809900999B1
:10F28000002008600B9809990222FEF73BF973E011
:10F290009DF823000006002812D5FFE70B989DF883
:10F2A000231001F00F0101EB810100EB8100808C44
:10F2B00028B9FFE70B980A99FEF704F95CE012E021
:10F2C0000B989DF8231001F00F0101EB810100EB79
:10F2D0008100B0F8640128B9FFE70B980A99FEF79E
:10F2E000F1F849E0FFE79DF82300000600280CD55F
:10F2F000FFE70B989DF8231001F07F0101EB8101DE
:10F3000000EB8100143001900CE00B989DF8231065
:10F3100001F07F0101EB810100EB810000F5AA7093
:10F320000190FFE7019809909DF8230028B1FFE7BD
:10F330009DF82300802804D1FFE709990020086088
:10F340000FE00B989DF82310FEF72CFF20B1FFE78C
:10F3500009990120086003E0099900200860FFE78F
:10F36000FFE70B9809990222FEF7CCF804E00B980E
:10F370000A99FEF7A7F8FFE704E00B980A99FEF751
:10F38000A1F8FFE704E00B980A99FEF79BF8FFE766
:10F390009DF821000CB080BD80B584B0039002912F
:10F3A00000208DF807000298007800F06000014608
:10F3B000009140B1FFE70098202804D0FFE70098B3
:10F3C00040285AD1FFE7039890F89C0201380228A0
:10F3D0004DD8FFE702980079012842D8FFE703984B
:10F3E00002990979FEF746F88DF806009DF80600A7
:10F3F000FF2825D0FFE79DF8060008BBFFE703982C
:10F400009DF8061000EB8100D0F8B802806890B13A
:10F41000FFE79DF806000399C1F8D40203989DF810
:10F42000061000EB8101D1F8B8128A680299904762
:10F430008DF8070003E003208DF80700FFE703E0E5
:10F4400003208DF80700FFE70298C08840B9FFE766
:10F450009DF8070020B9FFE70398FEF76DF8FFE776
:10F4600004E003980299FEF72DF8FFE704E0039803
:10F470000299FEF727F8FFE704E003980299FEF7E8
:10F4800021F8FFE79DF8070004B080BD81B000902F
:10F4900001B0704781B0009040F2C030C2F200006D
:10F4A00001B0704784B003900291039801900298D4
:10F4B0000078009002984078012830D1FFE7029848
:10F4C000007800F00F01012000FA01F20199D1F853
:10F4D0001C081043C1F81C080198009900EB41106A
:10F4E000D0F800090004002818D4FFE702998868C2
:10F4F0006FF3DF20097940EA8140009A40EA8250A8
:10F50000019901EB4211D1F80029104348F20002A1
:10F51000C1F200021043C1F80009FFE72EE0029893
:10F52000007800F00F01012000FA01F20199D1F8F2
:10F530001C0840EA0240C1F81C080198009900EB41
:10F540004110D0F8000B0004002816D4FFE7029900
:10F5500088686FF3DF20097940EA81400199009AB9
:10F5600001EB4211D1F8002B104348F20002C1F226
:10F5700000021043C1F8000BFFE7FFE7002004B0D2
:10F580007047000082B00190019800900099D1F876
:10F59000000940F2FF729043C1F800090099D1F8C8
:10F5A000040840F48070C1F80408002002B07047DD
:10F5B00080B58AB0DDF830C0CDF814C00493039252
:10F5C00002919DF814108DF824100299039A049B5F
:10F5D00008930792069101909DF81D00012823D100
:10F5E000FFE70199886B20F4803088630199C8682F
:10F5F0004FF6BF72CFF6BD721040C8600199C8685F
:10F6000020F44010C8609DF82400012806D1FFE7CF
:10F610000199C86840F48010C860FFE7019800F0C5
:10F6200033F88DF803001AE00199C86840F04000F3
:10F63000C860019800F028F88DF803009DF82100BB
:10F6400030B9FFE70199886B40F48030886305E0AA
:10F650000199886B20F480308863FFE7FFE79DF80D
:10F660001A0001280BD1FFE70199886840F00600D5
:10F6700088600199886840F020008860FFE79DF865
:10F6800003000AB080BD000083B00190002000900C
:10F69000FFE70098013000900098B0F1706F04D936
:10F6A000FFE703208DF80B0025E0FFE701980069D4
:10F6B000C00F0028EDD0FFE70020009001990869F5
:10F6C00040F001000861FFE70098013000900098C9
:10F6D000B0F1706F04D9FFE703208DF80B000AE04A
:10F6E000FFE701980069C0070028EDD1FFE700207F
:10F6F0008DF80B00FFE79DF80B0003B0704700008A
:10F7000084B00390029103980190029800780090D1
:10F7100002984078012845D1FFE70198009900EB55
:10F720004110D0F80009C00FA8B1FFE70198009977
:10F7300000EB4111D1F8000940F00060C1F8000968
:10F740000198009900EB4111D1F8000940F0804088
:10F75000C1F80009FFE70298007800F00F010120CE
:10F7600000FA01F3019AD2F83C189943C2F83C1808
:10F770000299097801F00F0100FA01F20199D1F81C
:10F780001C089043C1F81C080198009900EB411136
:10F79000D1F8000947F60002CEF633421040C1F816
:10F7A000000946E00198009900EB4110D0F8000BE9
:10F7B000C00FA8B1FFE70198009900EB4111D1F803
:10F7C000000B40F00060C1F8000B0198009900EBBD
:10F7D0004111D1F8000B40F08040C1F8000BFFE769
:10F7E0000298007800F00F01012000FA01F3019A5D
:10F7F000D2F83C1821EA0341C2F83C180299097872
:10F8000001F00F0100FA01F20199D1F81C0820EA79
:10F810000240C1F81C080198009900EB4111D1F891
:10F82000000B47F60002CEF6F3721040C1F8000B51
:10F83000FFE7002004B0704782B00190019800906B
:10F840000099D1F8000E20F00300C1F8000E0099D5
:10F85000D1F8040820F00200C1F80408002002B02A
:10F860007047000082B00190019800900099D1F893
:10F87000000E20F00300C1F8000E0099D1F8040832
:10F8800040F00200C1F80408002002B070470000F8
:10F8900080B58CB0DDF838C0CDF81CC00693059259
:10F8A00004919DF81C108DF82C100499059A069B64
:10F8B0000A9309920891039000208DF80B00039998
:10F8C00001910090FFE700980E280CD8FFE70398FD
:10F8D000009900EB81010020C1F80401FFE70098C6
:10F8E00001300090EFE79DF82A00B8B9FFE70199D1
:10F8F000D1F8040840F00200C1F804080399886BAD
:10F9000040F4001088630399886B20F4002088631A
:10F910000399886B20F4802088630AE00399886B40
:10F9200020F4001088630399886B40F400208863FA
:10F93000FFE701990020C1F8000E9DF8250001287D
:10F940000FD1FFE79DF8230028B9FFE703980021B6
:10F9500000F07CFE04E00398012100F077FEFFE751
:10F9600004E00398032100F071FEFFE703981021E3
:10F9700000F0A8FC20B1FFE701208DF80B00FFE7A5
:10F98000039800F065FC20B1FFE701208DF80B0023
:10F99000FFE701990020C1F810080199C1F8140887
:10F9A0000199C1F81C080090FFE700989DF820100D
:10F9B00088423BD2FFE70198009900EB4110D0F854
:10F9C0000009C00FB0B1FFE7009848B9FFE7019800
:10F9D000009900EB41114FF00060C1F8000908E008
:10F9E0000198009900EB41114FF09040C1F80009D7
:10F9F000FFE707E00198009900EB41110020C1F8F2
:10FA00000009FFE70198009900EB41110020C1F8BF
:10FA100010090198009900EB41114FF67F30C1F8B1
:10FA20000809FFE7009801300090BEE70020009031
:10FA3000FFE700989DF8201088423BD2FFE701982D
:10FA4000009900EB4110D0F8000BC00FB0B1FFE7F8
:10FA5000009848B9FFE70198009900EB41114FF079
:10FA60000060C1F8000B08E00198009900EB41111B
:10FA70004FF09040C1F8000BFFE707E001980099B4
:10FA800000EB41110020C1F8000BFFE7019800993D
:10FA900000EB41110020C1F8100B0198009900EB18
:10FAA00041114FF67F30C1F8080BFFE70098013095
:10FAB0000090BEE70199D1F8100820F48070C1F8D9
:10FAC000100803990020886103996FF08040486115
:10FAD0009DF8220030B9FFE70399886940F01000D3
:10FAE0008861FFE70399886943F60002C8F23C0287
:10FAF000104388619DF8260030B1FFE703998869BB
:10FB000040F008008861FFE79DF82A00012808D12D
:10FB1000FFE7039988690422C4F200021043886158
:10FB2000FFE79DF80B000CB080BD000081B0009095
:10FB30000099886820F001008860002001B07047BB
:10FB400086B004908DF80F100292049801900498EA
:10FB5000006C0090009843F20B01C4F65471884287
:10FB60000BD3FFE70198D0F8000BC00F20B1FFE7DF
:10FB700000208DF817002EE0FFE701990020C1F862
:10FB8000100B0199D1F8100B40F40020C1F8100BB4
:10FB90000199D1F8100B40F01800C1F8100B019931
:10FBA000D1F8100B40F0C040C1F8100B9DF80F00C9
:10FBB00001280CD1FFE702980199C1F8140B0199B3
:10FBC000D1F8000B40F08020C1F8000BFFE70020C7
:10FBD0008DF81700FFE79DF8170006B0704700008A
:10FBE00084B00390029103980190029800780090ED
:10FBF00002984078012820D1FFE70198009900EB96
:10FC00004111D1F8000920F40010C1F80009029850
:10FC10000079032805D0FFE70298007902280BD16C
:10FC2000FFE70198009900EB4111D1F8000940F07D
:10FC30008050C1F80009FFE71FE00198009900EB30
:10FC40004111D1F8000B20F40010C1F8000B02980C
:10FC50000079032805D0FFE70298007902280BD12C
:10FC6000FFE70198009900EB4111D1F8000B40F03B
:10FC70008050C1F8000BFFE7FFE7002004B0704799
:10FC800084B003900291039801900298007800904C
:10FC900002984078012822D1FFE70198009900EBF3
:10FCA0004110D0F80009C00F70B9FFE7009858B1B3
:10FCB000FFE70198009900EB4111D1F8000920F00D
:10FCC0008040C1F80009FFE70198009900EB41115D
:10FCD000D1F8000940F40010C1F8000921E00198B2
:10FCE000009900EB4110D0F8000BC00F70B9FFE78E
:10FCF000009858B1FFE70198009900EB4111D1F845
:10FD0000000B20F08040C1F8000BFFE7019800993C
:10FD100000EB4111D1F8000B40F40010C1F8000BCA
:10FD2000FFE7002004B0704780B588B007900691C7
:10FD30008DF817200798049006980078039006988D
:10FD40004078012840F02481FFE706980069F8B95F
:10FD5000FFE70498039900EB4111D1F810096FF304
:10FD6000DC40C1F810090498039900EB4111D1F867
:10FD7000100940F40020C1F810090498039900EB21
:10FD80004111D1F810096FF31200C1F8100971E0A8
:10FD90000498039900EB4111D1F810096FF3120098
:10FDA000C1F810090498039900EB4111D1F810092A
:10FDB0006FF3DC40C1F810090398A8B9FFE7069873
:10FDC00081680069884204D9FFE70699886808615C
:10FDD000FFE70498039900EB4111D1F8100940F4B2
:10FDE0000020C1F8100937E00698816800690844CE
:10FDF0000138B0FBF1F0ADF80A00BDF80A100020A0
:10FE0000C1F6F87000EAC1420498039900EB411171
:10FE1000D1F810091043C1F810090698007901289B
:10FE200019D1FFE70498039900EB4111D1F81009AB
:10FE300020F0C040C1F81009BDF80A0000F003022C
:10FE40000498039900EB4111D1F8100940EA42707F
:10FE5000C1F81009FFE7FFE7069802696FF3DF4278
:10FE60000498039900EB4111D1F810091043C1F82F
:10FE70001009FFE79DF8170001283BD1FFE706981E
:10FE8000C06948B1FFE70698C0690499039A01EB7D
:10FE90004211C1F81409FFE70698007901281ED124
:10FEA000FFE70498D0F80808C00500280BD4FFE746
:10FEB0000498039900EB4111D1F8000940F000507B
:10FEC000C1F800090AE00498039900EB4111D1F848
:10FED000000940F08050C1F80009FFE7FFE70498EF
:10FEE000039900EB4111D1F8000940F00440C1F83A
:10FEF00000094CE00498039900EB4111D1F8000986
:10FF000040F00440C1F8000906980079012813D098
:10FF1000FFE70698006970B1FFE70698007800F0E7
:10FF20000F01012000FA01F20499D1F834081043BE
:10FF3000C1F83408FFE729E00498D0F80808C005A4
:10FF400000280BD4FFE70498039900EB4111D1F886
:10FF5000000940F00050C1F800090AE00498039934
:10FF600000EB4111D1F8000940F08050C1F80009C0
:10FF7000FFE70798069BD9681A781B8A9DF817C077
:10FF8000EE46CEF800C000F051FCFFE7FFE7C4E00A
:10FF90000498039900EB4111D1F8100B6FF3120094
:10FFA000C1F8100B0498039900EB4111D1F8100B24
:10FFB0006FF3DC40C1F8100B039818BBFFE70698FD
:10FFC000006920B1FFE7069988680861FFE7069994
:10FFD000886808620698026A6FF3DF420498039902
:10FFE00000EB4111D1F8100B1043C1F8100B04982D
:10FFF000039900EB4111D1F8100B40F40020C1F837
:020000040801F1
:10000000100B49E006980069C0B9FFE706988268BE
:100010006FF3DF420498039900EB4111D1F8100B04
:100020001043C1F8100B0498039900EB4111D1F86B
:10003000100B40F40020C1F8100B2CE006988168EA
:10004000006908440138B0FBF1F0ADF80A000699E8
:100050008868BDF80A2050430862BDF80A100020E5
:10006000C1F6F87000EAC1420498039900EB41110F
:10007000D1F8100B1043C1F8100B0698026A6FF309
:10008000DF420498039900EB4111D1F8100B1043A3
:10009000C1F8100BFFE7FFE79DF8170001280ED10C
:1000A000FFE70698C06848B1FFE70698C068049962
:1000B000039A01EB4211C1F8140BFFE7FFE7069822
:1000C000007901281ED1FFE70498D0F80808C00580
:1000D00000280BD4FFE70498039900EB4111D1F8F5
:1000E000000B40F00050C1F8000B0AE0049803999F
:1000F00000EB4111D1F8000B40F08050C1F8000B2B
:10010000FFE7FFE70498039900EB4111D1F8000BDA
:1001100040F00440C1F8000BFFE7002008B080BDAC
:1001200085B004900391002002908DF80700049898
:1001300000900398407801283ED1FFE7009803998A
:10014000097800EB4110D0F80009C00F98B3FFE721
:1001500000980399097800EB4111D1F8000940F0AB
:100160000060C1F8000900980399097800EB41117B
:10017000D1F8000940F08040C1F80009FFE702987B
:1001800001300290029842F21171884204D3FFE7D5
:1001900001208DF807000DE0FFE70098039909782A
:1001A00000EB4110D0F8000900F00040B0F1004F22
:1001B000E5D0FFE7FFE73DE000980399097800EB01
:1001C0004110D0F8000BC00F98B3FFE700980399D7
:1001D000097800EB4111D1F8000B40F00060C1F844
:1001E000000B00980399097800EB4111D1F8000B3E
:1001F00040F08040C1F8000BFFE702980130029008
:10020000029842F21171884204D3FFE701208DF871
:1002100007000DE0FFE700980399097800EB411013
:10022000D0F8000B00F00040B0F1004FE5D0FFE740
:10023000FFE7FFE79DF8070005B0704781B0009029
:100240000099886840F001008860002001B0704784
:1002500083B0019000200090FFE7009801300090EB
:100260000098B0F1706F04D9FFE703208DF80B0000
:1002700024E0FFE701980069C00F0028EDD0FFE7F8
:1002800000200090019910200861FFE700980130DC
:1002900000900098B0F1706F04D9FFE703208DF84B
:1002A0000B000BE0FFE70198006900F01000102838
:1002B000ECD0FFE700208DF80B00FFE79DF80B0066
:1002C00003B0704784B00290019100200090FFE7D6
:1002D0000098013000900098B0F1706F04D9FFE7EA
:1002E00003208DF80F0026E0FFE702980069C00F99
:1002F0000028EDD0FFE70020009001988001203019
:1003000002990861FFE70098013000900098B0F171
:10031000706F04D9FFE703208DF80F000BE0FFE7B3
:100320000298006900F020002028ECD0FFE70020B0
:100330008DF80F00FFE79DF80F0004B07047000034
:1003400084B00390039802900298D0F8080800F057
:1003500006000090009820B9FFE700208DF8070004
:1003600010E00098022804D0FFE70098062804D186
:10037000FFE702208DF8070003E00F208DF807004B
:10038000FFE7FFE79DF8070004B0704781B00090D9
:100390000098406900F0010001B0704783B00290FE
:1003A000029801900198D0F8180800900198D0F8B0
:1003B0001C18009808400090BDF8000003B070477A
:1003C00083B00290029801900198D0F8180800902C
:1003D0000198D0F81C18009808400090BDF8020061
:1003E00003B0704786B005908DF813100598039000
:1003F0000398D0F8100801900398D0F834080090C2
:1004000000989DF8131001F00F01C84000F00101A1
:10041000019840EAC110019003989DF8131000EB79
:100420004110D0F80809019908400290029806B0DE
:100430007047000084B003908DF80B100398019072
:1004400001989DF80B1000EB4110D0F8080B0090BC
:100450000198D0F81418009808400090009804B053
:100460007047000082B001900198406900900198A7
:100470008169009808400090009802B07047000021
:1004800089B008900791ADF81A2008980590079850
:100490000490BDF81A0080080190BDF81A0000F021
:1004A0000300ADF8020000200290FFE702980199D6
:1004B000884217D2FFE705984FF4805140580499BD
:1004C0000860049801300490049801300490049866
:1004D00001300490049801300490FFE70298013045
:1004E0000290E3E7BDF8020008B3FFE700200290A6
:1004F00005984FF4805140580390FFE703989DF80A
:100500000810C900C8400499087002980130029090
:10051000049801300490BDF802000138ADF80200E3
:10052000FFE7BDF802000028E8D1FFE7FFE70498E5
:1005300009B0704780B586B004908DF80F10002088
:1005400002900499C86820F0C040C8609DF80F0070
:10055000012823D1FFE70499C86840F00050C86023
:10056000FFE70A20F2F7D0FC02980A300290FFE77A
:100570000498FFF70BFF014600200129019007D0E6
:10058000FFE702990020C82938BF01200190FFE74A
:100590000198C0070028E4D1FFE72AE09DF80F008A
:1005A00010BBFFE70499C86840F08040C860FFE7CF
:1005B0000A20F2F7A9FC02980A300290FFE704989B
:1005C000FFF7E4FE01460020009039B1FFE70299F1
:1005D0000020C82938BF01200090FFE70098C0071D
:1005E0000028E5D1FFE703E001208DF817000CE0BB
:1005F000FFE70298C82804D1FFE701208DF8170013
:1006000003E000208DF81700FFE79DF8170006B003
:1006100080BD000083B002908DF807100298009012
:100620000099D1F8000820F4FE60C1F800089DF898
:10063000070000F07F020099D1F8000840EA02109C
:10064000C1F80008002003B07047000083B002909A
:100650008DF80710029800909DF807200099D1F8B6
:1006600000081043C1F80008002003B070470000E4
:1006700084B0039002918DF807209DF807000228AE
:1006800040F0B880FFE702984AF6C041C0F2D801B6
:1006900088420BD3FFE702984EF2BF11C0F2E4018B
:1006A000884203D8FFE70F200090A2E002984EF2A4
:1006B000C011C0F2E40188420BD3FFE7029842F276
:1006C000FF31C0F2F401884203D8FFE70E2000900A
:1006D0008EE0029842F20041C0F2F40188420BD34E
:1006E000FFE7029847F27F31C0F20611884203D833
:1006F000FFE70D2000907AE0029847F28031C0F2C7
:10070000061188420BD3FFE7029844F69F11C0F20E
:100710001A11884203D8FFE70C20009066E0029887
:1007200044F6A011C0F21A1188420BD3FFE70298D9
:1007300042F6FF41C0F23111884203D8FFE70B2097
:10074000009052E0029842F60051C0F23111884206
:100750000BD3FFE702984AF23F41C0F24C118842A6
:1007600003D8FFE70A2000903EE002984AF2404199
:10077000C0F24C1188420BD3FFE7029843F2FF51BD
:10078000C0F26E11884203D8FFE7092000902AE0EA
:10079000029843F20061C0F26E1188420BD3FFE76A
:1007A00002984AF61F31C0F2A611884203D8FFE72B
:1007B0000820009016E002984AF62031C0F2A611F7
:1007C00088420BD3FFE7029844F2FF71C0F2E811B0
:1007D000884203D8FFE70720009002E0062000903F
:1007E000FFE7FFE7FFE7FFE7FFE7FFE7FFE7FFE7D9
:1007F000FFE70AE09DF8070018B9FFE7092000901D
:1008000002E009200090FFE7FFE70399C86820F4A1
:100810007050C860009800F00F020399C86840EA61
:100820008220C860002004B07047000080B588B006
:1008300084460A98CDF81CC006918DF81720ADF8B3
:1008400014308DF8130007980390069802909DF8D5
:10085000130048BBFFE7BDF8140003308008019087
:1008600000200090FFE70098019988421BD2FFE723
:100870000298006803999DF8172001EB02314FF4AC
:100880008052885002980130029002980130029004
:10089000029801300290029801300290FFE7009820
:1008A00001300090DFE7FFE7002008B080BD0000C6
:1008B00080B582B08DF806009DF8060020B1FFE7F4
:1008C00001208DF807001DE040F65440C2F2000000
:1008D000F1F7B8FC38B9FFE740F24401C2F2000179
:1008E0000020087006E040F24401C2F2000101203D
:1008F0000870FFE740F24400C2F2000000788DF873
:100900000700FFE79DF8070002B080BD83B08DF8B7
:100910000A008DF8091001929DF80A0020B1FFE746
:1009200004208DF80B0033E09DF80900014600918A
:10093000032829D80099DFE801F00206111C0020E5
:100940008DF80B0024E040F65440C2F200004069EC
:100950000199086000208DF80B0019E040F6544022
:10096000C2F2000080690199088000208DF80B0018
:100970000EE040F65440C2F2000080690199088000
:1009800000208DF80B0003E004208DF80B00FFE73A
:100990009DF80B0003B0704780B584B08DF80E0051
:1009A0000291019200939DF80E0018B9FFE700989C
:1009B00020B9FFE704208DF80F001AE040F2440050
:1009C000C2F200000078C00720B1FFE703208DF8D5
:1009D0000F000EE002980199009AF1F73FFC20B950
:1009E000FFE700208DF80F0003E001208DF80F00D5
:1009F000FFE79DF80F0004B080BD000080B582B015
:100A00008DF806009DF8060020B1FFE701208DF863
:100A100007001EE048F60C20C2F20100F3F7B8F818
:100A2000042807D1FFE740F24401C2F20001002090
:100A3000087006E040F24401C2F200010120087093
:100A4000FFE740F24400C2F2000000788DF8070092
:100A5000FFE79DF8070002B080BD000080B584B0BC
:100A60008DF80E000291019200939DF80E0018B9C6
:100A7000FFE7009820B9FFE704208DF80F001AE087
:100A800040F24400C2F200000078C00720B1FFE746
:100A900003208DF80F000EE002980199009AF1F7FB
:100AA00027FC20B9FFE700208DF80F0003E00120AC
:100AB0008DF80F00FFE79DF80F0004B080BD000027
:100AC000FFE7FEE780B582B044F24020C0F20F009D
:100AD0000090FFE748F63011C2F20101C868098AA8
:100AE000F2F764FC50B1FFE700980138009020B99C
:100AF000FFE701208DF8070004E0EBE700208DF808
:100B00000700FFE79DF8070002B080BD81B08DF8B7
:100B100003009DF9030000280ED4FFE79DF90310A0
:100B200001F01F02012090404A094EF20011CEF25E
:100B3000000141F82200FFE701B070474EF60C506B
:100B4000CEF200000068C0F30220704782B08DF83A
:100B5000070000919DF9070000280AD4FFE70098DC
:100B600000019DF907104EF20042CEF200028854B7
:100B70000BE0009800019DF8071001F00F014EF600
:100B80001452CEF200028854FFE702B07047000012
:100B900083B00290029800F0070000904EF60C51CE
:100BA000CEF200010868019001984FF6FF02104054
:100BB00001900198009A40EA02200022C0F2FA5205
:100BC000104301900198086003B07047BFF34F8F46
:100BD0004EF60C51CEF20001086800F4E0600422E9
:100BE000C0F2FA5210430860BFF34F8FFFE700BF17
:100BF000FDE7000080B584B00290019102990020C9
:100C0000C87002994FF0FF3008630298019904F010
:100C100033FC20B1FFE704208DF80F0044E0029878
:100C200000F2322004F068FB4AF65521884204D0D5
:100C3000FFE703208DF80F0036E0029890F83400AB
:100C4000E9280CD0FFE7029890F83400EB2827D170
:100C5000FFE7029890F83600902821D1FFE702982C
:100C60006A3004F02FFB20F07F4044F24611C0F2BE
:100C70005401884204D1FFE700208DF80F0013E0F3
:100C80000298863004F01EFB44F24611C3F2543140
:100C9000884204D1FFE700208DF80F0004E0FFE751
:100CA00002208DF80F00FFE79DF80F0004B080BD13
:100CB00083B002900191FFE7029801780020009034
:100CC00041B1FFE7029800780199401A18BF01204E
:100CD0000090FFE70098C00720B1FFE702980130BD
:100CE0000290E9E70298007803B0704787B005905A
:100CF0000491002002900390FFE70398032839D85D
:100D0000FFE70398010140F26410C2F2000040586E
:100D100040B3FFE70398010140F26410C2F2000003
:100D200040580599096888421BD1FFE7039940F2B2
:100D30006410C2F2000000EB011040680599896858
:100D400088420ED1FFE7039940F26410C2F200001E
:100D500000EB0110806805994969884201D1FFE7DD
:100D600008E002E001200290FFE7FFE7039801306E
:100D70000390C2E70398042815D1FFE702990120E8
:100D8000019039B9FFE704980238B0FA80F04009C1
:100D90000190FFE70198C1071220002918BF002029
:100DA0008DF81B001CE004990120009079B9FFE741
:100DB000039940F26410C2F2000000EB0110808938
:100DC000A0F58070B0FA80F040090090FFE700982D
:100DD00000F00100002818BF10208DF81B00FFE76D
:100DE0009DF81B0007B0704782B001900020009072
:100DF000FFE70098032819D8FFE70098010140F2A7
:100E00006410C2F2000040580199884209D1FFE7FE
:100E10000098020140F26411C2F2000100208850E3
:100E2000FFE7FFE7009801300090E2E702B070476B
:100E300087B0059004910598006800900598C06AF5
:100E4000043001900498400A00994989B0FBF1F000
:100E50000390FFE70198011D01910068029002983C
:100E600018B9FFE70020069013E003980299884222
:100E700001D2FFE707E002990398401A0390019816
:100E800004300190E6E70398019909680844069048
:100E9000FFE7069807B0704783B001900091009873
:100EA000023800900098019989690239884203D379
:100EB000FFE70020029007E00098019A5189D26A6A
:100EC00000FB01200290FFE7029803B0704700008A
:100ED00080B588B00690059105981A3004F00CFA98
:100EE00018B1FFE70020079065E00598007800F052
:100EF0003F000D2148430D3804900120ADF80A0051
:100F000000200390FFE703980C283ED8FFE70598E0
:100F1000039A46F2F061C0F60101895C084404F0CE
:100F2000EBF9ADF80800BDF80A00F0B1FFE704984E
:100F3000FE2812D8FFE7BDF8080003F0EFF9019092
:100F4000069804994A1C049230F8110003F0E6F95F
:100F500001460198884203D0FFE7002007902AE06D
:100F6000BDF80800ADF80A000AE0BDF808004FF629
:100F7000FF71884203D0FFE7002007901BE0FFE7E6
:100F8000FFE7039801300390BDE70598007840061D
:100F900000280DD5FFE7BDF80A0048B1FFE7069825
:100FA000049930F8110018B1FFE70020079002E023
:100FB00001200790FFE7079808B080BD80B588B092
:100FC00006900591069800680090059880B9FFE7A3
:100FD000009800690290029830B1FFE702980099EA
:100FE0008969884203D3FFE701200290FFE71EE0F2
:100FF0000698059903F0F2FD04900498012803D89F
:10100000FFE70120079082E00498013018B9FFE75C
:10101000049807907BE0049800998969884203D27C
:10102000FFE70498079072E005980290FFE70298A6
:101030000390FFE7039801300390039800998969B2
:1010400088420BD3FFE7022003900398029988425D
:1010500003D9FFE70020079059E0FFE706980399BE
:1010600003F0BCFD0490049808B9FFE713E004986E
:10107000012804D0FFE70498013018B9FFE704986D
:10108000079044E003980299884203D1FFE70020CB
:1010900007903CE0CEE7009803994FF0FF3204F050
:1010A00085FA8DF807009DF8070058B9FFE7059805
:1010B00040B1FFE700980599039A04F077FA8DF89C
:1010C0000700FFE79DF80700A8B9FFE7039800991C
:1010D00008610099486989690239884205D8FFE7A3
:1010E0000099486901384861FFE70099087940F0A4
:1010F0000100087108E09DF807100120012908BFD0
:101100004FF0FF300390FFE703980790FFE7079841
:1011100008B080BD80B58EB00C900B910B98006824
:1011200004900C980068C068099000200590069013
:10113000FFE7049806994A1C0692405CADF8280027
:10114000BDF828001F2801DCFFE78DE0BDF828006E
:101150002F2805D0FFE7BDF828005C281BD1FFE74A
:10116000FFE704980699415C01202F29039009D0DC
:10117000FFE704980699405C5C38B0FA80F04009BB
:101180000390FFE70398C00720B1FFE706980130FE
:101190000690E6E768E00598FF2804D3FFE70620FD
:1011A0008DF8370010E29DF82800ADF828009DF872
:1011B000280081282DDBFFE79DF82800FE2828DC89
:1011C000FFE7049806994A1C0692405C8DF82B00B4
:1011D000BDF828109DF82B0040EA0120ADF828004A
:1011E0009DF82B00402805DBFFE79DF82B007F28AA
:1011F0000EDBFFE79DF82B00802805DBFFE79DF85D
:101200002B00FF2804DBFFE706208DF83700DBE129
:10121000FFE7BDF82800012103F01AF8ADF8280017
:10122000BDF8280020B9FFE706208DF83700CBE194
:10123000BDF828007F280EDCFFE7BDF828104CF22F
:10124000F840C0F60200FFF733FD20B1FFE70620AB
:101250008DF83700B8E1BDF828000999059A531CAC
:10126000059321F8120064E70498069908440B9945
:101270000860BDF8281000202029B8BF0120800098
:101280008DF82A00FFE70598B8B1FFE7099805999E
:1012900000EB410030F8020CADF82800BDF8280042
:1012A000202806D0FFE7BDF828002E2801D0FFE750
:1012B00003E0059801380590E5E70999059A0020B3
:1012C00021F81200059820B9FFE706208DF83700B5
:1012D0007AE10C98243020210B2204F0B7F800208A
:1012E0000690FFE70998069930F81110012020298F
:1012F00002900AD0FFE70998069930F811002E38BD
:10130000B0FA80F040090290FFE70298C00728B1C8
:10131000FFE7FFE7069801300690E3E7069838B14B
:10132000FFE79DF82A0040F003008DF82A00FFE750
:10133000FFE705990020019059B1FFE70998059949
:1013400000EB410030F8020C2E3818BF012001904C
:10135000FFE70198C00720B1FFE705980138059025
:10136000E7E700208DF82B00089008200790FFE7A2
:10137000099806994A1C069230F81100ADF8280029
:10138000BDF8280008B9FFE7C8E0BDF8280020280C
:101390000AD0FFE7BDF828002E280CD1FFE70698F9
:1013A0000599884207D0FFE79DF82A0040F0030026
:1013B0008DF82A00DCE708980799884205D2FFE7F4
:1013C00006980599884229D1FFE707980B2807D18D
:1013D000FFE79DF82A0040F003008DF82A009DE009
:1013E00006980599884207D0FFE79DF82A0040F04B
:1013F00003008DF82A00FFE706980599884201D975
:10140000FFE78BE005980690082008900B200790D6
:101410009DF82B0080008DF82B00A9E7BDF828006F
:10142000802810DBFFE7BDF8280002F077FF0021DD
:1014300002F00EFFADF828009DF82A0040F00200EF
:101440008DF82A00FFE7BDF82800B0F5807F19DB92
:10145000FFE7089807990139884209D3FFE79DF80B
:101460002A0040F003008DF82A00079808907FE7D3
:101470009DF829000C99089A11440132089281F8CC
:10148000240041E0BDF8280050B1FFE7BDF8281066
:101490004CF2F140C0F60200FFF70AFC50B1FFE742
:1014A0005F20ADF828009DF82A0040F003008DF879
:1014B0002A0028E0BDF8280041280CDBFFE7BDF832
:1014C00028005A2807DCFFE79DF82B0040F00200B7
:1014D0008DF82B0016E0BDF82800612811DBFFE72E
:1014E000BDF828007A280CDCFFE79DF82B0040F0BF
:1014F00001008DF82B00BDF828002038ADF8280039
:10150000FFE7FFE7FFE7FFE79DF828000C99089A3F
:1015100011440132089281F8240029E70C9890F8D0
:101520002400E52805D1FFE70C99052081F8240067
:10153000FFE70798082806D1FFE79DF82B008000F9
:101540008DF82B00FFE79DF82B0000F00C000C2815
:1015500007D0FFE79DF82B0000F00300032807D118
:10156000FFE79DF82A0040F002008DF82A00FFE70F
:101570009DF82A00800700281DD4FFE79DF82B0066
:1015800000F00300012807D1FFE79DF82A0040F092
:1015900010008DF82A00FFE79DF82B0000F00C00EA
:1015A000042807D1FFE79DF82A0040F008008DF8D5
:1015B0002A00FFE7FFE79DF82A000C9981F82F0029
:1015C00000208DF83700FFE79DF837000EB080BD92
:1015D00082B0019001980138019003283AD8FFE7C2
:1015E000019940F26410C2F2000000EB0110808902
:1015F000ADF80200BDF80200B0F5807F04D1FFE72E
:101600000020ADF80200FFE7BDF80200012806DB6C
:10161000FFE7BDF802000138ADF80200FFE7BDF8B2
:101620000200019A40F26411C2F2000101EB0211C2
:101630008881BDF8020048B9FFE70198020140F235
:101640006411C2F2000100208850FFE700208DF8ED
:10165000010003E002208DF80100FFE79DF8010082
:1016600002B0704780B586B0059004910598006877
:1016700001900598002100F021FC8DF80F009DF8E5
:101680000F0098BBFFE700200290FFE70198059943
:10169000C96903F0F1FE8DF80F009DF80F0008B145
:1016A000FFE722E00598006A0078E52805D0FFE70B
:1016B0000598006A007848B9FFE702980130029067
:1016C0000499884201D1FFE70FE002E00020029078
:1016D000FFE70598012100F0F9F88DF80F00FFE70A
:1016E0009DF80F000028D1D0FFE7FFE79DF80F001D
:1016F000042804D1FFE707208DF80F00FFE79DF8CD
:101700000F0006B080BD000080B588B00690069836
:10171000006804900698002100F0D0FB8DF81700B7
:101720009DF8170028B1FFE79DF817008DF81F00FE
:10173000C7E0FF208DF80C008DF80D0006994FF0E2
:10174000FF300863FFE704980699C96903F094FE27
:101750008DF817009DF8170008B1FFE7ACE0069878
:10176000006A00788DF80F009DF80F0020B9FFE7A0
:1017700004208DF817009FE00698006AC07A00F0F8
:101780003F008DF80E00069988719DF80F00E5283E
:101790000BD0FFE79DF80E00000700280DD5FFE7EE
:1017A0009DF80E000F2808D0FFE7FF208DF80D00F0
:1017B00006994FF0FF30086371E09DF80E000F2886
:1017C00044D1FFE7069890F82F00400600283CD44B
:1017D000FFE79DF80F004006002813D5FFE70698A5
:1017E000006A407B8DF80C009DF80F0000F0BF00F0
:1017F0008DF80F009DF80F008DF80D0006994869CF
:101800000863FFE79DF80F009DF80D10884215D181
:10181000FFE79DF80C000699096A497B88420DD1C3
:10182000FFE70498C0680699096AFFF751FB28B1E1
:10183000FFE79DF80D000138029002E0FF200290C2
:10184000FFE702988DF80D00FFE727E09DF80D00F7
:1018500068B9FFE79DF80C0001900698006A04F053
:10186000B3F801460198884201D1FFE724E00698C9
:1018700090F82F00C00748B9FFE70699086A24319D
:101880000B2203F099FD08B9FFE715E0FF208DF862
:101890000D0006994FF0FF300863FFE7FFE7069859
:1018A000002100F013F88DF81700FFE79DF81700EE
:1018B00000283FF448AFFFE79DF817008DF81F00A0
:1018C000FFE79DF81F0008B080BD000080B588B01C
:1018D00006900591069800680290069840692030AD
:1018E00004900698C06928B1FFE70498B0F5001F7E
:1018F00004D3FFE704208DF81F00BDE0BDF8100001
:10190000C005002840F0A980FFE70699C8690130AA
:10191000C8610698806978B9FFE704990298008940
:10192000B0EB511F07D8FFE706990020C8610420DB
:101930008DF81F00A0E08FE00499029840890138DB
:1019400010EA512F40F08780FFE70698816903F085
:1019500045F903900398012804D8FFE702208DF889
:101960001F0089E00398013020B9FFE701208DF8BE
:101970001F0081E0039802998969884261D3FFE7DB
:10198000059838B9FFE706990020C86104208DF852
:101990001F0071E006988169FFF710FB0390039820
:1019A00020B9FFE707208DF81F0065E003980128A4
:1019B00004D1FFE702208DF81F005DE0039801309D
:1019C00020B9FFE701208DF81F0055E0029804F0D0
:1019D0007FF820B1FFE701208DF81F004CE002984E
:1019E0003430002100914FF4007203F02FFD009875
:1019F000019002980399FFF74FFA02990863FFE7F5
:101A0000019802994989884215D2FFE7029901207D
:101A1000C870029804F05CF820B1FFE701208DF84F
:101A20001F0029E0FFE70198013001900299086B3F
:101A300001300863E4E7019A0299086B801A086391
:101A4000FFE703980699886102980399FFF724FA43
:101A50000699C861FFE7FFE7FFE704980699486128
:101A6000029804996FF35F210844343006990862A4
:101A700000208DF81F00FFE79DF81F0008B080BD13
:101A800080B588B00790069104208DF8170007985C
:101A900000680490FF208DF80D008DF80C00FFE722
:101AA0000798C069002800F0A180FFE70498079913
:101AB000C96903F0E1FC8DF817009DF8170008B123
:101AC000FFE793E00798006A00788DF80E009DF814
:101AD0000E0020B9FFE704208DF8170086E0079874
:101AE000006AC07A00F03F008DF80F0007998871F6
:101AF0009DF80E00E52811D0FFE79DF80E002E2876
:101B00000CD0FFE79DF80F0000F0DF000838B0FAB6
:101B100080F040090699884204D0FFE7FF208DF845
:101B20000D0057E09DF80F000F283CD1FFE79DF80E
:101B30000E004006002813D5FFE70798006A407B97
:101B40008DF80C009DF80E0000F0BF008DF80E001F
:101B50009DF80E008DF80D00079948690863FFE7AE
:101B60009DF80E009DF80D10884215D1FFE79DF8F5
:101B70000C000799096A497B88420DD1FFE7049858
:101B8000C0680799096A03F0A7FC28B1FFE79DF830
:101B90000D000138029002E0FF200290FFE702985A
:101BA0008DF80D0015E09DF80D0060B9FFE79DF878
:101BB0000C0001900798006A03F006FF01460198A7
:101BC000884205D0FFE707994FF0FF300863FFE731
:101BD0000CE0FFE707980021FFF778FE8DF817006B
:101BE0009DF8170008B1FFE700E059E79DF81700DE
:101BF00020B1FFE707990020C861FFE79DF81700B3
:101C000008B080BD80B58EB00C900C9800680A902A
:101C10000C9890F82F0010F0A00F04D0FFE70620DA
:101C20008DF83700F2E000200890FFE70A98C068BE
:101C3000089930F8110028B1FFE7FFE70898013054
:101C40000890F3E70C9800F1240104A80C2203F09B
:101C5000DFFB9DF81B00C007D0B3FFE70C994020C5
:101C600081F82F0001200990FFE70998632817D811
:101C7000FFE70C9824300A99CA68099B04A902F06E
:101C8000F1FE0C98FFF740FD8DF82F009DF82F0016
:101C900008B1FFE704E0FFE7099801300990E4E7A5
:101CA0000998642804D1FFE707208DF83700ADE0DC
:101CB0009DF82F00042805D0FFE79DF82F008DF830
:101CC0003700A3E09DF81B000C9981F82F00FFE777
:101CD0009DF81B00800700280DD5FFE708980C3001
:101CE0004EF64F41C4F6C461A0FB0101012000EB98
:101CF0009100029002E001200290FFE70298079015
:101D00000C980799FFF7AEFC8DF82F009DF82F0077
:101D100000284FD1FFE7079801380790002849D0E5
:101D2000FFE70C984169079AA1EB421100F0C6F851
:101D30008DF82F009DF82F00D8BBFFE70C982430BA
:101D400003F042FE8DF80F00FFE70A980C99C9696D
:101D500003F092FB8DF82F009DF82F0008B1FFE7EC
:101D600026E00A98C0680C99096A9DF81C209DF825
:101D70000F3003F0F5FC0A990120C8700C9800217F
:101D8000FFF7A4FD8DF82F00FFE79DF82F1000202E
:101D9000019041B9FFE7079801380790002818BF64
:101DA00001200190FFE70198C0070028CDD1FFE78F
:101DB000FFE7FFE79DF82F0018BBFFE70A980C9993
:101DC000C96903F059FB8DF82F009DF82F00B8B9B1
:101DD000FFE70C98006A0021202203F037FB0C99E2
:101DE000086A24310B2203F013FB0C9991F82F00A1
:101DF00000F01800096A08730A990120C870FFE70B
:101E0000FFE79DF82F008DF83700FFE79DF83700BA
:101E10000EB080BD80B586B005900598006803902F
:101E20000598406902900598006B013018B9FFE7EA
:101E30000020019005E00598016B00F03FF801904B
:101E4000FFE701988DF813009DF8130088BBFFE7AA
:101E5000FFE703980599C96903F00EFB8DF813009D
:101E60009DF8130008B1FFE719E00598016AE52025
:101E7000087003990120C87005984069029988424A
:101E800001D3FFE70BE005980021FFF71FFD8DF858
:101E90001300FFE79DF813000028DAD0FFE79DF854
:101EA0001300042804D1FFE702208DF81300FFE798
:101EB000FFE79DF8130006B080BD000080B586B036
:101EC0000490039104980068009003990020B0EBFF
:101ED000515F05D1FFE79DF80C00C00620B1FFE778
:101EE00002208DF8170072E0039804994861049865
:101EF00080680190019848B9FFE7009800780328AE
:101F000004DBFFE70098806A0190FFE7019880B941
:101F1000FFE7039900980089B0EB511F04D8FFE751
:101F200002208DF8170052E00098806A0499C86179
:101F300030E00098408940020290FFE70398029940
:101F4000884220D3FFE70498019902F047FE0190F0
:101F50000198013020B9FFE701208DF8170036E025
:101F60000198022806D3FFE7019800998969884201
:101F700004D3FFE702208DF8170028E002990398A8
:101F8000401A0390DAE700980199FEF785FF04995B
:101F9000C861FFE70198049988610498C06920B975
:101FA000FFE702208DF8170011E0039A0499C86931
:101FB00000EB5220C861009803996FF35F21084439
:101FC00034300499086200208DF81700FFE79DF86F
:101FD000170006B080BD000080B582B08DF8070004
:101FE00000208DF806009DF8071040F64840C2F228
:101FF0000000405CE8B9FFE79DF8072040F6484044
:10200000C2F2000000EB8201496809681044007ABE
:1020100088478DF806009DF8060048B9FFE79DF84F
:10202000072040F64841C2F2000101208854FFE732
:10203000FFE79DF8060002B080BD000080B584B0C7
:102040008DF80F008DF80E1002929DF80F1040F6DB
:102050004840C2F2000000EB810252681369084454
:10206000007A9DF80E10029A98478DF807009DF8A7
:10207000070004B080BD000080B586B08DF8170061
:102080000491039202939DF8171040F64840C2F263
:10209000000000EB81025268D2F808C00844007AC0
:1020A0000499039A029BE0478DF807009DF807000A
:1020B00006B080BD80B582B08DF807009DF807207E
:1020C00040F64840C2F2000000EB820149684968CE
:1020D0001044007A88478DF806009DF8060002B08B
:1020E00080BD000080B586B08DF817000491039282
:1020F00002939DF8171040F64840C2F2000000EB32
:1021000081025268D2F80CC00844007A0499039AFC
:10211000029BE0478DF807009DF8070006B080BDE0
:1021200082B000200190FFE7019900200329009070
:102130000CD8FFE70198010140F26410C2F20000E0
:102140004058002818BF01200090FFE70098C00702
:1021500028B1FFE7FFE7019801300190E4E701981B
:10216000043818BF012002B07047000080B5ADF5FB
:102170000E7D8D908D990DF1330002904FF4007219
:10218000EEF797F8029800218DF833124CF2DA51ED
:10219000C0F602010622EEF7ADF860B1FFE74CF29F
:1021A000E151C0F602010DF133000622EEF7A2F86C
:1021B00008B1FFE77DE04CF2D851C0F602010DF105
:1021C0003300EEF7A7F80B9000200A9009900890D2
:1021D0000790ADF8180005900490FFE70B9878B3CE
:1021E000FFE70A9801380146019103281CD801999C
:1021F000DFE801F0020B10150B9904A80822EEF796
:1022000058F800208DF818000EE00B98EEF7D2F881
:10221000099009E00B98EEF7CDF8089004E00B98D0
:10222000EEF7C8F80790FFE74CF2D851C0F602016C
:102230000020EEF76FF80B900A9801300A90CDE776
:102240000998012817DBFFE709981F2813DCFFE72F
:10225000089801280FDBFFE708980C280BDCFFE744
:102260000798B0F5FA6F06DBFFE7079840F63401F0
:10227000884201DBFFE71CE00022039209988DF8F9
:102280000E0008988DF80D000798A0F5FA608DF8FB
:102290000F0049F27010C2F2010003A9F4F7F8FC34
:1022A00018B1FFE7F0F74CF8FFE704A8FAF798FC3D
:1022B000FFE70DF50E7D80BD80B584B003900398D7
:1022C00001F036FD8DF80B009DF80B00D0B9FFE74B
:1022D000039801A903F0BCFC8DF80B009DF80B00DE
:1022E00078B9FFE703980069FFF772F98DF80B00E2
:1022F0009DF80B0020B9FFE7039900200860FFE775
:10230000FFE7FFE79DF80B0004B080BD80B584B007
:102310000390039801A903F09BFC8DF80B009DF836
:102320000B00A0B9FFE70398006938B1FFE70398F5
:102330000069FFF74DF98DF80B00FFE79DF80B00E2
:1023400020B9FFE7039900200860FFE7FFE79DF849
:102350000B0004B080BD000080B590B00F900E91CE
:102360000D920FA80BA9002202F076F88DF8330029
:102370009DF83300002840F09E80FFE70B980D99F0
:1023800008600B99486989690239884205D8FFE7D6
:102390000B9840690E9908608CE000200A900B9819
:1023A000007801282BD1FFE7022009900B980090BC
:1023B000FFE70999684602F011FC07900798013081
:1023C00020B9FFE701208DF8330017E007980128B6
:1023D00004D1FFE702208DF833000FE0079820B901
:1023E000FFE70A9801300A90FFE7FFE709980130FC
:1023F00009900B9989698842DBD3FFE74EE00B987F
:10240000806909900B98406A08900020069005901A
:10241000FFE70698A0B9FFE70B9808994A1C0892B5
:1024200003F02AF88DF833009DF8330008B1FFE778
:1024300033E00B98343005904FF400700690FFE7BE
:102440000B980078022810D1FFE7059802F054FF9E
:1024500020B9FFE70A9801300A90FFE7059802309B
:10246000059006980238069010E0059802F02AFFC1
:10247000000120B9FFE70A9801300A90FFE70598AC
:1024800004300590069804380690FFE7FFE70998A6
:10249000013809900028BCD1FFE7FFE70A980E99A0
:1024A00008600A980B9948610B99087940F001007F
:1024B0000871FFE7FFE79DF8330010B080BD000012
:1024C00080B58AB00990089107920020069009987B
:1024D0000490FFE7069808990139884226DAFFE759
:1024E00007980DF10E01012202AB01F095FA029856
:1024F000012801D0FFE719E09DF80E008DF81700C4
:102500009DF817000D2801D1FFE7E3E79DF81700BC
:1025100004994A1C049208700698013006909DF8B0
:1025200017000A2801D1FFE700E0D3E70499002053
:102530000870069818B1FFE70998019002E00020A2
:102540000190FFE701980AB080BD000080B592B00D
:1025500010900F9110980DA903F07AFB8DF83B00B5
:102560009DF83B0028B9FFE71098407D8DF83B00AF
:10257000FFE79DF83B0028B1FFE79DF83B008DF891
:10258000470003E21098C06A002800F0DF80FFE7F0
:102590000F980130002869D1FFE71098C06A0190B8
:1025A0000198011D0191006803900220029010988B
:1025B000806808900898002846D0FFE7FFE7089851
:1025C000059000200690029802300290FFE70898DC
:1025D00007900698013006901098089902F0FEFACC
:1025E00008900898012806D8FFE71099022048753E
:1025F0008DF84700CAE10898013030B9FFE710991B
:10260000012048758DF84700C0E1FFE70898079959
:1026100001318842DBD0FFE70298039988420BD84A
:10262000FFE7069801990A1D019208600598019933
:102630000A1D01920860FFE7FFE708980D99896974
:102640008842BCD3FFE7FFE702981099C96A086087
:1026500002980399884204D8FFE701990020086096
:1026600003E011208DF83B00FFE76EE00F98109912
:10267000C968884204D9FFE71098C0680F90FFE747
:102680000F98109988610F9800285DD0FFE7109887
:102690000F990139FEF7CCFB1099C8610D9810997C
:1026A000C969FEF7F9FB0490049830B9FFE7109967
:1026B000022048758DF8470068E10F98411E0D987B
:1026C0004089013800EA5121049808440490109888
:1026D000008BC005B8B3FFE704981099096A8842D7
:1026E00031D0FFE71098007D0006002817D5FFE7DE
:1026F0000D984078109A02F13001126A0123FFF719
:10270000F1FC30B1FFE71099012048758DF84700C2
:102710003CE11099087D00F07F000875FFE70D98F7
:10272000407810993031049A0123FFF7A5FC30B1AD
:10273000FFE71099012048758DF8470026E10498BD
:1027400010990862FFE7FFE7FFE71AE10F98109979
:10275000C96888420AD9FFE71098007D80070028E1
:1027600004D4FFE71098C0680F90FFE710988069C5
:10277000099000200A90109988610F98002800F0B5
:10278000B480FFE70D98408940020B900998E0B1B2
:10279000FFE70F9801380B9AB0FBF2F00999013965
:1027A000B1FBF2F1884210D3FFE7099801380B9989
:1027B0004942084010998861109881690F98401A21
:1027C0000F901098C0690C9026E0109880680C90CB
:1027D0000C98E8B9FFE710980021FEF7EFFB0C908A
:1027E0000C98012806D1FFE71099022048758DF852
:1027F0004700CBE00C98013030B9FFE71099012079
:1028000048758DF84700C1E00C9810998860FFE783
:102810000C981099C861FFE70C98002864D0FFE776
:10282000FFE70F980B9988423FD9FFE70B990F9864
:10283000401A0F900B9A109988691044886110987B
:10284000007D800700280CD5FFE710980C99FEF753
:10285000B5FB0C900C9818B9FFE700200F9024E00E
:1028600005E010980C9902F0B9F90C90FFE70C986C
:10287000013030B9FFE71099012048758DF8470005
:1028800084E00C98022806D3FFE70C980D9989691B
:10289000884206D3FFE71099022048758DF847005B
:1028A00074E00C981099C861BBE70F9A1099886979
:1028B00010448861BDF83C00C005A0B1FFE70D9849
:1028C0000C99FEF7E9FA0A900A9830B9FFE71099D7
:1028D000022048758DF8470058E00F990A9800EBE0
:1028E00051200A90FFE7FFE7FFE71098C168806971
:1028F000884209D9FFE710998869C8601099087D56
:1029000040F040000875FFE71098008BC005B8B391
:10291000FFE70A981099096A884231D0FFE71098BA
:10292000007D0006002817D5FFE70D984078109A23
:1029300002F13001126A0123FFF7D4FB30B1FFE747
:102940001099012048758DF847001FE01099087D07
:1029500000F07F000875FFE70D984078109930313E
:102960000A9A0123FFF788FB30B1FFE71099012095
:1029700048758DF8470009E00A9810990862FFE74A
:10298000FFE79DF83B008DF84700FFE79DF8470003
:1029900012B080BD80B5ADF51A7D999099A88AA92D
:1029A000022201F059FD8DF863028A988B909DF800
:1029B0006302002840F0EC80FFE78A9904A8C86011
:1029C00099998BA801F0B4FF8DF863029DF863021A
:1029D00020B9FFE708208DF86302FFE79DF8630246
:1029E000042840F0D480FFE78BA800210391FEF774
:1029F000E5FA0146039886918A99498949028E91A0
:102A00008DF86302869820B9FFE707208DF86302EE
:102A1000FFE78698012804D1FFE702208DF86302C2
:102A2000FFE78698013020B9FFE701208DF86302A7
:102A3000FFE79DF8630230B9FFE78A9803F048F892
:102A40008DF86302FFE702F063F984909DF863025A
:102A500000286AD1FFE78A988699FEF71DFA8790C9
:102A60008A9834308990899800214FF4007202F0DE
:102A7000EDFC8998202101910B2202F0E7FC899955
:102A80002E200290087089991020C87289981630FB
:102A9000849902F061FF8A988999869A02F042FF30
:102AA000019A899901F1200002F0B2FC02988999FB
:102AB00081F821008D9885908A980078032809D1A3
:102AC000FFE785988A99896A884203D1FFE7002049
:102AD0008590FFE78A9889992031859A02F022FF34
:102AE0008A9840898890FFE78898E8B1FFE787983F
:102AF000411C87918A9908638A990120C8708A9835
:102B000002F0E6FF8DF863029DF8630208B1FFE76B
:102B10000AE0899800214FF4007202F097FCFFE769
:102B2000889801388890DFE7FFE79DF8630230B9A5
:102B3000FFE78BA8FFF766F88DF86302FFE79DF8C3
:102B40006302E8B9FFE793988990899816308499D1
:102B500002F002FF8A988999869A02F0E3FE899929
:102B60001020C8728A990120C8709DF8630230B99C
:102B7000FFE78A9802F048FF8DF86302FFE705E05F
:102B800086998BA8002202F053FEFFE7FFE7FFE7DC
:102B90009DF863020DF51A7D80BD000080B5A8B0D8
:102BA000DDF8A8C026908DF8971024922393012079
:102BB00022904FF40070219026A802F0CDF90C90DD
:102BC0000C98B0F1FF3F05DCFFE70B208DF89F006C
:102BD00000F068BC0C9940F26010C2F2000050F89E
:102BE000210050B1FFE70C9940F26010C2F20000E2
:102BF00050F8211000200870FFE70C988DF877003E
:102C000000208DF876009DF87700FFF7E5F98DF844
:102C10002F009DF82F00C00728B1FFE703208DF893
:102C20009F0000F03FBC9DF82F004007002805D50D
:102C3000FFE70A208DF89F0000F034BC9DF8770074
:102C400003211AAAFFF7FAF968B9FFE71A9850B1F9
:102C5000FFE71A98B0F5004F05D8FFE71A98411E14
:102C6000084203D0FFE701201A90FFE74FF40070FD
:102C7000ADF87400249830B1FFE72498BDF87410C3
:102C800088420AD3FFE72498B0F1807F05D8FFE798
:102C90002498411E084205D0FFE713208DF89F00BD
:102CA00000F000BCBDF874102498B0FBF1F0249043
:102CB00023981F902A98BDF87410B0FBF1F01B9078
:102CC0001B98BDF8741048431C901C9820B9FFE76E
:102CD0000E208DF89F00E5E39DF87700012111AAF1
:102CE000FFF7ACF920B1FFE701208DF89F00D9E391
:102CF0009DF8970001073F20002948BF002014904D
:102D000011981499884204D2FFE70E208DF89F0095
:102D1000C8E314991198401A119011987F2804D88B
:102D2000FFE70E208DF89F00BCE3FFE72498812881
:102D300004D3FFE713208DF89F00B3E39DF89700BD
:102D40008007002811D5FFE79DF8970000F00700E5
:102D5000022805D0FFE79DF89700C00720B9FFE7DC
:102D600003208DF883000DE0FFE79DF89700C00772
:102D700020B9FFE713208DF89F0093E302208DF820
:102D80008300FFE7FFE7249818909DF8830003284D
:102D900056D1FFE7189870BBFFE71198400C1590CB
:102DA00000200D9001201890FFE70D9946F2307039
:102DB000C0F6010030F8111000200A9071B1FFE751
:102DC0000D9946F23070C0F6010030F81110159AD6
:102DD0000020914298BF01200A90FFE70A98C0079F
:102DE00040B1FFE7FFE70D9801300D9018984000C3
:102DF0001890DAE7FFE711981899B0FBF1F01990F5
:102E00001998BDF8741001EB80000730B0FBF1F0A9
:102E10000F902020109000200E9019984FF6F67118
:102E2000884208D3FFE719984FF6F671C0F6FF7194
:102E3000884204D3FFE70E208DF89F0032E35FE065
:102E4000189870BBFFE71198000B159000200D90AB
:102E500001201890FFE70D9946F22270C0F601009C
:102E600030F811100020099071B1FFE70D9946F27A
:102E70002270C0F6010030F81110159A002091421E
:102E800098BF01200990FFE70998C00740B1FFE70C
:102E9000FFE70D9801300D90189840001890DAE780
:102EA000FFE711981899B0FBF1F01990199840F6C6
:102EB000F671884206D3FFE71999042000EB410020
:102EC00015900BE001208DF88300199800EB40006D
:102ED000411C032000EB51001590FFE71598BDF849
:102EE000741008440138B0FBF1F00F9001201090ED
:102EF000BDF874104FF48040B0FBF1F00E90FFE786
:102F0000149810990844139013980F9908440E9937
:102F10000844129012991A9A8818013852421040A7
:102F2000401A15909DF88300032809D1FFE71599F1
:102F3000109808441090159913980844139004E0D1
:102F400015990F9808440F90FFE711981299189A55
:102F500001EB0211149A891A884204D2FFE70E206D
:102F60008DF89F009EE211981099401A0F99401A0F
:102F70000E99401A1899B0FBF1F019909DF8830052
:102F8000032814D1FFE719984FF6F57188420DD840
:102F9000FFE7249830B9FFE718984008249008B15B
:102FA000FFE758E00E208DF89F007BE2FFE79DF8D9
:102FB000830002283FD1FFE719984FF6F671884247
:102FC00024D3FFE7249848B9FFE718984000402829
:102FD00004D8FFE71898400024903CE09DF8970043
:102FE0008007002804D5FFE703208DF8830032E036
:102FF000249838B9FFE7189840002490802801D819
:10300000FFE728E00E208DF89F004BE2199840F66C
:10301000F57188420ED8FFE7249838B9FFE7189871
:1030200040002490802801D8FFE714E00E208DF89E
:103030009F0037E2FFE79DF8830001280AD1FFE7F0
:10304000199840F6F671884204D3FFE70E208DF8F8
:103050009F0027E204E0012000287FF494AEFFE700
:103060001F98BDF87420002102F0F0F91F984CF26F
:10307000E541C0F602010B2202F0CAF91F980B309D
:10308000BDF8741002F08AFC18981F9948731F98B5
:103090000E30BDF8401002F081FC1F990120087429
:1030A0001F9811309DF88310033918BF0121490280
:1030B00002F074FCBDF8460038B9FFE71F981330E2
:1030C000BDF8441002F06AFC05E01F982030119909
:1030D00002F042FCFFE71F99F82048751F9818304E
:1030E0003F2102F05BFC1F981A30FF2102F056FCD2
:1030F0001F981C30149902F02FFC9DF883000328C0
:103100002FD1FFE71F984330089001F001FE0146E0
:10311000089802F021FC1F9824300F9902F01CFC43
:103120001F982C30022102F017FC1F98303001212B
:1031300002F034FC1F983230062102F02FFC1F9958
:10314000802081F840001F99292081F842001F98B3
:1031500047304CF2D141C0F60201132202F058F977
:1031600020E01F982730079001F0D2FD0146079814
:1031700002F0F2FB1F981630BDF83C1002F00EFC76
:103180001F99802081F824001F99292081F82600AA
:103190001F982B304CF2BD41C0F60201132202F001
:1031A00037F9FFE71F9800F5FF704AF6552102F046
:1031B000F5FB9DF877001F99149A0123FEF792FF03
:1031C00020B1FFE701208DF89F006BE19DF883009F
:1031D000032844D1FFE79DF877001F99149A06321F
:1031E00001230693FEF77EFF1F98BDF8742000218F
:1031F00002F02CF91F9845F25221C4F2611102F03D
:10320000ABFB1F9800F5F27047F27221C6F2411134
:1032100002F0A2FB1F9800F5F4701999013902F031
:103220009BFB1F9800F5F670022102F095FB1F989A
:1032300000F5FF704AF6552102F0B0FB069B9DF8A1
:1032400077001F99149A0732FEF74CFF069B9DF8F2
:1032500077001F99149A0132FEF744FFFFE71F9889
:103260001C9A0021059102F0F1F805981399179125
:103270000D90FFE70D9800285AD1FFE79DF88300D5
:10328000032812D1FFE71F986FF0070102F064FBDB
:103290001F9804304FF0FF3102F05EFB1F9808309A
:1032A0006FF0704102F058FB0DE01F989DF88320ED
:1032B0006FF00701012A04BF4FF6F871C0F2FF0159
:1032C00002F04AFBFFE70F981690FFE716981B994C
:1032D000884203D9FFE71B98049002E016980490F7
:1032E000FFE7049815909DF877001F99179A159B92
:1032F000FEF7F8FE20B1FFE701208DF89F00D1E036
:103300001F98BDF87420002102F0A0F815991798B5
:103310000844179015991698401A1690FFE71698CA
:103320000028D3D1FFE7FFE70D9801300D90A1E70A
:103330009DF88300032803D1FFE71898039002E06B
:103340000E980390FFE703981690FFE716981B99D5
:10335000884203D9FFE71B98029002E0169802907A
:10336000FFE7029815909DF877001F99179A159B13
:10337000FEF7B8FE20B1FFE701208DF89F0091E035
:10338000159917980844179015991698401A169091
:10339000FFE716980028D9D1FFE79DF8830003289E
:1033A00004D1FFE70C208DF8820012E01198B0F5EF
:1033B000803F04D3FFE706208DF8820008E09DF8E7
:1033C00083100120022908BF04208DF88200FFE746
:1033D000FFE79DF897000007002853D4FFE71F98E8
:1033E000BDF874200021009102F030F81F9800F51C
:1033F000FF704AF6552102F0D1FA00981F9901F5A5
:10340000DF711E911E9908701E9A01210191517061
:103410001E9A91701E99C8709DF882001E990871BD
:1034200014981199014445F25B60C0F21550A1FB5C
:103430000020091A00EB5100400B15901E99FE2048
:10344000487115993F2040EA91001E99887115989E
:103450001E99C8711E980830149902F07DFA1E98C2
:103460000C30119902F078FA009A019B9DF87700D0
:103470001F99FEF737FE20B1FFE701208DF89F006E
:1034800010E0FFE79DF8770000221146FEF7D6FD19
:1034900020B1FFE701208DF89F0003E000208DF8A8
:1034A0009F00FFE79DF89F0028B080BD80B588B0E1
:1034B000069005918DF8132005980090684601F05C
:1034C0004BFD02900298B0F1FF3F04DCFFE70B20B8
:1034D0008DF81F0038E0029940F26010C2F200003F
:1034E00050F821000390039838B1FFE70398FDF7E7
:1034F0007BFC039900200870FFE7069820B1FFE7E6
:10350000069900200870FFE70698029A40F26011C1
:10351000C2F2000141F82200069828B1FFE79DF8A9
:103520001300012804D0FFE700208DF81F000BE0F6
:1035300005A806A9002200F08FFF8DF807009DF86E
:1035400007008DF81F00FFE79DF81F0008B080BD41
:1035500080B5ADF51C7D9A9099918DF863229A986B
:1035600020B9FFE709208DF86F02C1E19DF86302E1
:1035700000F03F008DF863029DF8632299A88AA9A4
:1035800000F06AFF8DF862029DF86202002840F0A8
:10359000A281FFE78A988B908A9904A8C8609999BC
:1035A0008BA801F0C5F98DF862029DF86202C0B9DE
:1035B000FFE79DF85B020006002804D5FFE7062020
:1035C0008DF862020CE09DF8630200F0FE01002914
:1035D00018BF01218BA8FDF789FB8DF86202FFE778
:1035E000FFE79DF8630210F01C0F00F08480FFE7F6
:1035F0009DF86202E0B1FFE79DF86202042810D155
:10360000FFE7FEF78DFD28B1FFE78BA8FEF7FAFA7A
:10361000039002E012200390FFE703988DF8620206
:10362000FFE79DF8630240F008008DF8630215E0A3
:103630009DF8320210F0110F04D0FFE707208DF83B
:1036400062020AE09DF863024007002804D5FFE704
:1036500008208DF86202FFE7FFE7FFE79DF86202AE
:10366000002847D1FFE79DF863020007002841D5F5
:10367000FFE701F04DFB899093980E30899902F095
:103680006BF993981630899902F066F99399202086
:10369000C8728A98939901F0F9FD88908A98939955
:1036A0000022029202F03EF9029993981C3002F037
:1036B00053F98A990120C8708898D0B1FFE78A9899
:1036C000006B899088998BA8002202F0B1F88DF8E0
:1036D00062029DF8620258B9FFE78A98899901F061
:1036E000CBFE8DF86202889801388A990861FFE75D
:1036F000FFE7FFE71FE09DF86202D8B9FFE79DF8FA
:103700003202C006002804D5FFE704208DF86202CB
:103710000FE09DF863028007002809D5FFE79DF8B8
:103720003202C00720B1FFE707208DF86202FFE7F1
:10373000FFE7FFE7FFE79DF8620248BBFFE79DF860
:1037400063020007002807D5FFE79DF8630240F0F9
:1037500040008DF86302FFE78A98006B9A994862EF
:1037600093989A9988629DF8630200F0FE010029FF
:1037700018BF01218BA801F09FFC9A9908619A98C3
:10378000006920B9FFE702208DF86202FFE7FFE73A
:103790009DF86202002840F09D80FFE78A98939987
:1037A00001F074FD9A99886093981C3001F08AFDAD
:1037B0009A99C8609A980021C1628A989A9A106072
:1037C0008A98C0889A9A90809DF863029A9A107598
:1037D0009A9841759A9801629A9881619A983030C6
:1037E0004FF4007201F032FE9DF86302800600285B
:1037F0006FD5FFE79A98C06800286AD0FFE79A99CA
:10380000C86888618A984089400287909A98806841
:1038100086909A98C0688490FFE79DF86212002015
:10382000019041B9FFE78499879A0020914288BFAF
:1038300001200190FFE70198C007D8B1FFE79A98EF
:10384000869901F0CBF986908698012804D8FFE785
:1038500002208DF86202FFE78698013020B9FFE769
:1038600001208DF86202FFE7FFE787998498401AEC
:103870008490D2E786989A99C8619DF8620238BB15
:10388000FFE7BDF81002C00510B3FFE78A988699DC
:10389000FDF702FB859020B9FFE702208DF8620258
:1038A00015E08598849900EB51209A9908628A98CE
:1038B00040789A9A02F13001126A0123FEF7DCFB8C
:1038C00020B1FFE701208DF86202FFE7FFE7FFE785
:1038D000FFE7FFE7FFE79DF8620220B1FFE79A9953
:1038E00000200860FFE79DF862028DF86F02FFE795
:1038F0009DF86F020DF51C7D80BD000080B5ADF513
:10390000067D84908391849820B9FFE709208DF883
:1039100017027BE08498809083A881A9002200F0A0
:103920009BFD8DF80B029DF80B02002861D1FFE78B
:1039300081988099086081996846C86084988399C5
:1039400000F0F6FF8DF80B029DF80B02002846D11F
:10395000FFE7849890F82F000006002813D4FFE7B3
:1039600080988079C006002808D5FFE7819884995F
:10397000096A01F08BFC8099886003E005208DF8CE
:103980000B02FFE7FFE79DF80B0238BBFFE78198CA
:10399000C0888099888084980021FEF78FFA8DF87E
:1039A0000B029DF80B02C0B9FFE78098806878B1E0
:1039B000FFE78498002101F07FFB809908618098DF
:1039C000006920B9FFE712208DF80B02FFE703E042
:1039D000809900200861FFE7FFE7FFE7FFE79DF818
:1039E0000B02042804D1FFE705208DF80B02FFE746
:1039F000FFE79DF80B0220B1FFE7809900200860E7
:103A0000FFE79DF80B028DF81702FFE79DF81702FC
:103A10000DF5067D80BD000080B58EB00C900B9139
:103A20000A9209930B9800900999002008600C985D
:103A300007A902F00DF98DF823009DF8230030B995
:103A4000FFE70C98407D8DF8230028B1FFE79DF833
:103A500023008DF837001CE10C98007DC00720B9C9
:103A6000FFE707208DF8370013E10C99C8688969D2
:103A7000401A04900A980499884203D9FFE70498F1
:103A80000A90FFE7FFE70A98002800F0FE80FFE7B2
:103A90000C98008BC005002840F0CA80FFE70C9806
:103AA000816907984089013800EA51200190019806
:103AB00088BBFFE70C98806920B9FFE70C98806805
:103AC000069010E00C98C06A30B1FFE70C9881694D
:103AD000FDF7AEF9069005E00C98C16901F07EF89B
:103AE0000690FFE7FFE70698012806D8FFE70C9944
:103AF000022048758DF83700CBE00698013030B9C8
:103B0000FFE70C99012048758DF83700C1E0069851
:103B10000C99C861FFE707980C99C969FDF7BCF9D2
:103B20000590059830B9FFE70C99022048758DF88B
:103B30003700AEE001990598084405900A98400ABC
:103B400002900298E0B3FFE70198029908440799B0
:103B50004989884206D9FFE7079840890199401AA8
:103B60000290FFE7079840780099059A029BFEF7BC
:103B700083FA30B1FFE70C99012048758DF83700C2
:103B800087E00C98007D0006002815D5FFE70C980B
:103B9000006A0599401A029988420DD2FFE7009801
:103BA0000C990A6A059BD21A00EB422030314FF47F
:103BB000007201F02DFCFFE702984002039051E0F3
:103BC0000C98006A059988422ED0FFE70C98007D7A
:103BD0000006002817D5FFE7079840780C9A02F1F5
:103BE0003001126A0123FEF77DFA30B1FFE70C992C
:103BF000012048758DF837004BE00C99087D00F0E6
:103C00007F000875FFE7079840780C993031059AD6
:103C10000123FEF731FA30B1FFE70C990120487516
:103C20008DF8370035E0FFE705980C990862FFE74B
:103C30000C9880696FF35F20C0F5007003900398C3
:103C40000A99884203D9FFE70A980390FFE7009892
:103C50000C998A696FF35F2211443031039A01F0A5
:103C6000D7FBFFE70399009808440090039A0C994A
:103C7000886910448861039A0999086810440860AB
:103C800003990A98401A0A90FDE600208DF8370043
:103C9000FFE79DF837000EB080BD000080B5ADF5A0
:103CA000047D83908291839880A901F0D1FF8DF8E3
:103CB00007029DF80702B0BBFFE7829838B9FFE71B
:103CC00083980021FEF7FAF88DF807022AE0809920
:103CD0006846C86083980021FDF7D2FE8DF8070280
:103CE0009DF80702042804D1FFE700208DF80702A1
:103CF000FFE79DF80702A0B9FFE78398829901F0DA
:103D000035F883980021FDF7E1FD8DF807029DF855
:103D10000702042804D1FFE700208DF80702FFE71F
:103D2000FFE7FFE7FFE79DF807020DF5047D80BD83
:103D300080B586B00490049802A901F089FF8DF83F
:103D40000F009DF80F0000285DD1FFE70498007D6B
:103D50004006002856D5FFE70498007D000600289D
:103D600015D5FFE702984078049A02F13001126AF3
:103D70000123FEF7B7F920B1FFE701208DF8170006
:103D800046E00499087D00F07F000875FFE700F029
:103D9000BFFF019002980499496A01F06DFB8DF80C
:103DA0000F009DF80F0060BBFFE70498806A009049
:103DB0000099C87A40F02000C872049A00991068EF
:103DC000926801F0AFFD00981C300499C96801F0B9
:103DD000C3FD00981630019901F0BEFD0098123025
:103DE000002101F0DBFD02990120C870029801F06A
:103DF0000BFE8DF80F000499087D00F0BF000875D8
:103E0000FFE7FFE7FFE79DF80F008DF81700FFE7DA
:103E10009DF8170006B080BD80B5ADF51E7D9D9064
:103E2000002081909DA880A9022200F015FB8DF84A
:103E3000730280988F909DF87302002840F08A806A
:103E4000FFE780996846C8609D998FA800F070FDD3
:103E50008DF873029DF8730238B9FFE78FA802212D
:103E6000FCF744FF8DF87302FFE79DF8730200280A
:103E70006FD1FFE79DF86B020006002804D5FFE72D
:103E800006208DF8730209E09DF84202C00720B1B8
:103E9000FFE707208DF87302FFE7FFE79DF8730245
:103EA00098BBFFE78098979901F0F0F981909DF811
:103EB0004202C006002827D5FFE7809882908198AB
:103EC000849082A80021FDF7F9FF8DF873029DF818
:103ED0007302C0B9FFE782A80021FDF7D1FD8DF87C
:103EE00073029DF8730220B9FFE707208DF8730273
:103EF000FFE79DF87302042804D1FFE700208DF846
:103F00007302FFE7FFE7FFE7FFE79DF87302F8B9E9
:103F1000FFE78FA8FDF77EFF8DF873029DF873020F
:103F200058B9FFE7819840B1FFE781998FA8002237
:103F300001F07EFC8DF87302FFE79DF8730230B943
:103F4000FFE7809801F060FD8DF87302FFE7FFE75F
:103F5000FFE7FFE79DF873020DF51E7D80BD0000B1
:103F600080B58EB00C900B910A9209930B9801903A
:103F70000999002008600C9807A901F069FE8DF8E6
:103F800023009DF8230030B9FFE70C98407D8DF8A1
:103F9000230028B1FFE79DF823008DF8370052E198
:103FA0000C98007D8007002804D4FFE707208DF8D7
:103FB000370048E10C9881690A980844884205D284
:103FC000FFE70C988069C0430A90FFE7FFE70A9873
:103FD000002800F02F81FFE70C98008BC005002817
:103FE00040F0E580FFE70C98816907984089013827
:103FF00000EA512002900298002846D1FFE70C9871
:10400000806968B9FFE70C9880680690069830B917
:10401000FFE70C980021FCF7D1FF0690FFE710E0C6
:104020000C98C06A30B1FFE70C988169FCF700FF7B
:10403000069005E00C98C169FCF7C0FF0690FFE709
:10404000FFE7069808B9FFE7F4E00698012806D1D3
:10405000FFE70C99022048758DF83700F3E00698C9
:10406000013030B9FFE70C99012048758DF8370011
:10407000E9E006980C99C8610C98806820B9FFE7C0
:1040800006980C998860FFE7FFE70C98007D000612
:10409000002817D5FFE7079840780C9A02F1300105
:1040A000126A0123FEF71EF830B1FFE70C990120D8
:1040B00048758DF83700C6E00C99087D00F07F0048
:1040C0000875FFE707980C99C969FCF7E5FE0590AC
:1040D000059830B9FFE70C99022048758DF8370034
:1040E000B1E002990598084405900A98400A0390A7
:1040F0000398E0B3FFE702980399084407994989B8
:10410000884206D9FFE7079840890299401A039030
:10411000FFE7079840780199059A039BFDF7E2FFB6
:1041200030B1FFE70C99012048758DF837008AE01F
:104130000C98006A0599401A0399884213D2FFE748
:104140000C9A02F130000199126A059BD21A01EB18
:1041500042214FF4007201F05BF90C99087D00F0E8
:104160007F000875FFE70398400204903EE00C983A
:10417000006A0599884216D0FFE70C98C1688069EB
:10418000884210D2FFE7079840780C993031059AA1
:104190000123FDF771FF30B1FFE70C99012048754D
:1041A0008DF837004FE005980C990862FFE70C98EE
:1041B00080696FF35F20C0F50070049004980A993D
:1041C000884203D9FFE70A980490FFE70C988169B9
:1041D0006FF35F21084430300199049A01F018F917
:1041E0000C99087D40F080000875FFE7049901985C
:1041F00008440190049A0C998869104488610C98CD
:10420000C1688069884204D9FFE70C9880690090F2
:1042100003E00C98C0680090FFE700980C99C86014
:10422000049A099908681044086004990A98401A89
:104230000A90CCE60C99087D40F0400008750020FB
:104240008DF83700FFE79DF837000EB080BD000005
:1042500089B0ADF822000791BDF822007F2805DC67
:10426000FFE7BDF82200ADF8160053E0079848B10B
:10427000FFE746F6EC10C0F60100069045F220502C
:10428000019008E04CF63C20C0F60200069045F292
:1042900020500190FFE70020029010200390FFE7DC
:1042A000039830B3FFE702980199091A01EBD17125
:1042B00000EB61000490BDF822000699049A31F8E1
:1042C0002210884201D1FFE713E0BDF822000699D1
:1042D000049A31F82210884203DDFFE70498029027
:1042E00002E004980190FFE7FFE70398013803908C
:1042F000D6E7039838B1FFE70698049900EB8100F0
:104300004088009002E000200090FFE70098ADF8A0
:104310001600FFE7BDF8160009B0704785B0ADF88C
:104320001200BDF8122046F23E71C0F6010146F6B9
:104330003010C0F60100B2F5805FB8BF08460390A8
:10434000FFE70398811C03910088ADF80A00BDF8CF
:104350000A0038B1FFE7BDF81200BDF80A10884224
:1043600001DAFFE773E00398811C03910088ADF840
:1043700008009DF80900ADF806009DF80800ADF8AA
:104380000800BDF81200BDF80A10BDF8082011445D
:10439000884250DAFFE7BDF8060001460091082880
:1043A00048D80099DFE801F005101B21272D33398B
:1043B0003F000398BDF81210BDF80A20891A30F8A2
:1043C0001100ADF8120035E0BDF81200BDF80A107A
:1043D000411A01F00101401AADF812002AE0BDF8BF
:1043E00012001038ADF8120024E0BDF81200203899
:1043F000ADF812001EE0BDF812003038ADF8120022
:1044000018E0BDF812001A38ADF8120012E0BDF83D
:1044100012000830ADF812000CE0BDF81200503860
:10442000ADF8120006E0BDF81200A0F5E350ADF8BB
:104430001200FFE70BE0BDF8060038B9FFE7BDF852
:104440000810039800EB41000390FFE779E7BDF8FF
:10445000120005B07047000080B598B01690159115
:104460008DF85320159900200860169800F074FD0F
:1044700012901298B0F1FF3F04DCFFE70B208DF89B
:104480005F0050E2129940F26010C2F2000050F852
:1044900021000590059820B9FFE70C208DF85F00FA
:1044A00041E20598159908609DF8530000F0FE0060
:1044B0008DF8530005980078F0B1FFE70598407833
:1044C000FDF7F8FD8DF847009DF84700C00790B94B
:1044D000FFE79DF8530050B1FFE79DF84700400704
:1044E000002804D5FFE70A208DF85F001BE20020BA
:1044F0008DF85F0017E2FFE7059900200870129819
:104500000599487005984078FDF766FD8DF84700DD
:104510009DF84700C00720B1FFE703208DF85F003A
:1045200001E29DF8530050B1FFE79DF847004007B6
:10453000002804D5FFE70A208DF85F00F3E1002092
:10454000109005981099FCF755FB8DF852009DF8D6
:104550005200022809D0FFE79DF8520001285EDCD6
:10456000FFE7012000285AD1FFE700200490FFE771
:10457000049803281ED8FFE70598049900EB011062
:1045800000F5F97013901398007930B1FFE7139894
:10459000083000F097FE039002E000200390FFE750
:1045A0000398049A07A941F82200FFE70498013014
:1045B0000490DDE700200490049820B1FFE7049800
:1045C00001380490FFE7FFE7049907A850F821009D
:1045D0001090109830B1FFE705981099FCF70AFB8E
:1045E000029002E003200290FFE702988DF852004B
:1045F000FFE79DF8521000200229019009DBFFE738
:104600000498411C04910020042938BF0120019026
:10461000FFE70198C0070028D6D1FFE7FFE79DF824
:104620005200042804D1FFE701208DF85F007AE1F1
:104630009DF85200022804DBFFE70D208DF85F0093
:1046400071E105983F3000F057FEB0F5007F04D0CF
:10465000FFE70D208DF85F0065E105984A3000F016
:104660004BFE0F900F9830B9FFE70598583000F0D7
:1046700029FE0F90FFE70F980599C861059991F8F9
:104680004400887005988078012809D0FFE70598D4
:104690008078022804D0FFE70D208DF85F0042E10A
:1046A000059881780F9848430F90059991F841003B
:1046B00048810598408930B1FFE705984089411E3F
:1046C000084204D0FFE70D208DF85F002BE105982C
:1046D000453000F011FE059908810598007A000721
:1046E00020B1FFE70D208DF85F001CE105984730F1
:1046F00000F002FE0E900E9830B9FFE70598543096
:1047000000F0E0FD0E90FFE70598423000F0F4FD68
:10471000ADF81A00BDF81A0020B9FFE70D208DF89A
:104720005F0000E1BDF81A000F9908440599098956
:1047300000EB11100D900E980D99884204D2FFE7FE
:104740000D208DF85F00EEE00E980D99401A059946
:104750004989B0FBF1F00C900C9820B9FFE70D20CF
:104760008DF85F00DFE003208DF852000C984FF6C3
:10477000F571884204D8FFE702208DF85200FFE768
:104780000C9840F6F571884204D8FFE701208DF8B7
:104790005200FFE70C98023005998861109805993E
:1047A00008621098BDF81A100844059948621098DC
:1047B0000D9908440599C8629DF8520003281DD13F
:1047C000FFE705985E3000F097FD20B1FFE70D2070
:1047D0008DF85F00A7E00598008920B1FFE70D2064
:1047E0008DF85F009FE00598603000F06BFD059943
:1047F00088620598806980000B9023E00598008905
:1048000020B9FFE70D208DF85F008CE00599486A1C
:104810000F9A104488629DF85200022805D1FFE7E4
:10482000059880694000009009E00598806900EBD8
:10483000400100F0010000EB51000090FFE70098FC
:104840000B90FFE70598C0690B9901F2FF11B0EBDF
:10485000512F04D2FFE70D208DF85F0063E005992A
:104860004FF0FF3048610599086105998020087173
:104870009DF85200032842D1FFE70598643000F00C
:104880003BFD01283BD1FFE705981099013100F06D
:10489000F3FDA0BBFFE7059900200871059800F221
:1048A000322000F029FD4AF65521884226D1FFE743
:1048B0000598343000F006FD45F25221C4F2611132
:1048C00088421BD1FFE7059800F5067000F0FAFC5E
:1048D00047F27221C6F2411188420FD1FFE70598D5
:1048E00000F5077000F0EEFC05994861059800F5A9
:1048F000087000F0E7FC05990861FFE7FFE79DF805
:1049000052000599087040F2A611C2F20001088811
:10491000013008800599C8800598FCF765FA0020E9
:104920008DF85F00FFE79DF85F0018B080BD0000C4
:1049300080B586B0059004910598029002980068B1
:104940000190FFE70498017801202F29009008D0FA
:10495000FFE7049800785C38B0FA80F040090090D6
:10496000FFE70098C00720B1FFE7049801300490EA
:10497000E8E7029900208860049800781F280BD887
:10498000FFE70599802081F82F0005980021FDF7A9
:1049900095FA8DF80F0048E0FFE7059804A9FCF7A9
:1049A000B9FB8DF80F009DF80F0008B1FFE73BE061
:1049B0000598FCF7A9FE8DF80F00059890F82F00D8
:1049C0008DF80E009DF80F0088B1FFE79DF80F00ED
:1049D00004280BD1FFE79DF80E004007002804D4FF
:1049E000FFE705208DF80F00FFE7FFE71CE09DF8CB
:1049F0000E004007002801D5FFE715E002988079F6
:104A0000C006002804D4FFE705208DF80F000BE056
:104A10000198059949696FF35F210144343100F031
:104A200035FC02998860B8E7FFE79DF80F0006B0F3
:104A300080BD000082B001900091FFE741F20000CC
:104A4000C4F2010000684006002801D4FFE7F5E742
:104A50009DF8040041F20401C4F2010108600198CC
:104A600002B0704780B58EB00D900C910B920A93F6
:104A70000D980C990B2200F0CBFC0A98062837D32E
:104A8000FFE70A980390FFE70B98008868B3FFE7F9
:104A90000B98811C0B910088ADF812000020069045
:104AA000FFE706980F281FD8FFE70399BDF812000B
:104AB00000F0010040EA41000390BDF812004008F8
:104AC000ADF812009DF80E00C00740B1FFE7039853
:104AD00041F22101C0F2010148400390FFE7FFE7E6
:104AE000069801300690DCE7CEE703980A90FFE7CE
:104AF00007200690FFE70A98032161F31F108DF845
:104B00001F009DF81F003A2806DBFFE79DF81F00F5
:104B100007308DF81F00FFE79DF81F00069A511E11
:104B2000069108A988540A9800090A90FFE70A9894
:104B30000028E0D1FFE7069A08A97E2088540020CB
:104B40000590FFE70599069A00209142029008D24D
:104B5000FFE70D980599405C203818BF01200290AE
:104B6000FFE70298C007E0B1FFE70D980599405CA8
:104B7000812811DBFFE70D980599405CFE280BDCCE
:104B8000FFE7059806990139884201D1FFE708E05F
:104B9000059801300590FFE7FFE705980130059083
:104BA000D0E7FFE70698072807D8FFE70699481CD3
:104BB000069008A8405C019002E020200190FFE7E9
:104BC00001980D99059A531C05938854FFE70598A1
:104BD0000828E7D3FFE70EB080BD000080B588B09D
:104BE000079006910798006802900698022806D35D
:104BF000FFE7069802998969884203D3FFE70120FD
:104C0000039081E04FF0FF30039002980078014656
:104C10000191012808D0FFE70198022845D0FFE75D
:104C20000198032855D06BE006980490049800EB97
:104C3000500004900298416A049A01EB522100F05E
:104C40001BFC08B1FFE75EE0029804990A466FF387
:104C50005F2210440131049190F8340005900298CD
:104C6000416A049A01EB522100F006FC08B1FFE70B
:104C700049E0029804996FF35F21084490F83410DA
:104C8000059840EA012005909DF81800C00720B162
:104C9000FFE705980009009004E005986FF31F30C6
:104CA0000090FFE7009803902DE00298416A069A71
:104CB00001EB122100F0E0FB08B1FFE723E00298CE
:104CC0009DF8181000EB4100343000F015FB039004
:104CD00019E00298416A069A01EBD21100F0CCFB70
:104CE00008B1FFE70FE00298069901F07F0100EBA1
:104CF0008100343000F0E6FA20F07040039002E0CA
:104D000001200390FFE7FFE7039808B080BD000093
:104D100080B588B049F27010C2F20100019002A97A
:104D200000220092F1F7BAFE009A019807A9F1F764
:104D300079FE9DF81D209DF81E109DF81F304FF044
:104D4000205000EB436040EA425040EA01409DF8A9
:104D500008309DF809209DF80A1040EAC32040EA77
:104D6000421040EA510008B080BD000080B588B014
:104D700007900691079800680090069900208875B2
:104D80000798C06908B9FFE7E3E00798006B0130B6
:104D9000002842D0FFE7002004900590FFE700982C
:104DA000C06804994A1C049230F81100ADF806005E
:104DB00068B3FFE7BDF806000021FFF749FAADF838
:104DC0000600BDF8060018B9FFE7002005901EE0B8
:104DD000BDF80600B0F5807F09DBFFE79DF807000E
:104DE0000699059A1144013205928875FFE70598E6
:104DF000FF2803D3FFE70020059008E09DF8060098
:104E00000699059A1144013205928875C7E70698FC
:104E10000599014400208875FFE700200490059063
:104E2000069805990844807DADF80400FFE70598D1
:104E30000A285DD8FFE70798006A05994A1C059281
:104E4000405C8DF80F009DF80F00202801D1FFE78E
:104E5000EDE79DF80F00052804D1FFE7E5208DF868
:104E60000F00FFE70598092812D1FFE7BDF80400FD
:104E700030B9FFE70698049901442E208875FFE7B2
:104E8000069904980144013004902E204872FFE7EF
:104E90009DF80F000699049A11444872BDF8040069
:104EA00010BBFFE79DF80F00412816DBFFE79DF8D8
:104EB0000F005A2811DCFFE70798006A007B059A6B
:104EC0000821082A88BF1021084206D0FFE79DF874
:104ED0000F0020308DF80F00FFE79DF80F000699B6
:104EE000049A11448875FFE70498013004909EE706
:104EF000BDF8040070B9FFE706980499014400204A
:104F000088750798006A007B18B9FFE700200490B5
:104F1000FFE7FFE7069804990144002048720798CC
:104F2000006AC07A069908720798006A1C3000F07F
:104F3000C9F9069908600798006A163000F0C2F9AE
:104F4000029002980699C880BDF80A0006998880E8
:104F5000FFE708B080BD000087B005904FF0FF303C
:104F6000019005980068002844D0FFE70598006884
:104F70000390FFE70398017800202029009007D3D1
:104F8000FFE7039800783A3818BF01200090FFE748
:104F90000098C00728B1FFE7FFE7039801300390AE
:104FA000E8E7039800783A2821D1FFE705980068E0
:104FB00004900498411C04910078303802900298C3
:104FC000092811D8FFE70498039988420CD1FFE71C
:104FD000029840B9FFE702980190039801300390CE
:104FE00005990860FFE7FFE70198069005E00020BB
:104FF0000190FFE701980690FFE7069807B0704719
:1050000010B58EB00D9046F2A06EC0F6010ECDF830
:1050100000E0DEF80000DEF80410DEF80820DEF81C
:105020000C30DEF810C0DEF814400694CDF814C041
:105030000493039202910190DEF81800DEF81C1030
:10504000DEF82020DEF82430DEF828C0DEF82CE080
:10505000CDF830E0CDF82CC00A9309920891079062
:105060000D98006800F0D4F818B1FFE71D200290F9
:10507000FFE70D984268806801A901EB820151F8B1
:10508000041C884215DDFFE70D99012088600D9909
:105090004868013048600D9840680D2808DBFFE73C
:1050A0000D99012048600D99086801300860FFE7FC
:1050B000FFE70EB010BD000086B004900391002001
:1050C0000290FFE7029803282CD8FFE7029801011D
:1050D00040F26410C2F20000405804990968884206
:1050E0001BD1FFE7029940F26410C2F2000000EB0E
:1050F000011040680499896888420ED1FFE702993F
:1051000040F26410C2F2000000EB011080680499C4
:105110004969884201D1FFE704E0FFE702980130C6
:105120000290CFE70298042840D1FFE700200290C8
:10513000FFE702990020032901900CD8FFE70298AD
:10514000010140F26410C2F200004058002818BF6C
:1051500001200190FFE70198C00728B1FFE7FFE7B2
:10516000029801300290E4E70298042803D1FFE797
:105170000020059049E0049801680298020140F27D
:105180006410C2F20000815004998968029A00EB11
:105190000212516004994969029A00EB021291606F
:1051A000029900EB011100208881FFE7039868B1A4
:1051B000FFE7029940F26410C2F2000000EB011018
:1051C000808918B1FFE7002005901EE0039820B108
:1051D000FFE74FF4807000900AE0029940F26410FB
:1051E000C2F2000000EB0110808901300090FFE75F
:1051F0000098029A40F26411C2F2000101EB021120
:105200008881029801300590FFE7059806B0704745
:1052100082B001900198C11700EB917121F0030158
:10522000401AB0B9FFE7019901204BF65003C0F2D4
:105230001E5345F62942CCF28F2201FB02314FEA80
:10524000B10145F62842C0F28F229142009017D852
:10525000FFE701984BF65002C0F21E5245F6294175
:10526000CCF28F2100FB01204FEA30114DF20B727E
:10527000C0F2A3020020914238BF01200090FFE756
:10528000009800F0010002B07047000080B584B0C3
:105290000390029102981A3000F02EF801900398C2
:1052A000007803280AD1FFE70298143000F024F8B0
:1052B0000146019840EA01400190FFE7019804B0DF
:1052C00080BD000082B001900198C07800900099E4
:1052D0000198807840EA0120009000990198407878
:1052E00040EA0120009000990198007840EA0120EE
:1052F0000090009802B0704782B001900198407809
:10530000ADF80200BDF802100198007840EA0120D3
:10531000ADF80200BDF8020002B0704780B582B05F
:10532000002000900190EEF799F8F7F70DFDF4F7E3
:105330003FF9F4F701F9F4F75BFAF4F7E5FAF4F75B
:1053400049FBF4F787FBF4F71DFBF4F763FBF4F775
:105350001DF9F4F7A9FB009A31200621EFF79CF91B
:10536000ECF7E0FBEDF722F9ECF742FDF3F710F96B
:1053700048F63010C2F20100ECF768FA48B1FFE7D6
:105380004BF67060C0F6020000F09CFCECF7D8FF12
:10539000FFE748F63010C2F20100ECF751FB18B1FC
:1053A000FFE7012002B080BD4FF4FA60EDF7ACFDDD
:1053B000FFE7F4F7B5FBFCE787B006900591049290
:1053C000069803900598029000200190FFE703984B
:1053D000411C0391007802994A1C02920978401AF4
:1053E0000190FFE70498411E04910020009031B124
:1053F000FFE70198B0FA80F040090090FFE70098BD
:10540000C0070028E3D1FFE7019807B0704700000C
:1054100085B0049003910292049801900398009043
:10542000029888B1FFE7FFE70098411C00910078DF
:1054300001994A1C01920870FFE702980138029016
:105440000028F1D1FFE7FFE705B0704784B0039073
:105450000291019203980090FFE7029800994A1C7C
:1054600000920870FFE70198013801900028F4D1FC
:10547000FFE704B07047000080B584B0039002914C
:1054800000208DF8070002980399096B88421ED00E
:10549000FFE7039800F01CFB8DF807009DF807005C
:1054A000A0B9FFE7039948783431029A0123FCF749
:1054B000E3FD38B1FFE74FF0FF30029001208DF897
:1054C0000700FFE7029803990863FFE7FFE79DF8ED
:1054D000070004B080BD000080B586B00490039141
:1054E00003981A30FFF708FF18B1FFE70020059076
:1054F00059E00398007800F0BF000D2148430D38B3
:1055000002900120ADF8020000200190FFE7019811
:105510000C2832D8FFE70398019A46F2F061C0F6F2
:105520000101895C0844FFF7E7FEADF80000BDF813
:10553000020090B1FFE70298FF2803D3FFE70020A5
:10554000059030E0BDF80000ADF802000499029A21
:10555000531C029321F812000AE0BDF800004FF638
:10556000FF71884203D0FFE7002005901BE0FFE7B2
:10557000FFE7019801300190C9E7039800784006E1
:1055800000280DD5FFE70298FF2803D3FFE700208E
:10559000059008E00499029A002021F81200FFE724
:1055A00001200590FFE7059806B080BD80B58AB060
:1055B00009900891079202208DF81300089802289C
:1055C000C0F0C980FFE7089809998969884280F08E
:1055D000C280FFE70998007801460391012809D0AD
:1055E000FFE7039802286CD0FFE70398032800F038
:1055F0008480AFE008980690069800EB5000069073
:105600000998416A069A01EB5221FFF735FF8DF8A0
:1056100013009DF8130008B1FFE79BE00998069975
:105620000A466FF35F221044013106913430059031
:105630009DF82000C00750B1FFE70598007800F002
:105640000F009DF81C1040EA0110029003E09DF845
:105650001C000290FFE70298059908700999012043
:10566000C8700998416A069A01EB5221FFF704FFBE
:105670008DF813009DF8130008B1FFE76AE0099860
:1056800006996FF35F210844343005909DF820009F
:10569000C00728B1FFE70798C0F30710019009E0A1
:1056A0000598007800F0F0000799C1F30321084441
:1056B0000190FFE701980599087009990120C870C9
:1056C00048E00998416A089A01EB1221FFF7D4FEDD
:1056D0008DF813009DF8130008B1FFE73AE0099830
:1056E0009DF8201000EB41003430BDF81C1000F094
:1056F00055F909990120C8702CE00998416A089A67
:1057000001EBD211FFF7B8FE8DF813009DF81300DE
:1057100008B1FFE71EE0079800900998089901F08A
:105720007F0100EB81003430FFF7CCFD014600988B
:10573000090F61F31F7007900998089901F07F0124
:1057400000EB81003430079900F006F90999012037
:10575000C870FFE7FFE79DF813000AB080BD0000A6
:1057600080B588B0079006918DF817208DF8163017
:105770009DF816000699487306990F20C87206987E
:1057800000210191017306981A3000F007F9019881
:105790009DF817100D2251430D390491ADF80A0000
:1057A0000390FFE7BDF80A004FF6FF71884209D069
:1057B000FFE7079804994A1C049230F81100ADF8ED
:1057C0000A00FFE70698039A46F2F061C0F601016D
:1057D000895C0844BDF80A1000F0E0F8BDF80A0042
:1057E00028B9FFE74FF6FF70ADF80A00FFE7FFE7C3
:1057F0000398013003900D28D4D3FFE7BDF80A00C9
:105800004FF6FF71884206D0FFE70798049930F8F9
:10581000110038B9FFE79DF8170040F040008DF8FF
:105820001700FFE79DF817000699087008B080BDC3
:1058300080B588B006900591049200208DF80F0085
:105840000698006801900598022806D3FFE705989E
:1058500001998969884204D3FFE702208DF81F006F
:105860005CE0049890B1FFE7019804994FF0FF3293
:10587000FFF79CFE8DF80F009DF80F0028B1FFE7A1
:105880009DF80F008DF81F0048E0FFE7FFE706983E
:105890000599FFF7A3F90290029808B9FFE739E0EC
:1058A0000298012804D1FFE702208DF81F0035E09F
:1058B0000298013020B9FFE701208DF81F002DE08C
:1058C000019805990022FFF771FE8DF80F009DF8F1
:1058D0000F0028B1FFE79DF80F008DF81F001DE0B5
:1058E000019948698969023988420AD2FFE701991A
:1058F0004869013048610199087940F00100087158
:10590000FFE702980590FFE70598019989698842A9
:10591000BDD3FFE700208DF81F00FFE79DF81F00B3
:1059200008B080BD80B584B00390029101920298C6
:105930001A30BDF8041000F031F8039800780328FD
:1059400007D1FFE702981430BDF8061000F026F8E2
:10595000FFE704B080BD000082B001900091009884
:1059600001994A1C019208700098000A0090009862
:1059700001994A1C019208700098000A0090009852
:1059800001994A1C019208700098000A0090009842
:1059900001994A1C0192087002B0704782B00190D0
:1059A000ADF802109DF8020001994A1C019208709E
:1059B0009DF80300ADF802009DF8020001994A1C11
:1059C0000192087002B0704783B0029000208DF8F9
:1059D00007000B200090FFE79DF80710480840EAF9
:1059E000C11002994A1C0292097808448DF80700F8
:1059F000FFE70098013800900028EDD1FFE79DF8FF
:105A0000070003B07047000080B584B0039003988E
:105A100000F05EF88DF80B009DF80B00002853D1C4
:105A2000FFE703980078032841D1FFE70398007946
:105A300001283CD1FFE703983430002101914FF455
:105A40000072FFF703FD039800F232204AF6552159
:105A5000FFF7A4FF0398343045F25221C4F26111DC
:105A6000FFF77AFF039800F5067047F27221C6F23D
:105A70004111FFF771FF039901F507704969FFF7BD
:105A80006BFF039901F508700969FFF765FF03993A
:105A9000086A01300863039A507802F13401126BEE
:105AA0000123FCF71FFB019803990871FFE7039896
:105AB000407800221146FCF7C1FA20B1FFE701202F
:105AC0008DF80B00FFE7FFE79DF80B0004B080BDE9
:105AD00080B584B0039000208DF803000398C0784F
:105AE000B8B3FFE70398006B02900399487834310C
:105AF000029A0123FCF7F6FA20B1FFE701208DF8A6
:105B0000030025E003990020C8700298039AD16928
:105B1000526A801A88421AD2FFE70398807801906F
:105B2000FFE70198022811D3FFE70398C1690298A3
:105B300008440290039948783431029A0123FCF713
:105B4000D1FAFFE7019801380190EAE7FFE7FFE7A4
:105B5000FFE79DF8030004B080BD000080B5ADF5FF
:105B6000107D8E908E990DF1370005904FF40072E4
:105B7000EAF79FFB059800218DF837124CF2DA51B5
:105B8000C0F602010622EAF7B5FB70B1FFE74CF25E
:105B9000E151C0F602010DF137000622EAF7AAFB37
:105BA00018B1FFE700208F904DE0694607A8C86054
:105BB00008A8886009A848600AA808604CF2E85163
:105BC000C0F602010DF137000CAA0BABEAF7D6FBC9
:105BD00006900698062803D0FFE700208F9032E059
:105BE0000C98172808DCFFE70B983B2804DCFFE73C
:105BF0000A983C2803DBFFE700208F9023E00898F9
:105C000001280CDBFFE708980C2808DCFFE709985F
:105C1000012804DBFFE70998202803DBFFE70020C9
:105C20008F9010E00798B0F5FD6F06DBFFE707984F
:105C300040F63401884203DBFFE700208F9002E04A
:105C400001208F90FFE78F980DF5107D80BD00003B
:105C500080B584B00390029109208DF80700039865
:105C6000E8B1FFE703980068C8B1FFE70398006850
:105C70000078A0B1FFE7039988880968C98888423D
:105C80000DD1FFE7039800684078FCF713FAC007CE
:105C900020B9FFE700208DF80700FFE7FFE79DF838
:105CA000070020B9FFE703980068009002E0002099
:105CB0000090FFE70098029908609DF8070004B083
:105CC00080BD00000FB4054B10B503A9044A02982B
:105CD00000F000F910BC5DF814FB0000354A010823
:105CE000040000200FB47CB50C0009AD01D0611E8A
:105CF00000E00021CDE90001064B6A4629460898DC
:105D000000F0E8F8002C02D0009A002111707CBC51
:105D10005DF814FB03660108004870470800002086
:105D200002E008C8121F08C1002AFAD17047704764
:105D3000002001E001C1121F002AFBD170470000C2
:105D40002DE9FF5F82B00021DDE90430020DDDF8AE
:105D500040B0034318D044F61050A2F2FF32424341
:105D60001514119801281FD0A5EB0B00401C5FEA09
:105D7000000A4FF000064E4FDFF83891B04650460B
:105D800015D5CAF1000413E0119801244AA3012893
:105D900001D16FEA0B010298119AC0E90031C0E904
:105DA000024206B0BDE8F09FCBF10000DFE70446F9
:105DB0000021404A491842EB0450CDE9001012E09E
:105DC000E00707D032463B4640464946EAF7FFFA2D
:105DD0008046894632463B4610461946EAF7F7FAAE
:105DE00006460F466410002CEAD1DDE90401DDE926
:105DF0000023BAF1000F06DAEAF7E9FA42464B4609
:105E0000EAF7E5FA05E0EBF7BEF842464B46EBF75A
:105E1000BAF804460E460022284BEBF73BF903D8AC
:105E20004FF0FF30014607E00022254B2046314667
:105E3000EBF702F8EBF716F9102409E0002C0ADB67
:105E40000A220023EAF7CEF9039B30321A55641E6A
:105E500050EA0102F2D1641C039AC4F11103144404
:105E6000119A012A03D0012208430DD10AE0084308
:105E700004D000204FF0110B119072E7A3EB0B053B
:105E80006D1E0DE05B4504DD4FF0000205F10105DC
:105E900004E003DA4FF00002A5F10105002AECD07E
:105EA00002981199C0E90231C0E9004579E7000084
:105EB000000014400000F03F300000000000F043FC
:105EC0000000E03F30380A2801D20120704700204E
:105ED000704700002DE9FF4F95B09B468946064666
:105EE00000250FE2252877D100242746F84A012112
:105EF000059400E0044316F8013F203B01FA03F04B
:105F00001042F7D130782A2811D06FF02F03307863
:105F1000A0F13002092A16D8059A44F0020402EBD7
:105F2000820203EB42021044761C0590EFE759F819
:105F3000042B0592002A03DA504244F400540590E1
:105F400044F00204761C30782E2816D116F8010F82
:105F500044F004042A280DD06FF02F023078A0F10D
:105F60003003092B09D807EB870302EB4303C7185B
:105F7000761CF3E759F8047B761C30786C280FD038
:105F800006DC4C2817D068280DD06A2814D104E00C
:105F9000742810D07A280FD10DE044F400140AE0E0
:105FA00044F4801401E044F440147278824202D137
:105FB00004F58014761C761C307866280BD013DC30
:105FC000582877D009DC002875D04528F6D0462817
:105FD000F4D047281AD19DE118E0632835D0642811
:105FE00079D0652812D195E1702873D008DC672834
:105FF000F1D069286FD06E280DD06F2806D1B5E09A
:1060000073282CD0752875D0782874D05A461799E3
:1060100090476D1C75E1C4F30250022809D0032893
:106020000DD0D9F8001004280DD00D6009F1040935
:1060300067E1D9F80010EA17C1E90052F6E7D9F88C
:1060400000100D80F2E70D70F0E719F8041B8DF8D1
:10605000001000208DF80100EA46012003E059F805
:1060600004AB4FF0FF3061074FF0000102D40DE0A8
:1060700008F101018846B9420FDA8045F8DB1AF8C9
:1060800008100029F4D108E008F101018846814296
:10609000FADB1AF808100029F6D105985B46A0EB48
:1060A000080721463846179A00F094FA284400EB76
:1060B000080507E04DE029E10DE01AF8010B5A460A
:1060C00017999047B8F10108F7D25B462146384648
:1060D000179A13E142E00A220092C4F302524FF0F1
:1060E000000A022A08D059F804CB032A4FEAEC71BF
:1060F0000AD00DE029E02AE009F1070121F00702AA
:10610000F2E802C1914609E00FFA8CFC4FEAEC710B
:10611000042A03D14FFA8CFC4FEAEC71002907DA0C
:106120000A460021DCF1000C61EB02012D2202E0A5
:10613000220504D52B228DF80420012203E0E2077A
:1061400001D02022F7E7904659E00A2102E0102210
:106150000DE010214FF0000A00910BE010224FF0EB
:10616000000A44F004040827009203E008224FF0DC
:10617000000A0092C4F30252022A05D059F804CB57
:106180000021032A08D009E009F1070121F00702E4
:10619000F2E802C1914605E01FFA8CFC042A01D105
:1061A0000CF0FF0C4FF00008220728D5702806D00D
:1061B000009B83F0100353EA0A0305D00EE040224F
:1061C0008DF80420012208E05CEA010206D03022AA
:1061D0008DF804208DF8050002229046009B83F084
:1061E000080353EA0A030AD15CEA010201D16207FB
:1061F00005D530228DF804204FF001087F1E582865
:1062000004D034A003900EA802900DE036A0F9E768
:1062100053466046009AE9F7E5FF84460398825C9E
:106220000298401E029002705CEA0100F0D10298D0
:1062300006A9081A00F1200A600702D524F4803468
:1062400000E00127574502DDA7EB0A0000E000202F
:1062500000EB0A01009005984144401A0590E003C4
:1062600006D45B462146179A059800F0B3F9054419
:10627000002706E001A85A46C05D179990476D1C9B
:106280007F1C4745F6DBE0030CD55B462146179A99
:10629000059800F09FF9054404E030205A4617990C
:1062A00090476D1C0099481E00900029F5DC08E01D
:1062B000029802995A460078491C02911799904712
:1062C0006D1CBAF10001AAF1010AF1DC65E10000E0
:1062D00009280100303132333435363738396162BC
:1062E0006364656600000000303132333435363780
:1062F00038394142434445460000000000F058F957
:106300000544761C307800287FF4ECAD19B028469F
:10631000BDE8F08F620700D4062709F1070222F0DA
:10632000070CFCE80223E14603F000485FEA080C92
:1063300002D00FF2702C0DE05FEA045C02D50FF280
:10634000682C07E05FEAC47C02D00FF2602C01E009
:10635000AFF2700C4FF0FF3823F00043CDF850C07F
:1063600065280CD006DC452809D046281DD04728D2
:106370003DD13DE0662818D067287ED138E0002165
:10638000112F01DB112000E0781CCDE9000106A9E6
:106390000EA8FFF7D5FCDDE90F010E9A039100214D
:1063A000009207F1010A04914DE04FF00040009780
:1063B000CDE9011006A90EA8FFF7C2FCDDE90F0226
:1063C00003920E9B11990022DDF80CA00093049219
:1063D00011B9791C00EB010AB7EB0A0004D4C0F133
:1063E000FF3007F1010A0490AAEB0700019044E096
:1063F000012F00DA01270021112F01DD112000E01B
:106400003846CDE9000106A90EA8FFF799FCDDE9A1
:106410000F010E9A0391002104910092BA462107C0
:106420000CD40399514500DA8A46BAF1010F05DD13
:10643000009AAAF10101515C302908D0B84202DA71
:1064400010F1040F06DA0121CDE9011015E0AAF1DF
:106450000101E9E7002805DC049901440491AAEB55
:10646000000102E0411C514500DD8A460499401AB2
:10647000401C01904FF000400290200704D4019886
:10648000504501DBCDF8048000208DF84F000298C4
:106490000DF14F07B0F1004F25D02B200E90029840
:1064A0004FF0020800280CDA404202902D200E9096
:1064B00007E00A210298EAF718F83031029007F84D
:1064C000011DB8F10001A8F10108F2DC02980028D2
:1064D000EFD1791E0E980870307800F0200040F05F
:1064E000450007F8020D12A8C01B00F10708149818
:1064F000007800B1012000EB0A01019801EBE07186
:1065000005984144401A401E0590E00306D45B46BE
:106510002146179A059800F05DF805441498007814
:1065200018B15A46179990476D1CE00324D55B4675
:106530002146179A059800F04DF805441CE0049890
:10654000002807DBDDE90301884203DD0098405C99
:10655000179901E0179930205A469047049805F1A1
:106560000105401C04900198401E019004D12E208A
:106570005A46179990476D1CBAF10001AAF1010A19
:10658000DDDC05E017F8010B5A46179990476D1CA2
:10659000B8F10001A8F10108F4DC5B462146179A26
:1065A0000598ABE62D0000002B0000002000000045
:1065B0002DE9F041044600251E461746880404D400
:1065C00005E039462020B0476D1C641EF9D52846E9
:1065D000BDE8F0812DE9F041044600251E469046B5
:1065E000C80301D5302700E02027880404D505E042
:1065F00041463846B0476D1C641EF9D52846BDE8B3
:10660000F0814A68002A06D00A68531C0B6010709B
:106610004868401E4860704700404040404040404D
:106620004040414141414140404040404040404065
:106630004040404040404040400502020202020209
:106640000202020202020202022020202020202058
:10665000202020020202020202029090909090906C
:10666000101010101010101010101010101010102A
:10667000101010100202020202028888888888889E
:10668000080808080808080808080808080808088A
:10669000080808080202020240000000196601080A
:1066A0001F0000001C0000001F0000001E00000072
:1066B0001F0000001E0000001F0000001F0000005F
:1066C0001E0000001F0000001E0000001F00000050
:1066D0000000000000000000010203040607080992
:1066E0000000000001020304000610160006101648
:1066F00001030507090E10121416181C1E00800253
:10670000021F00000053544D202020202050726FA3
:1067100064756374202020202020202020302E301B
:1067200031000100040010004000000100020000E0
:1067300001000200040008001000200000006100B9
:106740001A03E0001703F8000703FF0001007801B7
:106750000001300132010601390110014A012E0108
:106760007901060180014D0043028101820182010D
:106770008401840186018701870189018A018B01D7
:106780008B018D018E018F01900191019101930187
:106790009401F60196019701980198013D029B0131
:1067A0009C019D0120029F01A001A001A201A20164
:1067B000A401A401A601A701A701A901AA01AB0197
:1067C000AC01AC01AE01AF01AF01B101B201B30147
:1067D000B301B501B501B701B801B801BA01BB01F8
:1067E000BC01BC01BE01F701C001C101C201C3016E
:1067F000C401C501C401C701C801C701CA01CB0159
:10680000CA01CD011001DD0101008E01DE0112017E
:10681000F3010300F101F401F401F801280122025F
:1068200012013A020900652C3B023B023D02662C34
:106830003F0240024102410246020A015302400067
:1068400081018601550289018A0158028F015A028D
:1068500090015C025D025E025F02930161026202CE
:1068600094016402650266026702970196016A025A
:10687000622C6C026D026E029C01700271029D011D
:10688000730274029F0176027702780279027A021B
:106890007B027C02642C7E027F02A60181028202BE
:1068A000A9018402850286028702AE014402B10179
:1068B000B20145028D028E028F0290029102B70151
:1068C0007B030300FD03FE03FF03AC030400860308
:1068D000880389038A03B1031103C2030200A303DF
:1068E000A303C4030803CC0303008C038E038F03AC
:1068F000D8031801F2030A00F903F303F403F503C4
:10690000F603F703F703F903FA03FA03300420034D
:1069100050041007600422018A043601C1040E01EC
:10692000CF040100C004D004440161052604000026
:106930007D1D0100632C001E9601A01E5A01001F40
:106940000806101F0606201F0806301F0806401FF5
:106950000606511F0700591F521F5B1F541F5D1F62
:10696000561F5F1F601F0806701F0E00BA1FBB1F57
:10697000C81FC91FCA1FCB1FDA1FDB1FF81FF91F53
:10698000EA1FEB1FFA1FFB1F801F0806901F080657
:10699000A01F0806B01F0400B81FB91FB21FBC1FFC
:1069A000CC1F0100C31FD01F0206E01F0206E51F17
:1069B0000100EC1FF21F0100FC1F4E2101003221DB
:1069C00070211002842101008321D0241A05302C6B
:1069D0002F04602C0201672C0601752C0201802C0B
:1069E0006401002D260841FF1A0300008000AC203E
:1069F0004081024E4181044E4281054E4381064E44
:106A000044810F4E4581124E4681174E47811F4EDD
:106A10004881204E4981214E4A81234E4B81264E8A
:106A20004C81294E4D812E4E4E812F4E4F81314E3D
:106A30005081334E5181354E5281374E53813C4EF9
:106A40005481404E5581414E5681424E5781444EAD
:106A50005881464E59814A4E5A81514E5B81554E5E
:106A60005C81574E5D815A4E5E815B4E5F81624E06
:106A70006081634E6181644E6281654E6381674EC1
:106A80006481684E65816A4E66816B4E67816C4E8B
:106A900068816D4E69816E4E6A816F4E6B81724E58
:106AA0006C81744E6D81754E6E81764E6F81774E1E
:106AB0007081784E7181794E72817A4E73817B4EEE
:106AC00074817C4E75817D4E76817F4E7781804EBC
:106AD0007881814E7981824E7A81834E7B81844E8A
:106AE0007C81854E7D81874E7E818A4E8081904E4D
:106AF0008181964E8281974E8381994E84819C4EEE
:106B000085819D4E86819E4E8781A34E8881AA4EA7
:106B10008981AF4E8A81B04E8B81B14E8C81B44E4B
:106B20008D81B64E8E81B74E8F81B84E9081B94E11
:106B30009181BC4E9281BD4E9381BE4E9481C84ED0
:106B40009581CC4E9681CF4E9781D04E9881D24E72
:106B50009981DA4E9A81DB4E9B81DC4E9C81E04E1E
:106B60009D81E24E9E81E64E9F81E74EA081E94ED7
:106B7000A181ED4EA281EE4EA381EF4EA481F14E94
:106B8000A581F44EA681F84EA781F94EA881FA4E50
:106B9000A981FC4EAA81FE4EAB81004FAC81024F11
:106BA000AD81034FAE81044FAF81054FB081064FD9
:106BB000B181074FB281084FB3810B4FB4810C4FA5
:106BC000B581124FB681134FB781144FB881154F5D
:106BD000B981164FBA811C4FBB811D4FBC81214F1B
:106BE000BD81234FBE81284FBF81294FC0812C4FCB
:106BF000C1812D4FC2812E4FC381314FC481334F8C
:106C0000C581354FC681374FC781394FC8813B4F4A
:106C1000C9813E4FCA813F4FCB81404FCC81414F0C
:106C2000CD81424FCE81444FCF81454FD081474FD8
:106C3000D181484FD281494FD3814A4FD4814B4FA4
:106C4000D5814C4FD681524FD781544FD881564F62
:106C5000D981614FDA81624FDB81664FDC81684FF9
:106C6000DD816A4FDE816B4FDF816D4FE0816E4FBA
:106C7000E181714FE281724FE381754FE481774F7B
:106C8000E581784FE681794FE7817A4FE8817D4F42
:106C9000E981804FEA81814FEB81824FEC81854F02
:106CA000ED81864FEE81874FEF818A4FF0818C4FC7
:106CB000F1818E4FF281904FF381924FF481934F87
:106CC000F581954FF681964FF781984FF881994F4E
:106CD000F9819A4FFA819C4FFB819E4FFC819F4F17
:106CE000FD81A14FFE81A24F4082A44F4182AB4F54
:106CF0004282AD4F4382B04F4482B14F4582B24F82
:106D00004682B34F4782B44F4882B64F4982B74F4D
:106D10004A82B84F4B82B94F4C82BA4F4D82BB4F1B
:106D20004E82BC4F4F82BD4F5082BE4F5182C04FEA
:106D30005282C14F5382C24F5482C64F5582C74FB1
:106D40005682C84F5782C94F5882CB4F5982CC4F79
:106D50005A82CD4F5B82D24F5C82D34F5D82D44F3B
:106D60005E82D54F5F82D64F6082D94F6182DB4F02
:106D70006282E04F6382E24F6482E44F6582E54FB6
:106D80006682E74F6782EB4F6882EC4F6982F04F73
:106D90006A82F24F6B82F44F6C82F54F6D82F64F30
:106DA0006E82F74F6F82F94F7082FB4F7182FC4FFA
:106DB0007282FD4F7382FF4F7482005075820150C2
:106DC000768202507782035078820450798205508F
:106DD0007A8206507B8207507C8208507D8209505F
:106DE0007E820A5080820B5081820E508282105027
:106DF00083821150848213508582155086821650EA
:106E00008782175088821B5089821D508A821E50AB
:106E10008B8220508C8222508D8223508E8224506F
:106E20008F82275090822B5091822F509282305027
:106E300093823150948232509582335096823450EE
:106E40009782355098823650998237509A823850BE
:106E50009B8239509C823B509D823D509E823F5088
:106E60009F824050A0824150A1824250A282445051
:106E7000A3824550A4824650A5824950A6824A501A
:106E8000A7824B50A8824D50A9825050AA825150DF
:106E9000AB825250AC825350AD825450AE825650A9
:106EA000AF825750B0825850B1825950B2825B5075
:106EB000B3825D50B4825E50B5825F50B68260503E
:106EC000B7826150B8826250B9826350BA8264500E
:106ED000BB826650BC826750BD826850BE826950DA
:106EE000BF826A50C0826B50C1826D50C2826E50A8
:106EF000C3826F50C4827050C5827150C682725076
:106F0000C7827350C8827450C9827550CA82785043
:106F1000CB827950CC827A50CD827C50CE827D500B
:106F2000CF828150D0828250D1828350D2828450CD
:106F3000D3828650D4828750D5828950D6828A5097
:106F4000D7828B50D8828C50D9828E50DA828F5063
:106F5000DB829050DC829150DD829250DE82935031
:106F6000DF829450E0829550E1829650E282975001
:106F7000E3829850E4829950E5829A50E6829B50D1
:106F8000E7829C50E8829D50E9829E50EA829F50A1
:106F9000EB82A050EC82A150ED82A250EE82A45070
:106FA000EF82A650F082AA50F182AB50F282AD502F
:106FB000F382AE50F482AF50F582B050F682B150F9
:106FC000F782B350F882B450F982B550FA82B650C5
:106FD000FB82B750FC82B850FD82B950FE82BC5093
:106FE0004083BD504183BE504283BF504383C05055
:106FF0004483C1504583C2504683C3504783C45025
:107000004883C5504983C6504A83C7504B83C850F4
:107010004C83C9504D83CA504E83CB504F83CC50C4
:107020005083CD505183CE505283D0505383D15092
:107030005483D2505583D3505683D4505783D55060
:107040005883D7505983D8505A83D9505B83DB502B
:107050005C83DC505D83DD505E83DE505F83DF50F8
:107060006083E0506183E1506283E2506383E350C8
:107070006483E4506583E5506683E8506783E95094
:107080006883EA506983EB506A83EF506B83F0505A
:107090006C83F1506D83F2506E83F4506F83F65021
:1070A0007083F7507183F8507283F9507383FA50EC
:1070B0007483FC507583FD507683FE507783FF50B8
:1070C00078830051798301517A8302517B83035184
:1070D0007C8304517D8305517E830851808309514F
:1070E00081830A5182830C5183830D5184830E5115
:1070F00085830F51868310518783115188831351E3
:10710000898314518A8315518B8316518C831751AF
:107110008D8318518E8319518F831A5190831B517F
:1071200091831C5192831D5193831E5194831F514F
:10713000958320519683225197832351988324511C
:10714000998325519A8326519B8327519C832851EB
:107150009D8329519E832A519F832B51A0832C51BB
:10716000A1832D51A2832E51A3832F51A48330518B
:10717000A5833151A6833251A7833351A88334515B
:10718000A9833551AA833651AB833751AC8338512B
:10719000AD833951AE833A51AF833B51B0833C51FB
:1071A000B1833D51B2833E51B3834251B4834751C1
:1071B000B5834A51B6834C51B7834E51B8834F5172
:1071C000B9835051BA835251BB835351BC83575139
:1071D000BD835851BE835951BF835B51C0835D51FC
:1071E000C1835E51C2835F51C3836051C4836151C7
:1071F000C5836351C6836451C7836651C883675191
:10720000C9836951CA836A51CB836F51CC83725150
:10721000CD837A51CE837E51CF837F51D0838351EA
:10722000D1838451D2838651D3838751D4838A51A9
:10723000D5838B51D6838E51D7838F51D88390516C
:10724000D9839151DA839351DB839451DC83985134
:10725000DD839A51DE839D51DF839E51E0839F51F0
:10726000E183A151E283A351E383A651E483A751B3
:10727000E583A851E683A951E783AA51E883AD517C
:10728000E983AE51EA83B451EB83B851EC83B95131
:10729000ED83BA51EE83BE51EF83BF51F083C151EC
:1072A000F183C251F283C351F383C551F483C851B2
:1072B000F583CA51F683CD51F783CE51F883D0516F
:1072C000F983D251FA83D351FB83D451FC83D55136
:1072D000FD83D651FE83D7514084D8514184D95182
:1072E0004284DA514384DC514484DE514584DF51C9
:1072F0004684E2514784E3514884E5514984E6518C
:107300004A84E7514B84E8514C84E9514D84EA5159
:107310004E84EC514F84EE515084F1515184F2511E
:107320005284F4515384F7515484FE5155840452CD
:10733000568405525784095258840B5259840C5272
:107340005A840F525B8410525C8413525D84145231
:107350005E8415525F841C5260841E5261841F52E9
:1073600062842152638422526484235265842552AC
:10737000668426526784275268842A5269842C5274
:107380006A842F526B8431526C8432526D84345231
:107390006E8435526F843C5270843E5271844452E4
:1073A000728445527384465274844752758448529D
:1073B0007684495277844B5278844E5279844F5266
:1073C0007A8452527B8453527C8455527D84575226
:1073D0007E8458528084595281845A5282845B52EE
:1073E00083845D5284845F528584605286846252B5
:1073F0008784635288846452898466528A8468527E
:107400008B846B528C846C528D846D528E846E5240
:107410008F8470529084715291847352928474520A
:1074200093847552948476529584775296847852D8
:107430009784795298847A5299847B529A847C52A8
:107440009B847E529C8480529D8483529E8484526D
:107450009F848552A0848652A1848752A284895237
:10746000A3848A52A4848B52A5848C52A6848D5204
:10747000A7848E52A8848F52A9849152AA849252D2
:10748000AB849452AC849552AD849652AE8497529C
:10749000AF849852B0849952B1849A52B2849C526B
:1074A000B384A452B484A552B584A652B684A7521C
:1074B000B784AE52B884AF52B984B052BA84B452D1
:1074C000BB84B552BC84B652BD84B752BE84B85298
:1074D000BF84B952C084BA52C184BB52C284BC5268
:1074E000C384BD52C484C052C584C152C684C25232
:1074F000C784C452C884C552C984C652CA84C852FB
:10750000CB84CA52CC84CC52CD84CD52CE84CE52C0
:10751000CF84CF52D084D152D184D352D284D4528A
:10752000D384D552D484D752D584D952D684DA5252
:10753000D784DB52D884DC52D984DD52DA84DE521F
:10754000DB84E052DC84E152DD84E252DE84E352EB
:10755000DF84E552E084E652E184E752E284E852B7
:10756000E384E952E484EA52E584EB52E684EC5287
:10757000E784ED52E884EE52E984EF52EA84F15256
:10758000EB84F252EC84F352ED84F452EE84F55223
:10759000EF84F652F084F752F184F852F284FB52F1
:1075A000F384FC52F484FD52F5840153F6840253B3
:1075B000F7840353F8840453F9840753FA84095376
:1075C000FB840A53FC840B53FD840C53FE840E533E
:1075D00040851153418512534285135343851453FB
:1075E0004485185345851B5346851C5347851E53B8
:1075F00048851F53498522534A8524534B8525537B
:107600004C8527534D8528534E8529534F852B5341
:1076100050852C5351852D5352852F53538530530C
:1076200054853153558532535685335357853453DA
:1076300058853553598536535A8537535B853853AA
:107640005C853C535D853D535E8540535F85425369
:10765000608544536185465362854B5363854C5323
:1076600064854D53658550536685545367855853DB
:107670006885595369855B536A855D536B8565538E
:107680006C8568536D856A536E856C536F856D5339
:1076900070857253718576537285795373857B53E8
:1076A00074857C5375857D5376857E5377858053AD
:1076B00078858153798583537A8587537B85885371
:1076C0007C858A537D858E537E858F53808590532C
:1076D00081859153828592538385935384859453F6
:1076E00085859653868597538785995388859B53BF
:1076F00089859C538A859E538B85A0538C85A15385
:107700008D85A4538E85A7538F85AA539085AB533F
:107710009185AC539285AD539385AF539485B05307
:107720009585B1539685B2539785B3539885B453D5
:107730009985B5539A85B7539B85B8539C85B953A2
:107740009D85BA539E85BC539F85BD53A085BE536E
:10775000A185C053A285C353A385C453A485C55333
:10776000A585C653A685C753A785CE53A885CF53F5
:10777000A985D053AA85D253AB85D353AC85D553B5
:10778000AD85DA53AE85DC53AF85DD53B085DE536E
:10779000B185E153B285E253B385E753B485F45321
:1077A000B585FA53B685FE53B785FF53B8850054A7
:1077B000B9850254BA850554BB850754BC850B5462
:1077C000BD851454BE851854BF851954C0851A54FC
:1077D000C1851C54C2852254C3852454C4852554B4
:1077E000C5852A54C6853054C7853354C885365458
:1077F000C9853754CA853A54CB853D54CC853F540E
:10780000CD854154CE854254CF854454D0854554CE
:10781000D1854754D2854954D3854C54D4854D5491
:10782000D5854E54D6854F54D7855154D8855A5452
:10783000D9855D54DA855E54DB855F54DC85605400
:10784000DD856154DE856354DF856554E0856754CA
:10785000E1856954E2856A54E3856B54E4856C5490
:10786000E5856D54E6856E54E7856F54E885705460
:10787000E9857454EA857954EB857A54EC857E5415
:10788000ED857F54EE858154EF858354F0858554D2
:10789000F1858754F2858854F3858954F4858A5498
:1078A000F5858D54F6859154F7859354F885975452
:1078B000F9859854FA859C54FB859E54FC859F5409
:1078C000FD85A054FE85A1544086A2544186A5544E
:1078D0004286AE544386B0544486B2544586B5546D
:1078E0004686B6544786B7544886B9544986BA5432
:1078F0004A86BC544B86BE544C86C3544D86C554F0
:107900004E86CA544F86CB545086D6545186D8548E
:107910005286DB545386E0545486E1545586E25433
:107920005686E3545786E4545886EB545986EC54F3
:107930005A86EF545B86F0545C86F1545D86F454AD
:107940005E86F5545F86F6546086F7546186F85477
:107950006286F9546386FB546486FE54658600553E
:1079600066860255678603556886045569860555FF
:107970006A8608556B860A556C860B556D860C55C4
:107980006E860D556F860E5570861255718613558D
:107990007286155573861655748617557586185553
:1079A0007686195577861A5578861C5579861D5521
:1079B0007A861E557B861F557C8621557D862555EA
:1079C0007E862655808628558186295582862B55A8
:1079D00083862D5584863255858634558686355561
:1079E0008786365588863855898639558A863A5528
:1079F0008B863B558C863D558D8640558E864255EF
:107A00008F864555908647559186485592864B55A9
:107A100093864C5594864D5595864E5596864F5572
:107A20009786515598865255998653559A8654553E
:107A30009B8657559C8658559D8659559E865A5506
:107A40009F865B55A0865D55A1865E55A2865F55D3
:107A5000A3866055A4866255A5866355A68668559B
:107A6000A7866955A8866B55A9866F55AA86705555
:107A7000AB867155AC867255AD867355AE8674551E
:107A8000AF867955B0867A55B1867D55B2867F55D9
:107A9000B3868555B4868655B5868C55B6868D5584
:107AA000B7868E55B8869055B9869255BA86935545
:107AB000BB869555BC869655BD869755BE869A550C
:107AC000BF869B55C0869E55C186A055C286A155CE
:107AD000C386A255C486A355C586A455C686A5559A
:107AE000C786A655C886A855C986A955CA86AA5567
:107AF000CB86AB55CC86AC55CD86AD55CE86AE5536
:107B0000CF86AF55D086B055D186B255D286B45502
:107B1000D386B655D486B855D586BA55D686BC55C3
:107B2000D786BF55D886C055D986C155DA86C25585
:107B3000DB86C355DC86C655DD86C755DE86C8554F
:107B4000DF86CA55E086CB55E186CE55E286CF5515
:107B5000E386D055E486D555E586D755E686D855D3
:107B6000E786D955E886DA55E986DB55EA86DE559B
:107B7000EB86E055EC86E255ED86E755EE86E95555
:107B8000EF86ED55F086EE55F186F055F286F1550B
:107B9000F386F455F486F655F586F855F686F955CC
:107BA000F786FA55F886FB55F986FC55FA86FF5597
:107BB000FB860256FC860356FD860456FE86055655
:107BC000408706564187075642870A5643870B5619
:107BD00044870D56458710564687115647871256DB
:107BE00048871356498714564A8715564B871656A9
:107BF0004C8717564D8719564E871A564F871C5675
:107C000050871D565187205652872156538722563A
:107C100054872556558726565687285657872956FE
:107C200058872A5659872B565A872E565B872F56C8
:107C30005C8730565D8733565E8735565F8737568B
:107C40006087385661873A5662873C5663873D564F
:107C500064873E5665874056668741566787425619
:107C600068874356698744566A8745566B874656E8
:107C70006C8747566D8748566E8749566F874A56B8
:107C800070874B5671874F5672875056738751567F
:107C9000748752567587535676875556778756564A
:107CA00078875A5679875B567A875D567B875E560A
:107CB0007C875F567D8760567E87615680876356D6
:107CC00081876556828766568387675684876D5697
:107CD00085876E5686876F56878770568887725657
:107CE000898773568A8774568B8775568C87775623
:107CF0008D8778568E8779568F877A5690877D56EE
:107D000091877E5692877F569387805694878156B7
:107D10009587825696878356978784569887875685
:107D2000998788569A8789569B878A569C878B564F
:107D30009D878C569E878D569F879056A08791561B
:107D4000A1879256A2879456A3879556A4879656E4
:107D5000A5879756A6879856A7879956A8879A56B3
:107D6000A9879B56AA879C56AB879D56AC879E5683
:107D7000AD879F56AE87A056AF87A156B087A25653
:107D8000B187A456B287A556B387A656B487A7561F
:107D9000B587A856B687A956B787AA56B887AB56EF
:107DA000B987AC56BA87AD56BB87AE56BC87B056BE
:107DB000BD87B156BE87B256BF87B356C087B4568B
:107DC000C187B556C287B656C387B856C487B95659
:107DD000C587BA56C687BB56C787BD56C887BE5625
:107DE000C987BF56CA87C056CB87C156CC87C256F3
:107DF000CD87C356CE87C456CF87C556D087C656C3
:107E0000D187C756D287C856D387C956D487CB5691
:107E1000D587CC56D687CD56D787CE56D887CF565E
:107E2000D987D056DA87D156DB87D256DC87D3562E
:107E3000DD87D556DE87D656DF87D856E087D956F8
:107E4000E187DC56E287E356E387E556E487E656AA
:107E5000E587E756E687E856E787E956E887EA5672
:107E6000E987EC56EA87EE56EB87EF56EC87F25639
:107E7000ED87F356EE87F656EF87F756F087F856FC
:107E8000F187FB56F287FC56F3870057F4870157BA
:107E9000F5870257F6870557F7870757F8870B5777
:107EA000F9870C57FA870D57FB870E57FC870F573A
:107EB000FD871057FE871157408812574188135786
:107EC00042881457438815574488165745881757D2
:107ED000468818574788195748881A5749881B57A2
:107EE0004A881D574B881E574C8820574D8821576C
:107EF0004E8822574F882457508825575188265737
:107F00005288275753882B575488315755883257F2
:107F100056883457578835575888365759883757B1
:107F20005A8838575B883C575C883D575D883F5777
:107F30005E8841575F88435760884457618845573A
:107F400062884657638848576488495765884B5705
:107F500066885257678853576888545769885557B9
:107F60006A8856576B8858576C8859576D8862577E
:107F70006E8863576F8865577088675771886C572C
:107F800072886E57738870577488715775887257E6
:107F900076887457778875577888785779887957AD
:107FA0007A887A577B887D577C887E577D887F5773
:107FB0007E88805780888157818887578288885734
:107FC0008388895784888A5785888D5786888E57F5
:107FD00087888F5788889057898891578A889457BF
:107FE0008B8895578C8896578D8897578E88985789
:107FF0008F88995790889A5791889C5792889D5757
:1080000093889E5794889F579588A5579688A85718
:108010009788AA579888AC579988AF579A88B057CD
:108020009B88B1579C88B3579D88B5579E88B65793
:108030009F88B757A088B957A188BA57A288BB575D
:10804000A388BC57A488BD57A588BE57A688BF572C
:10805000A788C057A888C157A988C457AA88C557F8
:10806000AB88C657AC88C757AD88C857AE88C957C4
:10807000AF88CA57B088CC57B188CD57B288D0578F
:10808000B388D157B488D357B588D657B688D75751
:10809000B788DB57B888DC57B988DE57BA88E1570C
:1080A000BB88E257BC88E357BD88E557BE88E657D2
:1080B000BF88E757C088E857C188E957C288EA57A0
:1080C000C388EB57C488EC57C588EE57C688F0576D
:1080D000C788F157C888F257C988F357CA88F55737
:1080E000CB88F657CC88F757CD88FB57CE88FC57FE
:1080F000CF88FE57D088FF57D1880158D2880358BF
:10810000D3880458D4880558D5880858D688095883
:10811000D7880A58D8880C58D9880E58DA880F584A
:10812000DB881058DC881258DD881358DE88145814
:10813000DF881658E0881758E1881858E2881A58DE
:10814000E3881B58E4881C58E5881D58E6881F58AA
:10815000E7882258E8882358E9882558EA8826586D
:10816000EB882758EC882858ED882958EE882B583A
:10817000EF882C58F0882D58F1882E58F2882F5807
:10818000F3883158F4883258F5883358F6883458D3
:10819000F7883658F8883758F9883858FA8839589F
:1081A000FB883A58FC883B58FD883C58FE883D586F
:1081B00040893E5841893F58428940584389415837
:1081C0004489425845894358468945584789465805
:1081D00048894758498948584A8949584B894A58D3
:1081E0004C894B584D894E584E894F584F8950589D
:1081F0005089525851895358528955585389565865
:10820000548957585589595856895A5857895B582F
:1082100058895C5859895D585A895F585B896058FC
:108220005C8961585D8962585E8963585F896458CA
:108230006089665861896758628968586389695896
:1082400064896A5865896D5866896E5867896F5860
:1082500068897058698971586A8972586B8973582E
:108260006C8974586D8975586E8976586F897758FE
:10827000708978587189795872897A5873897B58CE
:1082800074897C5875897D5876897F58778982589A
:1082900078898458798986587A8987587B8988585B
:1082A0007C898A587D898B587E898C5880898D5825
:1082B00081898E5882898F588389905884899158F2
:1082C00085899458868995588789965888899758BA
:1082D000898998588A899B588B899C588C899D5884
:1082E0008D89A0588E89A1588F89A2589089A3584A
:1082F0009189A4589289A5589389A6589489A7581A
:108300009589AA589689AB589789AC589889AD58E1
:108310009989AE589A89AF589B89B0589C89B158B1
:108320009D89B2589E89B3589F89B458A089B55881
:10833000A189B658A289B758A389B858A489B95851
:10834000A589BA58A689BB58A789BD58A889BE581F
:10835000A989BF58AA89C058AB89C258AC89C358EB
:10836000AD89C458AE89C658AF89C758B089C858B6
:10837000B189C958B289CA58B389CB58B489CC5885
:10838000B589CD58B689CE58B789CF58B889D05855
:10839000B989D258BA89D358BB89D458BC89D65820
:1083A000BD89D758BE89D858BF89D958C089DA58ED
:1083B000C189DB58C289DC58C389DD58C489DE58BD
:1083C000C589DF58C689E058C789E158C889E2588D
:1083D000C989E358CA89E558CB89E658CC89E7585A
:1083E000CD89E858CE89E958CF89EA58D089ED5827
:1083F000D189EF58D289F158D389F258D489F458E9
:10840000D589F558D689F758D789F858D889FA58B0
:10841000D989FB58DA89FC58DB89FD58DC89FE587C
:10842000DD89FF58DE890059DF890159E089035948
:10843000E1890559E2890659E3890859E48909590E
:10844000E5890A59E6890B59E7890C59E8890E59DB
:10845000E9891059EA891159EB891259EC891359A4
:10846000ED891759EE891859EF891B59F0891D5963
:10847000F1891E59F2892059F3892159F489225929
:10848000F5892359F6892659F7892859F8892C59ED
:10849000F9893059FA893259FB893359FC893559A0
:1084A000FD893659FE893B59408A3D59418A3E59DA
:1084B000428A3F59438A4059448A4359458A45591B
:1084C000468A4659478A4A59488A4C59498A4D59D9
:1084D0004A8A50594B8A52594C8A53594D8A595994
:1084E0004E8A5B594F8A5C59508A5D59518A5E5950
:1084F000528A5F59538A6159548A6359558A64591B
:10850000568A6659578A6759588A6859598A6959E3
:108510005A8A6A595B8A6B595C8A6C595D8A6D59B3
:108520005E8A6E595F8A6F59608A7059618A715983
:10853000628A7259638A7559648A7759658A7A5949
:10854000668A7B59678A7C59688A7E59698A7F590D
:108550006A8A80596B8A85596C8A89596D8A8B59C8
:108560006E8A8C596F8A8E59708A8F59718A905988
:10857000728A9159738A9459748A9559758A98594F
:10858000768A9A59778A9B59788A9C59798A9D5913
:108590007A8A9F597B8AA0597C8AA1597D8AA259DF
:1085A0007E8AA659808AA759818AAC59828AAD5998
:1085B000838AB059848AB159858AB359868AB45955
:1085C000878AB559888AB659898AB7598A8AB85923
:1085D0008B8ABA598C8ABC598D8ABD598E8ABF59EB
:1085E0008F8AC059908AC159918AC259928AC359B7
:1085F000938AC459948AC559958AC759968AC85985
:10860000978AC959988ACC59998ACD599A8ACE594C
:108610009B8ACF599C8AD5599D8AD6599E8AD95909
:108620009F8ADB59A08ADE59A18ADF59A28AE059C4
:10863000A38AE159A48AE259A58AE459A68AE6598F
:10864000A78AE759A88AE959A98AEA59AA8AEB5957
:10865000AB8AED59AC8AEE59AD8AEF59AE8AF05922
:10866000AF8AF159B08AF259B18AF359B28AF459F2
:10867000B38AF559B48AF659B58AF759B68AF859C2
:10868000B78AFA59B88AFC59B98AFD59BA8AFE598B
:10869000BB8A005ABC8A025ABD8A0A5ABE8A0B5A41
:1086A000BF8A0D5AC08A0E5AC18A0F5AC28A105AFE
:1086B000C38A125AC48A145AC58A155AC68A165AC7
:1086C000C78A175AC88A195AC98A1A5ACA8A1B5A93
:1086D000CB8A1D5ACC8A1E5ACD8A215ACE8A225A5A
:1086E000CF8A245AD08A265AD18A275AD28A285A1F
:1086F000D38A2A5AD48A2B5AD58A2C5AD68A2D5AEA
:10870000D78A2E5AD88A2F5AD98A305ADA8A335AB7
:10871000DB8A355ADC8A375ADD8A385ADE8A395A7A
:10872000DF8A3A5AE08A3B5AE18A3D5AE28A3E5A47
:10873000E38A3F5AE48A415AE58A425AE68A435A12
:10874000E78A445AE88A455AE98A475AEA8A485ADF
:10875000EB8A4B5AEC8A4C5AED8A4D5AEE8A4E5AA5
:10876000EF8A4F5AF08A505AF18A515AF28A525A75
:10877000F38A535AF48A545AF58A565AF68A575A43
:10878000F78A585AF88A595AF98A5B5AFA8A5C5A0F
:10879000FB8A5D5AFC8A5E5AFD8A5F5AFE8A605ADD
:1087A000408B615A418B635A428B645A438B655AA2
:1087B000448B665A458B685A468B695A478B6B5A6D
:1087C000488B6C5A498B6D5A4A8B6E5A4B8B6F5A39
:1087D0004C8B705A4D8B715A4E8B725A4F8B735A09
:1087E000508B785A518B795A528B7B5A538B7C5AC7
:1087F000548B7D5A558B7E5A568B805A578B815A93
:10880000588B825A598B835A5A8B845A5B8B855A60
:108810005C8B865A5D8B875A5E8B885A5F8B895A30
:10882000608B8A5A618B8B5A628B8C5A638B8D5A00
:10883000648B8E5A658B8F5A668B905A678B915AD0
:10884000688B935A698B945A6A8B955A6B8B965A9C
:108850006C8B975A6D8B985A6E8B995A6F8B9C5A6A
:10886000708B9D5A718B9E5A728B9F5A738BA05A34
:10887000748BA15A758BA25A768BA35A778BA45A04
:10888000788BA55A798BA65A7A8BA75A7B8BA85AD4
:108890007C8BA95A7D8BAB5A7E8BAC5A808BAD5AA0
:1088A000818BAE5A828BAF5A838BB05A848BB15A6C
:1088B000858BB45A868BB65A878BB75A888BB95A30
:1088C000898BBA5A8A8BBB5A8B8BBC5A8C8BBD5AFC
:1088D0008D8BBF5A8E8BC05A8F8BC35A908BC45AC4
:1088E000918BC55A928BC65A938BC75A948BC85A90
:1088F000958BCA5A968BCB5A978BCD5A988BCE5A5A
:10890000998BCF5A9A8BD05A9B8BD15A9C8BD35A26
:108910009D8BD55A9E8BD75A9F8BD95AA08BDA5AEA
:10892000A18BDB5AA28BDD5AA38BDE5AA48BDF5AB4
:10893000A58BE25AA68BE45AA78BE55AA88BE75A77
:10894000A98BE85AAA8BEA5AAB8BEC5AAC8BED5A3E
:10895000AD8BEE5AAE8BEF5AAF8BF05AB08BF25A0A
:10896000B18BF35AB28BF45AB38BF55AB48BF65AD7
:10897000B58BF75AB68BF85AB78BF95AB88BFA5AA7
:10898000B98BFB5ABA8BFC5ABB8BFD5ABC8BFE5A77
:10899000BD8BFF5ABE8B005BBF8B015BC08B025B44
:1089A000C18B035BC28B045BC38B055BC48B065B13
:1089B000C58B075BC68B085BC78B0A5BC88B0B5BE1
:1089C000C98B0C5BCA8B0D5BCB8B0E5BCC8B0F5BAF
:1089D000CD8B105BCE8B115BCF8B125BD08B135B7F
:1089E000D18B145BD28B155BD38B185BD48B195B4B
:1089F000D58B1A5BD68B1B5BD78B1C5BD88B1D5B17
:108A0000D98B1E5BDA8B1F5BDB8B205BDC8B215BE6
:108A1000DD8B225BDE8B235BDF8B245BE08B255BB6
:108A2000E18B265BE28B275BE38B285BE48B295B86
:108A3000E58B2A5BE68B2B5BE78B2C5BE88B2D5B56
:108A4000E98B2E5BEA8B2F5BEB8B305BEC8B315B26
:108A5000ED8B335BEE8B355BEF8B365BF08B385BEE
:108A6000F18B395BF28B3A5BF38B3B5BF48B3C5BBA
:108A7000F58B3D5BF68B3E5BF78B3F5BF88B415B89
:108A8000F98B425BFA8B435BFB8B445BFC8B455B56
:108A9000FD8B465BFE8B475B408C485B418C495BA2
:108AA000428C4A5B438C4B5B448C4C5B458C4D5BEE
:108AB000468C4E5B478C4F5B488C525B498C565BB7
:108AC0004A8C5E5B4B8C605B4C8C615B4D8C675B56
:108AD0004E8C685B4F8C6B5B508C6D5B518C6E5B0E
:108AE000528C6F5B538C725B548C745B558C765BD1
:108AF000568C775B578C785B588C795B598C7B5B99
:108B00005A8C7C5B5B8C7E5B5C8C7F5B5D8C825B60
:108B10005E8C865B5F8C8A5B608C8D5B618C8E5B10
:108B2000628C905B638C915B648C925B658C945BD4
:108B3000668C965B678C9F5B688CA75B698CA85B77
:108B40006A8CA95B6B8CAC5B6C8CAD5B6D8CAE5B2B
:108B50006E8CAF5B6F8CB15B708CB25B718CB75BF2
:108B6000728CBA5B738CBB5B748CBC5B758CC05BAA
:108B7000768CC15B778CC35B788CC85B798CC95B66
:108B80007A8CCA5B7B8CCB5B7C8CCD5B7D8CCE5B2B
:108B90007E8CCF5B808CD15B818CD45B828CD55BEF
:108BA000838CD65B848CD75B858CD85B868CD95BB9
:108BB000878CDA5B888CDB5B898CDC5B8A8CE05B86
:108BC0008B8CE25B8C8CE35B8D8CE65B8E8CE75B45
:108BD0008F8CE95B908CEA5B918CEB5B928CEC5B0D
:108BE000938CED5B948CEF5B958CF15B968CF25BD8
:108BF000978CF35B988CF45B998CF55B9A8CF65BA5
:108C00009B8CF75B9C8CFD5B9D8CFE5B9E8C005C63
:108C10009F8C025CA08C035CA18C055CA28C075C21
:108C2000A38C085CA48C0B5CA58C0C5CA68C0D5CE6
:108C3000A78C0E5CA88C105CA98C125CAA8C135CAF
:108C4000AB8C175CAC8C195CAD8C1B5CAE8C1E5C69
:108C5000AF8C1F5CB08C205CB18C215CB28C235C2F
:108C6000B38C265CB48C285CB58C295CB68C2A5CF1
:108C7000B78C2B5CB88C2D5CB98C2E5CBA8C2F5CBD
:108C8000BB8C305CBC8C325CBD8C335CBE8C355C88
:108C9000BF8C365CC08C375CC18C435CC28C445C3E
:108CA000C38C465CC48C475CC58C4C5CC68C4D5CEC
:108CB000C78C525CC88C535CC98C545CCA8C565CA3
:108CC000CB8C575CCC8C585CCD8C5A5CCE8C5B5C6E
:108CD000CF8C5C5CD08C5D5CD18C5F5CD28C625C38
:108CE000D38C645CD48C675CD58C685CD68C695CF6
:108CF000D78C6A5CD88C6B5CD98C6C5CDA8C6D5CC4
:108D0000DB8C705CDC8C725CDD8C735CDE8C745C88
:108D1000DF8C755CE08C765CE18C775CE28C785C57
:108D2000E38C7B5CE48C7C5CE58C7D5CE68C7E5C1F
:108D3000E78C805CE88C835CE98C845CEA8C855CE5
:108D4000EB8C865CEC8C875CED8C895CEE8C8A5CB1
:108D5000EF8C8B5CF08C8E5CF18C8F5CF28C925C77
:108D6000F38C935CF48C955CF58C9D5CF68C9E5C2E
:108D7000F78C9F5CF88CA05CF98CA15CFA8CA45CED
:108D8000FB8CA55CFC8CA65CFD8CA75CFE8CA85CB7
:108D9000408DAA5C418DAE5C428DAF5C438DB05C72
:108DA000448DB25C458DB45C468DB65C478DB95C34
:108DB000488DBA5C498DBB5C4A8DBC5C4B8DBE5CFA
:108DC0004C8DC05C4D8DC25C4E8DC35C4F8DC55CBF
:108DD000508DC65C518DC75C528DC85C538DC95C8B
:108DE000548DCA5C558DCC5C568DCD5C578DCE5C58
:108DF000588DCF5C598DD05C5A8DD15C5B8DD35C26
:108E00005C8DD45C5D8DD55C5E8DD65C5F8DD75CF2
:108E1000608DD85C618DDA5C628DDB5C638DDC5CBF
:108E2000648DDD5C658DDE5C668DDF5C678DE05C8E
:108E3000688DE25C698DE35C6A8DE75C6B8DE95C53
:108E40006C8DEB5C6D8DEC5C6E8DEE5C6F8DEF5C14
:108E5000708DF15C718DF25C728DF35C738DF45CDE
:108E6000748DF55C758DF65C768DF75C778DF85CAE
:108E7000788DF95C798DFA5C7A8DFC5C7B8DFD5C7C
:108E80007C8DFE5C7D8DFF5C7E8D005D808D015D47
:108E9000818D045D828D055D838D085D848D095D06
:108EA000858D0A5D868D0B5D878D0C5D888D0D5DD2
:108EB000898D0F5D8A8D105D8B8D115D8C8D125D9E
:108EC0008D8D135D8E8D155D8F8D175D908D185D69
:108ED000918D195D928D1A5D938D1C5D948D1D5D34
:108EE000958D1F5D968D205D978D215D988D225DFE
:108EF000998D235D9A8D255D9B8D285D9C8D2A5DC6
:108F00009D8D2B5D9E8D2C5D9F8D2F5DA08D305D89
:108F1000A18D315DA28D325DA38D335DA48D355D54
:108F2000A58D365DA68D375DA78D385DA88D395D21
:108F3000A98D3A5DAA8D3B5DAB8D3C5DAC8D3F5DEF
:108F4000AD8D405DAE8D415DAF8D425DB08D435DB9
:108F5000B18D445DB28D455DB38D465DB48D485D88
:108F6000B58D495DB68D4D5DB78D4E5DB88D4F5D4C
:108F7000B98D505DBA8D515DBB8D525DBC8D535D19
:108F8000BD8D545DBE8D555DBF8D565DC08D575DE9
:108F9000C18D595DC28D5A5DC38D5C5DC48D5E5DB2
:108FA000C58D5F5DC68D605DC78D615DC88D625D7D
:108FB000C98D635DCA8D645DCB8D655DCC8D665D4D
:108FC000CD8D675DCE8D685DCF8D6A5DD08D6D5D19
:108FD000D18D6E5DD28D705DD38D715DD48D725DDE
:108FE000D58D735DD68D755DD78D765DD88D775DAA
:108FF000D98D785DDA8D795DDB8D7A5DDC8D7B5D79
:10900000DD8D7C5DDE8D7D5DDF8D7E5DE08D7F5D48
:10901000E18D805DE28D815DE38D835DE48D845D16
:10902000E58D855DE68D865DE78D875DE88D885DE4
:10903000E98D895DEA8D8A5DEB8D8B5DEC8D8C5DB4
:10904000ED8D8D5DEE8D8E5DEF8D8F5DF08D905D84
:10905000F18D915DF28D925DF38D935DF48D945D54
:10906000F58D955DF68D965DF78D975DF88D985D24
:10907000F98D9A5DFA8D9B5DFB8D9C5DFC8D9E5DEF
:10908000FD8D9F5DFE8DA05D408EA15D418EA25D38
:10909000428EA35D438EA45D448EA55D458EA65D84
:1090A000468EA75D478EA85D488EA95D498EAA5D54
:1090B0004A8EAB5D4B8EAC5D4C8EAD5D4D8EAE5D24
:1090C0004E8EAF5D4F8EB05D508EB15D518EB25DF4
:1090D000528EB35D538EB45D548EB55D558EB65DC4
:1090E000568EB85D578EB95D588EBA5D598EBB5D90
:1090F0005A8EBC5D5B8EBD5D5C8EBE5D5D8EBF5D60
:109100005E8EC05D5F8EC15D608EC25D618EC35D2F
:10911000628EC45D638EC65D648EC75D658EC85DFC
:10912000668EC95D678ECA5D688ECB5D698ECC5DCB
:109130006A8ECE5D6B8ECF5D6C8ED05D6D8ED15D97
:109140006E8ED25D6F8ED35D708ED45D718ED55D67
:10915000728ED65D738ED75D748ED85D758ED95D37
:10916000768EDA5D778EDC5D788EDF5D798EE05D00
:109170007A8EE35D7B8EE45D7C8EEA5D7D8EEC5DB8
:109180007E8EED5D808EF05D818EF55D828EF65D6A
:10919000838EF85D848EF95D858EFA5D868EFB5D2B
:1091A000878EFC5D888EFF5D898E005E8A8E045EF0
:1091B0008B8E075E8C8E095E8D8E0A5E8E8E0B5EA8
:1091C0008F8E0D5E908E0E5E918E125E928E135E6D
:1091D000938E175E948E1E5E958E1F5E968E205E19
:1091E000978E215E988E225E998E235E9A8E245EE3
:1091F0009B8E255E9C8E285E9D8E295E9E8E2A5EAD
:109200009F8E2B5EA08E2C5EA18E2F5EA28E305E76
:10921000A38E325EA48E335EA58E345EA68E355E3E
:10922000A78E365EA88E395EA98E3A5EAA8E3E5E05
:10923000AB8E3F5EAC8E405EAD8E415EAE8E435EC9
:10924000AF8E465EB08E475EB18E485EB28E495E8E
:10925000B38E4A5EB48E4B5EB58E4D5EB68E4E5E5C
:10926000B78E4F5EB88E505EB98E515EBA8E525E2A
:10927000BB8E535EBC8E565EBD8E575EBE8E585EF4
:10928000BF8E595EC08E5A5EC18E5C5EC28E5D5EC0
:10929000C38E5F5EC48E605EC58E635EC68E645E86
:1092A000C78E655EC88E665EC98E675ECA8E685E52
:1092B000CB8E695ECC8E6A5ECD8E6B5ECE8E6C5E22
:1092C000CF8E6D5ED08E6E5ED18E6F5ED28E705EF2
:1092D000D38E715ED48E755ED58E775ED68E795EB6
:1092E000D78E7E5ED88E815ED98E825EDA8E835E68
:1092F000DB8E855EDC8E885EDD8E895EDE8E8C5E2A
:10930000DF8E8D5EE08E8E5EE18E925EE28E985EE6
:10931000E38E9B5EE48E9D5EE58EA15EE68EA25E90
:10932000E78EA35EE88EA45EE98EA85EEA8EA95E53
:10933000EB8EAA5EEC8EAB5EED8EAC5EEE8EAE5E1C
:10934000EF8EAF5EF08EB05EF18EB15EF28EB25EE9
:10935000F38EB45EF48EBA5EF58EBB5EF68EBC5EA6
:10936000F78EBD5EF88EBF5EF98EC05EFA8EC15E6E
:10937000FB8EC25EFC8EC35EFD8EC45EFE8EC55E3D
:10938000408FC65E418FC75E428FC85E438FCB5E03
:10939000448FCC5E458FCD5E468FCE5E478FCF5ECD
:1093A000488FD05E498FD45E4A8FD55E4B8FD75E93
:1093B0004C8FD85E4D8FD95E4E8FDA5E4F8FDC5E5C
:1093C000508FDD5E518FDE5E528FDF5E538FE05E29
:1093D000548FE15E558FE25E568FE35E578FE45EF9
:1093E000588FE55E598FE65E5A8FE75E5B8FE95EC8
:1093F0005C8FEB5E5D8FEC5E5E8FED5E5F8FEE5E91
:10940000608FEF5E618FF05E628FF15E638FF25E60
:10941000648FF35E658FF55E668FF85E678FF95E29
:10942000688FFB5E698FFC5E6A8FFD5E6B8F055FE8
:109430006C8F065F6D8F075F6E8F095F6F8F0C5F9C
:10944000708F0D5F718F0E5F728F105F738F125F61
:10945000748F145F758F165F768F195F778F1A5F21
:10946000788F1C5F798F1D5F7A8F1E5F7B8F215FE6
:109470007C8F225F7D8F235F7E8F245F808F285FAC
:10948000818F2B5F828F2C5F838F2E5F848F305F65
:10949000858F325F868F335F878F345F888F355F2C
:1094A000898F365F8A8F375F8B8F385F8C8F3B5FFA
:1094B0008D8F3D5F8E8F3E5F8F8F3F5F908F415FBF
:1094C000918F425F928F435F938F445F948F455F8C
:1094D000958F465F968F475F978F485F988F495F5C
:1094E000998F4A5F9A8F4B5F9B8F4C5F9C8F4D5F2C
:1094F0009D8F4E5F9E8F4F5F9F8F515FA08F545FF8
:10950000A18F595FA28F5A5FA38F5B5FA48F5C5FAF
:10951000A58F5E5FA68F5F5FA78F605FA88F635F79
:10952000A98F655FAA8F675FAB8F685FAC8F6B5F3A
:10953000AD8F6E5FAE8F6F5FAF8F725FB08F745FF6
:10954000B18F755FB28F765FB38F785FB48F7A5FBC
:10955000B58F7D5FB68F7E5FB78F7F5FB88F835F7C
:10956000B98F865FBA8F8D5FBB8F8E5FBC8F8F5F29
:10957000BD8F915FBE8F935FBF8F945FC08F965FEB
:10958000C18F9A5FC28F9B5FC38F9D5FC48F9E5FA9
:10959000C58F9F5FC68FA05FC78FA25FC88FA35F75
:1095A000C98FA45FCA8FA55FCB8FA65FCC8FA75F43
:1095B000CD8FA95FCE8FAB5FCF8FAC5FD08FAF5F0A
:1095C000D18FB05FD28FB15FD38FB25FD48FB35FD3
:1095D000D58FB45FD68FB65FD78FB85FD88FB95F9E
:1095E000D98FBA5FDA8FBB5FDB8FBE5FDC8FBF5F67
:1095F000DD8FC05FDE8FC15FDF8FC25FE08FC75F2F
:10960000E18FC85FE28FCA5FE38FCB5FE48FCE5FED
:10961000E58FD35FE68FD45FE78FD55FE88FDA5FA2
:10962000E98FDB5FEA8FDC5FEB8FDE5FEC8FDF5F64
:10963000ED8FE25FEE8FE35FEF8FE55FF08FE65F28
:10964000F18FE85FF28FE95FF38FEC5FF48FEF5FEC
:10965000F58FF05FF68FF25FF78FF35FF88FF45FAF
:10966000F98FF65FFA8FF75FFB8FF95FFC8FFA5F78
:10967000FD8FFC5FFE8F076040900860419009609D
:1096800042900B6043900C604490106045901160D4
:1096900046901360479017604890186049901A6090
:1096A0004A901E604B901F604C9022604D9023604A
:1096B0004E9024604F902C6050902D6051902E6001
:1096C00052903060539031605490326055903360C6
:1096D0005690346057903660589037605990386093
:1096E0005A9039605B903A605C903D605D903E605E
:1096F0005E9040605F90446060904560619046601D
:1097000062904760639048606490496065904A60E9
:1097100066904C6067904E6068904F6069905160B1
:109720006A9053606B9054606C9056606D90576077
:109730006E9058606F905B6070905C6071905E603E
:1097400072905F6073906060749061607590656006
:109750007690666077906E607890716079907260B4
:109760007A9074607B9075607C9077607D907E606D
:109770007E90806080908160819082608290856020
:1097800083908660849087608590886086908A60E8
:1097900087908B6088908E6089908F608A909060AF
:1097A0008B9091608C9093608D9095608E90976077
:1097B0008F9098609090996091909C6092909E603C
:1097C0009390A1609490A2609590A4609690A560FB
:1097D0009790A7609890A9609990AA609A90AE60BF
:1097E0009B90B0609C90B3609D90B5609E90B66079
:1097F0009F90B760A090B960A190BA60A290BD6040
:10980000A390BE60A490BF60A590C060A690C16008
:10981000A790C260A890C360A990C460AA90C760D6
:10982000AB90C860AC90C960AD90CC60AE90CD609C
:10983000AF90CE60B090CF60B190D060B290D26067
:10984000B390D360B490D460B590D660B690D76032
:10985000B790D960B890DB60B990DE60BA90E160F3
:10986000BB90E260BC90E360BD90E460BE90E560B8
:10987000BF90EA60C090F160C190F260C290F56064
:10988000C390F760C490F860C590FB60C690FC6020
:10989000C790FD60C890FE60C990FF60CA900261E9
:1098A000CB900361CC900461CD900561CE900761AF
:1098B000CF900A61D0900B61D1900C61D290106171
:1098C000D3901161D4901261D5901361D690146138
:1098D000D7901661D8901761D9901861DA90196104
:1098E000DB901B61DC901C61DD901D61DE901E61D0
:1098F000DF902161E0902261E1902561E290286192
:10990000E3902961E4902A61E5902C61E6902D6155
:10991000E7902E61E8902F61E9903061EA90316123
:10992000EB903261EC903361ED903461EE903561F3
:10993000EF903661F0903761F1903861F2903961C3
:10994000F3903A61F4903B61F5903C61F6903D6193
:10995000F7903E61F8904061F9904161FA90426160
:10996000FB904361FC904461FD904561FE9046612F
:10997000409147614191496142914B6143914D61F1
:1099800044914F61459150614691526147915361B5
:1099900048915461499156614A9157614B91586180
:1099A0004C9159614D915A614E915B614F915C614F
:1099B00050915E6151915F6152916061539161611B
:1099C00054916361559164615691656157916661E7
:1099D0005891696159916A615A916B615B916C61AF
:1099E0005C916D615D916E615E916F615F9171617E
:1099F000609172616191736162917461639176614A
:109A0000649178616591796166917A6167917B6112
:109A100068917C6169917D616A917E616B917F61E2
:109A20006C9180616D9181616E9182616F918361B2
:109A30007091846171918561729186617391876182
:109A4000749188617591896176918A6177918C6151
:109A500078918D6179918F617A9190617B9191611B
:109A60007C9192617D9193617E91956180919661E7
:109A700081919761829198618391996184919A61B2
:109A800085919B6186919C6187919E6188919F6180
:109A90008991A0618A91A1618B91A2618C91A3614E
:109AA0008D91A4618E91A5618F91A6619091AA611B
:109AB0009191AB619291AD619391AE619491AF61DF
:109AC0009591B0619691B1619791B2619891B361AE
:109AD0009991B4619A91B5619B91B6619C91B8617D
:109AE0009D91B9619E91BA619F91BB61A091BC614A
:109AF000A191BD61A291BF61A391C061A491C16117
:109B0000A591C361A691C461A791C561A891C661E1
:109B1000A991C761AA91C961AB91CC61AC91CD61AA
:109B2000AD91CE61AE91CF61AF91D061B091D36173
:109B3000B191D561B291D661B391D761B491D86139
:109B4000B591D961B691DA61B791DB61B891DC6109
:109B5000B991DD61BA91DE61BB91DF61BC91E061D9
:109B6000BD91E161BE91E261BF91E361C091E461A9
:109B7000C191E561C291E761C391E861C491E96176
:109B8000C591EA61C691EB61C791EC61C891ED6145
:109B9000C991EE61CA91EF61CB91F061CC91F16115
:109BA000CD91F261CE91F361CF91F461D091F661E4
:109BB000D191F761D291F861D391F961D491FA61B1
:109BC000D591FB61D691FC61D791FD61D891FE6181
:109BD000D9910062DA910162DB910262DC91036249
:109BE000DD910462DE910562DF910762E091096216
:109BF000E1911362E2911462E3911962E4911C62B3
:109C0000E5911D62E6911E62E7912062E891236270
:109C1000E9912662EA912762EB912862EC91296230
:109C2000ED912B62EE912D62EF912F62F0913062F7
:109C3000F1913162F2913262F3913562F4913662C0
:109C4000F5913862F6913962F7913A62F8913B6288
:109C5000F9913C62FA914262FB914462FC91456247
:109C6000FD914662FE914A6240924F62419250627B
:109C700042925562439256624492576245925962AB
:109C800046925A6247925C6248925D6249925E6275
:109C90004A925F624B9260624C9261624D92626244
:109CA0004E9264624F926562509268625192716204
:109CB00052927262539274625492756255927762B4
:109CC0005692786257927A6258927B6259927D627C
:109CD0005A9281625B9282625C9283625D9285623B
:109CE0005E9286625F9287626092886261928B6206
:109CF00062928C6263928D6264928E6265928F62D0
:109D000066929062679294626892996269929C628C
:109D10006A929D626B929E626C92A3626D92A66241
:109D20006E92A7626F92A9627092AA627192AD62FE
:109D30007292AE627392AF627492B0627592B262C6
:109D40007692B3627792B4627892B6627992B76291
:109D50007A92B8627B92BA627C92BE627D92C06255
:109D60007E92C1628092C3628192CB628292CF6204
:109D70008392D1628492D5628592DD628692DE62A0
:109D80008792E0628892E1628992E4628A92EA6252
:109D90008B92EB628C92F0628D92F2628E92F562FF
:109DA0008F92F8629092F9629192FA629292FB62BB
:109DB0009392006394920363959204639692056371
:109DC0009792066398920A6399920B639A920C6336
:109DD0009B920D639C920F639D9210639E921263FF
:109DE0009F921363A0921463A1921563A2921763CA
:109DF000A3921863A4921963A5921C63A69226638A
:109E0000A7922763A8922963A9922C63AA922D6333
:109E1000AB922E63AC923063AD923163AE923363FA
:109E2000AF923463B0923563B1923663B2923763C6
:109E3000B3923863B4923B63B5923C63B6923E638F
:109E4000B7923F63B8924063B9924163BA92446358
:109E5000BB924763BC924863BD924A63BE92516312
:109E6000BF925263C0925363C1925463C2925663CD
:109E7000C3925763C4925863C5925963C6925A639A
:109E8000C7925B63C8925C63C9925D63CA92606368
:109E9000CB926463CC926563CD926663CE92686325
:109EA000CF926A63D0926B63D1926C63D2926F63EC
:109EB000D3927063D4927263D5927363D6927463B3
:109EC000D7927563D8927863D9927963DA927C637A
:109ED000DB927D63DC927E63DD927F63DE92816341
:109EE000DF928363E0928463E1928563E29286630A
:109EF000E3928B63E4928D63E5929163E6929363C0
:109F0000E7929463E8929563E9929763EA92996382
:109F1000EB929A63EC929B63ED929C63EE929D634D
:109F2000EF929E63F0929F63F192A163F292A46319
:109F3000F392A663F492AB63F592AF63F692B163CA
:109F4000F792B263F892B563F992B663FA92B96385
:109F5000FB92BB63FC92BD63FD92BF63FE92C06344
:109F60004093C1634193C2634293C3634393C56308
:109F70004493C7634593C8634693CA634793CB63CF
:109F80004893CC634993D1634A93D3634B93D4638F
:109F90004C93D5634D93D7634E93D8634F93D96356
:109FA0005093DA635193DB635293DC635393DD6325
:109FB0005493DF635593E2635693E4635793E563E9
:109FC0005893E6635993E7635A93E8635B93EB63B3
:109FD0005C93EC635D93EE635E93EF635F93F0637A
:109FE0006093F1636193F3636293F5636393F76343
:109FF0006493F9636593FA636693FB636793FC6309
:10A000006893FE63699303646A9304646B930664C4
:10A010006C9307646D9308646E9309646F930A648C
:10A0200070930D6471930E64729311647393126450
:10A030007493156475931664769317647793186414
:10A040007893196479931A647A931D647B931F64DF
:10A050007C9322647D9323647E932464809325649F
:10A0600081932764829328648393296484932B6467
:10A0700085932E6486932F6487933064889331642C
:10A08000899332648A9333648B9335648C933664FA
:10A090008D9337648E9338648F93396490933B64C7
:10A0A00091933C6492933E6493934064949342648E
:10A0B000959343649693496497934B6498934C6447
:10A0C00099934D649A934E649B934F649C93506410
:10A0D0009D9351649E9353649F935564A0935664DB
:10A0E000A1935764A2935964A3935A64A4935B64A5
:10A0F000A5935C64A6935D64A7935F64A893606472
:10A10000A9936164AA936264AB936364AC9364643F
:10A11000AD936564AE936664AF936864B0936A640C
:10A12000B1936B64B2936C64B3936E64B4936F64D5
:10A13000B5937064B6937164B7937264B8937364A3
:10A14000B9937464BA937564BB937664BC93776473
:10A15000BD937B64BE937C64BF937D64C0937E6437
:10A16000C1937F64C2938064C3938164C493836406
:10A17000C5938664C6938864C7938964C8938A64C8
:10A18000C9938B64CA938C64CB938D64CC938E6497
:10A19000CD938F64CE939064CF939364D093946463
:10A1A000D1939764D2939864D3939A64D4939B6425
:10A1B000D5939C64D6939D64D7939F64D893A064F1
:10A1C000D993A164DA93A264DB93A364DC93A564BE
:10A1D000DD93A664DE93A764DF93A864E093AA648A
:10A1E000E193AB64E293AF64E393B164E493B2644C
:10A1F000E593B364E693B464E793B664E893B96413
:10A20000E993BB64EA93BD64EB93BE64EC93BF64D3
:10A21000ED93C164EE93C364EF93C464F093C6649A
:10A22000F193C764F293C864F393C964F493CA6466
:10A23000F593CB64F693CC64F793CF64F893D16431
:10A24000F993D364FA93D464FB93D564FC93D664F6
:10A25000FD93D964FE93DA644094DB644194DC643A
:10A260004294DD644394DF644494E0644594E16483
:10A270004694E3644794E5644894E7644994E86449
:10A280004A94E9644B94EA644C94EB644D94EC6416
:10A290004E94ED644F94EE645094EF645194F064E6
:10A2A0005294F1645394F2645494F3645594F464B6
:10A2B0005694F5645794F6645894F7645994F86486
:10A2C0005A94F9645B94FA645C94FB645D94FC6456
:10A2D0005E94FD645F94FE646094FF646194016524
:10A2E00062940265639403656494046565940565EE
:10A2F00066940665679407656894086569940A65BD
:10A300006A940B656B940C656C940D656D940E6589
:10A310006E940F656F941065709411657194136558
:10A320007294146573941565749416657594176525
:10A330007694196577941A6578941B6579941C65F1
:10A340007A941D657B941E657C941F657D942065C1
:10A350007E9421658094226581942365829424658E
:10A360008394266584942765859428658694296559
:10A3700087942A6588942C6589942D658A94306524
:10A380008B9431658C9432658D9433658E943765EA
:10A390008F943A6590943C6591943D6592944065A4
:10A3A000939441659494426595944365969444656D
:10A3B000979446659894476599944A659A944B6535
:10A3C0009B944D659C944E659D9450659E945265FA
:10A3D0009F945365A0945465A1945765A2945865C1
:10A3E000A3945A65A4945C65A5945F65A694606582
:10A3F000A7946165A8946465A9946565AA94676546
:10A40000AB946865AC946965AD946A65AE946D650E
:10A41000AF946E65B0946F65B1947165B2947365D5
:10A42000B3947565B4947665B5947865B69479659A
:10A43000B7947A65B8947B65B9947C65BA947D6568
:10A44000BB947E65BC947F65BD948065BE94816538
:10A45000BF948265C0948365C1948465C294856508
:10A46000C3948665C4948865C5948965C6948A65D5
:10A47000C7948D65C8948E65C9948F65CA9492659A
:10A48000CB949465CC949565CD949665CE9498655F
:10A49000CF949A65D0949D65D1949E65D294A06521
:10A4A000D394A265D494A365D594A665D694A865E3
:10A4B000D794AA65D894AC65D994AE65DA94B165A1
:10A4C000DB94B265DC94B365DD94B465DE94B56568
:10A4D000DF94B665E094B765E194B865E294BA6537
:10A4E000E394BB65E494BE65E594BF65E694C065FE
:10A4F000E794C265E894C765E994C865EA94C965BC
:10A50000EB94CA65EC94CD65ED94D065EE94D1657D
:10A51000EF94D365F094D465F194D565F294D86541
:10A52000F394D965F494DA65F594DB65F694DC650B
:10A53000F794DD65F894DE65F994DF65FA94E165DA
:10A54000FB94E365FC94E465FD94EA65FE94EB6599
:10A550004095F2654195F3654295F4654395F5653F
:10A560004495F8654595F9654695FB654795FC6505
:10A570004895FD654995FE654A95FF654B950166D1
:10A580004C9504664D9505664E9507664F95086691
:10A590005095096651950B6652950D665395106658
:10A5A0005495116655951266569516665795176619
:10A5B0005895186659951A665A951B665B951C66E0
:10A5C0005C951E665D9521665E9522665F952366A5
:10A5D00060952466619526666295296663952A666C
:10A5E00064952B6665952C6666952E666795306634
:10A5F00068953266699533666A9537666B953866F5
:10A600006C9539666D953A666E953B666F953D66BD
:10A6100070953F6671954066729542667395446683
:10A62000749545667595466676954766779548664E
:10A630007895496679954A667A954D667B954E661A
:10A640007C9550667D9551667E95586680955966D5
:10A6500081955B6682955C6683955D6684955E6692
:10A66000859560668695626687956366889565665A
:10A67000899567668A9569668B956A668C956B661F
:10A680008D956C668E956D668F95716690957266E8
:10A6900091957366929575669395786694957966AB
:10A6A00095957B6696957C6697957D6698957F6671
:10A6B000999580669A9581669B9583669C9585663B
:10A6C0009D9586669E9588669F958966A0958A6603
:10A6D000A1958B66A2958D66A3958E66A4958F66CF
:10A6E000A5959066A6959266A7959366A89594669B
:10A6F000A9959566AA959866AB959966AC959A6664
:10A70000AD959B66AE959C66AF959E66B0959F662F
:10A71000B195A066B295A166B395A266B495A366FD
:10A72000B595A466B695A566B795A666B895A966CB
:10A73000B995AA66BA95AB66BB95AC66BC95AD6695
:10A74000BD95AF66BE95B066BF95B166C095B26661
:10A75000C195B366C295B566C395B666C495B7662E
:10A76000C595B866C695BA66C795BB66C895BC66FA
:10A77000C995BD66CA95BF66CB95C066CC95C166C6
:10A78000CD95C266CE95C366CF95C466D095C56695
:10A79000D195C666D295C766D395C866D495C96665
:10A7A000D595CA66D695CB66D795CC66D895CD6635
:10A7B000D995CE66DA95CF66DB95D066DC95D16605
:10A7C000DD95D266DE95D366DF95D466E095D566D5
:10A7D000E195D666E295D766E395D866E495DA66A4
:10A7E000E595DE66E695DF66E795E066E895E16665
:10A7F000E995E266EA95E366EB95E466EC95E56635
:10A80000ED95E766EE95E866EF95EA66F095EB66FE
:10A81000F195EC66F295ED66F395EE66F495EF66CC
:10A82000F595F166F695F566F795F666F895F8668E
:10A83000F995FA66FA95FB66FB95FD66FC9501674E
:10A84000FD950267FE95036740960467419605678C
:10A85000429606674396076744960C6745960E67CF
:10A8600046960F6747961167489612674996136791
:10A870004A9616674B9618674C9619674D961A6755
:10A880004E961C674F961E6750962067519621671B
:10A8900052962267539623675496246755962567E8
:10A8A000569627675796296758962E6759963067A8
:10A8B0005A9632675B9633675C9636675D96376764
:10A8C0005E9638675F96396760963B6761963C672E
:10A8D00062963E6763963F676496416765964467F4
:10A8E000669645676796476768964A6769964B67B5
:10A8F0006A964D676B9652676C9654676D9655676E
:10A900006E9657676F9658677096596771965A6733
:10A9100072965B6773965D677496626775966367F8
:10A9200076966467779666677896676779966B67B9
:10A930007A966C677B966E677C9671677D96746776
:10A940007E967667809678678196796782967A6731
:10A9500083967B6784967D678596806786968267F7
:10A960008796836788968567899686678A968867BB
:10A970008B968A678C968C678D968D678E968E6780
:10A980008F968F679096916791969267929693674C
:10A9900093969467949696679596996796969B6713
:10A9A00097969F679896A0679996A1679A96A467CD
:10A9B0009B96A6679C96A9679D96AC679E96AE6788
:10A9C0009F96B167A096B267A196B467A296B96741
:10A9D000A396BA67A496BB67A596BC67A696BD6703
:10A9E000A796BE67A896BF67A996C067AA96C267D2
:10A9F000AB96C567AC96C667AD96C767AE96C86797
:10AA0000AF96C967B096CA67B196CB67B296CC6766
:10AA1000B396CD67B496CE67B596D567B696D6672A
:10AA2000B796D767B896DB67B996DF67BA96E167DE
:10AA3000BB96E367BC96E467BD96E667BE96E7679C
:10AA4000BF96E867C096EA67C196EB67C296ED6766
:10AA5000C396EE67C496F267C596F567C696F66725
:10AA6000C796F767C896F867C996F967CA96FA67EE
:10AA7000CB96FB67CC96FC67CD96FE67CE960168B9
:10AA8000CF960268D0960368D1960468D29606687D
:10AA9000D3960D68D4961068D5961268D696146829
:10AAA000D7961568D8961868D9961968DA961A68EC
:10AAB000DB961B68DC961C68DD961E68DE961F68B8
:10AAC000DF962068E0962268E1962368E296246883
:10AAD000E3962568E4962668E5962768E696286852
:10AAE000E7962B68E8962C68E9962D68EA962E681A
:10AAF000EB962F68EC963068ED963168EE963468E8
:10AB0000EF963568F0963668F1963A68F2963B68AB
:10AB1000F3963F68F4964768F5964B68F6964D684D
:10AB2000F7964F68F8965268F9965668FA965768FD
:10AB3000FB965868FC965968FD965A68FE965B68C5
:10AB400040975C6841975D6842975E6843975F688D
:10AB500044976A6845976C6846976D6847976E6832
:10AB600048976F68499770684A9771684B97726801
:10AB70004C9773684D9775684E9778684F977968CA
:10AB800050977A6851977B6852977C6853977D6895
:10AB900054977E6855977F68569780685797826864
:10ABA00058978468599787685A9788685B97896827
:10ABB0005C978A685D978B685E978C685F978D68F5
:10ABC00060978E68619790686297916863979268C2
:10ABD000649794686597956866979668679798688C
:10ABE0006897996869979A686A979B686B979C6859
:10ABF0006C979D686D979E686E979F686F97A06829
:10AC00007097A1687197A3687297A4687397A568F5
:10AC10007497A9687597AA687697AB687797AC68B8
:10AC20007897AE687997B1687A97B2687B97B4687D
:10AC30007C97B6687D97B7687E97B8688097B96843
:10AC40008197BA688297BB688397BC688497BD6810
:10AC50008597BE688697BF688797C1688897C368DD
:10AC60008997C4688A97C5688B97C6688C97C768A8
:10AC70008D97C8688E97CA688F97CC689097CE6872
:10AC80009197CF689297D0689397D1689497D3683B
:10AC90009597D4689697D6689797D7689897D96804
:10ACA0009997DB689A97DC689B97DD689C97DE68CC
:10ACB0009D97DF689E97E1689F97E268A097E46898
:10ACC000A197E568A297E668A397E768A497E86864
:10ACD000A597E968A697EA68A797EB68A897EC6834
:10ACE000A997ED68AA97EF68AB97F268AC97F368FD
:10ACF000AD97F468AE97F668AF97F768B097F868C5
:10AD0000B197FB68B297FD68B397FE68B497FF6888
:10AD1000B5970069B6970269B7970369B897046950
:10AD2000B9970669BA970769BB970869BC9709691B
:10AD3000BD970A69BE970C69BF970F69C0971169E3
:10AD4000C1971369C2971469C3971569C4971669A7
:10AD5000C5971769C6971869C7971969C8971A6977
:10AD6000C9971B69CA971C69CB971D69CC971E6947
:10AD7000CD972169CE972269CF972369D09725690E
:10AD8000D1972669D2972769D3972869D4972969DB
:10AD9000D5972A69D6972B69D7972C69D8972E69AA
:10ADA000D9972F69DA973169DB973269DC97336974
:10ADB000DD973569DE973669DF973769E09738693F
:10ADC000E1973A69E2973B69E3973C69E4973E690A
:10ADD000E5974069E6974169E7974369E8974469D1
:10ADE000E9974569EA974669EB974769EC9748699F
:10ADF000ED974969EE974A69EF974B69F0974C696F
:10AE0000F1974D69F2974E69F3974F69F49750693E
:10AE1000F5975169F6975269F7975369F89755690D
:10AE2000F9975669FA975869FB975969FC975B69D6
:10AE3000FD975C69FE975F69409861694198626916
:10AE40004298646943986569449867694598686958
:10AE50004698696947986A6948986C6949986D6924
:10AE60004A986F694B9870694C9872694D987369EC
:10AE70004E9874694F9875695098766951987A69B7
:10AE800052987B6953987D6954987E6955987F697B
:10AE900056988169579883695898856959988A693D
:10AEA0005A988B695B988C695C988E695D988F69FC
:10AEB0005E9890695F9891696098926961989369CA
:10AEC00062989669639897696498996965989A6990
:10AED00066989D6967989E6968989F696998A06956
:10AEE0006A98A1696B98A2696C98A3696D98A46926
:10AEF0006E98A5696F98A6697098A9697198AA69F2
:10AF00007298AC697398AE697498AF697598B069B6
:10AF10007698B2697798B3697898B5697998B6697F
:10AF20007A98B8697B98B9697C98BA697D98BC6948
:10AF30007E98BD698098BE698198BF698298C06912
:10AF40008398C2698498C3698598C4698698C569DD
:10AF50008798C6698898C7698998C8698A98C969AD
:10AF60008B98CB698C98CD698D98CF698E98D16973
:10AF70008F98D2699098D3699198D5699298D6693B
:10AF80009398D7699498D8699598D9699698DA6909
:10AF90009798DC699898DD699998DE699A98E169D3
:10AFA0009B98E2699C98E3699D98E4699E98E5699D
:10AFB0009F98E669A098E769A198E869A298E9696D
:10AFC000A398EA69A498EB69A598EC69A698EE693C
:10AFD000A798EF69A898F069A998F169AA98F36908
:10AFE000AB98F469AC98F569AD98F669AE98F769D5
:10AFF000AF98F869B098F969B198FA69B298FB69A5
:10B00000B398FC69B498FE69B598006AB698016A6D
:10B01000B798026AB898036AB998046ABA98056A38
:10B02000BB98066ABC98076ABD98086ABE98096A08
:10B03000BF980B6AC0980C6AC1980D6AC2980E6AD4
:10B04000C3980F6AC498106AC598116AC698126AA4
:10B05000C798136AC898146AC998156ACA98166A74
:10B06000CB98196ACC981A6ACD981B6ACE981C6A3C
:10B07000CF981D6AD0981E6AD198206AD298226A09
:10B08000D398236AD498246AD598256AD698266AD4
:10B09000D798276AD898296AD9982B6ADA982C6A9F
:10B0A000DB982D6ADC982E6ADD98306ADE98326A69
:10B0B000DF98336AE098346AE198366AE298376A32
:10B0C000E398386AE498396AE5983A6AE6983B6A00
:10B0D000E7983C6AE8983F6AE998406AEA98416ACA
:10B0E000EB98426AEC98436AED98456AEE98466A96
:10B0F000EF98486AF098496AF1984A6AF2984B6A60
:10B10000F3984C6AF4984D6AF5984E6AF6984F6A2F
:10B11000F798516AF898526AF998536AFA98546AFB
:10B12000FB98556AFC98566AFD98576AFE985A6AC9
:10B1300040995C6A41995D6A42995E6A43995F6A87
:10B140004499606A4599626A4699636A4799646A54
:10B150004899666A4999676A4A99686A4B99696A1F
:10B160004C996A6A4D996B6A4E996C6A4F996D6AEF
:10B1700050996E6A51996F6A5299706A5399726ABE
:10B180005499736A5599746A5699756A5799766A8B
:10B190005899776A5999786A5A997A6A5B997B6A59
:10B1A0005C997D6A5D997E6A5E997F6A5F99816A22
:10B1B0006099826A6199836A6299856A6399866AED
:10B1C0006499876A6599886A6699896A67998A6ABB
:10B1D00068998B6A69998C6A6A998D6A6B998F6A8A
:10B1E0006C99926A6D99936A6E99946A6F99956A4F
:10B1F0007099966A7199986A7299996A73999A6A1C
:10B2000074999B6A75999C6A76999D6A77999E6AEA
:10B2100078999F6A7999A16A7A99A26A7B99A36AB7
:10B220007C99A46A7D99A56A7E99A66A8099A76A85
:10B230008199A86A8299AA6A8399AD6A8499AE6A4B
:10B240008599AF6A8699B06A8799B16A8899B26A16
:10B250008999B36A8A99B46A8B99B56A8C99B66AE6
:10B260008D99B76A8E99B86A8F99B96A9099BA6AB6
:10B270009199BB6A9299BC6A9399BD6A9499BE6A86
:10B280009599BF6A9699C06A9799C16A9899C26A56
:10B290009999C36A9A99C46A9B99C56A9C99C66A26
:10B2A0009D99C76A9E99C86A9F99C96AA099CA6AF6
:10B2B000A199CB6AA299CC6AA399CD6AA499CE6AC6
:10B2C000A599CF6AA699D06AA799D16AA899D26A96
:10B2D000A999D36AAA99D46AAB99D56AAC99D66A66
:10B2E000AD99D76AAE99D86AAF99D96AB099DA6A36
:10B2F000B199DB6AB299DC6AB399DD6AB499DE6A06
:10B30000B599DF6AB699E06AB799E16AB899E26AD5
:10B31000B999E36ABA99E46ABB99E56ABC99E66AA5
:10B32000BD99E76ABE99E86ABF99E96AC099EA6A75
:10B33000C199EB6AC299EC6AC399ED6AC499EE6A45
:10B34000C599EF6AC699F06AC799F16AC899F26A15
:10B35000C999F36ACA99F46ACB99F56ACC99F66AE5
:10B36000CD99F76ACE99F86ACF99F96AD099FA6AB5
:10B37000D199FB6AD299FC6AD399FD6AD499FE6A85
:10B38000D599FF6AD699006BD799016BD899026B52
:10B39000D999036BDA99046BDB99056BDC99066B21
:10B3A000DD99076BDE99086BDF99096BE0990A6BF1
:10B3B000E1990B6BE2990C6BE3990D6BE4990E6BC1
:10B3C000E5990F6BE699106BE799116BE899126B91
:10B3D000E999136BEA99146BEB99156BEC99166B61
:10B3E000ED99176BEE99186BEF99196BF0991A6B31
:10B3F000F1991B6BF2991C6BF3991D6BF4991E6B01
:10B40000F5991F6BF699256BF799266BF899286BC0
:10B41000F999296BFA992A6BFB992B6BFC992C6B88
:10B42000FD992D6BFE992E6B409A2F6B419A306BD4
:10B43000429A316B439A336B449A346B459A356B1D
:10B44000469A366B479A386B489A3B6B499A3C6BE5
:10B450004A9A3D6B4B9A3F6B4C9A406B4D9A416BAD
:10B460004E9A426B4F9A446B509A456B519A486B77
:10B47000529A4A6B539A4B6B549A4D6B559A4E6B3A
:10B48000569A4F6B579A506B589A516B599A526B08
:10B490005A9A536B5B9A546B5C9A556B5D9A566BD8
:10B4A0005E9A576B5F9A586B609A5A6B619A5B6BA6
:10B4B000629A5C6B639A5D6B649A5E6B659A5F6B74
:10B4C000669A606B679A616B689A686B699A696B38
:10B4D0006A9A6B6B6B9A6C6B6C9A6D6B6D9A6E6BF8
:10B4E0006E9A6F6B6F9A706B709A716B719A726BC8
:10B4F000729A736B739A746B749A756B759A766B98
:10B50000769A776B779A786B789A7A6B799A7D6B63
:10B510007A9A7E6B7B9A7F6B7C9A806B7D9A856B27
:10B520007E9A886B809A8C6B819A8E6B829A8F6BD5
:10B53000839A906B849A916B859A946B869A956B9B
:10B54000879A976B889A986B899A996B8A9A9C6B61
:10B550008B9A9D6B8C9A9E6B8D9A9F6B8E9AA06B2B
:10B560008F9AA26B909AA36B919AA46B929AA56BF7
:10B57000939AA66B949AA76B959AA86B969AA96BC7
:10B58000979AAB6B989AAC6B999AAD6B9A9AAE6B93
:10B590009B9AAF6B9C9AB06B9D9AB16B9E9AB26B63
:10B5A0009F9AB66BA09AB86BA19AB96BA29ABA6B24
:10B5B000A39ABB6BA49ABC6BA59ABD6BA69ABE6BF3
:10B5C000A79AC06BA89AC36BA99AC46BAA9AC66BB8
:10B5D000AB9AC76BAC9AC86BAD9AC96BAE9ACA6B83
:10B5E000AF9ACC6BB09ACE6BB19AD06BB29AD16B4A
:10B5F000B39AD86BB49ADA6BB59ADC6BB69ADD6BFA
:10B60000B79ADE6BB89ADF6BB99AE06BBA9AE26BC5
:10B61000BB9AE36BBC9AE46BBD9AE56BBE9AE66B92
:10B62000BF9AE76BC09AE86BC19AE96BC29AEC6B60
:10B63000C39AED6BC49AEE6BC59AF06BC69AF16B28
:10B64000C79AF26BC89AF46BC99AF66BCA9AF76BF1
:10B65000CB9AF86BCC9AFA6BCD9AFB6BCE9AFC6BBB
:10B66000CF9AFE6BD09AFF6BD19A006CD29A016C84
:10B67000D39A026CD49A036CD59A046CD69A086C4F
:10B68000D79A096CD89A0A6CD99A0B6CDA9A0C6C16
:10B69000DB9A0E6CDC9A126CDD9A176CDE9A1C6CCD
:10B6A000DF9A1D6CE09A1E6CE19A206CE29A236C82
:10B6B000E39A256CE49A2B6CE59A2C6CE69A2D6C37
:10B6C000E79A316CE89A336CE99A366CEA9A376CEF
:10B6D000EB9A396CEC9A3A6CED9A3B6CEE9A3C6CB6
:10B6E000EF9A3E6CF09A3F6CF19A436CF29A446C7C
:10B6F000F39A456CF49A486CF59A4B6CF69A4C6C3C
:10B70000F79A4D6CF89A4E6CF99A4F6CFA9A516C04
:10B71000FB9A526CFC9A536CFD9A566CFE9A586CCC
:10B72000409B596C419B5A6C429B626C439B636C7F
:10B73000449B656C459B666C469B676C479B6B6C3A
:10B74000489B6C6C499B6D6C4A9B6E6C4B9B6F6C01
:10B750004C9B716C4D9B736C4E9B756C4F9B776CC7
:10B76000509B786C519B7A6C529B7B6C539B7C6C8E
:10B77000549B7F6C559B806C569B846C579B876C4D
:10B78000589B8A6C599B8B6C5A9B8D6C5B9B8E6C07
:10B790005C9B916C5D9B926C5E9B956C5F9B966CC9
:10B7A000609B976C619B986C629B9A6C639B9C6C92
:10B7B000649B9D6C659B9E6C669BA06C679BA26C5A
:10B7C000689BA86C699BAC6C6A9BAF6C6B9BB06C04
:10B7D0006C9BB46C6D9BB56C6E9BB66C6F9BB76CC1
:10B7E000709BBA6C719BC06C729BC16C739BC26C7A
:10B7F000749BC36C759BC66C769BC76C779BC86C3F
:10B80000789BCB6C799BCD6C7A9BCE6C7B9BCF6C01
:10B810007C9BD16C7D9BD26C7E9BD86C809BD96CC1
:10B82000819BDA6C829BDC6C839BDD6C849BDF6C80
:10B83000859BE46C869BE66C879BE76C889BE96C38
:10B84000899BEC6C8A9BED6C8B9BF26C8C9BF46CF3
:10B850008D9BF96C8E9BFF6C8F9B006D909B026D96
:10B86000919B036D929B056D939B066D949B086D58
:10B87000959B096D969B0A6D979B0D6D989B0F6D1F
:10B88000999B106D9A9B116D9B9B136D9C9B146DE6
:10B890009D9B156D9E9B166D9F9B186DA09B1C6DAF
:10B8A000A19B1D6DA29B1F6DA39B206DA49B216D71
:10B8B000A59B226DA69B236DA79B246DA89B266D3F
:10B8C000A99B286DAA9B296DAB9B2C6DAC9B2D6D04
:10B8D000AD9B2F6DAE9B306DAF9B346DB09B366DC5
:10B8E000B19B376DB29B386DB39B3A6DB49B3F6D86
:10B8F000B59B406DB69B426DB79B446DB89B496D3F
:10B90000B99B4C6DBA9B506DBB9B556DBC9B566DE6
:10B91000BD9B576DBE9B586DBF9B5B6DC09B5D6DA6
:10B92000C19B5F6DC29B616DC39B626DC49B646D67
:10B93000C59B656DC69B676DC79B686DC89B6B6D2E
:10B94000C99B6C6DCA9B6D6DCB9B706DCC9B716DF3
:10B95000CD9B726DCE9B736DCF9B756DD09B766DBD
:10B96000D19B796DD29B7A6DD39B7B6DD49B7D6D82
:10B97000D59B7E6DD69B7F6DD79B806DD89B816D4F
:10B98000D99B836DDA9B846DDB9B866DDC9B876D19
:10B99000DD9B8A6DDE9B8B6DDF9B8D6DE09B8F6DDC
:10B9A000E19B906DE29B926DE39B966DE49B976D9E
:10B9B000E59B986DE69B996DE79B9A6DE89B9C6D66
:10B9C000E99BA26DEA9BA56DEB9BAC6DEC9BAD6D0D
:10B9D000ED9BB06DEE9BB16DEF9BB36DF09BB46DC5
:10B9E000F19BB66DF29BB76DF39BB96DF49BBA6D8D
:10B9F000F59BBB6DF69BBC6DF79BBD6DF89BBE6D5B
:10BA0000F99BC16DFA9BC26DFB9BC36DFC9BC86D1E
:10BA1000FD9BC96DFE9BCA6D409CCD6D419CCE6D5A
:10BA2000429CCF6D439CD06D449CD26D459CD36DA0
:10BA3000469CD46D479CD56D489CD76D499CDA6D6A
:10BA40004A9CDB6D4B9CDC6D4C9CDF6D4D9CE26D2C
:10BA50004E9CE36D4F9CE56D509CE76D519CE86DED
:10BA6000529CE96D539CEA6D549CED6D559CEF6DB5
:10BA7000569CF06D579CF26D589CF46D599CF56D79
:10BA80005A9CF66D5B9CF86D5C9CFA6D5D9CFD6D3F
:10BA90005E9CFE6D5F9CFF6D609C006E619C016E04
:10BAA000629C026E639C036E649C046E659C066ED1
:10BAB000669C076E679C086E689C096E699C0B6E9D
:10BAC0006A9C0F6E6B9C126E6C9C136E6D9C156E57
:10BAD0006E9C186E6F9C196E709C1B6E719C1C6E18
:10BAE000729C1E6E739C1F6E749C226E759C266EDB
:10BAF000769C276E779C286E789C2A6E799C2C6E9B
:10BB00007A9C2E6E7B9C306E7C9C316E7D9C336E5D
:10BB10007E9C356E809C366E819C376E829C396E21
:10BB2000839C3B6E849C3C6E859C3D6E869C3E6EE9
:10BB3000879C3F6E889C406E899C416E8A9C426EB9
:10BB40008B9C456E8C9C466E8D9C476E8E9C486E81
:10BB50008F9C496E909C4A6E919C4B6E929C4C6E51
:10BB6000939C4F6E949C506E959C516E969C526E19
:10BB7000979C556E989C576E999C596E9A9C5A6EDC
:10BB80009B9C5C6E9C9C5D6E9D9C5E6E9E9C606EA4
:10BB90009F9C616EA09C626EA19C636EA29C646E71
:10BBA000A39C656EA49C666EA59C676EA69C686E41
:10BBB000A79C696EA89C6A6EA99C6C6EAA9C6D6E0F
:10BBC000AB9C6F6EAC9C706EAD9C716EAE9C726ED9
:10BBD000AF9C736EB09C746EB19C756EB29C766EA9
:10BBE000B39C776EB49C786EB59C796EB69C7A6E79
:10BBF000B79C7B6EB89C7C6EB99C7D6EBA9C806E47
:10BC0000BB9C816EBC9C826EBD9C846EBE9C876E0C
:10BC1000BF9C886EC09C8A6EC19C8B6EC29C8C6ED1
:10BC2000C39C8D6EC49C8E6EC59C916EC69C926E9C
:10BC3000C79C936EC89C946EC99C956ECA9C966E68
:10BC4000CB9C976ECC9C996ECD9C9A6ECE9C9B6E35
:10BC5000CF9C9D6ED09C9E6ED19CA06ED29CA16EFE
:10BC6000D39CA36ED49CA46ED59CA66ED69CA86EC5
:10BC7000D79CA96ED89CAB6ED99CAC6EDA9CAD6E8D
:10BC8000DB9CAE6EDC9CB06EDD9CB36EDE9CB56E54
:10BC9000DF9CB86EE09CB96EE19CBC6EE29CBE6E0F
:10BCA000E39CBF6EE49CC06EE59CC36EE69CC46ED4
:10BCB000E79CC56EE89CC66EE99CC86EEA9CC96E9E
:10BCC000EB9CCA6EEC9CCC6EED9CCD6EEE9CCE6E69
:10BCD000EF9CD06EF09CD26EF19CD66EF29CD86E2A
:10BCE000F39CD96EF49CDB6EF59CDC6EF69CDD6EED
:10BCF000F79CE36EF89CE76EF99CEA6EFA9CEB6E9B
:10BD0000FB9CEC6EFC9CED6EFD9CEE6EFE9CEF6E63
:10BD1000409DF06E419DF16E429DF26E439DF36E2B
:10BD2000449DF56E459DF66E469DF76E479DF86EF7
:10BD3000489DFA6E499DFB6E4A9DFC6E4B9DFD6EC3
:10BD40004C9DFE6E4D9DFF6E4E9D006F4F9D016F91
:10BD5000509D036F519D046F529D056F539D076F5A
:10BD6000549D086F559D0A6F569D0B6F579D0C6F24
:10BD7000589D0D6F599D0E6F5A9D106F5B9D116FF1
:10BD80005C9D126F5D9D166F5E9D176F5F9D186FB6
:10BD9000609D196F619D1A6F629D1B6F639D1C6F83
:10BDA000649D1D6F659D1E6F669D1F6F679D216F52
:10BDB000689D226F699D236F6A9D256F6B9D266F1D
:10BDC0006C9D276F6D9D286F6E9D2C6F6F9D2E6FE4
:10BDD000709D306F719D326F729D346F739D356FA2
:10BDE000749D376F759D386F769D396F779D3A6F6B
:10BDF000789D3B6F799D3C6F7A9D3D6F7B9D3F6F3A
:10BE00007C9D406F7D9D416F7E9D426F809D436F05
:10BE1000819D446F829D456F839D486F849D496FCE
:10BE2000859D4A6F869D4C6F879D4E6F889D4F6F95
:10BE3000899D506F8A9D516F8B9D526F8C9D536F62
:10BE40008D9D546F8E9D556F8F9D566F909D576F32
:10BE5000919D596F929D5A6F939D5B6F949D5D6FFD
:10BE6000959D5F6F969D606F979D616F989D636FC5
:10BE7000999D646F9A9D656F9B9D676F9C9D686F90
:10BE80009D9D696F9E9D6A6F9F9D6B6FA09D6C6F5E
:10BE9000A19D6F6FA29D706FA39D716FA49D736F25
:10BEA000A59D756FA69D766FA79D776FA89D796FED
:10BEB000A99D7B6FAA9D7D6FAB9D7E6FAC9D7F6FB3
:10BEC000AD9D806FAE9D816FAF9D826FB09D836F82
:10BED000B19D856FB29D866FB39D876FB49D8A6F4C
:10BEE000B59D8B6FB69D8F6FB79D906FB89D916F0D
:10BEF000B99D926FBA9D936FBB9D946FBC9D956FDA
:10BF0000BD9D966FBE9D976FBF9D986FC09D996FA9
:10BF1000C19D9A6FC29D9B6FC39D9D6FC49D9E6F77
:10BF2000C59D9F6FC69DA06FC79DA26FC89DA36F43
:10BF3000C99DA46FCA9DA56FCB9DA66FCC9DA86F10
:10BF4000CD9DA96FCE9DAA6FCF9DAB6FD09DAC6FDD
:10BF5000D19DAD6FD29DAE6FD39DAF6FD49DB06FAD
:10BF6000D59DB16FD69DB26FD79DB46FD89DB56F7B
:10BF7000D99DB76FDA9DB86FDB9DBA6FDC9DBB6F43
:10BF8000DD9DBC6FDE9DBD6FDF9DBE6FE09DBF6F11
:10BF9000E19DC16FE29DC36FE39DC46FE49DC56FDA
:10BFA000E59DC66FE69DC76FE79DC86FE89DCA6FA8
:10BFB000E99DCB6FEA9DCC6FEB9DCD6FEC9DCE6F75
:10BFC000ED9DCF6FEE9DD06FEF9DD36FF09DD46F41
:10BFD000F19DD56FF29DD66FF39DD76FF49DD86F0D
:10BFE000F59DD96FF69DDA6FF79DDB6FF89DDC6FDD
:10BFF000F99DDD6FFA9DDF6FFB9DE26FFC9DE36FA6
:10C00000FD9DE46FFE9DE56F409EE66F419EE76FEC
:10C01000429EE86F439EE96F449EEA6F459EEB6F38
:10C02000469EEC6F479EED6F489EF06F499EF16F04
:10C030004A9EF26F4B9EF36F4C9EF46F4D9EF56FD0
:10C040004E9EF66F4F9EF76F509EF86F519EF96FA0
:10C05000529EFA6F539EFB6F549EFC6F559EFD6F70
:10C06000569EFE6F579EFF6F589E0070599E01703E
:10C070005A9E02705B9E03705C9E04705D9E05700C
:10C080005E9E06705F9E0770609E0870619E0970DC
:10C09000629E0A70639E0B70649E0C70659E0D70AC
:10C0A000669E0E70679E0F70689E1070699E12707B
:10C0B0006A9E13706B9E14706C9E15706D9E167048
:10C0C0006E9E17706F9E1870709E1970719E1C7016
:10C0D000729E1D70739E1E70749E1F70759E2070E0
:10C0E000769E2170779E2270789E2470799E2570AE
:10C0F0007A9E26707B9E27707C9E28707D9E29707C
:10C100007E9E2A70809E2B70819E2C70829E2D7048
:10C11000839E2E70849E2F70859E3070869E317017
:10C12000879E3270889E3370899E34708A9E3670E6
:10C130008B9E37708C9E38708D9E3A708E9E3B70B1
:10C140008F9E3C70909E3D70919E3E70929E3F707F
:10C15000939E4070949E4170959E4270969E43704F
:10C16000979E4470989E4570999E46709A9E47701F
:10C170009B9E48709C9E49709D9E4A709E9E4B70EF
:10C180009F9E4D70A09E4E70A19E5070A29E5170B9
:10C19000A39E5270A49E5370A59E5470A69E557087
:10C1A000A79E5670A89E5770A99E5870AA9E597057
:10C1B000AB9E5A70AC9E5B70AD9E5C70AE9E5D7027
:10C1C000AF9E5F70B09E6070B19E6170B29E6270F3
:10C1D000B39E6370B49E6470B59E6570B69E6670C3
:10C1E000B79E6770B89E6870B99E6970BA9E6A7093
:10C1F000BB9E6E70BC9E7170BD9E7270BE9E737051
:10C20000BF9E7470C09E7770C19E7970C29E7A7016
:10C21000C39E7B70C49E7D70C59E8170C69E8270D9
:10C22000C79E8370C89E8470C99E8670CA9E8770A0
:10C23000CB9E8870CC9E8B70CD9E8C70CE9E8D7068
:10C24000CF9E8F70D09E9070D19E9170D29E937031
:10C25000D39E9770D49E9870D59E9A70D69E9B70F0
:10C26000D79E9E70D89E9F70D99EA070DA9EA170B6
:10C27000DB9EA270DC9EA370DD9EA470DE9EA57086
:10C28000DF9EA670E09EA770E19EA870E29EA97056
:10C29000E39EAA70E49EB070E59EB270E69EB47014
:10C2A000E79EB570E89EB670E99EBA70EA9EBE70D1
:10C2B000EB9EBF70EC9EC470ED9EC570EE9EC67086
:10C2C000EF9EC770F09EC970F19ECB70F29ECC704D
:10C2D000F39ECD70F49ECE70F59ECF70F69ED0701A
:10C2E000F79ED170F89ED270F99ED370FA9ED470EA
:10C2F000FB9ED570FC9ED670FD9ED770FE9EDA70B8
:10C30000409FDC70419FDD70429FDE70439FE07074
:10C31000449FE170459FE270469FE370479FE57040
:10C32000489FEA70499FEE704A9FF0704B9FF170F2
:10C330004C9FF2704D9FF3704E9FF4704F9FF570BD
:10C34000509FF670519FF870529FFA70539FFB7088
:10C35000549FFC70559FFE70569FFF70579F007151
:10C36000589F0171599F02715A9F03715B9F04711D
:10C370005C9F05715D9F06715E9F07715F9F0871ED
:10C38000609F0B71619F0C71629F0D71639F0E71B5
:10C39000649F0F71659F1171669F1271679F147181
:10C3A000689F1771699F1B716A9F1C716B9F1D713C
:10C3B0006C9F1E716D9F1F716E9F20716F9F217109
:10C3C000709F2271719F2371729F2471739F2571D9
:10C3D000749F2771759F2871769F2971779F2A71A5
:10C3E000789F2B71799F2C717A9F2D717B9F2E7175
:10C3F0007C9F32717D9F33717E9F3471809F357138
:10C40000819F3771829F3871839F3971849F3A7100
:10C41000859F3B71869F3C71879F3D71889F3E71D0
:10C42000899F3F718A9F40718B9F41718C9F4271A0
:10C430008D9F43718E9F44718F9F4671909F47716E
:10C44000919F4871929F4971939F4B71949F4D7139
:10C45000959F4F71969F5071979F5171989F527100
:10C46000999F53719A9F54719B9F55719C9F5671D0
:10C470009D9F57719E9F58719F9F5971A09F5A71A0
:10C48000A19F5B71A29F5D71A39F5F71A49F60716B
:10C49000A59F6171A69F6271A79F6371A89F657137
:10C4A000A99F6971AA9F6A71AB9F6B71AC9F6C71F8
:10C4B000AD9F6D71AE9F6F71AF9F7071B09F7171C5
:10C4C000B19F7471B29F7571B39F7671B49F77718C
:10C4D000B59F7971B69F7B71B79F7C71B89F7E7154
:10C4E000B99F7F71BA9F8071BB9F8171BC9F827120
:10C4F000BD9F8371BE9F8571BF9F8671C09F8771ED
:10C50000C19F8871C29F8971C39F8B71C49F8C71B9
:10C51000C59F8D71C69F8E71C79F9071C89F917185
:10C52000C99F9271CA9F9371CB9F9571CC9F967151
:10C53000CD9F9771CE9F9A71CF9F9B71D09F9C7119
:10C54000D19F9D71D29F9E71D39FA171D49FA271E3
:10C55000D59FA371D69FA471D79FA571D89FA671AF
:10C56000D99FA771DA9FA971DB9FAA71DC9FAB717C
:10C57000DD9FAD71DE9FAE71DF9FAF71E09FB07147
:10C58000E19FB171E29FB271E39FB471E49FB67114
:10C59000E59FB771E69FB871E79FBA71E89FBB71DD
:10C5A000E99FBC71EA9FBD71EB9FBE71EC9FBF71AB
:10C5B000ED9FC071EE9FC171EF9FC271F09FC4717A
:10C5C000F19FC571F29FC671F39FC771F49FC87147
:10C5D000F59FC971F69FCA71F79FCB71F89FCC7117
:10C5E000F99FCD71FA9FCF71FB9FD071FC9FD171E4
:10C5F000FD9FD271FE9FD37140A0D67141A0D7712B
:10C6000042A0D87143A0D97144A0DA7145A0DB7172
:10C6100046A0DC7147A0DD7148A0DE7149A0DF7142
:10C620004AA0E1714BA0E2714CA0E3714DA0E4710E
:10C630004EA0E6714FA0E87150A0E97151A0EA71D7
:10C6400052A0EB7153A0EC7154A0ED7155A0EF71A5
:10C6500056A0F07157A0F17158A0F27159A0F37172
:10C660005AA0F4715BA0F5715CA0F6715DA0F77142
:10C670005EA0F8715FA0FA7160A0FB7161A0FC710F
:10C6800062A0FD7163A0FE7164A0FF7165A00072DD
:10C6900066A0017267A0027268A0037269A00472AA
:10C6A0006AA005726BA007726CA008726DA0097277
:10C6B0006EA00A726FA00B7270A00C7271A00D7246
:10C6C00072A00E7273A00F7274A0107275A0117216
:10C6D00076A0127277A0137278A0147279A01572E6
:10C6E0007AA016727BA017727CA018727DA01972B6
:10C6F0007EA01A7280A01B7281A01C7282A01E7282
:10C7000083A01F7284A0207285A0217286A022724D
:10C7100087A0237288A0247289A025728AA026721D
:10C720008BA027728CA029728DA02B728EA02D72E7
:10C730008FA02E7290A02F7291A0327292A03372AD
:10C7400093A0347294A03A7295A03C7296A03E7267
:10C7500097A0407298A0417299A042729AA0437229
:10C760009BA044729CA045729DA046729EA04972F7
:10C770009FA04A72A0A04B72A1A04E72A2A04F72BD
:10C78000A3A05072A4A05172A5A05372A6A0547287
:10C79000A7A05572A8A05772A9A05872AAA05A7251
:10C7A000ABA05C72ACA05E72ADA06072AEA0637212
:10C7B000AFA06472B0A06572B1A06872B2A06A72D4
:10C7C000B3A06B72B4A06C72B5A06D72B6A070729B
:10C7D000B7A07172B8A07372B9A07472BAA0767261
:10C7E000BBA07772BCA07872BDA07B72BEA07C7229
:10C7F000BFA07D72C0A08272C1A08372C2A08572E8
:10C80000C3A08672C4A08772C5A08872C6A08972B0
:10C81000C7A08C72C8A08E72C9A09072CAA0917273
:10C82000CBA09372CCA09472CDA09572CEA096723C
:10C83000CFA09772D0A09872D1A09972D2A09A720C
:10C84000D3A09B72D4A09C72D5A09D72D6A09E72DC
:10C85000D7A0A072D8A0A172D9A0A272DAA0A372A8
:10C86000DBA0A472DCA0A572DDA0A672DEA0A77278
:10C87000DFA0A872E0A0A972E1A0AA72E2A0AB7248
:10C88000E3A0AE72E4A0B172E5A0B272E6A0B3720A
:10C89000E7A0B572E8A0BA72E9A0BB72EAA0BC72C8
:10C8A000EBA0BD72ECA0BE72EDA0BF72EEA0C07294
:10C8B000EFA0C572F0A0C672F1A0C772F2A0C97253
:10C8C000F3A0CA72F4A0CB72F5A0CC72F6A0CF721E
:10C8D000F7A0D172F8A0D372F9A0D472FAA0D572E1
:10C8E000FBA0D672FCA0D872FDA0DA72FEA0DB72AB
:10C8F000A1A10030A2A10130A3A10230A4A1B700E0
:10C90000A5A1C902A6A1C702A7A1A800A8A103309A
:10C91000A9A10530AAA11420ABA15EFFACA11620ED
:10C92000ADA12620AEA11820AFA11920B0A11C20D6
:10C93000B1A11D20B2A11430B3A11530B4A10830AB
:10C94000B5A10930B6A10A30B7A10B30B8A10C309F
:10C95000B9A10D30BAA10E30BBA10F30BCA1163069
:10C96000BDA11730BEA11030BFA11130C0A1B100D0
:10C97000C1A1D700C2A1F700C3A13622C4A12722BA
:10C98000C5A12822C6A11122C7A10F22C8A12A220F
:10C99000C9A12922CAA10822CBA13722CCA11A22DF
:10C9A000CDA1A522CEA12522CFA12022D0A1122344
:10C9B000D1A19922D2A12B22D3A12E22D4A16122CE
:10C9C000D5A14C22D6A14822D7A13D22D8A11D2213
:10C9D000D9A16022DAA16E22DBA16F22DCA1642240
:10C9E000DDA16522DEA11E22DFA13522E0A13422D5
:10C9F000E1A14226E2A14026E3A1B000E4A1322059
:10CA0000E5A13320E6A10321E7A104FFE8A1A400EA
:10CA1000E9A1E0FFEAA1E1FFEBA13020ECA1A70032
:10CA2000EDA11621EEA10626EFA10526F0A1CB254A
:10CA3000F1A1CF25F2A1CE25F3A1C725F4A1C625EA
:10CA4000F5A1A125F6A1A025F7A1B325F8A1B2254E
:10CA5000F9A13B20FAA19221FBA19021FCA19121F7
:10CA6000FDA19321FEA11330A1A27021A2A27121E8
:10CA7000A3A27221A4A27321A5A27421A6A275214A
:10CA8000A7A27621A8A27721A9A27821AAA279211A
:10CA9000B1A28824B2A28924B3A28A24B4A28B248E
:10CAA000B5A28C24B6A28D24B7A28E24B8A28F245E
:10CAB000B9A29024BAA29124BBA29224BCA293242E
:10CAC000BDA29424BEA29524BFA29624C0A29724FE
:10CAD000C1A29824C2A29924C3A29A24C4A29B24CE
:10CAE000C5A27424C6A27524C7A27624C8A277243E
:10CAF000C9A27824CAA27924CBA27A24CCA27B240E
:10CB0000CDA27C24CEA27D24CFA27E24D0A27F24DD
:10CB1000D1A28024D2A28124D3A28224D4A28324AD
:10CB2000D5A28424D6A28524D7A28624D8A287247D
:10CB3000D9A26024DAA26124DBA26224DCA26324ED
:10CB4000DDA26424DEA26524DFA26624E0A26724BD
:10CB5000E1A26824E2A26924E5A22032E6A2213201
:10CB6000E7A22232E8A22332E9A22432EAA2253245
:10CB7000EBA22632ECA22732EDA22832EEA2293215
:10CB8000F1A26021F2A26121F3A26221F4A2632149
:10CB9000F5A26421F6A26521F7A26621F8A2672119
:10CBA000F9A26821FAA26921FBA26A21FCA26B21E9
:10CBB000A1A301FFA2A302FFA3A303FFA4A3E5FF78
:10CBC000A5A305FFA6A306FFA7A307FFA8A308FF29
:10CBD000A9A309FFAAA30AFFABA30BFFACA30CFFF9
:10CBE000ADA30DFFAEA30EFFAFA30FFFB0A310FFC9
:10CBF000B1A311FFB2A312FFB3A313FFB4A314FF99
:10CC0000B5A315FFB6A316FFB7A317FFB8A318FF68
:10CC1000B9A319FFBAA31AFFBBA31BFFBCA31CFF38
:10CC2000BDA31DFFBEA31EFFBFA31FFFC0A320FF08
:10CC3000C1A321FFC2A322FFC3A323FFC4A324FFD8
:10CC4000C5A325FFC6A326FFC7A327FFC8A328FFA8
:10CC5000C9A329FFCAA32AFFCBA32BFFCCA32CFF78
:10CC6000CDA32DFFCEA32EFFCFA32FFFD0A330FF48
:10CC7000D1A331FFD2A332FFD3A333FFD4A334FF18
:10CC8000D5A335FFD6A336FFD7A337FFD8A338FFE8
:10CC9000D9A339FFDAA33AFFDBA33BFFDCA33CFFB8
:10CCA000DDA33DFFDEA33EFFDFA33FFFE0A340FF88
:10CCB000E1A341FFE2A342FFE3A343FFE4A344FF58
:10CCC000E5A345FFE6A346FFE7A347FFE8A348FF28
:10CCD000E9A349FFEAA34AFFEBA34BFFECA34CFFF8
:10CCE000EDA34DFFEEA34EFFEFA34FFFF0A350FFC8
:10CCF000F1A351FFF2A352FFF3A353FFF4A354FF98
:10CD0000F5A355FFF6A356FFF7A357FFF8A358FF67
:10CD1000F9A359FFFAA35AFFFBA35BFFFCA35CFF37
:10CD2000FDA35DFFFEA3E3FFA1A44130A2A4423016
:10CD3000A3A44330A4A44430A5A44530A6A44630FF
:10CD4000A7A44730A8A44830A9A44930AAA44A30CF
:10CD5000ABA44B30ACA44C30ADA44D30AEA44E309F
:10CD6000AFA44F30B0A45030B1A45130B2A452306F
:10CD7000B3A45330B4A45430B5A45530B6A456303F
:10CD8000B7A45730B8A45830B9A45930BAA45A300F
:10CD9000BBA45B30BCA45C30BDA45D30BEA45E30DF
:10CDA000BFA45F30C0A46030C1A46130C2A46230AF
:10CDB000C3A46330C4A46430C5A46530C6A466307F
:10CDC000C7A46730C8A46830C9A46930CAA46A304F
:10CDD000CBA46B30CCA46C30CDA46D30CEA46E301F
:10CDE000CFA46F30D0A47030D1A47130D2A47230EF
:10CDF000D3A47330D4A47430D5A47530D6A47630BF
:10CE0000D7A47730D8A47830D9A47930DAA47A308E
:10CE1000DBA47B30DCA47C30DDA47D30DEA47E305E
:10CE2000DFA47F30E0A48030E1A48130E2A482302E
:10CE3000E3A48330E4A48430E5A48530E6A48630FE
:10CE4000E7A48730E8A48830E9A48930EAA48A30CE
:10CE5000EBA48B30ECA48C30EDA48D30EEA48E309E
:10CE6000EFA48F30F0A49030F1A49130F2A492306E
:10CE7000F3A49330A1A5A130A2A5A230A3A5A3300D
:10CE8000A4A5A430A5A5A530A6A5A630A7A5A73022
:10CE9000A8A5A830A9A5A930AAA5AA30ABA5AB30F2
:10CEA000ACA5AC30ADA5AD30AEA5AE30AFA5AF30C2
:10CEB000B0A5B030B1A5B130B2A5B230B3A5B33092
:10CEC000B4A5B430B5A5B530B6A5B630B7A5B73062
:10CED000B8A5B830B9A5B930BAA5BA30BBA5BB3032
:10CEE000BCA5BC30BDA5BD30BEA5BE30BFA5BF3002
:10CEF000C0A5C030C1A5C130C2A5C230C3A5C330D2
:10CF0000C4A5C430C5A5C530C6A5C630C7A5C730A1
:10CF1000C8A5C830C9A5C930CAA5CA30CBA5CB3071
:10CF2000CCA5CC30CDA5CD30CEA5CE30CFA5CF3041
:10CF3000D0A5D030D1A5D130D2A5D230D3A5D33011
:10CF4000D4A5D430D5A5D530D6A5D630D7A5D730E1
:10CF5000D8A5D830D9A5D930DAA5DA30DBA5DB30B1
:10CF6000DCA5DC30DDA5DD30DEA5DE30DFA5DF3081
:10CF7000E0A5E030E1A5E130E2A5E230E3A5E33051
:10CF8000E4A5E430E5A5E530E6A5E630E7A5E73021
:10CF9000E8A5E830E9A5E930EAA5EA30EBA5EB30F1
:10CFA000ECA5EC30EDA5ED30EEA5EE30EFA5EF30C1
:10CFB000F0A5F030F1A5F130F2A5F230F3A5F33091
:10CFC000F4A5F430F5A5F530F6A5F630A1A6910349
:10CFD000A2A69203A3A69303A4A69403A5A69503D1
:10CFE000A6A69603A7A69703A8A69803A9A69903A1
:10CFF000AAA69A03ABA69B03ACA69C03ADA69D0371
:10D00000AEA69E03AFA69F03B0A6A003B1A6A10340
:10D01000B2A6A303B3A6A403B4A6A503B5A6A6030C
:10D02000B6A6A703B7A6A803B8A6A903C1A6B103CD
:10D03000C2A6B203C3A6B303C4A6B403C5A6B50370
:10D04000C6A6B603C7A6B703C8A6B803C9A6B90340
:10D05000CAA6BA03CBA6BB03CCA6BC03CDA6BD0310
:10D06000CEA6BE03CFA6BF03D0A6C003D1A6C103E0
:10D07000D2A6C303D3A6C403D4A6C503D5A6C603AC
:10D08000D6A6C703D7A6C803D8A6C903E0A635FE0F
:10D09000E1A636FEE2A639FEE3A63AFEE4A63FFE8E
:10D0A000E5A640FEE6A63DFEE7A63EFEE8A641FE5A
:10D0B000E9A642FEEAA643FEEBA644FEEEA63BFE30
:10D0C000EFA63CFEF0A637FEF1A638FEF2A631FE32
:10D0D000F4A633FEF5A634FEA1A71004A2A71104FE
:10D0E000A3A71204A4A71304A5A71404A6A71504B4
:10D0F000A7A70104A8A71604A9A71704AAA718049C
:10D10000ABA71904ACA71A04ADA71B04AEA71C0457
:10D11000AFA71D04B0A71E04B1A71F04B2A7200427
:10D12000B3A72104B4A72204B5A72304B6A72404F7
:10D13000B7A72504B8A72604B9A72704BAA72804C7
:10D14000BBA72904BCA72A04BDA72B04BEA72C0497
:10D15000BFA72D04C0A72E04C1A72F04D1A7300458
:10D16000D2A73104D3A73204D4A73304D5A73404FB
:10D17000D6A73504D7A75104D8A73604D9A73704B2
:10D18000DAA73804DBA73904DCA73A04DDA73B049F
:10D19000DEA73C04DFA73D04E0A73E04E1A73F046F
:10D1A000E2A74004E3A74104E4A74204E5A743043F
:10D1B000E6A74404E7A74504E8A74604E9A747040F
:10D1C000EAA74804EBA74904ECA74A04EDA74B04DF
:10D1D000EEA74C04EFA74D04F0A74E04F1A74F04AF
:10D1E00040A8CA0241A8CB0242A8D90243A81320F2
:10D1F00044A8152045A8252046A8352047A8052184
:10D2000048A8092149A896214AA897214BA8982106
:10D210004CA899214DA815224EA81F224FA82322C1
:10D2200050A8522251A8662252A8672253A8BF22B2
:10D2300054A8502555A8512556A8522557A853251E
:10D2400058A8542559A855255AA856255BA85725EE
:10D250005CA858255DA859255EA85A255FA85B25BE
:10D2600060A85C2561A85D2562A85E2563A85F258E
:10D2700064A8602565A8612566A8622567A863255E
:10D2800068A8642569A865256AA866256BA867252E
:10D290006CA868256DA869256EA86A256FA86B25FE
:10D2A00070A86C2571A86D2572A86E2573A86F25CE
:10D2B00074A8702575A8712576A8722577A873259E
:10D2C00078A8812579A882257AA883257BA884253A
:10D2D0007CA885257DA886257EA8872580A8882509
:10D2E00081A8892582A88A2583A88B2584A88C25D6
:10D2F00085A88D2586A88E2587A88F2588A89325A3
:10D3000089A894258AA895258BA8BC258CA8BD251D
:10D310008DA8E2258EA8E3258FA8E42590A8E52511
:10D3200091A8092692A8952293A8123094A81D309E
:10D3300095A81E30A1A80101A2A8E100A3A8CE01D2
:10D34000A4A8E000A5A81301A6A8E900A7A81B01AE
:10D35000A8A8E800A9A82B01AAA8ED00ABA8D001B5
:10D36000ACA8EC00ADA84D01AEA8F300AFA8D20167
:10D37000B0A8F200B1A86B01B2A8FA00B3A8D4011A
:10D38000B4A8F900B5A8D601B6A8D801B7A8DA01A3
:10D39000B8A8DC01B9A8FC00BAA8EA00BBA85102F1
:10D3A000BDA84401BEA84801C0A86102C5A80531B6
:10D3B000C6A80631C7A80731C8A80831C9A80931CD
:10D3C000CAA80A31CBA80B31CCA80C31CDA80D319D
:10D3D000CEA80E31CFA80F31D0A81031D1A811316D
:10D3E000D2A81231D3A81331D4A81431D5A815313D
:10D3F000D6A81631D7A81731D8A81831D9A819310D
:10D40000DAA81A31DBA81B31DCA81C31DDA81D31DC
:10D41000DEA81E31DFA81F31E0A82031E1A82131AC
:10D42000E2A82231E3A82331E4A82431E5A825317C
:10D43000E6A82631E7A82731E8A82831E9A829314C
:10D4400040A9213041A9223042A9233043A92430E8
:10D4500044A9253045A9263046A9273047A92830B8
:10D4600048A9293049A9A3324AA98E334BA98F3341
:10D470004CA99C334DA99D334EA99E334FA9A1338E
:10D4800050A9C43351A9CE3352A9D13353A9D233B1
:10D4900054A9D53355A930FE56A9E2FF57A9E4FF98
:10D4A00059A921215AA931325CA9102060A9FC3068
:10D4B00061A99B3062A99C3063A9FD3064A9FE304C
:10D4C00065A9063066A99D3067A99E3068A949FE06
:10D4D00069A94AFE6AA94BFE6BA94CFE6CA94DFED8
:10D4E0006DA94EFE6EA94FFE6FA950FE70A951FEA8
:10D4F00071A952FE72A954FE73A955FE74A956FE75
:10D5000075A957FE76A959FE77A95AFE78A95BFE40
:10D5100079A95CFE7AA95DFE7BA95EFE7CA95FFE0F
:10D520007DA960FE7EA961FE80A962FE81A963FEDD
:10D5300082A964FE83A965FE84A966FE85A968FEAA
:10D5400086A969FE87A96AFE88A96BFE96A907309D
:10D55000A4A90025A5A90125A6A90225A7A90325F7
:10D56000A8A90425A9A90525AAA90625ABA90725C7
:10D57000ACA90825ADA90925AEA90A25AFA90B2597
:10D58000B0A90C25B1A90D25B2A90E25B3A90F2567
:10D59000B4A91025B5A91125B6A91225B7A9132537
:10D5A000B8A91425B9A91525BAA91625BBA9172507
:10D5B000BCA91825BDA91925BEA91A25BFA91B25D7
:10D5C000C0A91C25C1A91D25C2A91E25C3A91F25A7
:10D5D000C4A92025C5A92125C6A92225C7A9232577
:10D5E000C8A92425C9A92525CAA92625CBA9272547
:10D5F000CCA92825CDA92925CEA92A25CFA92B2517
:10D60000D0A92C25D1A92D25D2A92E25D3A92F25E6
:10D61000D4A93025D5A93125D6A93225D7A93325B6
:10D62000D8A93425D9A93525DAA93625DBA9372586
:10D63000DCA93825DDA93925DEA93A25DFA93B2556
:10D64000E0A93C25E1A93D25E2A93E25E3A93F2526
:10D65000E4A94025E5A94125E6A94225E7A94325F6
:10D66000E8A94425E9A94525EAA94625EBA94725C6
:10D67000ECA94825EDA94925EEA94A25EFA94B2596
:10D6800040AADC7241AADD7242AADF7243AAE272AA
:10D6900044AAE37245AAE47246AAE57247AAE67272
:10D6A00048AAE77249AAEA724AAAEB724BAAF57233
:10D6B0004CAAF6724DAAF9724EAAFD724FAAFE72DA
:10D6C00050AAFF7251AA007352AA027353AA04739C
:10D6D00054AA057355AA067356AA077357AA087366
:10D6E00058AA097359AA0B735AAA0C735BAA0D7333
:10D6F0005CAA0F735DAA10735EAA11735FAA1273FE
:10D7000060AA147361AA187362AA197363AA1A73C0
:10D7100064AA1F7365AA207366AA237367AA247379
:10D7200068AA267369AA27736AAA28736BAA2D733D
:10D730006CAA2F736DAA30736EAA32736FAA3373FB
:10D7400070AA357371AA367372AA3A7373AA3B73BF
:10D7500074AA3C7375AA3D7376AA407377AA417385
:10D7600078AA427379AA43737AAA44737BAA457351
:10D770007CAA46737DAA47737EAA487380AA497320
:10D7800081AA4A7382AA4B7383AA4C7384AA4E73EC
:10D7900085AA4F7386AA517387AA537388AA5473B4
:10D7A00089AA55738AAA56738BAA58738CAA59737F
:10D7B0008DAA5A738EAA5B738FAA5C7390AA5D734D
:10D7C00091AA5E7392AA5F7393AA617394AA62731B
:10D7D00095AA637396AA647397AA657398AA6673E9
:10D7E00099AA67739AAA68739BAA69739CAA6A73B9
:10D7F0009DAA6B739EAA6E739FAA7073A0AA717381
:10D8000040AB727341AB737342AB747343AB7573CC
:10D8100044AB767345AB777346AB787347AB79739C
:10D8200048AB7A7349AB7B734AAB7C734BAB7D736C
:10D830004CAB7F734DAB80734EAB81734FAB827338
:10D8400050AB837351AB857352AB867353AB887304
:10D8500054AB8A7355AB8C7356AB8D7357AB8F73C8
:10D8600058AB907359AB92735AAB93735BAB947391
:10D870005CAB95735DAB97735EAB98735FAB99735D
:10D8800060AB9A7361AB9C7362AB9D7363AB9E7329
:10D8900064ABA07365ABA17366ABA37367ABA473F2
:10D8A00068ABA57369ABA6736AABA7736BABA873C0
:10D8B0006CABAA736DABAC736EABAD736FABB17386
:10D8C00070ABB47371ABB57372ABB67373ABB87343
:10D8D00074ABB97375ABBC7376ABBD7377ABBE730A
:10D8E00078ABBF7379ABC1737AABC3737BABC473D3
:10D8F0007CABC5737DABC6737EABC77380ABCB739C
:10D9000081ABCC7382ABCE7383ABD27384ABD37356
:10D9100085ABD47386ABD57387ABD67388ABD7731F
:10D9200089ABD8738AABDA738BABDB738CABDC73EC
:10D930008DABDD738EABDF738FABE17390ABE273B6
:10D9400091ABE37392ABE47393ABE67394ABE87380
:10D9500095ABEA7396ABEB7397ABEC7398ABEE7346
:10D9600099ABEF739AABF0739BABF1739CABF37312
:10D970009DABF4739EABF5739FABF673A0ABF773DF
:10D9800040ACF87341ACF97342ACFA7343ACFB732F
:10D9900044ACFC7345ACFD7346ACFE7347ACFF73FF
:10D9A00048AC007449AC01744AAC02744BAC0474CA
:10D9B0004CAC07744DAC08744EAC0B744FAC0C748B
:10D9C00050AC0D7451AC0E7452AC117453AC127453
:10D9D00054AC137455AC147456AC157457AC16741F
:10D9E00058AC177459AC18745AAC19745BAC1C74ED
:10D9F0005CAC1D745DAC1E745EAC1F745FAC2074B7
:10DA000060AC217461AC237462AC247463AC277481
:10DA100064AC297465AC2B7466AC2D7467AC2F7440
:10DA200068AC317469AC32746AAC37746BAC3874FE
:10DA30006CAC39746DAC3A746EAC3B746FAC3D74C5
:10DA400070AC3E7471AC3F7472AC407473AC427491
:10DA500074AC437475AC447476AC457477AC46745E
:10DA600078AC477479AC48747AAC49747BAC4A742E
:10DA70007CAC4B747DAC4C747EAC4D7480AC4E74FD
:10DA800081AC4F7482AC507483AC517484AC5274CA
:10DA900085AC537486AC547487AC567488AC587497
:10DAA00089AC5D748AAC60748BAC61748CAC62744C
:10DAB0008DAC63748EAC64748FAC657490AC66741A
:10DAC00091AC677492AC687493AC697494AC6A74EA
:10DAD00095AC6B7496AC6C7497AC6E7498AC6F74B8
:10DAE00099AC71749AAC72749BAC73749CAC747482
:10DAF0009DAC75749EAC78749FAC7974A0AC7A744C
:10DB000040AD7B7441AD7C7442AD7D7443AD7F7498
:10DB100044AD827445AD847446AD857447AD86745A
:10DB200048AD887449AD89744AAD8A744BAD8C7424
:10DB30004CAD8D744DAD8F744EAD91744FAD9274EC
:10DB400050AD937451AD947452AD957453AD9674B9
:10DB500054AD977455AD987456AD997457AD9A7489
:10DB600058AD9B7459AD9D745AAD9F745BADA07454
:10DB70005CADA1745DADA2745EADA3745FADA47421
:10DB800060ADA57461ADA67462ADAA7463ADAB74EB
:10DB900064ADAC7465ADAD7466ADAE7467ADAF74B5
:10DBA00068ADB07469ADB1746AADB2746BADB37485
:10DBB0006CADB4746DADB5746EADB6746FADB77455
:10DBC00070ADB87471ADB97472ADBB7473ADBC7423
:10DBD00074ADBD7475ADBE7476ADBF7477ADC074F1
:10DBE00078ADC17479ADC2747AADC3747BADC474C1
:10DBF0007CADC5747DADC6747EADC77480ADC87490
:10DC000081ADC97482ADCA7483ADCB7484ADCC745C
:10DC100085ADCD7486ADCE7487ADCF7488ADD0742C
:10DC200089ADD1748AADD3748BADD4748CADD574F9
:10DC30008DADD6748EADD7748FADD87490ADD974C8
:10DC400091ADDA7492ADDB7493ADDD7494ADDF7495
:10DC500095ADE17496ADE57497ADE77498ADE87451
:10DC600099ADE9749AADEA749BADEB749CADEC741C
:10DC70009DADED749EADF0749FADF174A0ADF274E6
:10DC800040AEF37441AEF57442AEF87443AEF9742D
:10DC900044AEFA7445AEFB7446AEFC7447AEFD74F8
:10DCA00048AEFE7449AE00754AAE01754BAE0275C2
:10DCB0004CAE03754DAE05754EAE06754FAE07758D
:10DCC00050AE087551AE097552AE0A7553AE0B755C
:10DCD00054AE0C7555AE0E7556AE107557AE127526
:10DCE00058AE147559AE15755AAE16755BAE1775EC
:10DCF0005CAE1B755DAE1D755EAE1E755FAE2075AC
:10DD000060AE217561AE227562AE237563AE247577
:10DD100064AE267565AE277566AE2A7567AE2E753C
:10DD200068AE347569AE36756AAE39756BAE3C75E2
:10DD30006CAE3D756DAE3F756EAE41756FAE4275A2
:10DD400070AE437571AE447572AE467573AE47756D
:10DD500074AE497575AE4A7576AE4D7577AE507531
:10DD600078AE517579AE52757AAE53757BAE5575F6
:10DD70007CAE56757DAE57757EAE587580AE5D75BE
:10DD800081AE5E7582AE5F7583AE607584AE61757F
:10DD900085AE627586AE637587AE647588AE67754D
:10DDA00089AE68758AAE69758BAE6B758CAE6C7515
:10DDB0008DAE6D758EAE6E758FAE6F7590AE7075E3
:10DDC00091AE717592AE737593AE757594AE7675AE
:10DDD00095AE777596AE7A7597AE7B7598AE7C7575
:10DDE00099AE7D759AAE7E759BAE80759CAE817541
:10DDF0009DAE82759EAE84759FAE8575A0AE87750B
:10DE000040AF887541AF897542AF8A7543AF8C7555
:10DE100044AF8D7545AF8E7546AF907547AF93751E
:10DE200048AF957549AF98754AAF9B754BAF9C75D8
:10DE30004CAF9E754DAFA2754EAFA6754FAFA7758F
:10DE400050AFA87551AFA97552AFAA7553AFAD7554
:10DE500054AFB67555AFB77556AFBA7557AFBB75FA
:10DE600058AFBF7559AFC0755AAFC1755BAFC675B6
:10DE70005CAFCB755DAFCC755EAFCE755FAFCF7568
:10DE800060AFD07561AFD17562AFD37563AFD77531
:10DE900064AFD97565AFDA7566AFDC7567AFDD75F0
:10DEA00068AFDF7569AFE0756AAFE1756BAFE575B7
:10DEB0006CAFE9756DAFEC756EAFED756FAFEE756C
:10DEC00070AFEF7571AFF27572AFF37573AFF57533
:10DED00074AFF67575AFF77576AFF87577AFFA75FD
:10DEE00078AFFB7579AFFD757AAFFE757BAF0276C3
:10DEF0007CAF04767DAF06767EAF077680AF08767E
:10DF000081AF097682AF0B7683AF0D7684AF0E7644
:10DF100085AF0F7686AF117687AF127688AF13760E
:10DF200089AF14768AAF16768BAF1A768CAF1C76D3
:10DF30008DAF1D768EAF1E768FAF217690AF237694
:10DF400091AF277692AF287693AF2C7694AF2E764A
:10DF500095AF2F7696AF317697AF327698AF36760B
:10DF600099AF37769AAF39769BAF3A769CAF3B76CE
:10DF70009DAF3D769EAF41769FAF4276A0AF44768F
:10DF800040B0457641B0467642B0477643B04876D9
:10DF900044B0497645B04A7646B04B7647B04E76A7
:10DFA00048B04F7649B050764AB051764BB0527671
:10DFB0004CB053764DB055764EB057764FB058763C
:10DFC00050B0597651B05A7652B05B7653B05D7608
:10DFD00054B05F7655B0607656B0617657B06276D1
:10DFE00058B0647659B065765AB066765BB067769D
:10DFF0005CB068765DB069765EB06A765FB06C766C
:10E0000060B06D7661B06E7662B0707663B0717636
:10E0100064B0727665B0737666B0747667B0757604
:10E0200068B0767669B077766AB079766BB07A76D2
:10E030006CB07C766DB07F766EB080766FB0817696
:10E0400070B0837671B0857672B0897673B08A7657
:10E0500074B08C7675B08D7676B08F7677B090761A
:10E0600078B0927679B094767AB095767BB09776E0
:10E070007CB098767DB09A767EB09B7680B09C76A8
:10E0800081B09D7682B09E7683B09F7684B0A07674
:10E0900085B0A17686B0A27687B0A37688B0A57643
:10E0A00089B0A6768AB0A7768BB0A8768CB0A97610
:10E0B0008DB0AA768EB0AB768FB0AC7690B0AD76E0
:10E0C00091B0AF7692B0B07693B0B37694B0B576A7
:10E0D00095B0B67696B0B77697B0B87698B0B97670
:10E0E00099B0BA769AB0BB769BB0BC769CB0BD7640
:10E0F0009DB0BE769EB0C0769FB0C176A0B0C3760C
:10E10000A1B04A55A2B03F96A3B0C357A4B02863AC
:10E11000A5B0CE54A6B00955A7B0C054A8B091760A
:10E12000A9B04C76AAB03C85ABB0EE77ACB07E829D
:10E13000ADB08D78AEB03172AFB09896B0B08D976B
:10E14000B1B0286CB2B0895BB3B0FA4FB4B0096318
:10E15000B5B09766B6B0B85CB7B0FA80B8B04868EA
:10E16000B9B0AE80BAB00266BBB0CE76BCB0F951E1
:10E17000BDB05665BEB0AC71BFB0F17FC0B0848891
:10E18000C1B0B250C2B06559C3B0CA61C4B0B36FB8
:10E19000C5B0AD82C6B04C63C7B05262C8B0ED53D3
:10E1A000C9B02754CAB0067BCBB06B51CCB0A475B4
:10E1B000CDB0F45DCEB0D462CFB0CB8DD0B0769779
:10E1C000D1B08A62D2B01980D3B05D57D4B038973D
:10E1D000D5B0627FD6B03872D7B07D76D8B0CF6771
:10E1E000D9B07E76DAB04664DBB0704FDCB0258DF6
:10E1F000DDB0DC62DEB0177ADFB09165E0B0ED73C0
:10E20000E1B02C64E2B07362E3B02C82E4B0819898
:10E21000E5B07F67E6B04872E7B06E62E8B0CC6206
:10E22000E9B0344FEAB0E374EBB04A53ECB09E521D
:10E23000EDB0CA7EEEB0A690EFB02E5EF0B086686C
:10E24000F1B09C69F2B08081F3B0D17EF4B0D268B5
:10E25000F5B0C578F6B08C86F7B05195F8B08D5012
:10E26000F9B0248CFAB0DE82FBB0DE80FCB005533E
:10E27000FDB01289FEB0655240B1C47641B1C77697
:10E2800042B1C97643B1CB7644B1CC7645B1D376B1
:10E2900046B1D57647B1D97648B1DA7649B1DC7660
:10E2A0004AB1DD764BB1DE764CB1E0764DB1E17628
:10E2B0004EB1E2764FB1E37650B1E47651B1E676F5
:10E2C00052B1E77653B1E87654B1E97655B1EA76C2
:10E2D00056B1EB7657B1EC7658B1ED7659B1F07690
:10E2E0005AB1F3765BB1F5765CB1F6765DB1F7764F
:10E2F0005EB1FA765FB1FB7660B1FD7661B1FF7613
:10E3000062B1007763B1027764B1037765B10577D5
:10E3100066B1067767B10A7768B10C7769B10E7795
:10E320006AB10F776BB110776CB111776DB112775D
:10E330006EB113776FB1147770B1157771B116772D
:10E3400072B1177773B1187774B11B7775B11C77F9
:10E3500076B11D7777B11E7778B1217779B12377C0
:10E360007AB124777BB125777CB127777DB12A7785
:10E370007EB12B7780B12C7781B12E7782B1307747
:10E3800083B1317784B1327785B1337786B1347711
:10E3900087B1397788B13B7789B13D778AB13E77CC
:10E3A0008BB13F778CB142778DB144778EB1457791
:10E3B0008FB1467790B1487791B1497792B14A775A
:10E3C00093B14B7794B14C7795B14D7796B14E7729
:10E3D00097B14F7798B1527799B153779AB15477F3
:10E3E0009BB155779CB156779DB157779EB15877C1
:10E3F0009FB15977A0B15C77A1B18485A2B1F9969C
:10E40000A3B1DD4FA4B12158A5B17199A6B19D5B0F
:10E41000A7B1B162A8B1A562A9B1B466AAB1798C5D
:10E42000ABB18D9CACB10672ADB16F67AEB19178F6
:10E43000AFB1B260B0B15153B1B11753B2B1888F1F
:10E44000B3B1CC80B4B11D8DB5B1A194B6B10D50AE
:10E45000B7B1C872B8B10759B9B1EB60BAB11971A7
:10E46000BBB1AB88BCB15459BDB1EF82BEB12C6712
:10E47000BFB1287BC0B1295DC1B1F77EC2B12D7596
:10E48000C3B1F56CC4B1668EC5B1F88FC6B13C900E
:10E49000C7B13B9FC8B1D46BC9B11991CAB1147B44
:10E4A000CBB17C5FCCB1A778CDB1D684CEB13D8560
:10E4B000CFB1D56BD0B1D96BD1B1D66BD2B1015E32
:10E4C000D3B1875ED4B1F975D5B1ED95D6B15D659F
:10E4D000D7B10A5FD8B1C55FD9B19F8FDAB1C15842
:10E4E000DBB1C281DCB17F90DDB15B96DEB1AD976F
:10E4F000DFB1B98FE0B1167FE1B12C8DE2B141629D
:10E50000E3B1BF4FE4B1D853E5B15E53E6B1A88F94
:10E51000E7B1A98FE8B1AB8FE9B14D90EAB10768D7
:10E52000EBB16A5FECB19881EDB16888EEB1D69C31
:10E53000EFB18B61F0B12B52F1B12A76F2B16C5F81
:10E54000F3B18C65F4B1D26FF5B1E86EF6B1BE5B94
:10E55000F7B14864F8B17551F9B1B051FAB1C46777
:10E56000FBB1194EFCB1C979FDB17C99FEB1B37014
:10E5700040B25D7741B25E7742B25F7743B2607777
:10E5800044B2647745B2677746B2697747B26A7733
:10E5900048B26D7749B26E774AB26F774BB27077F7
:10E5A0004CB271774DB272774EB273774FB27477C7
:10E5B00050B2757751B2767752B2777753B2787797
:10E5C00054B27A7755B27B7756B27C7757B281775F
:10E5D00058B2827759B283775AB286775BB287771F
:10E5E0005CB288775DB289775EB28A775FB28B77EB
:10E5F00060B28F7761B2907762B2937763B29477AB
:10E6000064B2957765B2967766B2977767B2987776
:10E6100068B2997769B29A776AB29B776BB29C7746
:10E620006CB29D776DB29E776EB2A1776FB2A37711
:10E6300070B2A47771B2A67772B2A87773B2AB77D3
:10E6400074B2AD7775B2AE7776B2AF7777B2B17795
:10E6500078B2B27779B2B4777AB2B6777BB2B7775D
:10E660007CB2B8777DB2B9777EB2BA7780B2BC7728
:10E6700081B2BE7782B2C07783B2C17784B2C277EB
:10E6800085B2C37786B2C47787B2C57788B2C677BA
:10E6900089B2C7778AB2C8778BB2C9778CB2CA778A
:10E6A0008DB2CB778EB2CC778FB2CE7790B2CF7758
:10E6B00091B2D07792B2D17793B2D27794B2D37726
:10E6C00095B2D47796B2D57797B2D67798B2D877F5
:10E6D00099B2D9779AB2DA779BB2DD779CB2DE77BE
:10E6E0009DB2DF779EB2E0779FB2E177A0B2E47788
:10E6F000A1B2C575A2B2765EA3B2BB73A4B2E08329
:10E70000A5B2AD64A6B2E862A7B2B594A8B2E26CB5
:10E71000A9B25A53AAB2C352ABB20F64ACB2C294FC
:10E72000ADB2947BAEB22F4FAFB21B5EB0B23682A9
:10E73000B1B21681B2B28A81B3B2246EB4B2CA6CDD
:10E74000B5B2739AB6B25563B7B25C53B8B2FA5465
:10E75000B9B26588BAB2E057BBB20D4EBCB2035E27
:10E76000BDB2656BBEB23F7CBFB2E890C0B216606E
:10E77000C1B2E664C2B21C73C3B2C188C4B25067EE
:10E78000C5B24D62C6B2228DC7B26C77C8B2298EAF
:10E79000C9B2C791CAB2695FCBB2DC83CCB2218562
:10E7A000CDB21099CEB2C253CFB29586D0B28B6B98
:10E7B000D1B2ED60D2B2E860D3B27F70D4B2CD8274
:10E7C000D5B23182D6B2D34ED7B2A76CD8B2CF85EC
:10E7D000D9B2CD64DAB2D97CDBB2FD69DCB2F966BC
:10E7E000DDB24983DEB29553DFB2567BE0B2A74F6C
:10E7F000E1B28C51E2B24B6DE3B2425CE4B26D8E99
:10E80000E5B2D263E6B2C953E7B22C83E8B23683ED
:10E81000E9B2E567EAB2B478EBB23D64ECB2DF5B33
:10E82000EDB2945CEEB2EE5DEFB2E78BF0B2C66291
:10E83000F1B2F467F2B27A8CF3B20064F4B2BA6364
:10E84000F5B24987F6B28B99F7B2178CF8B2207FF0
:10E85000F9B2F294FAB2A74EFBB21096FCB2A498A9
:10E86000FDB20C66FEB2167340B3E67741B3E877AB
:10E8700042B3EA7743B3EF7744B3F07745B3F17728
:10E8800046B3F27747B3F47748B3F57749B3F777F0
:10E890004AB3F9774BB3FA774CB3FB774DB3FC77B8
:10E8A0004EB303784FB3047850B3057851B306786C
:10E8B00052B3077853B3087854B30A7855B30B783A
:10E8C00056B30E7857B30F7858B3107859B31378FE
:10E8D0005AB315785BB319785CB31B785DB31E78B7
:10E8E0005EB320785FB3217860B3227861B3247877
:10E8F00062B3287863B32A7864B32B7865B32E7833
:10E9000066B32F7867B3317868B3327869B33378F8
:10E910006AB335786BB336786CB33D786DB33F78B6
:10E920006EB341786FB3427870B3437871B3447873
:10E9300072B3467873B3487874B3497875B34A783C
:10E9400076B34B7877B34D7878B34F7879B3517805
:10E950007AB353787BB354787CB358787DB35978C5
:10E960007EB35A7880B35B7881B35C7882B35E788B
:10E9700083B35F7884B3607885B3617886B3627857
:10E9800087B3637888B3647889B365788AB3667827
:10E990008BB367788CB368788DB369788EB36F78F2
:10E9A0008FB3707890B3717891B3727892B37378B3
:10E9B00093B3747894B3757895B3767896B3787882
:10E9C00097B3797898B37A7899B37B789AB37D784E
:10E9D0009BB37E789CB37F789DB380789EB381781B
:10E9E0009FB38278A0B38378A1B33A57A2B31D5CDA
:10E9F000A3B3385EA4B37F95A5B37F50A6B3A08020
:10EA0000A7B38253A8B35E65A9B34575AAB33155C0
:10EA1000ABB32150ACB3858DADB38462AEB39E94DD
:10EA2000AFB31D67B0B33256B1B36E6FB2B3E25D30
:10EA3000B3B33554B4B39270B5B3668FB6B36F62E7
:10EA4000B7B3A464B8B3A363B9B37B5FBAB3886F39
:10EA5000BBB3F490BCB3E381BDB3B08FBEB3185C5D
:10EA6000BFB36866C0B3F15FC1B3896CC2B34896E7
:10EA7000C3B3818DC4B36C88C5B39164C6B3F07958
:10EA8000C7B3CE57C8B3596AC9B31062CAB34854A2
:10EA9000CBB3584ECCB30B7ACDB3E960CEB3846F11
:10EAA000CFB3DA8BD0B37F62D1B31E90D2B38B9A3F
:10EAB000D3B3E479D4B30354D5B3F475D6B30163B7
:10EAC000D7B31953D8B3606CD9B3DF8FDAB31B5FF8
:10EAD000DBB3709ADCB33B80DDB37F9FDEB3884F3E
:10EAE000DFB33A5CE0B3648DE1B3C57FE2B3A56503
:10EAF000E3B3BD70E4B34551E5B3B251E6B36B8601
:10EB0000E7B3075DE8B3A05BE9B3BD62EAB36C911C
:10EB1000EBB37475ECB30C8EEDB3207AEEB30161F8
:10EB2000EFB3797BF0B3C74EF1B3F87EF2B38577DC
:10EB3000F3B3114EF4B3ED81F5B31D52F6B3FA51B0
:10EB4000F7B3716AF8B3A853F9B3878EFAB3049593
:10EB5000FBB3CF96FCB3C16EFDB36496FEB35A69A6
:10EB600040B4847841B4857842B4867843B48878D8
:10EB700044B48A7845B48B7846B48F7847B490789B
:10EB800048B4927849B494784AB495784BB496785E
:10EB90004CB499784DB49D784EB49E784FB4A0781B
:10EBA00050B4A27851B4A47852B4A67853B4A878DB
:10EBB00054B4A97855B4AA7856B4AB7857B4AC78A5
:10EBC00058B4AD7859B4AE785AB4AF785BB4B57870
:10EBD0005CB4B6785DB4B7785EB4B8785FB4BA7830
:10EBE00060B4BB7861B4BC7862B4BD7863B4BF78FC
:10EBF00064B4C07865B4C27866B4C37867B4C478C6
:10EC000068B4C67869B4C7786AB4C8786BB4CC788D
:10EC10006CB4CD786DB4CE786EB4CF786FB4D17853
:10EC200070B4D27871B4D37872B4D67873B4D7781C
:10EC300074B4D87875B4DA7876B4DB7877B4DC78E5
:10EC400078B4DD7879B4DE787AB4DF787BB4E078B4
:10EC50007CB4E1787DB4E2787EB4E37880B4E47883
:10EC600081B4E57882B4E67883B4E77884B4E9784F
:10EC700085B4EA7886B4EB7887B4ED7888B4EE781A
:10EC800089B4EF788AB4F0788BB4F1788CB4F378E7
:10EC90008DB4F5788EB4F6788FB4F87890B4F978AE
:10ECA00091B4FB7892B4FC7893B4FD7894B4FE7878
:10ECB00095B4FF7896B4007997B4027998B4037943
:10ECC00099B404799AB406799BB407799CB408790D
:10ECD0009DB409799EB40A799FB40B79A0B40C79DC
:10ECE000A1B44078A2B4A850A3B4D777A4B4106458
:10ECF000A5B4E689A6B40459A7B4E363A8B4DD5D5E
:10ED0000A9B47F7AAAB43D69ABB4204FACB43982C0
:10ED1000ADB49855AEB4324EAFB4AE75B0B4977AC8
:10ED2000B1B4625EB2B48A5EB3B4EF95B4B41B52B0
:10ED3000B5B43954B6B48A70B7B47663B8B4249510
:10ED4000B9B48257BAB42566BBB43F69BCB48791E5
:10ED5000BDB40755BEB4F36DBFB4AF7EC0B4228856
:10ED6000C1B43362C2B4F07EC3B4B575C4B42883F1
:10ED7000C5B4C178C6B4CC96C7B49E8FC8B4486138
:10ED8000C9B4F774CAB4CD8BCBB4646BCCB43A526B
:10ED9000CDB4508DCEB4216BCFB46A80D0B4718421
:10EDA000D1B4F156D2B40653D3B4CE4ED4B41B4E24
:10EDB000D5B4D151D6B4977CD7B48B91D8B4077C55
:10EDC000D9B4C34FDAB47F8EDBB4E17BDCB49C7A78
:10EDD000DDB46764DEB4145DDFB4AC50E0B406812A
:10EDE000E1B40176E2B4B97CE3B4EC6DE4B4E07F65
:10EDF000E5B45167E6B4585BE7B4F85BE8B4CB78A8
:10EE0000E9B4AE64EAB41364EBB4AA63ECB42B6364
:10EE1000EDB41995EEB42D64EFB4BE8FF0B4547B0D
:10EE2000F1B42976F2B45362F3B42759F4B44654DA
:10EE3000F5B4796BF6B4A350F7B43462F8B4265E37
:10EE4000F9B4866BFAB4E34EFBB4378DFCB48B880F
:10EE5000FDB4855FFEB42E9040B50D7941B50E79B5
:10EE600042B50F7943B5107944B5117945B512799A
:10EE700046B5147947B5157948B5167949B5177966
:10EE80004AB518794BB519794CB51A794DB51B7936
:10EE90004EB51C794FB51D7950B51F7951B5207904
:10EEA00052B5217953B5227954B5237955B52579D1
:10EEB00056B5267957B5277958B5287959B529799E
:10EEC0005AB52A795BB52B795CB52C795DB52D796E
:10EED0005EB52E795FB52F7960B5307961B531793E
:10EEE00062B5327963B5337964B5357965B536790C
:10EEF00066B5377967B5387968B5397969B53D79D7
:10EF00006AB53F796BB542796CB543796DB5447993
:10EF10006EB545796FB5477970B54A7971B54B795A
:10EF200072B54C7973B54D7974B54E7975B54F7925
:10EF300076B5507977B5517978B5527979B55479F4
:10EF40007AB555797BB558797CB559797DB56179B4
:10EF50007EB5637980B5647981B5667982B5697962
:10EF600083B56A7984B56B7985B56C7986B56E7928
:10EF700087B5707988B5717989B572798AB57379F1
:10EF80008BB574798CB575798DB576798EB57979BF
:10EF90008FB57B7990B57C7991B57D7992B57E7985
:10EFA00093B57F7994B5827995B5837996B586794D
:10EFB00097B5877998B5887999B589799AB58B7914
:10EFC0009BB58C799CB58D799DB58E799EB59079E0
:10EFD0009FB59179A0B59279A1B52060A2B53D8089
:10EFE000A3B5C562A4B5394EA5B55553A6B5F890DD
:10EFF000A7B5B863A8B5C680A9B5E665AAB52E6C55
:10F00000ABB5464FACB5EE60ADB5E16DAEB5DE8BE0
:10F01000AFB5395FB0B5CB86B1B5535FB2B521633B
:10F02000B3B55A51B4B56183B5B56368B6B500528E
:10F03000B7B56363B8B5488EB9B51250BAB59B5C25
:10F04000BBB57779BCB5FC5BBDB53052BEB53B7A7C
:10F05000BFB5BC60C0B55390C1B5D776C2B5B75F78
:10F06000C3B5975FC4B58476C5B56C8EC6B56F70F1
:10F07000C7B57B76C8B5497BC9B5AA77CAB5F35180
:10F08000CBB59390CCB52458CDB54E4FCEB5F46EDC
:10F09000CFB5EA8FD0B54C65D1B51B7BD2B5C47264
:10F0A000D3B5A46DD4B5DF7FD5B5E15AD6B5B56279
:10F0B000D7B5955ED8B53057D9B58284DAB52C7BF3
:10F0C000DBB51D5EDCB51F5FDDB51290DEB5147FCC
:10F0D000DFB5A098E0B58263E1B5C76EE2B5987878
:10F0E000E3B5B970E4B57851E5B55B97E6B5AB57D4
:10F0F000E7B53575E8B5434FE9B53875EAB5975EBC
:10F10000EBB5E660ECB56059EDB5C06DEEB5BF6B23
:10F11000EFB58978F0B5FC53F1B5D596F2B5CB5182
:10F12000F3B50152F4B58963F5B50A54F6B5939475
:10F13000F7B5038CF8B5CC8DF9B53972FAB59F786F
:10F14000FBB57687FCB5ED8FFDB50D8CFEB5E053B4
:10F1500040B6937941B6947942B6957943B696799B
:10F1600044B6977945B6987946B6997947B69B796A
:10F1700048B69C7949B69D794AB69E794BB69F7937
:10F180004CB6A0794DB6A1794EB6A2794FB6A37907
:10F1900050B6A47951B6A57952B6A67953B6A879D6
:10F1A00054B6A97955B6AA7956B6AB7957B6AC79A3
:10F1B00058B6AD7959B6AE795AB6AF795BB6B07973
:10F1C0005CB6B1795DB6B2795EB6B4795FB6B57941
:10F1D00060B6B67961B6B77962B6B87963B6BC790C
:10F1E00064B6BF7965B6C27966B6C47967B6C579C3
:10F1F00068B6C77969B6C8796AB6CA796BB6CC7988
:10F200006CB6CE796DB6CF796EB6D0796FB6D3794C
:10F2100070B6D47971B6D67972B6D77973B6D97912
:10F2200074B6DA7975B6DB7976B6DC7977B6DD79DE
:10F2300078B6DE7979B6E0797AB6E1797BB6E279AB
:10F240007CB6E5797DB6E8797EB6EA7980B6EC7968
:10F2500081B6EE7982B6F17983B6F27984B6F37924
:10F2600085B6F47986B6F57987B6F67988B6F779F2
:10F2700089B6F9798AB6FA798BB6FC798CB6FE79BB
:10F280008DB6FF798EB6017A8FB6047A90B6057A7C
:10F2900091B6077A92B6087A93B6097A94B60A7A42
:10F2A00095B60C7A96B60F7A97B6107A98B6117A08
:10F2B00099B6127A9AB6137A9BB6157A9CB6167AD4
:10F2C0009DB6187A9EB6197A9FB61B7AA0B61C7A9C
:10F2D000A1B6014EA2B6EF76A3B6EE53A4B68994BA
:10F2E000A5B67698A6B60E9FA7B62D95A8B69A5B3A
:10F2F000A9B6A28BAAB6224EABB61C4EACB6AC5188
:10F30000ADB66384AEB6C261AFB6A852B0B60B68F4
:10F31000B1B6974FB2B66B60B3B6BB51B4B61E6D03
:10F32000B5B65C51B6B69662B7B69765B8B6619693
:10F33000B9B6468CBAB61790BBB6D875BCB6FD90B8
:10F34000BDB66377BEB6D26BBFB68A72C0B6EC727A
:10F35000C1B6FB8BC2B63558C3B67977C4B64C8DEF
:10F36000C5B65C67C6B64095C7B69A80C8B6A65EF5
:10F37000C9B6216ECAB69259CBB6EF7ACCB6ED7744
:10F38000CDB63B95CEB6B56BCFB6AD65D0B60E7FDC
:10F39000D1B60658D2B65151D3B61F96D4B6F95B42
:10F3A000D5B6A958D6B62854D7B6728ED8B66665E3
:10F3B000D9B67F98DAB6E456DBB69D94DCB6FE7615
:10F3C000DDB64190DEB68763DFB6C654E0B61A59A3
:10F3D000E1B63A59E2B69B57E3B6B28EE4B635676A
:10F3E000E5B6FA8DE6B63582E7B64152E8B6F0608A
:10F3F000E9B61558EAB6FE86EBB6E85CECB6459E73
:10F40000EDB6C44FEEB69D98EFB6B98BF0B6255A5F
:10F41000F1B67660F2B68453F3B67C62F4B64F90E0
:10F42000F5B60291F6B67F99F7B66960F8B60C802A
:10F43000F9B63F51FAB63380FBB6145CFCB6759949
:10F44000FDB6316DFEB68C4E40B71D7A41B71F7ABE
:10F4500042B7217A43B7227A44B7247A45B7257A4E
:10F4600046B7267A47B7277A48B7287A49B7297A1C
:10F470004AB72A7A4BB72B7A4CB72C7A4DB72D7AEC
:10F480004EB72E7A4FB72F7A50B7307A51B7317ABC
:10F4900052B7327A53B7347A54B7357A55B7367A89
:10F4A00056B7387A57B73A7A58B73E7A59B7407A4A
:10F4B0005AB7417A5BB7427A5CB7437A5DB7447A10
:10F4C0005EB7457A5FB7477A60B7487A61B7497ADD
:10F4D00062B74A7A63B74B7A64B74C7A65B74D7AAC
:10F4E00066B74E7A67B74F7A68B7507A69B7527A7B
:10F4F0006AB7537A6BB7547A6CB7557A6DB7567A48
:10F500006EB7587A6FB7597A70B75A7A71B75B7A13
:10F5100072B75C7A73B75D7A74B75E7A75B75F7AE3
:10F5200076B7607A77B7617A78B7627A79B7637AB3
:10F530007AB7647A7BB7657A7CB7667A7DB7677A83
:10F540007EB7687A80B7697A81B76A7A82B76B7A50
:10F5500083B76C7A84B76D7A85B76E7A86B76F7A1F
:10F5600087B7717A88B7727A89B7737A8AB7757AEA
:10F570008BB77B7A8CB77C7A8DB77D7A8EB77E7AA3
:10F580008FB7827A90B7857A91B7877A92B7897A5E
:10F5900093B78A7A94B78B7A95B78C7A96B78E7A26
:10F5A00097B78F7A98B7907A99B7937A9AB7947AEF
:10F5B0009BB7997A9CB79A7A9DB79B7A9EB79E7AA9
:10F5C0009FB7A17AA0B7A27AA1B7308DA2B7D153C5
:10F5D000A3B75A7FA4B74F7BA5B7104FA6B74F4E1E
:10F5E000A7B70096A8B7D56CA9B7D073AAB7E98515
:10F5F000ABB7065EACB76A75ADB7FB7FAEB70A6A4C
:10F60000AFB7FE77B0B79294B1B7417EB2B7E151D0
:10F61000B3B7E670B4B7CD53B5B7D48FB6B70383DD
:10F62000B7B7298DB8B7AF72B9B76D99BAB7DB6CF8
:10F63000BBB74A57BCB7B382BDB7B965BEB7AA80DE
:10F64000BFB73F62C0B73296C1B7A859C2B7FF4E25
:10F65000C3B7BF8BC4B7BA7EC5B73E65C6B7F28322
:10F66000C7B75E97C8B76155C9B7DE98CAB7A58056
:10F67000CBB72A53CCB7FD8BCDB72054CEB7BA80C9
:10F68000CFB79F5ED0B7B86CD1B7398DD2B7AC8247
:10F69000D3B75A91D4B72954D5B71B6CD6B70652F5
:10F6A000D7B7B77ED8B75F57D9B71A71DAB77E6CBC
:10F6B000DBB7897CDCB74B59DDB7FD4EDEB7FF5FAA
:10F6C000DFB72461E0B7AA7CE1B7304EE2B7015C56
:10F6D000E3B7AB67E4B70287E5B7F05CE6B70B9535
:10F6E000E7B7CE98E8B7AF75E9B7FD70EAB72290F3
:10F6F000EBB7AF51ECB71D7FEDB7BD8BEEB74959F6
:10F70000EFB7E451F0B75B4FF1B72654F2B72B597E
:10F71000F3B77765F4B7A480F5B7755BF6B7766293
:10F72000F7B7C262F8B7908FF9B7455EFAB71F6CAA
:10F73000FBB7267BFCB70F4FFDB7D84FFEB70D6761
:10F7400040B8A37A41B8A47A42B8A77A43B8A97A54
:10F7500044B8AA7A45B8AB7A46B8AE7A47B8AF7A19
:10F7600048B8B07A49B8B17A4AB8B27A4BB8B47AE4
:10F770004CB8B57A4DB8B67A4EB8B77A4FB8B87AB1
:10F7800050B8B97A51B8BA7A52B8BB7A53B8BC7A81
:10F7900054B8BD7A55B8BE7A56B8C07A57B8C17A4F
:10F7A00058B8C27A59B8C37A5AB8C47A5BB8C57A1D
:10F7B0005CB8C67A5DB8C77A5EB8C87A5FB8C97AED
:10F7C00060B8CA7A61B8CC7A62B8CD7A63B8CE7ABA
:10F7D00064B8CF7A65B8D07A66B8D17A67B8D27A89
:10F7E00068B8D37A69B8D47A6AB8D57A6BB8D77A58
:10F7F0006CB8D87A6DB8DA7A6EB8DB7A6FB8DC7A22
:10F8000070B8DD7A71B8E17A72B8E27A73B8E47AE6
:10F8100074B8E77A75B8E87A76B8E97A77B8EA7AA8
:10F8200078B8EB7A79B8EC7A7AB8EE7A7BB8F07A75
:10F830007CB8F17A7DB8F27A7EB8F37A80B8F47A3F
:10F8400081B8F57A82B8F67A83B8F77A84B8F87A0C
:10F8500085B8FB7A86B8FC7A87B8FE7A88B8007BD0
:10F8600089B8017B8AB8027B8BB8057B8CB8077B93
:10F870008DB8097B8EB80C7B8FB80D7B90B80E7B52
:10F8800091B8107B92B8127B93B8137B94B8167B17
:10F8900095B8177B96B8187B97B81A7B98B81C7BDD
:10F8A00099B81D7B9AB81F7B9BB8217B9CB8227BA3
:10F8B0009DB8237B9EB8277B9FB8297BA0B82D7B62
:10F8C000A1B86E6DA2B8AA6DA3B88F79A4B8B1889B
:10F8D000A5B8175FA6B82B75A7B89A62A8B8858F88
:10F8E000A9B8EF4FAAB8DC91ABB8A765ACB82F8127
:10F8F000ADB85181AEB89C5EAFB85081B0B8748DD0
:10F90000B1B86F52B2B88689B3B84B8DB4B80D593F
:10F91000B5B88550B6B8D84EB7B81C96B8B83672D8
:10F92000B9B87981BAB81F8DBBB8CC5BBCB8A38B12
:10F93000BDB84496BEB88759BFB81A7FC0B89054B6
:10F94000C1B87656C2B80E56C3B8E58BC4B839658F
:10F95000C5B88269C6B89994C7B8D676C8B8896E52
:10F96000C9B8725ECAB81875CBB84667CCB8D1674B
:10F97000CDB8FF7ACEB89D80CFB8768DD0B81F6154
:10F98000D1B8C679D2B86265D3B8638DD4B888517E
:10F99000D5B81A52D6B8A294D7B8387FD8B89B80B9
:10F9A000D9B8B27EDAB8975CDBB82F6EDCB8606786
:10F9B000DDB8D97BDEB88B76DFB8D89AE0B88F8116
:10F9C000E1B8947FE2B8D57CE3B81E64E4B8509502
:10F9D000E5B83F7AE6B84A54E7B8E554E8B84C6B66
:10F9E000E9B80164EAB80862EBB83D9EECB8F38070
:10F9F000EDB89975EEB87252EFB86997F0B85B84BC
:10FA0000F1B83C68F2B8E486F3B80196F4B894967D
:10FA1000F5B8EC94F6B82A4EF7B80454F8B8D97E85
:10FA2000F9B83968FAB8DF8DFBB81580FCB8F46610
:10FA3000FDB89A5EFEB8B97F40B92F7B41B9307BE3
:10FA400042B9327B43B9347B44B9357B45B9367B07
:10FA500046B9377B47B9397B48B93B7B49B93D7BD0
:10FA60004AB93F7B4BB9407B4CB9417B4DB9427B96
:10FA70004EB9437B4FB9447B50B9467B51B9487B63
:10FA800052B94A7B53B94D7B54B94E7B55B9537B20
:10FA900056B9557B57B9577B58B9597B59B95C7BD7
:10FAA0005AB95E7B5BB95F7B5CB9617B5DB9637B97
:10FAB0005EB9647B5FB9657B60B9667B61B9677B62
:10FAC00062B9687B63B9697B64B96A7B65B96B7B32
:10FAD00066B96C7B67B96D7B68B96F7B69B9707B00
:10FAE0006AB9737B6BB9747B6CB9767B6DB9787BC3
:10FAF0006EB97A7B6FB97C7B70B97D7B71B97F7B86
:10FB000072B9817B73B9827B74B9837B75B9847B4D
:10FB100076B9867B77B9877B78B9887B79B9897B19
:10FB20007AB98A7B7BB98B7B7CB98C7B7DB98E7BE8
:10FB30007EB98F7B80B9917B81B9927B82B9937BAF
:10FB400083B9967B84B9987B85B9997B86B99A7B72
:10FB500087B99B7B88B99E7B89B99F7B8AB9A07B3B
:10FB60008BB9A37B8CB9A47B8DB9A57B8EB9AE7BF9
:10FB70008FB9AF7B90B9B07B91B9B27B92B9B37BAF
:10FB800093B9B57B94B9B67B95B9B77B96B9B97B78
:10FB900097B9BA7B98B9BB7B99B9BC7B9AB9BD7B45
:10FBA0009BB9BE7B9CB9BF7B9DB9C07B9EB9C27B14
:10FBB0009FB9C37BA0B9C47BA1B9C257A2B93F808A
:10FBC000A3B99768A4B9E55DA5B93B65A6B99F52ED
:10FBD000A7B96D60A8B99A9FA9B99B4FAAB9AC8E75
:10FBE000ABB96C51ACB9AB5BADB9135FAEB9E95D04
:10FBF000AFB95E6CB0B9F162B1B9218DB2B97151D2
:10FC0000B3B9A994B4B9FE52B5B99F6CB6B9DF8245
:10FC1000B7B9D772B8B9A257B9B98467BAB92D8D37
:10FC2000BBB91F59BCB99C8FBDB9C783BEB9955428
:10FC3000BFB98D7BC0B9304FC1B9BD6CC2B9645B6F
:10FC4000C3B9D159C4B9139FC5B9E453C6B9CA865B
:10FC5000C7B9A89AC8B9378CC9B9A180CAB94565CE
:10FC6000CBB97E98CCB9FA56CDB9C796CEB92E523B
:10FC7000CFB9DC74D0B95052D1B9E15BD2B90263CB
:10FC8000D3B90289D4B9564ED5B9D062D6B92A6053
:10FC9000D7B9FA68D8B97351D9B9985BDAB9A05114
:10FCA000DBB9C289DCB9A17BDDB98699DEB9507FA9
:10FCB000DFB9EF60E0B94C70E1B92F8DE2B949517D
:10FCC000E3B97F5EE4B91B90E5B97074E6B9C48905
:10FCD000E7B92D57E8B94578E9B9525FEAB99F9F6E
:10FCE000EBB9FA95ECB9688FEDB93C9BEEB9E18BB5
:10FCF000EFB97876F0B94268F1B9DC67F2B9EA8D0C
:10FD0000F3B9358DF4B93D52F5B98A8FF6B9DA6E8B
:10FD1000F7B9CD68F8B90595F9B9ED90FAB9FD567E
:10FD2000FBB99C67FCB9F988FDB9C78FFEB9C85407
:10FD300040BAC57B41BAC87B42BAC97B43BACA7BC9
:10FD400044BACB7B45BACD7B46BACE7B47BACF7B94
:10FD500048BAD07B49BAD27B4ABAD47B4BBAD57B5E
:10FD60004CBAD67B4DBAD77B4EBAD87B4FBADB7B29
:10FD700050BADC7B51BADE7B52BADF7B53BAE07BF0
:10FD800054BAE27B55BAE37B56BAE47B57BAE77BB9
:10FD900058BAE87B59BAE97B5ABAEB7B5BBAEC7B81
:10FDA0005CBAED7B5DBAEF7B5EBAF07B5FBAF27B4B
:10FDB00060BAF37B61BAF47B62BAF57B63BAF67B17
:10FDC00064BAF87B65BAF97B66BAFA7B67BAFB7BE3
:10FDD00068BAFD7B69BAFF7B6ABA007C6BBA017CAA
:10FDE0006CBA027C6DBA037C6EBA047C6FBA057C77
:10FDF00070BA067C71BA087C72BA097C73BA0A7C44
:10FE000074BA0D7C75BA0E7C76BA107C77BA117C08
:10FE100078BA127C79BA137C7ABA147C7BBA157CD6
:10FE20007CBA177C7DBA187C7EBA197C80BA1A7CA1
:10FE300081BA1B7C82BA1C7C83BA1D7C84BA1E7C6E
:10FE400085BA207C86BA217C87BA227C88BA237C3A
:10FE500089BA247C8ABA257C8BBA287C8CBA297C06
:10FE60008DBA2B7C8EBA2C7C8FBA2D7C90BA2E7CCE
:10FE700091BA2F7C92BA307C93BA317C94BA327C9E
:10FE800095BA337C96BA347C97BA357C98BA367C6E
:10FE900099BA377C9ABA397C9BBA3A7C9CBA3B7C3B
:10FEA0009DBA3C7C9EBA3D7C9FBA3E7CA0BA427C07
:10FEB000A1BAB89AA2BA695BA3BA776DA4BA266C44
:10FEC000A5BAA54EA6BAB35BA7BA879AA8BA63919A
:10FED000A9BAA861AABAAF90ABBAE997ACBA2B5449
:10FEE000ADBAB56DAEBAD25BAFBAFD51B0BA8A55F4
:10FEF000B1BA557FB2BAF07FB3BABC64B4BA4D633D
:10FF0000B5BAF165B6BABE61B7BA8D60B8BA0A7152
:10FF1000B9BA576CBABA496CBBBA2F59BCBA6D673B
:10FF2000BDBA2A82BEBAD558BFBA8E56C0BA6A8C3C
:10FF3000C1BAEB6BC2BADD90C3BA7D59C4BA17809F
:10FF4000C5BAF753C6BA696DC7BA7554C8BA9D55D4
:10FF5000C9BA7783CABACF83CBBA3868CCBABE796C
:10FF6000CDBA8C54CEBA554FCFBA0854D0BAD27647
:10FF7000D1BA898CD2BA0296D3BAB36CD4BAB86D5E
:10FF8000D5BA6B8DD6BA1089D7BA649ED8BA3A8DD5
:10FF9000D9BA3F56DABAD19EDBBAD575DCBA885FDA
:10FFA000DDBAE072DEBA6860DFBAFC54E0BAA84E8F
:10FFB000E1BA2A6AE2BA6188E3BA5260E4BA708FA1
:10FFC000E5BAC454E6BAD870E7BA7986E8BA3F9E73
:10FFD000E9BA2A6DEABA8F5BEBBA185FECBAA27E77
:10FFE000EDBA8955EEBAAF4FEFBA3473F0BA3C545C
:10FFF000F1BA9A53F2BA1950F3BA0E54F4BA7C54C7
:020000040802F0
:10000000F5BA4E4EF6BAFD5FF7BA5A74F8BAF6581A
:10001000F9BA6B84FABAE180FBBA7487FCBAD07281
:10002000FDBACA7CFEBA566E40BB437C41BB447CE1
:1000300042BB457C43BB467C44BB477C45BB487CBC
:1000400046BB497C47BB4A7C48BB4B7C49BB4C7C8C
:100050004ABB4E7C4BBB4F7C4CBB507C4DBB517C58
:100060004EBB527C4FBB537C50BB547C51BB557C28
:1000700052BB567C53BB577C54BB587C55BB597CF8
:1000800056BB5A7C57BB5B7C58BB5C7C59BB5D7CC8
:100090005ABB5E7C5BBB5F7C5CBB607C5DBB617C98
:1000A0005EBB627C5FBB637C60BB647C61BB657C68
:1000B00062BB667C63BB677C64BB687C65BB697C38
:1000C00066BB6A7C67BB6B7C68BB6C7C69BB6D7C08
:1000D0006ABB6E7C6BBB6F7C6CBB707C6DBB717CD8
:1000E0006EBB727C6FBB757C70BB767C71BB777CA2
:1000F00072BB787C73BB797C74BB7A7C75BB7E7C6D
:1001000076BB7F7C77BB807C78BB817C79BB827C33
:100110007ABB837C7BBB847C7CBB857C7DBB867C03
:100120007EBB877C80BB887C81BB8A7C82BB8B7CCE
:1001300083BB8C7C84BB8D7C85BB8E7C86BB8F7C9B
:1001400087BB907C88BB937C89BB947C8ABB967C64
:100150008BBB997C8CBB9A7C8DBB9B7C8EBBA07C23
:100160008FBBA17C90BBA37C91BBA67C92BBA77CE0
:1001700093BBA87C94BBA97C95BBAB7C96BBAC7CA9
:1001800097BBAD7C98BBAF7C99BBB07C9ABBB47C71
:100190009BBBB57C9CBBB67C9DBBB77C9EBBB87C37
:1001A0009FBBBA7CA0BBBB7CA1BB275FA2BB4E861A
:1001B000A3BB2C55A4BBA462A5BB924EA6BBAA6C44
:1001C000A7BB3762A8BBB182A9BBD754AABB4E5309
:1001D000ABBB3E73ACBBD16EADBB3B75AEBB12527D
:1001E000AFBB1653B0BBDD8BB1BBD069B2BB8A5F6E
:1001F000B3BB0060B4BBEE6DB5BB4F57B6BB226B53
:10020000B7BBAF73B8BB5368B9BBD88FBABB137F4A
:10021000BBBB6263BCBBA360BDBB2455BEBBEA7560
:10022000BFBB628CC0BB1571C1BBA36DC2BBA65B5B
:10023000C3BB7B5EC4BB5283C5BB4C61C6BBC49E03
:10024000C7BBFA78C8BB5787C9BB277CCABB8776B0
:10025000CBBBF051CCBBF660CDBB4C71CEBB436683
:10026000CFBB4C5ED0BB4D60D1BB0E8CD2BB70708F
:10027000D3BB2563D4BB898FD5BBBD5FD6BB6260C2
:10028000D7BBD486D8BBDE56D9BBC16BDABB946072
:10029000DBBB6761DCBB4953DDBBE060DEBB666690
:1002A000DFBB3F8DE0BBFD79E1BB1A4FE2BBE970DC
:1002B000E3BB476CE4BBB38BE5BBF28BE6BBD87EFC
:1002C000E7BB6483E8BB0F66E9BB5A5AEABB429BB3
:1002D000EBBB516DECBBF76DEDBB418CEEBB3B6DE9
:1002E000EFBB194FF0BB6B70F1BBB783F2BB16626B
:1002F000F3BBD160F4BB0D97F5BB278DF6BB7879C6
:10030000F7BBFB51F8BB3E57F9BBFA57FABB3A674C
:10031000FBBB7875FCBB3D7AFDBBEF79FEBB957BE3
:1003200040BCBF7C41BCC07C42BCC27C43BCC37CE3
:1003300044BCC47C45BCC67C46BCC97C47BCCB7CA9
:1003400048BCCE7C49BCCF7C4ABCD07C4BBCD17C69
:100350004CBCD27C4DBCD37C4EBCD47C4FBCD87C36
:1003600050BCDA7C51BCDB7C52BCDD7C53BCDE7CF7
:1003700054BCE17C55BCE27C56BCE37C57BCE47CBD
:1003800058BCE57C59BCE67C5ABCE77C5BBCE97C8C
:100390005CBCEA7C5DBCEB7C5EBCEC7C5FBCED7C59
:1003A00060BCEE7C61BCF07C62BCF17C63BCF27C26
:1003B00064BCF37C65BCF47C66BCF57C67BCF67CF5
:1003C00068BCF77C69BCF97C6ABCFA7C6BBCFC7CC1
:1003D0006CBCFD7C6DBCFE7C6EBCFF7C6FBC007D8C
:1003E00070BC017D71BC027D72BC037D73BC047D59
:1003F00074BC057D75BC067D76BC077D77BC087D29
:1004000078BC097D79BC0B7D7ABC0C7D7BBC0D7DF5
:100410007CBC0E7D7DBC0F7D7EBC107D80BC117DC3
:1004200081BC127D82BC137D83BC147D84BC157D90
:1004300085BC167D86BC177D87BC187D88BC197D60
:1004400089BC1A7D8ABC1B7D8BBC1C7D8CBC1D7D30
:100450008DBC1E7D8EBC1F7D8FBC217D90BC237DFD
:1004600091BC247D92BC257D93BC267D94BC287DC7
:1004700095BC297D96BC2A7D97BC2C7D98BC2D7D92
:1004800099BC2E7D9ABC307D9BBC317D9CBC327D5D
:100490009DBC337D9EBC347D9FBC357DA0BC367D2C
:1004A000A1BC8C80A2BC6599A3BCF98FA4BCC06F11
:1004B000A5BCA58BA6BC219EA7BCEC59A8BCE97E17
:1004C000A9BC097FAABC0954ABBC8167ACBCD86885
:1004D000ADBC918FAEBC4D7CAFBCC696B0BCCA5310
:1004E000B1BC2560B2BCBE75B3BC726CB4BC7353F6
:1004F000B5BCC95AB6BCA77EB7BC2463B8BCE05132
:10050000B9BC0A81BABCF15DBBBCDF84BCBC8062F3
:10051000BDBC8051BEBC635BBFBC0E4FC0BC6D791F
:10052000C1BC4252C2BCB860C3BC4E6DC4BCC45B4B
:10053000C5BCC25BC6BCA18BC7BCB08BC8BCE265E6
:10054000C9BCCC5FCABC4596CBBC9359CCBCE77E3A
:10055000CDBCAA7ECEBC0956CFBCB767D0BC39593A
:10056000D1BC734FD2BCB65BD3BCA052D4BC5A83AF
:10057000D5BC8A98D6BC3E8DD7BC3275D8BCBE944B
:10058000D9BC4750DABC3C7ADBBCF74EDCBCB66762
:10059000DDBC7E9ADEBCC15ADFBC7C6BE0BCD17690
:1005A000E1BC5A57E2BC165CE3BC3A7BE4BCF49570
:1005B000E5BC4E71E6BC7C51E7BCA980E8BC70820A
:1005C000E9BC7859EABC047FEBBC2783ECBCC0686B
:1005D000EDBCEC67EEBCB178EFBC7778F0BCE362C1
:1005E000F1BC6163F2BC807BF3BCED4FF4BC6A529A
:1005F000F5BCCF51F6BC5083F7BCDB69F8BC7492F4
:10060000F9BCF58DFABC318DFBBCC189FCBC2E95C3
:10061000FDBCAD7BFEBCF64E40BD377D41BD387D97
:1006200042BD397D43BD3A7D44BD3B7D45BD3C7DEA
:1006300046BD3D7D47BD3E7D48BD3F7D49BD407DBA
:100640004ABD417D4BBD427D4CBD437D4DBD447D8A
:100650004EBD457D4FBD467D50BD477D51BD487D5A
:1006600052BD497D53BD4A7D54BD4B7D55BD4C7D2A
:1006700056BD4D7D57BD4E7D58BD4F7D59BD507DFA
:100680005ABD517D5BBD527D5CBD537D5DBD547DCA
:100690005EBD557D5FBD567D60BD577D61BD587D9A
:1006A00062BD597D63BD5A7D64BD5B7D65BD5C7D6A
:1006B00066BD5D7D67BD5E7D68BD5F7D69BD607D3A
:1006C0006ABD617D6BBD627D6CBD637D6DBD647D0A
:1006D0006EBD657D6FBD667D70BD677D71BD687DDA
:1006E00072BD697D73BD6A7D74BD6B7D75BD6C7DAA
:1006F00076BD6D7D77BD6F7D78BD707D79BD717D77
:100700007ABD727D7BBD737D7CBD747D7DBD757D45
:100710007EBD767D80BD787D81BD797D82BD7A7D0F
:1007200083BD7B7D84BD7C7D85BD7D7D86BD7E7DDD
:1007300087BD7F7D88BD807D89BD817D8ABD827DAD
:100740008BBD837D8CBD847D8DBD857D8EBD867D7D
:100750008FBD877D90BD887D91BD897D92BD8A7D4D
:1007600093BD8B7D94BD8C7D95BD8D7D96BD8E7D1D
:1007700097BD8F7D98BD907D99BD917D9ABD927DED
:100780009BBD937D9CBD947D9DBD957D9EBD967DBD
:100790009FBD977DA0BD987DA1BD6550A2BD308253
:1007A000A3BD5152A4BD6F99A5BD106EA6BD856EA7
:1007B000A7BDA76DA8BDFA5EA9BDF550AABDDC59BD
:1007C000ABBD065CACBD466DADBD5F6CAEBD8675A8
:1007D000AFBD8B84B0BD6868B1BD5659B2BDB28B98
:1007E000B3BD2053B4BD7191B5BD4D96B6BD49851D
:1007F000B7BD1269B8BD0179B9BD2671BABDF68021
:10080000BBBDA44EBCBDCA90BDBD476DBEBD849AE4
:10081000BFBD075AC0BDBC56C1BD0564C2BDF09482
:10082000C3BDEB77C4BDA54FC5BD1A81C6BDE1727E
:10083000C7BDD289C8BD7A99C9BD347FCABDDE7E25
:10084000CBBD7F52CCBD5965CDBD7591CEBD7F8FDF
:10085000CFBD838FD0BDEB53D1BD967AD2BDED63B2
:10086000D3BDA563D4BD8676D5BDF879D6BD5788EE
:10087000D7BD3696D8BD2A62D9BDAB52DABD8282C9
:10088000DBBD5468DCBD7067DDBD7763DEBD6B77B3
:10089000DFBDED7AE0BD016DE1BDD37EE2BDE38950
:1008A000E3BDD059E4BD1262E5BDC985E6BDA582B0
:1008B000E7BD4C75E8BD1F50E9BDCB4EEABDA5753F
:1008C000EBBDEB8BECBD4A5CEDBDFE5DEEBD4B7B45
:1008D000EFBDA465F0BDD191F1BDCA4EF2BD256D4D
:1008E000F3BD5F89F4BD277DF5BD2695F6BDC54EE8
:1008F000F7BD288CF8BDDB8FF9BD7397FABD4B6649
:10090000FBBD8179FCBDD18FFDBDEC70FEBD786D66
:1009100040BE997D41BE9A7D42BE9B7D43BE9C7D7B
:1009200044BE9D7D45BE9E7D46BE9F7D47BEA07D4B
:1009300048BEA17D49BEA27D4ABEA37D4BBEA47D1B
:100940004CBEA57D4DBEA77D4EBEA87D4FBEA97DE8
:1009500050BEAA7D51BEAB7D52BEAC7D53BEAD7DB7
:1009600054BEAF7D55BEB07D56BEB17D57BEB27D83
:1009700058BEB37D59BEB47D5ABEB57D5BBEB67D53
:100980005CBEB77D5DBEB87D5EBEB97D5FBEBA7D23
:1009900060BEBB7D61BEBC7D62BEBD7D63BEBE7DF3
:1009A00064BEBF7D65BEC07D66BEC17D67BEC27DC3
:1009B00068BEC37D69BEC47D6ABEC57D6BBEC67D93
:1009C0006CBEC77D6DBEC87D6EBEC97D6FBECA7D63
:1009D00070BECB7D71BECC7D72BECD7D73BECE7D33
:1009E00074BECF7D75BED07D76BED17D77BED27D03
:1009F00078BED37D79BED47D7ABED57D7BBED67DD3
:100A00007CBED77D7DBED87D7EBED97D80BEDA7DA1
:100A100081BEDB7D82BEDC7D83BEDD7D84BEDE7D6E
:100A200085BEDF7D86BEE07D87BEE17D88BEE27D3E
:100A300089BEE37D8ABEE47D8BBEE57D8CBEE67D0E
:100A40008DBEE77D8EBEE87D8FBEE97D90BEEA7DDE
:100A500091BEEB7D92BEEC7D93BEED7D94BEEE7DAE
:100A600095BEEF7D96BEF07D97BEF17D98BEF27D7E
:100A700099BEF37D9ABEF47D9BBEF57D9CBEF67D4E
:100A80009DBEF77D9EBEF87D9FBEF97DA0BEFA7D1E
:100A9000A1BE3D5CA2BEB252A3BE4683A4BE6251BB
:100AA000A5BE0E83A6BE5B77A7BE7666A8BEB89C21
:100AB000A9BEAC4EAABECA60ABBEBE7CACBEB37C07
:100AC000ADBECF7EAEBE954EAFBE668BB0BE6F667E
:100AD000B1BE8898B2BE5997B3BE8358B4BE6C6598
:100AE000B5BE5C95B6BE845FB7BEC975B8BE569735
:100AF000B9BEDF7ABABEDE7ABBBEC051BCBEAF7033
:100B0000BDBE987ABEBEEA63BFBE767AC0BEA07E86
:100B1000C1BE9673C2BEED97C3BE454EC4BE7870CB
:100B2000C5BE5D4EC6BE5291C7BEA953C8BE516573
:100B3000C9BEE765CABEFC81CBBE0582CCBE8E5461
:100B4000CDBE315CCEBE9A75CFBEA097D0BED86266
:100B5000D1BED972D2BEBD75D3BE455CD4BE799A22
:100B6000D5BECA83D6BE405CD7BE8054D8BEE97716
:100B7000D9BE3E4EDABEAE6CDBBE5A80DCBED2625F
:100B8000DDBE6E63DEBEE85DDFBE7751E0BEDD8DAB
:100B9000E1BE1E8EE2BE2F95E3BEF14FE4BEE553EB
:100BA000E5BEE760E6BEAC70E7BE6752E8BE5063E4
:100BB000E9BE439EEABE1F5AEBBE2650ECBE377715
:100BC000EDBE7753EEBEE27EEFBE8564F0BE2B65D0
:100BD000F1BE8962F2BE9863F3BE1450F4BE357262
:100BE000F5BEC989F6BEB351F7BEC08BF8BEDD7E37
:100BF000F9BE4757FABECC83FBBEA794FCBE9B51FF
:100C0000FDBE1B54FEBEFB5C40BFFB7D41BFFC7DB7
:100C100042BFFD7D43BFFE7D44BFFF7D45BF007EDB
:100C200046BF017E47BF027E48BF037E49BF047EA8
:100C30004ABF057E4BBF067E4CBF077E4DBF087E78
:100C40004EBF097E4FBF0A7E50BF0B7E51BF0C7E48
:100C500052BF0D7E53BF0E7E54BF0F7E55BF107E18
:100C600056BF117E57BF127E58BF137E59BF147EE8
:100C70005ABF157E5BBF167E5CBF177E5DBF187EB8
:100C80005EBF197E5FBF1A7E60BF1B7E61BF1C7E88
:100C900062BF1D7E63BF1E7E64BF1F7E65BF207E58
:100CA00066BF217E67BF227E68BF237E69BF247E28
:100CB0006ABF257E6BBF267E6CBF277E6DBF287EF8
:100CC0006EBF297E6FBF2A7E70BF2B7E71BF2C7EC8
:100CD00072BF2D7E73BF2E7E74BF2F7E75BF307E98
:100CE00076BF317E77BF327E78BF337E79BF347E68
:100CF0007ABF357E7BBF367E7CBF377E7DBF387E38
:100D00007EBF397E80BF3A7E81BF3C7E82BF3D7E02
:100D100083BF3E7E84BF3F7E85BF407E86BF427ECE
:100D200087BF437E88BF447E89BF457E8ABF467E9B
:100D30008BBF487E8CBF497E8DBF4A7E8EBF4B7E67
:100D40008FBF4C7E90BF4D7E91BF4E7E92BF4F7E37
:100D500093BF507E94BF517E95BF527E96BF537E07
:100D600097BF547E98BF557E99BF567E9ABF577ED7
:100D70009BBF587E9CBF597E9DBF5A7E9EBF5B7EA7
:100D80009FBF5C7EA0BF5D7EA1BFCA4FA2BFE37ABA
:100D9000A3BF5A6DA4BFE190A5BF8F9AA6BF80558F
:100DA000A7BF9654A8BF6153A9BFAF54AABF005FA5
:100DB000ABBFE963ACBF7769ADBFEF51AEBF686150
:100DC000AFBF0A52B0BF2A58B1BFD852B2BF4E57B8
:100DD000B3BF0D78B4BF0B77B5BFB75EB6BF776151
:100DE000B7BFE07CB8BF5B62B9BF9762BABFA24E23
:100DF000BBBF9570BCBF0380BDBFF762BEBFE470D0
:100E0000BFBF6097C0BF7757C1BFDB82C2BFEF676C
:100E1000C3BFF568C4BFD578C5BF9798C6BFD179A1
:100E2000C7BFF358C8BFB354C9BFEF53CABF346E6E
:100E3000CBBF4B51CCBF3B52CDBFA25BCEBFFE8BD5
:100E4000CFBFAF80D0BF4355D1BFA657D2BF7360CD
:100E5000D3BF5157D4BF2D54D5BF7A7AD6BF506077
:100E6000D7BF545BD8BFA763D9BFA062DABFE35333
:100E7000DBBF6362DCBFC75BDDBFAF67DEBFED54C6
:100E8000DFBF9F7AE0BFE682E1BF7791E2BF935E6A
:100E9000E3BFE488E4BF3859E5BFAE57E6BF0E6351
:100EA000E7BFE88DE8BFEF80E9BF5757EABF777B20
:100EB000EBBFA94FECBFEB5FEDBFBD5BEEBF3E6B81
:100EC000EFBF2153F0BF507BF1BFC272F2BF466843
:100ED000F3BFFF77F4BF3677F5BFF765F6BFB551BF
:100EE000F7BF8F4EF8BFD476F9BFBF5CFABFA57AC3
:100EF000FBBF7584FCBF4E59FDBF419BFEBF8050B8
:100F000040C05E7E41C05F7E42C0607E43C0617E65
:100F100044C0627E45C0637E46C0647E47C0657E35
:100F200048C0667E49C0677E4AC0687E4BC0697E05
:100F30004CC06A7E4DC06B7E4EC06C7E4FC06D7ED5
:100F400050C06E7E51C06F7E52C0707E53C0717EA5
:100F500054C0727E55C0737E56C0747E57C0757E75
:100F600058C0767E59C0777E5AC0787E5BC0797E45
:100F70005CC07A7E5DC07B7E5EC07C7E5FC07D7E15
:100F800060C07E7E61C07F7E62C0807E63C0817EE5
:100F900064C0837E65C0847E66C0857E67C0867EB1
:100FA00068C0877E69C0887E6AC0897E6BC08A7E81
:100FB0006CC08B7E6DC08C7E6EC08D7E6FC08E7E51
:100FC00070C08F7E71C0907E72C0917E73C0927E21
:100FD00074C0937E75C0947E76C0957E77C0967EF1
:100FE00078C0977E79C0987E7AC0997E7BC09A7EC1
:100FF0007CC09C7E7DC09D7E7EC09E7E80C0AE7E7D
:1010000081C0B47E82C0BB7E83C0BC7E84C0D67EDD
:1010100085C0E47E86C0EC7E87C0F97E88C00A7FEA
:1010200089C0107F8AC01E7F8BC0377F8CC0397FFC
:101030008DC03B7F8EC03C7F8FC03D7F90C03E7F88
:1010400091C03F7F92C0407F93C0417F94C0437F57
:1010500095C0467F96C0477F97C0487F98C0497F1C
:1010600099C04A7F9AC04B7F9BC04C7F9CC04D7FEC
:101070009DC04E7F9EC04F7F9FC0527FA0C0537FB8
:10108000A1C08899A2C02761A3C0836EA4C0645781
:10109000A5C00666A6C04663A7C0F056A8C0EC620D
:1010A000A9C06962AAC0D35EABC01496ACC0835716
:1010B000ADC0C962AEC08755AFC02187B0C04A81FC
:1010C000B1C0A38FB2C06655B3C0B183B4C0656769
:1010D000B5C0568DB6C0DD84B7C06A5AB8C00F68B7
:1010E000B9C0E662BAC0EE7BBBC01196BCC07051FD
:1010F000BDC09C6FBEC0308CBFC0FD63C0C0C8897E
:10110000C1C0D261C2C0067FC3C0C270C4C0E56E98
:10111000C5C00574C6C09469C7C0FC72C8C0CA5EA9
:10112000C9C0CE90CAC01767CBC06A6DCCC05E6321
:10113000CDC0B352CEC06272CFC00180D0C06C4F60
:10114000D1C0E559D2C06A91D3C0D970D4C09D6DC9
:10115000D5C0D252D6C0504ED7C0F796D8C06D95E4
:10116000D9C07E85DAC0CA78DBC02F7DDCC02151B2
:10117000DDC09257DEC0C264DFC08B80E0C07B7CE4
:10118000E1C0EA6CE2C0F168E3C05E69E4C0B75157
:10119000E5C09853E6C0A868E7C08172E8C0CE9E5B
:1011A000E9C0F17BEAC0F872EBC0BB79ECC0136F09
:1011B000EDC00674EEC04E67EFC0CC91F0C0A49CA9
:1011C000F1C03C79F2C08983F3C05483F4C00F545A
:1011D000F5C01768F6C03D4EF7C08953F8C0B1524C
:1011E000F9C03E78FAC08653FBC02952FCC0885033
:1011F000FDC08B4FFEC0D04F40C1567F41C1597FCB
:1012000042C15B7F43C15C7F44C15D7F45C15E7F5E
:1012100046C1607F47C1637F48C1647F49C1657F24
:101220004AC1667F4BC1677F4CC16B7F4DC16C7FEC
:101230004EC16D7F4FC16F7F50C1707F51C1737FB1
:1012400052C1757F53C1767F54C1777F55C1787F76
:1012500056C17A7F57C17B7F58C17C7F59C17D7F42
:101260005AC17F7F5BC1807F5CC1827F5DC1837F0C
:101270005EC1847F5FC1857F60C1867F61C1877FDA
:1012800062C1887F63C1897F64C18B7F65C18D7FA7
:1012900066C18F7F67C1907F68C1917F69C1927F6E
:1012A0006AC1937F6BC1957F6CC1967F6DC1977F3B
:1012B0006EC1987F6FC1997F70C19B7F71C19C7F08
:1012C00072C1A07F73C1A27F74C1A37F75C1A57FC6
:1012D00076C1A67F77C1A87F78C1A97F79C1AA7F8F
:1012E0007AC1AB7F7BC1AC7F7CC1AD7F7DC1AE7F5E
:1012F0007EC1B17F80C1B37F81C1B47F82C1B57F20
:1013000083C1B67F84C1B77F85C1BA7F86C1BB7FE9
:1013100087C1BE7F88C1C07F89C1C27F8AC1C37FA8
:101320008BC1C47F8CC1C67F8DC1C77F8EC1C87F72
:101330008FC1C97F90C1CB7F91C1CD7F92C1CF7F3B
:1013400093C1D07F94C1D17F95C1D27F96C1D37F05
:1013500097C1D67F98C1D77F99C1D97F9AC1DA7FCB
:101360009BC1DB7F9CC1DC7F9DC1DD7F9EC1DE7F99
:101370009FC1E27FA0C1E37FA1C1E275A2C1CB7A88
:10138000A3C1927CA4C1A56CA5C1B696A6C19B526F
:10139000A7C18374A8C1E954A9C1E94FAAC1548067
:1013A000ABC1B283ACC1DE8FADC17095AEC1C95EB9
:1013B000AFC11C60B0C19F6DB1C1185EB2C15B65A9
:1013C000B3C13881B4C1FE94B5C14B60B6C1BC7025
:1013D000B7C1C37EB8C1AE7CB9C1C951BAC18168B9
:1013E000BBC1B17CBCC16F82BDC1244EBEC1868F62
:1013F000BFC1CF91C0C17E66C1C1AE4EC2C1058C16
:10140000C3C1A964C4C14A80C5C1DA50C6C19775B9
:10141000C7C1CE71C8C1E55BC9C1BD8FCAC1666F06
:10142000CBC1864ECCC18264CDC16395CEC1D65EA0
:10143000CFC19965D0C11752D1C1C288D2C1C8707D
:10144000D3C1A352D4C10E73D5C13374D6C197672B
:10145000D7C1F778D8C11697D9C1344EDAC1BB903D
:10146000DBC1DE9CDCC1CB6DDDC1DB51DEC1418D5A
:10147000DFC11D54E0C1CE62E1C1B273E2C1F183AC
:10148000E3C1F696E4C1849FE5C1C394E6C1364F3B
:10149000E7C19A7FE8C1CC51E9C17570EAC1759680
:1014A000EBC1AD5CECC18698EDC1E653EEC1E44EF4
:1014B000EFC19C6EF0C10974F1C1B469F2C16B78DF
:1014C000F3C18F99F4C15975F5C11852F6C124764C
:1014D000F7C1416DF8C1F367F9C16D51FAC1999F28
:1014E000FBC14B80FCC19954FDC13C7BFEC1BF7A5E
:1014F00040C2E47F41C2E77F42C2E87F43C2EA7F45
:1015000044C2EB7F45C2EC7F46C2ED7F47C2EF7F0E
:1015100048C2F27F49C2F47F4AC2F57F4BC2F67FD0
:101520004CC2F77F4DC2F87F4EC2F97F4FC2FA7F9F
:1015300050C2FD7F51C2FE7F52C2FF7F53C2028064
:1015400054C2078055C2088056C2098057C20A801B
:1015500058C20E8059C20F805AC211805BC21380DC
:101560005CC21A805DC21B805EC21D805FC21E808D
:1015700060C21F8061C2218062C2238063C2248056
:1015800064C22B8065C22C8066C22D8067C22E800B
:1015900068C22F8069C230806AC232806BC23480D8
:1015A0006CC239806DC23A806EC23C806FC23E8090
:1015B00070C2408071C2418072C2448073C2458053
:1015C00074C2478075C2488076C2498077C24E8017
:1015D00078C24F8079C250807AC251807BC25380DA
:1015E0007CC255807DC256807EC2578080C25980A1
:1015F00081C25B8082C25C8083C25D8084C25E8067
:1016000085C25F8086C2608087C2618088C2628036
:1016100089C263808AC264808BC265808CC2668006
:101620008DC267808EC268808FC26B8090C26C80D2
:1016300091C26D8092C26E8093C26F8094C270809E
:1016400095C2728096C2738097C2748098C275806A
:1016500099C276809AC277809BC278809CC279803A
:101660009DC27A809EC27B809FC27C80A0C27D800A
:10167000A1C28696A2C28457A3C2E262A4C24796C0
:10168000A5C27C69A6C2045AA7C20264A8C2D37BC1
:10169000A9C20F6FAAC24B96ABC2A682ACC262535C
:1016A000ADC28598AEC2905EAFC28970B0C2B3635E
:1016B000B1C26453B2C24F86B3C2819CB4C2939E7E
:1016C000B5C28C78B6C23297B7C2EF8DB8C2428D20
:1016D000B9C27F9EBAC25E6FBBC28479BCC2555F7D
:1016E000BDC24696BEC22E62BFC2749AC0C2155415
:1016F000C1C2DD94C2C2A34FC3C2C565C4C2655C8A
:10170000C5C2615CC6C2157FC7C25186C8C22F6CF4
:10171000C9C28B5FCAC28773CBC2E46ECCC2FF7EE4
:10172000CDC2E65CCEC21B63CFC26A5BD0C2E66E9E
:10173000D1C27553D2C2714ED3C2A063D4C26575F3
:10174000D5C2A162D6C26E8FD7C2264FD8C2D14EA3
:10175000D9C2A66CDAC2B67EDBC2BA8BDCC21D84EB
:10176000DDC2BA87DEC2577FDFC23B90E0C223955D
:10177000E1C2A97BE2C2A19AE3C2F888E4C23D8437
:10178000E5C21B6DE6C2869AE7C2DC7EE8C28859D4
:10179000E9C2BB9EEAC29B73EBC20178ECC28286AF
:1017A000EDC26C9AEEC2829AEFC21B56F0C2175479
:1017B000F1C2CB57F2C2704EF3C2A69EF4C256538A
:1017C000F5C2C88FF6C20981F7C29277F8C2929922
:1017D000F9C2EE86FAC2E16EFBC21385FCC2FC665A
:1017E000FDC26261FEC22B6F40C37E8041C3818017
:1017F00042C3828043C3858044C3888045C38A80B6
:1018000046C38D8047C38E8048C38F8049C3908074
:101810004AC391804BC392804CC394804DC3958042
:101820004EC397804FC3998050C39E8051C3A380FD
:1018300052C3A68053C3A78054C3A88055C3AC80AD
:1018400056C3B08057C3B38058C3B58059C3B68060
:101850005AC3B8805BC3B9805CC3BB805DC3C5801D
:101860005EC3C7805FC3C88060C3C98061C3CA80CC
:1018700062C3CB8063C3CF8064C3D08065C3D18093
:1018800066C3D28067C3D38068C3D48069C3D58060
:101890006AC3D8806BC3DF806CC3E0806DC3E28015
:1018A0006EC3E3806FC3E68070C3EE8071C3F580C2
:1018B00072C3F78073C3F98074C3FB8075C3FE8065
:1018C00076C3FF8077C3008178C3018179C3038128
:1018D0007AC304817BC305817CC307817DC30881F2
:1018E0007EC30B8180C30C8181C3158182C31781A4
:1018F00083C3198184C31B8185C31C8186C31D8159
:1019000087C31F8188C3208189C321818AC3228123
:101910008BC323818CC324818DC325818EC32681F3
:101920008FC3278190C3288191C3298192C32A81C3
:1019300093C32B8194C32D8195C32E8196C330818F
:1019400097C3338198C3348199C335819AC3378152
:101950009BC339819CC33A819DC33B819EC33C811B
:101960009FC33D81A0C33F81A1C3298CA2C39282A2
:10197000A3C32B83A4C3F276A5C3136CA6C3D95FFC
:10198000A7C3BD83A8C32B73A9C30583AAC31A9594
:10199000ABC3DB6BACC3DB77ADC3C694AEC36F53D5
:1019A000AFC30283B0C39251B1C33D5EB2C38C8C4E
:1019B000B3C3388DB4C3484EB5C3AB73B6C39A67CF
:1019C000B7C38568B8C37691B9C30997BAC36471C0
:1019D000BBC3A16CBCC30977BDC3925ABEC34195BA
:1019E000BFC3CF6BC0C38E7FC1C32766C2C3D05BEA
:1019F000C3C3B959C4C39A5AC5C3E895C6C3F795BA
:101A0000C7C3EC4EC8C30C84C9C39984CAC3AC6AAB
:101A1000CBC3DF76CCC33095CDC31B73CEC3A668D2
:101A2000CFC35F5BD0C32F77D1C39A91D2C36197E5
:101A3000D3C3DC7CD4C3F78FD5C31C8CD6C3255F3E
:101A4000D7C3737CD8C3D879D9C3C589DAC3CC6C62
:101A5000DBC31C87DCC3C65BDDC3425EDEC3C96873
:101A6000DFC32077E0C3F57EE1C39551E2C34D515A
:101A7000E3C3C952E4C3295AE5C3057FE6C36297AD
:101A8000E7C3D782E8C3CF63E9C38477EAC3D085CD
:101A9000EBC3D279ECC33A6EEDC3995EEEC39959AC
:101AA000EFC31185F0C36D70F1C3116CF2C3BF6257
:101AB000F3C3BF76F4C34F65F5C3AF60F6C3FD95BE
:101AC000F7C30E66F8C39F87F9C3239EFAC3ED944C
:101AD000FBC30D54FCC37D54FDC32C8CFEC3786442
:101AE00040C4408141C4418142C4428143C44381D6
:101AF00044C4448145C4458146C4478147C44981A3
:101B000048C44D8149C44E814AC44F814BC452815F
:101B10004CC456814DC457814EC458814FC45B811B
:101B200050C45C8151C45D8152C45E8153C45F81E5
:101B300054C4618155C4628156C4638157C46481B1
:101B400058C4668159C468815AC46A815BC46B8178
:101B50005CC46C815DC46F815EC472815FC473813B
:101B600060C4758161C4768162C4778163C4788101
:101B700064C4818165C4838166C4848167C48581AE
:101B800068C4868169C487816AC489816BC48B817A
:101B90006CC48C816DC48D816EC48E816FC4908144
:101BA00070C4928171C4938172C4948173C495810D
:101BB00074C4968175C4978176C4998177C49A81DB
:101BC00078C49E8179C49F817AC4A0817BC4A1819D
:101BD0007CC4A2817DC4A4817EC4A58180C4A78168
:101BE00081C4A98182C4AB8183C4AC8184C4AD812A
:101BF00085C4AE8186C4AF8187C4B08188C4B181F9
:101C000089C4B2818AC4B4818BC4B5818CC4B681C5
:101C10008DC4B7818EC4B8818FC4B98190C4BC8192
:101C200091C4BD8192C4BE8193C4BF8194C4C48158
:101C300095C4C58196C4C78197C4C88198C4C98119
:101C400099C4CB819AC4CD819BC4CE819CC4CF81E1
:101C50009DC4D0819EC4D1819FC4D281A0C4D381B0
:101C6000A1C47964A2C41186A3C4216AA4C49C81BE
:101C7000A5C4E878A6C46964A7C4549BA8C4B96283
:101C8000A9C42B67AAC4AB83ABC4A858ACC4D89E64
:101C9000ADC4AB6CAEC4206FAFC4DE5BB0C44C96B9
:101CA000B1C40B8CB2C45F72B3C4D067B4C4C76292
:101CB000B5C46172B6C4A94EB7C4C659B8C4CD6B19
:101CC000B9C49358BAC4AE66BBC4555EBCC4DF5237
:101CD000BDC45561BEC42867BFC4EE76C0C4667774
:101CE000C1C46772C2C4467AC3C4FF62C4C4EA54A2
:101CF000C5C45054C6C4A094C7C4A390C8C41C5A39
:101D0000C9C4B37ECAC4166CCBC4434ECCC4765986
:101D1000CDC41080CEC44859CFC45753D0C43775F2
:101D2000D1C4BE96D2C4CA56D3C42063D4C41181D0
:101D3000D5C47C60D6C4F995D7C4D66DD8C46254D6
:101D4000D9C48199DAC48551DBC4E95ADCC4FD8069
:101D5000DDC4AE59DEC41397DFC42A50E0C4E56C7D
:101D6000E1C43C5CE2C4DF62E3C4604FE4C43F53BF
:101D7000E5C47B81E6C40690E7C4BA6EE8C42B854F
:101D8000E9C4C862EAC4745EEBC4BE78ECC4B5644E
:101D9000EDC47B63EEC4F55FEFC4185AF0C47F91C5
:101DA000F1C41F9EF2C43F5CF3C44F63F4C442808D
:101DB000F5C47D5BF6C46E55F7C44A95F8C44D95DD
:101DC000F9C4856DFAC4A860FBC4E067FCC4DE7288
:101DD000FDC4DD51FEC4815B40C5D48141C5D581C0
:101DE00042C5D68143C5D78144C5D88145C5D9816F
:101DF00046C5DA8147C5DB8148C5DC8149C5DD813F
:101E00004AC5DE814BC5DF814CC5E0814DC5E1810E
:101E10004EC5E2814FC5E48150C5E58151C5E681DB
:101E200052C5E88153C5E98154C5EB8155C5EE81A2
:101E300056C5EF8157C5F08158C5F18159C5F2816A
:101E40005AC5F5815BC5F6815CC5F7815DC5F88132
:101E50005EC5F9815FC5FA8160C5FD8161C5FF81FD
:101E600062C5038263C5078264C5088265C50982AD
:101E700066C50A8267C50B8268C50E8269C50F8276
:101E80006AC511826BC513826CC515826DC5168239
:101E90006EC517826FC5188270C5198271C51A8206
:101EA00072C51D8273C5208274C5248275C52582C2
:101EB00076C5268277C5278278C5298279C52E8284
:101EC0007AC532827BC53A827CC53C827DC53D8223
:101ED0007EC53F8280C5408281C5418282C54282E3
:101EE00083C5438284C5458285C5468286C54882AE
:101EF00087C54A8288C54C8289C54D828AC54E8273
:101F00008BC550828CC551828DC552828EC553823D
:101F10008FC5548290C5558291C5568292C557820D
:101F200093C5598294C55B8295C55C8296C55D82D6
:101F300097C55E8298C5608299C561829AC56282A2
:101F40009BC563829CC564829DC565829EC5668271
:101F50009FC56782A0C56982A1C5E762A2C5DE6C84
:101F6000A3C55B72A4C56D62A5C5AE94A6C5BD7EB2
:101F7000A7C51381A8C5536DA9C59C51AAC5045F07
:101F8000ABC57459ACC5AA52ADC51260AEC5735984
:101F9000AFC59666B0C55086B1C59F75B2C52A63F8
:101FA000B3C5E661B4C5EF7CB5C5FA8BB6C5E654DA
:101FB000B7C5276BB8C5259EB9C5B46BBAC5D5855D
:101FC000BBC55554BCC57650BDC5A46CBEC56A55CD
:101FD000BFC5B48DC0C52C72C1C5155EC2C5156024
:101FE000C3C53674C4C5CD62C5C59263C6C54C723F
:101FF000C7C5985FC8C5436EC9C53E6DCAC50065F3
:10200000CBC5586FCCC5D876CDC5D078CEC5FC76BB
:10201000CFC55475D0C52452D1C5DB53D2C5534E5C
:10202000D3C59E5ED4C5C165D5C52A80D6C5D68028
:10203000D7C59B62D8C58654D9C52852DAC5AE70BB
:10204000DBC58D88DCC5D18DDDC5E16CDEC578547E
:10205000DFC5DA80E0C5F957E1C5F488E2C5548DE3
:10206000E3C56A96E4C54D91E5C5694FE6C59B6C2D
:10207000E7C5B755E8C5C676E9C53078EAC5A862B0
:10208000EBC5F970ECC58E6FEDC56D5FEEC5EC84E8
:10209000EFC5DA68F0C57C78F1C5F77BF2C5A88199
:1020A000F3C50B67F4C54F9EF5C56763F6C5B078F9
:1020B000F7C56F57F8C51278F9C53997FAC579622F
:1020C000FBC5AB62FCC58852FDC53574FEC5D76B38
:1020D00040C66A8241C66B8242C66C8243C66D822C
:1020E00044C6718245C6758246C6768247C67782E7
:1020F00048C6788249C67B824AC67C824BC68082AB
:102100004CC681824DC683824EC685824FC686826A
:1021100050C6878251C6898252C68C8253C690822D
:1021200054C6938255C6948256C6958257C69682E7
:1021300058C69A8259C69B825AC69E825BC6A082A6
:102140005CC6A2825DC6A3825EC6A7825FC6B2825B
:1021500060C6B58261C6B68262C6BA8263C6BB82F9
:1021600064C6BC8265C6BF8266C6C08267C6C282BC
:1021700068C6C38269C6C5826AC6C6826BC6C98282
:102180006CC6D0826DC6D6826EC6D9826FC6DA8220
:1021900070C6DD8271C6E28272C6E78273C6E882CB
:1021A00074C6E98275C6EA8276C6EC8277C6ED828D
:1021B00078C6EE8279C6F0827AC6F2827BC6F38256
:1021C0007CC6F5827DC6F6827EC6F88280C6FA821B
:1021D00081C6FC8282C6FD8283C6FE8284C6FF82DF
:1021E00085C6008386C60A8387C60B8388C60D838F
:1021F00089C610838AC612838BC613838CC6168346
:102200008DC618838EC619838FC61D8390C61E8304
:1022100091C61F8392C6208393C6218394C62283CE
:1022200095C6238396C6248397C6258398C626839E
:1022300099C629839AC62A839BC62E839CC630835F
:102240009DC632839EC637839FC63B83A0C63D830F
:10225000A1C66455A2C63E81A3C6B275A4C6AE7619
:10226000A5C63953A6C6DE75A7C6FB50A8C6415CF5
:10227000A9C66C8BAAC6C77BABC64F50ACC647720B
:10228000ADC6979AAEC6D898AFC6026FB0C6E27414
:10229000B1C66879B2C68764B3C6A577B4C6FC6216
:1022A000B5C69198B6C62B8DB7C6C154B8C658806E
:1022B000B9C6524EBAC66A57BBC6F982BCC60D84AF
:1022C000BDC6735EBEC6ED51BFC6F674C0C6C48B34
:1022D000C1C64F5CC2C66157C3C6FC6CC4C68798F2
:1022E000C5C6465AC6C63478C7C6449BC8C6EB8F17
:1022F000C9C6957CCAC65652CBC65162CCC6FA94A2
:10230000CDC6C64ECEC68683CFC66184D0C6E9830D
:10231000D1C6B284D2C6D457D3C63467D4C6035705
:10232000D5C66E66D6C6666DD7C6318CD8C6DD6694
:10233000D9C61170DAC61F67DBC63A6BDCC61668F1
:10234000DDC61A62DEC6BB59DFC6034EE0C6C45105
:10235000E1C6066FE2C6D267E3C68F6CE4C676516B
:10236000E5C6CB68E6C64759E7C6676BE8C666753B
:10237000E9C60E5DEAC61081EBC6509FECC6D76574
:10238000EDC64879EEC64179EFC6919AF0C6778DD1
:10239000F1C6825CF2C65E4EF3C6014FF4C62F54FE
:1023A000F5C65159F6C60C78F7C66856F8C6146CCF
:1023B000F9C6C48FFAC6035FFBC67D6CFCC6E36C2E
:1023C000FDC6AB8BFEC6906340C73E8341C73F83CB
:1023D00042C7418343C7428344C7448345C74583BB
:1023E00046C7488347C74A8348C74B8349C74C837E
:1023F0004AC74D834BC74E834CC753834DC7558344
:102400004EC756834FC7578350C7588351C7598308
:1024100052C75D8353C7628354C7708355C77183A6
:1024200056C7728357C7738358C7748359C7758358
:102430005AC776835BC779835CC77A835DC77E831F
:102440005EC77F835FC7808360C7818361C78283E4
:1024500062C7838363C7848364C7878365C78883B0
:1024600066C78A8367C78B8368C78C8369C78D8378
:102470006AC78F836BC790836CC791836DC7948342
:102480006EC795836FC7968370C7978371C799830B
:1024900072C79A8373C79D8374C79F8375C7A183CF
:1024A00076C7A28377C7A38378C7A48379C7A58398
:1024B0007AC7A6837BC7A7837CC7AC837DC7AD8360
:1024C0007EC7AE8380C7AF8381C7B58382C7BB8316
:1024D00083C7BE8384C7BF8385C7C28386C7C383C0
:1024E00087C7C48388C7C68389C7C8838AC7C98387
:1024F0008BC7CB838CC7CD838DC7CE838EC7D0834C
:102500008FC7D18390C7D28391C7D38392C7D58316
:1025100093C7D78394C7D98395C7DA8396C7DB83DC
:1025200097C7DE8398C7E28399C7E3839AC7E4839A
:102530009BC7E6839CC7E7839DC7E8839EC7EB8361
:102540009FC7EC83A0C7ED83A1C77060A2C73D6D94
:10255000A3C77572A4C76662A5C78E94A6C7C594A3
:10256000A7C74353A8C7C18FA9C77E7BAAC7DF4EA1
:10257000ABC7268CACC77E4EADC7D49EAEC7B19458
:10258000AFC7B394B0C74D52B1C75C6FB2C76390C9
:10259000B3C7456DB4C7348CB5C71158B6C74C5DC9
:1025A000B7C7206BB8C7496BB9C7AA67BAC75B542E
:1025B000BBC75481BCC78C7FBDC79958BEC7378580
:1025C000BFC73A5FC0C7A262C1C7476AC2C73995D1
:1025D000C3C77265C4C78460C5C76568C6C7A77727
:1025E000C7C7544EC8C7A84FC9C7E75DCAC79897A1
:1025F000CBC7AC64CCC7D87FCDC7ED5CCEC7CF4FBF
:10260000CFC78D7AD0C70752D1C70483D2C7144E23
:10261000D3C72F60D4C7837AD5C7A694D6C7B54F82
:10262000D7C7B24ED8C7E679D9C73474DAC7E452EF
:10263000DBC7B982DCC7D264DDC7BD79DEC7DD5B2D
:10264000DFC7816CE0C75297E1C77B8FE2C7226C7E
:10265000E3C73E50E4C77F53E5C7056EE6C7CE64C7
:10266000E7C77466E8C7306CE9C7C560EAC7779802
:10267000EBC7F78BECC7865EEDC73C74EEC7777A85
:10268000EFC7CB79F0C7184EF1C7B190F2C703740A
:10269000F3C7426CF4C7DA56F5C74B91F6C7C56C61
:1026A000F7C78B8DF8C73A53F9C7C686FAC7F266E3
:1026B000FBC7AF8EFCC7485CFDC7719AFEC7206E92
:1026C00040C8EE8341C8EF8342C8F38343C8F48314
:1026D00044C8F58345C8F68346C8F78347C8FA83DC
:1026E00048C8FB8349C8FC834AC8FE834BC8FF83A4
:1026F0004CC800844DC802844EC805844FC8078466
:1027000050C8088451C8098452C80A8453C8108428
:1027100054C8128455C8138456C8148457C81584E5
:1027200058C8168459C817845AC819845BC81A84B3
:102730005CC81B845DC81E845EC81F845FC820847B
:1027400060C8218461C8228462C8238463C8298444
:1027500064C82A8465C82B8466C82C8467C82D8405
:1027600068C82E8469C82F846AC830846BC83284D4
:102770006CC833846DC834846EC835846FC83684A1
:1027800070C8378471C8398472C83A8473C83B846E
:1027900074C83E8475C83F8476C8408477C8418435
:1027A00078C8428479C843847AC844847BC8458405
:1027B0007CC847847DC848847EC8498480C84A84D0
:1027C00081C84B8482C84C8483C84D8484C84E849D
:1027D00085C84F8486C8508487C8528488C853846B
:1027E00089C854848AC855848BC856848CC8588438
:1027F0008DC85D848EC85E848FC85F8490C86084F5
:1028000091C8628492C8648493C8658494C86684BD
:1028100095C8678496C8688497C86A8498C86E8487
:1028200099C86F849AC870849BC872849CC8748449
:102830009DC877849EC879849FC87B84A0C87C8407
:10284000A1C8D653A2C8365AA3C88B9FA4C8A38DCB
:10285000A5C8BB53A6C80857A7C8A798A8C8436768
:10286000A9C89B91AAC8C96CABC86851ACC8CA7545
:10287000ADC8F362AEC8AC72AFC83852B0C89D5292
:10288000B1C83A7FB2C89470B3C83876B4C874532C
:10289000B5C84A9EB6C8B769B7C86E78B8C8C096FA
:1028A000B9C8D988BAC8A47FBBC83671BCC8C371BF
:1028B000BDC88951BEC8D367BFC8E474C0C8E45856
:1028C000C1C81865C2C8B756C3C8A98BC4C8769911
:1028D000C5C87062C6C8D57EC7C8F960C8C8ED70E3
:1028E000C9C8EC58CAC8C14ECBC8BA4ECCC8CD5F17
:1028F000CDC8E797CEC8FB4ECFC8A48BD0C8035233
:10290000D1C88A59D2C8AB7ED3C85462D4C8CD4E80
:10291000D5C8E565D6C80E62D7C83883D8C8C9847B
:10292000D9C86383DAC88D87DBC89471DCC8B66EFA
:10293000DDC8B95BDEC8D27EDFC89751E0C8C96385
:10294000E1C8D467E2C88980E3C83983E4C8158840
:10295000E5C81251E6C87A5BE7C88259E8C8B18F6A
:10296000E9C8734EEAC85D6CEBC86551ECC82589AF
:10297000EDC86F8FEEC82E96EFC84A85F0C85E741A
:10298000F1C81095F2C8F095F3C8A66DF4C8E582B9
:10299000F5C8315FF6C89264F7C8126DF8C828848C
:1029A000F9C86E81FAC8C39CFBC85E58FCC85B8D31
:1029B000FDC8094EFEC8C15340C97D8441C97E840B
:1029C00042C97F8443C9808444C9818445C98384C2
:1029D00046C9848447C9858448C9868449C98A848C
:1029E0004AC98D844BC98F844CC990844DC9918448
:1029F0004EC992844FC9938450C9948451C9958417
:102A000052C9968453C9988454C99A8455C99B84E1
:102A100056C99D8457C99E8458C99F8459C9A084AA
:102A20005AC9A2845BC9A3845CC9A4845DC9A58476
:102A30005EC9A6845FC9A78460C9A88461C9A98446
:102A400062C9AA8463C9AB8464C9AC8465C9AD8416
:102A500066C9AE8467C9B08468C9B18469C9B384E2
:102A60006AC9B5846BC9B6846CC9B7846DC9BB84A7
:102A70006EC9BC846FC9BE8470C9C08471C9C28468
:102A800072C9C38473C9C58474C9C68475C9C7842F
:102A900076C9C88477C9CB8478C9CC8479C9CE84F7
:102AA0007AC9CF847BC9D2847CC9D4847DC9D584BA
:102AB0007EC9D78480C9D88481C9D98482C9DA847F
:102AC00083C9DB8484C9DC8485C9DE8486C9E1844A
:102AD00087C9E28488C9E48489C9E7848AC9E8840B
:102AE0008BC9E9848CC9EA848DC9EB848EC9ED84D5
:102AF0008FC9EE8490C9EF8491C9F18492C9F284A0
:102B000093C9F38494C9F48495C9F58496C9F6846D
:102B100097C9F78498C9F88499C9F9849AC9FA843D
:102B20009BC9FB849CC9FD849DC9FE849EC9008508
:102B30009FC90185A0C90285A1C91E4FA2C96365AD
:102B4000A3C95168A4C9D355A5C9274EA6C9146401
:102B5000A7C99A9AA8C96B62A9C9C25AAAC95F74BF
:102B6000ABC97282ACC9A96DADC9EE68AEC9E750F8
:102B7000AFC98E83B0C90278B1C94067B2C93952B2
:102B8000B3C9996CB4C9B17EB5C9BB50B6C9655556
:102B9000B7C95E71B8C95B7BB9C95266BAC9CA7395
:102BA000BBC9EB82BCC94967BDC9715CBEC92052B3
:102BB000BFC97D71C0C96B88C1C9EA95C2C95596A4
:102BC000C3C9C564C4C9618DC5C9B381C6C98455AB
:102BD000C7C9556CC8C94762C9C92E7FCAC99258AE
:102BE000CBC9244FCCC94655CDC94F8DCEC94C66F3
:102BF000CFC90A4ED0C91A5CD1C9F388D2C9A2681C
:102C0000D3C94E63D4C90D7AD5C9E770D6C98D82B0
:102C1000D7C9FA52D8C9F697D9C9115CDAC9E854AC
:102C2000DBC9B590DCC9CD7EDDC96259DEC94A8DEC
:102C3000DFC9C786E0C90C82E1C90D82E2C9668D91
:102C4000E3C94464E4C9045CE5C95161E6C9896D1E
:102C5000E7C93E79E8C9BE8BE9C93778EAC9337557
:102C6000EBC97B54ECC9384FEDC9AB8EEEC9F16DA1
:102C7000EFC9205AF0C9C57EF1C95E79F2C9886CE6
:102C8000F3C9A15BF4C9765AF5C91A75F6C9BE80B5
:102C9000F7C94E61F8C9176EF9C9F058FAC91F751E
:102CA000FBC92575FCC97272FDC94753FEC9F37E85
:102CB00040CA038541CA048542CA058543CA0685C0
:102CC00044CA078545CA088546CA098547CA0A8590
:102CD00048CA0B8549CA0D854ACA0E854BCA0F855D
:102CE0004CCA10854DCA12854ECA14854FCA158527
:102CF00050CA168551CA188552CA198553CA1B85F0
:102D000054CA1C8555CA1D8556CA1E8557CA2085BA
:102D100058CA228559CA23855ACA24855BCA258583
:102D20005CCA26855DCA27855ECA28855FCA298553
:102D300060CA2A8561CA2D8562CA2E8563CA2F851D
:102D400064CA308565CA318566CA328567CA3385EB
:102D500068CA348569CA35856ACA36856BCA3E85B4
:102D60006CCA3F856DCA40856ECA41856FCA42856F
:102D700070CA448571CA458572CA468573CA47853B
:102D800074CA4B8575CA4C8576CA4D8577CA4E85FF
:102D900078CA4F8579CA50857ACA51857BCA5285CF
:102DA0007CCA53857DCA54857ECA558580CA57859D
:102DB00081CA588582CA5A8583CA5B8584CA5C8564
:102DC00085CA5D8586CA5F8587CA608588CA618530
:102DD00089CA62858ACA63858BCA65858CCA6685FD
:102DE0008DCA67858ECA69858FCA6A8590CA6B85C8
:102DF00091CA6C8592CA6D8593CA6E8594CA6F8597
:102E000095CA708596CA718597CA738598CA758563
:102E100099CA76859ACA77859BCA78859CCA7C852B
:102E20009DCA7D859ECA7F859FCA8085A0CA8185EF
:102E3000A1CA0177A2CADB76A3CA6952A4CADC8000
:102E4000A5CA2357A6CA085EA7CA3159A8CAEE72F6
:102E5000A9CABD65AACA7F6EABCAD78BACCA385C9B
:102E6000ADCA7186AECA4153AFCAF377B0CAFE622B
:102E7000B1CAF665B2CAC04EB3CADF98B4CA80867A
:102E8000B5CA9E5BB6CAC68BB7CAF253B8CAE27758
:102E9000B9CA7F4FBACA4E5CBBCA769ABCCACB5974
:102EA000BDCA0F5FBECA3A79BFCAEB58C0CA164E38
:102EB000C1CAFF67C2CA8B4EC3CAED62C4CA938A35
:102EC000C5CA1D90C6CABF52C7CA2F66C8CADC553C
:102ED000C9CA6C56CACA0290CBCAD54ECCCA8D4F4D
:102EE000CDCACA91CECA7099CFCA0F6CD0CA025E41
:102EF000D1CA4360D2CAA45BD3CAC689D4CAD58B0F
:102F0000D5CA3665D6CA4B62D7CA9699D8CA885BE5
:102F1000D9CAFF5BDACA8863DBCA2E55DCCAD7532D
:102F2000DDCA2676DECA7D51DFCA2C85E0CAA267DB
:102F3000E1CAB368E2CA8A6BE3CA9262E4CA938FB9
:102F4000E5CAD453E6CA1282E7CAD16DE8CA8F75C2
:102F5000E9CA664EEACA4E8DEBCA705BECCA9F7135
:102F6000EDCAAF85EECA9166EFCAD966F0CA727F24
:102F7000F1CA0087F2CACD9EF3CA209FF4CA5E5CF4
:102F8000F5CA2F67F6CAF08FF7CA1168F8CA5F67EB
:102F9000F9CA0D62FACAD67AFBCA8558FCCAB65E6F
:102FA000FDCA7065FECA316F40CB828541CB8385F7
:102FB00042CB868543CB888544CB898545CB8A85A2
:102FC00046CB8B8547CB8C8548CB8D8549CB8E8571
:102FD0004ACB90854BCB91854CCB92854DCB93853D
:102FE0004ECB94854FCB958550CB968551CB97850D
:102FF00052CB988553CB998554CB9A8555CB9D85DB
:1030000056CB9E8557CB9F8558CBA08559CBA185A4
:103010005ACBA2855BCBA3855CCBA5855DCBA68572
:103020005ECBA7855FCBA98560CBAB8561CBAC853B
:1030300062CBAD8563CBB18564CBB28565CBB385FF
:1030400066CBB48567CBB58568CBB68569CBB885CB
:103050006ACBBA856BCBBB856CCBBC856DCBBD8594
:103060006ECBBE856FCBBF8570CBC08571CBC28563
:1030700072CBC38573CBC48574CBC58575CBC68530
:1030800076CBC78577CBC88578CBCA8579CBCB85FE
:103090007ACBCC857BCBCD857CCBCE857DCBD185CA
:1030A0007ECBD28580CBD48581CBD68582CBD7858C
:1030B00083CBD88584CBD98585CBDA8586CBDB8558
:1030C00087CBDD8588CBDE8589CBDF858ACBE08524
:1030D0008BCBE1858CCBE2858DCBE3858ECBE585F3
:1030E0008FCBE68590CBE78591CBE88592CBEA85BF
:1030F00093CBEB8594CBEC8595CBED8596CBEE858C
:1031000097CBEF8598CBF08599CBF1859ACBF2855B
:103110009BCBF3859CCBF4859DCBF5859ECBF6852B
:103120009FCBF785A0CBF885A1CB5560A2CB3752BA
:10313000A3CB0D80A4CB5464A5CB7088A6CB2975F6
:10314000A7CB055EA8CB1368A9CBF462AACB1C97CA
:10315000ABCBCC53ACCB3D72ADCB018CAECB346C96
:10316000AFCB6177B0CB0E7AB1CB2E54B2CBAC776C
:10317000B3CB7A98B4CB1C82B5CBF48BB6CB557855
:10318000B7CB1467B8CBC170B9CBAF65BACB956478
:10319000BBCB3656BCCB1D60BDCBC179BECBF85383
:1031A000BFCB1D4EC0CB7B6BC1CB8680C2CBFA5B45
:1031B000C3CBE355C4CBDB56C5CB3A4FC6CB3C4F54
:1031C000C7CB7299C8CBF35DC9CB7E67CACB3880B9
:1031D000CBCB0260CCCB8298CDCB0190CECB8B5B9E
:1031E000CFCBBC8BD0CBF58BD1CB1C64D2CB588250
:1031F000D3CBDE64D4CBFD55D5CBCF82D6CB659176
:10320000D7CBD74FD8CB207DD9CB1F90DACB9F7CA3
:10321000DBCBF350DCCB5158DDCBAF6EDECBBF5BED
:10322000DFCBC98BE0CB8380E1CB7891E2CB9C8470
:10323000E3CB977BE4CB7D86E5CB8B96E6CB8F9675
:10324000E7CBE57EE8CBD39AE9CB8E78EACB815CFD
:10325000EBCB577AECCB4290EDCBA796EECB5F79D8
:10326000EFCB595BF0CB5F63F1CB0B7BF2CBD1841F
:10327000F3CBAD68F4CB0655F5CB297FF6CB1074B4
:10328000F7CB227DF8CB0195F9CB4062FACB4C58B5
:10329000FBCBD64EFCCB835BFDCB7959FECB545890
:1032A00040CCF98541CCFA8542CCFC8543CCFD85E8
:1032B00044CCFE8545CC008646CC018647CC0286B0
:1032C00048CC038649CC04864ACC06864BCC07867C
:1032D0004CCC08864DCC09864ECC0A864FCC0B864A
:1032E00050CC0C8651CC0D8652CC0E8653CC0F861A
:1032F00054CC108655CC128656CC138657CC1486E7
:1033000058CC158659CC17865ACC18865BCC1986B2
:103310005CCC1A865DCC1B865ECC1C865FCC1D8681
:1033200060CC1E8661CC1F8662CC208663CC218651
:1033300064CC228665CC238666CC248667CC258621
:1033400068CC268669CC28866ACC2A866BCC2B86EC
:103350006CCC2C866DCC2D866ECC2E866FCC2F86B9
:1033600070CC308671CC318672CC328673CC338689
:1033700074CC348675CC358676CC368677CC378659
:1033800078CC398679CC3A867ACC3B867BCC3D8624
:103390007CCC3E867DCC3F867ECC408680CC4186F0
:1033A00081CC428682CC438683CC448684CC4586BD
:1033B00085CC468686CC478687CC488688CC49868D
:1033C00089CC4A868ACC4B868BCC4C868CCC528658
:1033D0008DCC53868ECC55868FCC568690CC578616
:1033E00091CC588692CC598693CC5B8694CC5C86E3
:1033F00095CC5D8696CC5F8697CC608698CC6186AE
:1034000099CC63869ACC64869BCC65869CCC668678
:103410009DCC67869ECC68869FCC6986A0CC6A8648
:10342000A1CC6D73A2CC1E63A3CC4B8EA4CC0F8E0B
:10343000A5CCCE80A6CCD482A7CCAC62A8CCF053CD
:10344000A9CCF06CAACC5E91ABCC2A59ACCC016073
:10345000ADCC706CAECC4D57AFCC4A64B0CC2A8D9D
:10346000B1CC2B76B2CCE96EB3CC5B57B4CC806ACE
:10347000B5CCF075B6CC6D6FB7CC2D8CB8CC088CB4
:10348000B9CC6657BACCEF6BBBCC9288BCCCB378C6
:10349000BDCCA263BECCF953BFCCAD70C0CC646CC4
:1034A000C1CC5858C2CC2A64C3CC0258C4CCE06802
:1034B000C5CC9B81C6CC1055C7CCD67CC8CC185087
:1034C000C9CCBA8ECACCCC6DCBCC9F8DCCCCEB709A
:1034D000CDCC8F63CECC9B6DCFCCD46ED0CCE67EE2
:1034E000D1CC0484D2CC4368D3CC0390D4CCD86D57
:1034F000D5CC7696D6CCA88BD7CC5759D8CC797268
:10350000D9CCE485DACC7E81DBCCBC75DCCC8A8A74
:10351000DDCCAF68DECC5452DFCC228EE0CC1195EE
:10352000E1CCD063E2CC9898E3CC448EE4CC7C55DB
:10353000E5CC534FE6CCFF66E7CC8F56E8CCD560A0
:10354000E9CC956DEACC4352EBCC495CECCC2959E3
:10355000EDCCFB6DEECC6B58EFCC3075F0CC1C7520
:10356000F1CC6C60F2CC1482F3CC4681F4CC1163C4
:10357000F5CC6167F6CCE28FF7CC3A77F8CCF38DD7
:10358000F9CC348DFACCC194FBCC165EFCCC8553BF
:10359000FDCC2C54FECCC37040CD6D8641CD6F86E2
:1035A00042CD708643CD728644CD738645CD7486F8
:1035B00046CD758647CD768648CD778649CD7886C7
:1035C0004ACD83864BCD84864CCD85864DCD86866F
:1035D0004ECD87864FCD888650CD898651CD8E863B
:1035E00052CD8F8653CD908654CD918655CD9286FF
:1035F00056CD948657CD968658CD978659CD9886C8
:103600005ACD99865BCD9A865CCD9B865DCD9E8694
:103610005ECD9F865FCDA08660CDA18661CDA2865E
:1036200062CDA58663CDA68664CDAB8665CDAD861D
:1036300066CDAE8667CDB28668CDB38669CDB786D6
:103640006ACDB8866BCDB9866CCDBB866DCDBC8698
:103650006ECDBD866FCDBE8670CDBF8671CDC18665
:1036600072CDC28673CDC38674CDC58675CDC8862E
:1036700076CDCC8677CDCD8678CDD28679CDD386E2
:103680007ACDD5867BCDD6867CCDD7867DCDDA86A4
:103690007ECDDC8680CDDD8681CDE08682CDE18663
:1036A00083CDE28684CDE38685CDE58686CDE6862C
:1036B00087CDE78688CDE88689CDEA868ACDEB86F8
:1036C0008BCDEC868CCDEF868DCDF5868ECDF686B6
:1036D0008FCDF78690CDFA8691CDFB8692CDFC8674
:1036E00093CDFD8694CDFF8695CD018796CD048739
:1036F00097CD058798CD068799CD0B879ACD0C87F6
:103700009BCD0E879CCD0F879DCD10879ECD1187B9
:103710009FCD1487A0CD1687A1CD406CA2CDF75EBA
:10372000A3CD5C50A4CDAD4EA5CDAD5EA6CD3A6384
:10373000A7CD4782A8CD1A90A9CD5068AACD6E9189
:10374000ABCDB377ACCD0C54ADCDDC94AECD645FD6
:10375000AFCDE57AB0CD7668B1CD4563B2CD527BC1
:10376000B3CDDF7EB4CDDB75B5CD7750B6CD9562E8
:10377000B7CD3459B8CD0F90B9CDF851BACDC37982
:10378000BBCD817ABCCDFE56BDCD925FBECD14902F
:10379000BFCD826DC0CD605CC1CD1F57C2CD10546E
:1037A000C3CD5451C4CD4D6EC5CDE256C6CDA86330
:1037B000C7CD9398C8CD7F81C9CD1587CACD2A8939
:1037C000CBCD0090CCCD1E54CDCD6F5CCECDC08185
:1037D000CFCDD662D0CD5862D1CD3181D2CD359EFC
:1037E000D3CD4096D4CD6E9AD5CD7C9AD6CD2D69C9
:1037F000D7CDA559D8CDD362D9CD3E55DACD1663F4
:10380000DBCDC754DCCDD986DDCD3C6DDECD035A92
:10381000DFCDE674E0CD9C88E1CD6A6BE2CD165930
:10382000E3CD4C8CE4CD2F5FE5CD7E6EE6CDA97364
:10383000E7CD7D98E8CD384EE9CDF770EACD8C5BC9
:10384000EBCD9778ECCD3D63EDCD5A66EECD967617
:10385000EFCDCB60F0CD9B5BF1CD495AF2CD074E59
:10386000F3CD5581F4CD6A6CF5CD8B73F6CDA14EB9
:10387000F7CD8967F8CD517FF9CD805FFACDFA6534
:10388000FBCD1B67FCCDD85FFDCD8459FECD015A21
:1038900040CE198741CE1B8742CE1D8743CE1F875E
:1038A00044CE208745CE248746CE268747CE27871D
:1038B00048CE288749CE2A874ACE2B874BCE2C87E5
:1038C0004CCE2D874DCE2F874ECE30874FCE3287B0
:1038D00050CE338751CE358752CE368753CE388778
:1038E00054CE398755CE3A8756CE3C8757CE3D8742
:1038F00058CE408759CE41875ACE42875BCE438708
:103900005CCE44875DCE45875ECE46875FCE4A87D4
:1039100060CE4B8761CE4D8762CE4F8763CE508796
:1039200064CE518765CE528766CE548767CE558761
:1039300068CE568769CE58876ACE5A876BCE5B872A
:103940006CCE5C876DCE5D876ECE5E876FCE5F87F7
:1039500070CE618771CE628772CE668773CE6787BD
:1039600074CE688775CE698776CE6A8777CE6B8787
:1039700078CE6C8779CE6D877ACE6F877BCE718754
:103980007CCE72877DCE73877ECE758780CE77871B
:1039900081CE788782CE798783CE7A8784CE7F87DF
:1039A00085CE808786CE818787CE848788CE86879E
:1039B00089CE87878ACE89878BCE8A878CCE8C8763
:1039C0008DCE8E878ECE8F878FCE908790CE91872B
:1039D00091CE928792CE948793CE958794CE9687F8
:1039E00095CE988796CE998797CE9A8798CE9B87C3
:1039F00099CE9C879ACE9D879BCE9E879CCEA08792
:103A00009DCEA1879ECEA2879FCEA387A0CEA4875E
:103A1000A1CECD5DA2CEAE5FA3CE7153A4CEE6976C
:103A2000A5CEDD8FA6CE4568A7CEF456A8CE2F55DD
:103A3000A9CEDF60AACE3A4EABCE4D6FACCEF47EAF
:103A4000ADCEC782AECE0E84AFCED459B0CE1F4F0E
:103A5000B1CE2A4FB2CE3E5CB3CEAC7EB4CE2A6796
:103A6000B5CE1A85B6CE7354B7CE4F75B8CEC380D7
:103A7000B9CE8255BACE4F9BBBCE4D4FBCCE2D6E2C
:103A8000BDCE138CBECE095CBFCE7061C0CE6B5371
:103A9000C1CE1F76C2CE296EC3CE8A86C4CE8765BC
:103AA000C5CEFB95C6CEB97EC7CE3B54C8CE337AC1
:103AB000C9CE0A7DCACEEE95CBCEE155CCCEC17F24
:103AC000CDCEEE74CECE1D63CFCE1787D0CEA16DF6
:103AD000D1CE9D7AD2CE1162D3CEA165D4CE67531A
:103AE000D5CEE163D6CE836CD7CEEB5DD8CE5C5419
:103AF000D9CEA894DACE4C4EDBCE616CDCCEEC8B0A
:103B0000DDCE4B5CDECEE065DFCE9C82E0CEA768EA
:103B1000E1CE3E54E2CE3454E3CECB6BE4CE666BC2
:103B2000E5CE944EE6CE4263E7CE4853E8CE1E8201
:103B3000E9CE0D4FEACEAE4FEBCE5E57ECCE0A6229
:103B4000EDCEFE96EECE6466EFCE6972F0CEFF52F9
:103B5000F1CEA152F2CE9F60F3CEEF8BF4CE14667D
:103B6000F5CE9971F6CE9067F7CE7F89F8CE527870
:103B7000F9CEFD77FACE7066FBCE3B56FCCE3854BC
:103B8000FDCE2195FECE7A7240CFA58741CFA68784
:103B900042CFA78743CFA98744CFAA8745CFAE8717
:103BA00046CFB08747CFB18748CFB28749CFB487D8
:103BB0004ACFB6874BCFB7874CCFB8874DCFB987A1
:103BC0004ECFBB874FCFBC8750CFBE8751CFBF876B
:103BD00052CFC18753CFC28754CFC38755CFC48735
:103BE00056CFC58757CFC78758CFC88759CFC98702
:103BF0005ACFCC875BCFCD875CCFCE875DCFCF87C9
:103C00005ECFD0875FCFD48760CFD58761CFD6878F
:103C100062CFD78763CFD88764CFD98765CFDA875C
:103C200066CFDC8767CFDD8768CFDE8769CFDF8728
:103C30006ACFE1876BCFE2876CCFE3876DCFE487F4
:103C40006ECFE6876FCFE78770CFE88771CFE987C0
:103C500072CFEB8773CFEC8774CFED8775CFEF878B
:103C600076CFF08777CFF18778CFF28779CFF38758
:103C70007ACFF4877BCFF5877CCFF6877DCFF78728
:103C80007ECFF88780CFFA8781CFFB8782CFFC87F2
:103C900083CFFD8784CFFF8785CF008886CF0188BB
:103CA00087CF028888CF048889CF05888ACF068885
:103CB0008BCF07888CCF08888DCF09888ECF0B8853
:103CC0008FCF0C8890CF0D8891CF0E8892CF0F8820
:103CD00093CF108894CF118895CF128896CF1488EF
:103CE00097CF178898CF188899CF19889ACF1A88B4
:103CF0009BCF1C889CCF1D889DCF1E889ECF1F8880
:103D00009FCF2088A0CF2388A1CF007AA2CF6F6059
:103D1000A3CF0C5EA4CF8960A5CF9D81A6CF1559F6
:103D2000A7CFDC60A8CF8471A9CFEF70AACFAA6E0D
:103D3000ABCF506CACCF8072ADCF846AAECFAD88C4
:103D4000AFCF2D5EB0CF604EB1CFB35AB2CF9C553E
:103D5000B3CFE394B4CF176DB5CFFB7CB6CF9996B4
:103D6000B7CF0F62B8CFC67EB9CF8E77BACF7E8677
:103D7000BBCF2353BCCF1E97BDCF968FBECF8766D8
:103D8000BFCFE15CC0CFA04FC1CFED72C2CF0B4E11
:103D9000C3CFA653C4CF0F59C5CF1354C6CF80632A
:103DA000C7CF2895C8CF4851C9CFD94ECACF9C9C00
:103DB000CBCFA47ECCCFB854CDCF248DCECF5488DA
:103DC000CFCF3782D0CFF295D1CF8E6DD2CF265FB5
:103DD000D3CFCC5AD4CF3E66D5CF6996D6CFB07369
:103DE000D7CF2E73D8CFBF53D9CF7A81DACF859969
:103DF000DBCFA17FDCCFAA5BDDCF7796DECF5096FD
:103E0000DFCFBF7EE0CFF876E1CFA253E2CF769549
:103E1000E3CF9999E4CFB17BE5CF4489E6CF586EE3
:103E2000E7CF614EE8CFD47FE9CF6579EACFE68B63
:103E3000EBCFF360ECCFCD54EDCFAB4EEECF799816
:103E4000EFCFF75DF0CF616AF1CFCF50F2CF1154D1
:103E5000F3CF618CF4CF2784F5CF5D78F6CF04974C
:103E6000F7CF4A52F8CFEE54F9CFA356FACF0095C8
:103E7000FBCF886DFCCFB55BFDCFC66DFECF536623
:103E800040D0248841D0258842D0268843D0278836
:103E900044D0288845D0298846D02A8847D02B8806
:103EA00048D02C8849D02D884AD02E884BD02F88D6
:103EB0004CD030884DD031884ED033884FD03488A4
:103EC00050D0358851D0368852D0378853D0388872
:103ED00054D03A8855D03B8856D03D8857D03E883C
:103EE00058D03F8859D041885AD042885BD0438807
:103EF0005CD046885DD047885ED048885FD04988CE
:103F000060D04A8861D04B8862D04E8863D04F8899
:103F100064D0508865D0518866D0528867D0538865
:103F200068D0558869D056886AD058886BD05A882E
:103F30006CD05B886DD05C886ED05D886FD05E88F9
:103F400070D05F8871D0608872D0668873D06788BF
:103F500074D06A8875D06D8876D06F8877D0718874
:103F600078D0738879D074887AD075887BD0768839
:103F70007CD078887DD079887ED07A8880D07B8804
:103F800081D07C8882D0808883D0838884D08688C2
:103F900085D0878886D0898887D08A8888D08C8881
:103FA00089D08E888AD08F888BD090888CD0918849
:103FB0008DD093888ED094888FD0958890D0978814
:103FC00091D0988892D0998893D09A8894D09B88E1
:103FD00095D09D8896D09E8897D09F8898D0A088AD
:103FE00099D0A1889AD0A3889BD0A5889CD0A68878
:103FF0009DD0A7889ED0A8889FD0A988A0D0AA8845
:10400000A1D00F5CA2D05D5BA3D02168A4D0968024
:10401000A5D07855A6D0117BA7D04865A8D0546903
:10402000A9D09B4EAAD0476BABD04E87ACD08B9714
:10403000ADD04F53AED01F63AFD03A64B0D0AA908A
:10404000B1D09C65B2D0C180B3D0108CB4D099519E
:10405000B5D0B068B6D07853B7D0F987B8D0C861BA
:10406000B9D0C46CBAD0FB6CBBD0228CBCD0515C34
:10407000BDD0AA85BED0AF82BFD00C95C0D0236B77
:10408000C1D09B8FC2D0B065C3D0FB5FC4D0C35F2B
:10409000C5D0E14FC6D04588C7D01F66C8D065815E
:1040A000C9D02973CAD0FA60CBD07451CCD0115288
:1040B000CDD08B57CED0625FCFD0A290D0D04C88DD
:1040C000D1D09291D2D0785ED3D04F67D4D0276030
:1040D000D5D0D359D6D04451D7D0F651D8D0F880C6
:1040E000D9D00853DAD0796CDBD0C496DCD08A7191
:1040F000DDD0114FDED0EE4FDFD09E7FE0D03D67A8
:10410000E1D0C555E2D00895E3D0C079E4D09688D7
:10411000E5D0E37EE6D09F58E7D00C62E8D0009768
:10412000E9D05A86EAD01856EBD07B98ECD0905F55
:10413000EDD0B88BEED0C484EFD05791F0D0D953E6
:10414000F1D0ED65F2D08F5EF3D05C75F4D0646091
:10415000F5D06E7DF6D07F5AF7D0EA7EF8D0ED7EAE
:10416000F9D0698FFAD0A755FBD0A35BFCD0AC6027
:10417000FDD0CB65FED0847340D1AC8841D1AE88F0
:1041800042D1AF8843D1B08844D1B28845D1B388F9
:1041900046D1B48847D1B58848D1B68849D1B888C6
:1041A0004AD1B9884BD1BA884CD1BB884DD1BD8892
:1041B0004ED1BE884FD1BF8850D1C08851D1C3885D
:1041C00052D1C48853D1C78854D1C88855D1CA8820
:1041D00056D1CB8857D1CC8858D1CD8859D1CF88EA
:1041E0005AD1D0885BD1D1885CD1D3885DD1D688B3
:1041F0005ED1D7885FD1DA8860D1DB8861D1DC8875
:1042000062D1DD8863D1DE8864D1E08865D1E18840
:1042100066D1E68867D1E78868D1E98869D1EA88FC
:104220006AD1EB886BD1EC886CD1ED886DD1EE88CA
:104230006ED1EF886FD1F28870D1F58871D1F68890
:1042400072D1F78873D1FA8874D1FB8875D1FD8853
:1042500076D1FF8877D1008978D1018979D1038916
:104260007AD104897BD105897CD106897DD10789E2
:104270007ED1088980D1098981D10B8982D10C89AD
:1042800083D10D8984D10E8985D10F8986D1118979
:1042900087D1148988D1158989D116898AD117893E
:1042A0008BD118898CD11C898DD11D898ED11E8905
:1042B0008FD11F8990D1208991D1228992D12389D0
:1042C00093D1248994D1268995D1278996D128899B
:1042D00097D1298998D12C8999D12D899AD12E8964
:1042E0009BD12F899CD131899DD132899ED133892F
:1042F0009FD13589A0D13789A1D10990A2D1637608
:10430000A3D12977A4D1DA7EA5D17497A6D19B85B4
:10431000A7D1665BA8D1747AA9D1EA96AAD14088C0
:10432000ABD1CB52ACD18F71ADD1AA5FAED1EC6520
:10433000AFD1E28BB0D1FB5BB1D16F9AB2D1E15D6D
:10434000B3D1896BB4D15B6CB5D1AD8BB6D1AF8B2A
:10435000B7D10A90B8D1C58FB9D18B53BAD1BC624D
:10436000BBD1269EBCD12D9EBDD14054BED12B4E7B
:10437000BFD1BD82C0D15972C1D19C86C2D1165D58
:10438000C3D15988C4D1AF6DC5D1C596C6D1D1545A
:10439000C7D19A4EC8D1B68BC9D10971CAD1BD5403
:1043A000CBD10996CCD1DF70CDD1F96DCED1D076FD
:1043B000CFD1254ED0D11478D1D11287D2D1A95CDA
:1043C000D3D1F65ED4D1008AD5D19C98D6D10E96A1
:1043D000D7D18E70D8D1BF6CD9D14459DAD1A96365
:1043E000DBD13C77DCD14D88DDD1146FDED1738217
:1043F000DFD13058E0D1D571E1D18C53E2D11A78B8
:10440000E3D1C196E4D10155E5D1665FE6D13071C3
:10441000E7D1B45BE8D11A8CE9D18C9AEAD1836BED
:10442000EBD12E59ECD12F9EEDD1E779EED1686713
:10443000EFD16C62F0D16F4FF1D1A175F2D18A7FCB
:10444000F3D10B6DF4D13396F5D1276CF6D1F04E44
:10445000F7D1D275F8D17B51F9D13768FAD13E6FD7
:10446000FBD18090FCD17081FDD19659FED176743C
:1044700040D2388941D2398942D23A8943D23B89E4
:1044800044D23C8945D23D8946D23E8947D23F89B4
:1044900048D2408949D242894AD243894BD2458980
:1044A0004CD246894DD247894ED248894FD249894C
:1044B00050D24A8951D24B8952D24C8953D24D891C
:1044C00054D24E8955D24F8956D2508957D25189EC
:1044D00058D2528959D253895AD254895BD25589BC
:1044E0005CD256895DD257895ED258895FD259898C
:1044F00060D25A8961D25B8962D25C8963D25D895C
:1045000064D2608965D2618966D2628967D2638923
:1045100068D2648969D265896AD267896BD26889F1
:104520006CD269896DD26A896ED26B896FD26C89BF
:1045300070D26D8971D26E8972D26F8973D270898F
:1045400074D2718975D2728976D2738977D274895F
:1045500078D2758979D276897AD277897BD278892F
:104560007CD279897DD27A897ED27C8980D27D89FC
:1045700081D27E8982D2808983D2828984D28489C1
:1045800085D2858986D2878987D2888988D2898988
:1045900089D28A898AD28B898BD28C898CD28D8957
:1045A0008DD28E898ED28F898FD2908990D2918927
:1045B00091D2928992D2938993D2948994D29589F7
:1045C00095D2968996D2978997D2988998D29989C7
:1045D00099D29A899AD29B899BD29C899CD29D8997
:1045E0009DD29E899ED29F899FD2A089A0D2A18967
:1045F000A1D24764A2D2275CA3D26590A4D2917ABB
:10460000A5D2238CA6D2DA59A7D2AC54A8D2008264
:10461000A9D26F83AAD28189ABD20080ACD2306993
:10462000ADD24E56AED23680AFD23772B0D2CE9126
:10463000B1D2B651B2D25F4EB3D27598B4D29663AE
:10464000B5D21A4EB6D2F653B7D2F366B8D24B8172
:10465000B9D21C59BAD2B26DBBD2004EBCD2F958F5
:10466000BDD23B53BED2D663BFD2F194C0D29D4FD0
:10467000C1D20A4FC2D26388C3D29098C4D23759EC
:10468000C5D25790C6D2FB79C7D2EA4EC8D2F080C5
:10469000C9D29175CAD2826CCBD29C5BCCD2E8597C
:1046A000CDD25D5FCED20569CFD28186D0D21A50ED
:1046B000D1D2F25DD2D2594ED3D2E377D4D2E54EE5
:1046C000D5D27A82D6D29162D7D21366D8D29190BF
:1046D000D9D2795CDAD2BF4EDBD2795FDCD2C68127
:1046E000DDD23890DED28480DFD2AB75E0D2A64E28
:1046F000E1D2D488E2D20F61E3D2C56BE4D2C65FC7
:10470000E5D2494EE6D2CA76E7D2A26EE8D2E38B72
:10471000E9D2AE8BEAD20A8CEBD2D18BECD2025F1B
:10472000EDD2FC7FEED2CC7FEFD2CE7EF0D23583BD
:10473000F1D26B83F2D2E056F3D2B76BF4D2F39797
:10474000F5D23496F6D2FB59F7D21F54F8D2F6942C
:10475000F9D2EB6DFAD2C55BFBD26E99FCD2395C13
:10476000FDD2155FFED2909640D3A28941D3A38992
:1047700042D3A48943D3A58944D3A68945D3A78925
:1047800046D3A88947D3A98948D3AA8949D3AB89F5
:104790004AD3AC894BD3AD894CD3AE894DD3AF89C5
:1047A0004ED3B0894FD3B18950D3B28951D3B38995
:1047B00052D3B48953D3B58954D3B68955D3B78965
:1047C00056D3B88957D3B98958D3BA8959D3BB8935
:1047D0005AD3BC895BD3BD895CD3BE895DD3BF8905
:1047E0005ED3C0895FD3C38960D3CD8961D3D389B8
:1047F00062D3D48963D3D58964D3D78965D3D88963
:1048000066D3D98967D3DB8968D3DD8969D3DF892A
:104810006AD3E0896BD3E1896CD3E2896DD3E489F3
:104820006ED3E7896FD3E88970D3E98971D3EA89B8
:1048300072D3EC8973D3ED8974D3EE8975D3F08983
:1048400076D3F18977D3F28978D3F48979D3F5894E
:104850007AD3F6897BD3F7897CD3F8897DD3F9891C
:104860007ED3FA8980D3FB8981D3FC8982D3FD89E9
:1048700083D3FE8984D3FF8985D3018A86D3028AB4
:1048800087D3038A88D3048A89D3058A8AD3068A80
:104890008BD3088A8CD3098A8DD30A8A8ED30B8A4C
:1048A0008FD30C8A90D30D8A91D30E8A92D30F8A1C
:1048B00093D3108A94D3118A95D3128A96D3138AEC
:1048C00097D3148A98D3158A99D3168A9AD3178ABC
:1048D0009BD3188A9CD3198A9DD31A8A9ED31B8A8C
:1048E0009FD31C8AA0D31D8AA1D37053A2D3F18277
:1048F000A3D3316AA4D3745AA5D3709EA6D3945E71
:10490000A7D3287FA8D3B983A9D32484AAD3258485
:10491000ABD36783ACD34787ADD3CE8FAED3628D95
:10492000AFD3C876B0D3715FB1D39698B2D36C7859
:10493000B3D32066B4D3DF54B5D3E562B6D3634FA7
:10494000B7D3C381B8D3C875B9D3B85EBAD3CD963F
:10495000BBD30A8EBCD3F986BDD38F54BED3F36CC0
:10496000BFD38C6DC0D3386CC1D37F60C2D3C75264
:10497000C3D32875C4D37D5EC5D3184FC6D3A060FA
:10498000C7D3E75FC8D3245CC9D33175CAD3AE900F
:10499000CBD3C094CCD3B972CDD3B96CCED3386E4F
:1049A000CFD34991D0D30967D1D3CB53D2D3F353CB
:1049B000D3D3514FD4D3C991D5D3F18BD6D3C853C8
:1049C000D7D37C5ED8D3C28FD9D3E46DDAD38E4EE1
:1049D000DBD3C276DCD38669DDD35E86DED31A6193
:1049E000DFD30682E0D3594FE1D3DE4FE2D33E90CE
:1049F000E3D37C9CE4D30961E5D31D6EE6D3146E4A
:104A0000E7D38596E8D3884EE9D3315AEAD3E896BE
:104A1000EBD30E4EECD37F5CEDD3B979EED3875B4D
:104A2000EFD3ED8BF0D3BD7FF1D38973F2D3DF5792
:104A3000F3D38B82F4D3C190F5D30154F6D34790CE
:104A4000F7D3BB55F8D3EA5CF9D3A15FFAD3086179
:104A5000FBD3326BFCD3F172FDD3B280FED3898AD3
:104A600040D41E8A41D41F8A42D4208A43D4218A4A
:104A700044D4228A45D4238A46D4248A47D4258A1A
:104A800048D4268A49D4278A4AD4288A4BD4298AEA
:104A90004CD42A8A4DD42B8A4ED42C8A4FD42D8ABA
:104AA00050D42E8A51D42F8A52D4308A53D4318A8A
:104AB00054D4328A55D4338A56D4348A57D4358A5A
:104AC00058D4368A59D4378A5AD4388A5BD4398A2A
:104AD0005CD43A8A5DD43B8A5ED43C8A5FD43D8AFA
:104AE00060D43F8A61D4408A62D4418A63D4428AC6
:104AF00064D4438A65D4448A66D4458A67D4468A96
:104B000068D4478A69D4498A6AD44A8A6BD44B8A62
:104B10006CD44C8A6DD44D8A6ED44E8A6FD44F8A31
:104B200070D4508A71D4518A72D4528A73D4538A01
:104B300074D4548A75D4558A76D4568A77D4578AD1
:104B400078D4588A79D4598A7AD45A8A7BD45B8AA1
:104B50007CD45C8A7DD45D8A7ED45E8A80D45F8A70
:104B600081D4608A82D4618A83D4628A84D4638A3D
:104B700085D4648A86D4658A87D4668A88D4678A0D
:104B800089D4688A8AD4698A8BD46A8A8CD46B8ADD
:104B90008DD46C8A8ED46D8A8FD46E8A90D46F8AAD
:104BA00091D4708A92D4718A93D4728A94D4738A7D
:104BB00095D4748A96D4758A97D4768A98D4778A4D
:104BC00099D4788A9AD47A8A9BD47B8A9CD47C8A1A
:104BD0009DD47D8A9ED47E8A9FD47F8AA0D4808AE9
:104BE000A1D4746DA2D4D35BA3D4D588A4D4849863
:104BF000A5D46B8CA6D46D9AA7D4339EA8D40A6E84
:104C0000A9D4A451AAD44351ABD4A357ACD481881E
:104C1000ADD49F53AED4F463AFD4958FB0D4ED56DA
:104C2000B1D45854B2D40657B3D43F73B4D4906EB1
:104C3000B5D4187FB6D4DC8FB7D4D182B8D43F6155
:104C4000B9D42860BAD46296BBD4F066BCD4A67E30
:104C5000BDD48A8DBED4C38DBFD4A594C0D4B35C5B
:104C6000C1D4A47CC2D40867C3D4A660C4D40596BA
:104C7000C5D41880C6D4914EC7D4E790C8D4005389
:104C8000C9D46896CAD44151CBD4D08FCCD47485C2
:104C9000CDD45D91CED45566CFD4F597D0D4555BA5
:104CA000D1D41D53D2D43878D3D44267D4D43D68FC
:104CB000D5D4C954D6D47E70D7D4B05BD8D47D8F28
:104CC000D9D48D51DAD42857DBD4B154DCD4126551
:104CD000DDD48266DED45E8DDFD4438DE0D40F81D7
:104CE000E1D46C84E2D46D90E3D4DF7CE4D4FF5152
:104CF000E5D4FB85E6D4A367E7D4E965E8D4A16FE2
:104D0000E9D4A486EAD4818EEBD46A56ECD4209000
:104D1000EDD48276EED47670EFD4E571F0D4238DA5
:104D2000F1D4E962F2D41952F3D4FD6CF4D43C8D81
:104D3000F5D40E60F6D49E58F7D48E61F8D4FE6692
:104D4000F9D4608DFAD44E62FBD4B355FCD4236EF3
:104D5000FDD42D67FED4678F40D5818A41D5828AE4
:104D600042D5838A43D5848A44D5858A45D5868AA7
:104D700046D5878A47D5888A48D58B8A49D58C8A73
:104D80004AD58D8A4BD58E8A4CD58F8A4DD5908A3F
:104D90004ED5918A4FD5928A50D5948A51D5958A0D
:104DA00052D5968A53D5978A54D5988A55D5998ADB
:104DB00056D59A8A57D59B8A58D59C8A59D59D8AAB
:104DC0005AD59E8A5BD59F8A5CD5A08A5DD5A18A7B
:104DD0005ED5A28A5FD5A38A60D5A48A61D5A58A4B
:104DE00062D5A68A63D5A78A64D5A88A65D5A98A1B
:104DF00066D5AA8A67D5AB8A68D5AC8A69D5AD8AEB
:104E00006AD5AE8A6BD5AF8A6CD5B08A6DD5B18ABA
:104E10006ED5B28A6FD5B38A70D5B48A71D5B58A8A
:104E200072D5B68A73D5B78A74D5B88A75D5B98A5A
:104E300076D5BA8A77D5BB8A78D5BC8A79D5BD8A2A
:104E40007AD5BE8A7BD5BF8A7CD5C08A7DD5C18AFA
:104E50007ED5C28A80D5C38A81D5C48A82D5C58AC7
:104E600083D5C68A84D5C78A85D5C88A86D5C98A96
:104E700087D5CA8A88D5CB8A89D5CC8A8AD5CD8A66
:104E80008BD5CE8A8CD5CF8A8DD5D08A8ED5D18A36
:104E90008FD5D28A90D5D38A91D5D48A92D5D58A06
:104EA00093D5D68A94D5D78A95D5D88A96D5D98AD6
:104EB00097D5DA8A98D5DB8A99D5DC8A9AD5DD8AA6
:104EC0009BD5DE8A9CD5DF8A9DD5E08A9ED5E18A76
:104ED0009FD5E28AA0D5E38AA1D5E194A2D5F89521
:104EE000A3D52877A4D50568A5D5A869A6D58B54E0
:104EF000A7D54D4EA8D5B870A9D5C88BAAD55864EA
:104F0000ABD58B65ACD5855BADD5847AAED53A5043
:104F1000AFD5E85BB0D5BB77B1D5E16BB2D5798AB7
:104F2000B3D5987CB4D5BE6CB5D5CF76B6D5A965CA
:104F3000B7D5978FB8D52D5DB9D5555CBAD538861C
:104F4000BBD50868BCD56053BDD51862BED5D97A2B
:104F5000BFD55B6EC0D5FD7EC1D51F6AC2D5E07AD4
:104F6000C3D5705FC4D5336FC5D5205FC6D58C63FC
:104F7000C7D5A86DC8D55667C9D5084ECAD5105E25
:104F8000CBD5268DCCD5D74ECDD5C080CED53476D9
:104F9000CFD59C96D0D5DB62D1D52D66D2D57E6299
:104FA000D3D5BC6CD4D5758DD5D56771D6D5697F71
:104FB000D7D54651D8D58780D9D5EC53DAD56E9060
:104FC000DBD59862DCD5F254DDD5F086DED5998F3D
:104FD000DFD50580E0D51795E1D51785E2D5D98FC6
:104FE000E3D5596DE4D5CD73E5D59F65E6D51F773B
:104FF000E7D50475E8D52778E9D5FB81EAD51E8D7C
:10500000EBD58894ECD5A64FEDD59567EED5B9755F
:10501000EFD5CA8BF0D50797F1D52F63F2D5479519
:10502000F3D53596F4D5B884F5D52363F6D5417715
:10503000F7D5815FF8D5F072F9D5894EFAD51460AD
:10504000FBD57465FCD5EF62FDD5636BFED53F657E
:1050500040D6E48A41D6E58A42D6E68A43D6E78A34
:1050600044D6E88A45D6E98A46D6EA8A47D6EB8A04
:1050700048D6EC8A49D6ED8A4AD6EE8A4BD6EF8AD4
:105080004CD6F08A4DD6F18A4ED6F28A4FD6F38AA4
:1050900050D6F48A51D6F58A52D6F68A53D6F78A74
:1050A00054D6F88A55D6F98A56D6FA8A57D6FB8A44
:1050B00058D6FC8A59D6FD8A5AD6FE8A5BD6FF8A14
:1050C0005CD6008B5DD6018B5ED6028B5FD6038BE0
:1050D00060D6048B61D6058B62D6068B63D6088BAF
:1050E00064D6098B65D60A8B66D60B8B67D60C8B7C
:1050F00068D60D8B69D60E8B6AD60F8B6BD6108B4C
:105100006CD6118B6DD6128B6ED6138B6FD6148B1B
:1051100070D6158B71D6168B72D6178B73D6188BEB
:1051200074D6198B75D61A8B76D61B8B77D61C8BBB
:1051300078D61D8B79D61E8B7AD61F8B7BD6208B8B
:105140007CD6218B7DD6228B7ED6238B80D6248B5A
:1051500081D6258B82D6278B83D6288B84D6298B24
:1051600085D62A8B86D62B8B87D62C8B88D62D8BF3
:1051700089D62E8B8AD62F8B8BD6308B8CD6318BC3
:105180008DD6328B8ED6338B8FD6348B90D6358B93
:1051900091D6368B92D6378B93D6388B94D6398B63
:1051A00095D63A8B96D63B8B97D63C8B98D63D8B33
:1051B00099D63E8B9AD63F8B9BD6408B9CD6418B03
:1051C0009DD6428B9ED6438B9FD6448BA0D6458BD3
:1051D000A1D6275EA2D6C775A3D6D190A4D6C18B7F
:1051E000A5D69D82A6D69D67A7D62F65A8D6315491
:1051F000A9D61887AAD6E577ABD6A280ACD602810D
:10520000ADD6416CAED64B4EAFD6C77EB0D64C8035
:10521000B1D6F476B2D60D69B3D6966BB4D66762C2
:10522000B5D63C50B6D6844FB7D64057B8D60763EC
:10523000B9D6626BBAD6BE8DBBD6EA53BCD6E8658A
:10524000BDD6B87EBED6D75FBFD61A63C0D6B76309
:10525000C1D6F381C2D6F481C3D66E7FC4D61C5E9C
:10526000C5D6D95CC6D63652C7D67A66C8D6E979CD
:10527000C9D61A7ACAD6288DCBD69970CCD6D47511
:10528000CDD6DE6ECED6BB6CCFD6927AD0D62D4E92
:10529000D1D6C576D2D6E05FD3D69F94D4D67788C0
:1052A000D5D6C87ED6D6CD79D7D6BF80D8D6CD9123
:1052B000D9D6F24EDAD6174FDBD61F82DCD6685429
:1052C000DDD6DE5DDED6326DDFD6CC8BE0D6A57CBA
:1052D000E1D6748FE2D69880E3D61A5EE4D6925473
:1052E000E5D6B176E6D6995BE7D63C66E8D6A49AD1
:1052F000E9D6E073EAD62A68EBD6DB86ECD63167CE
:10530000EDD62A73EED6F88BEFD6DB8BF0D6109065
:10531000F1D6F97AF2D6DB70F3D66E71F4D6C462A8
:10532000F5D6A977F6D63156F7D63B4EF8D6578440
:10533000F9D6F167FAD6A952FBD6C086FCD62E8DD7
:10534000FDD6F894FED6517B40D7468B41D7478B8C
:1053500042D7488B43D7498B44D74A8B45D74B8B91
:1053600046D74C8B47D74D8B48D74E8B49D74F8B61
:105370004AD7508B4BD7518B4CD7528B4DD7538B31
:105380004ED7548B4FD7558B50D7568B51D7578B01
:1053900052D7588B53D7598B54D75A8B55D75B8BD1
:1053A00056D75C8B57D75D8B58D75E8B59D75F8BA1
:1053B0005AD7608B5BD7618B5CD7628B5DD7638B71
:1053C0005ED7648B5FD7658B60D7678B61D7688B3F
:1053D00062D7698B63D76A8B64D76B8B65D76D8B0C
:1053E00066D76E8B67D76F8B68D7708B69D7718BD9
:1053F0006AD7728B6BD7738B6CD7748B6DD7758BA9
:105400006ED7768B6FD7778B70D7788B71D7798B78
:1054100072D77A8B73D77B8B74D77C8B75D77D8B48
:1054200076D77E8B77D77F8B78D7808B79D7818B18
:105430007AD7828B7BD7838B7CD7848B7DD7858BE8
:105440007ED7868B80D7878B81D7888B82D7898BB5
:1054500083D78A8B84D78B8B85D78C8B86D78D8B84
:1054600087D78E8B88D78F8B89D7908B8AD7918B54
:105470008BD7928B8CD7938B8DD7948B8ED7958B24
:105480008FD7968B90D7978B91D7988B92D7998BF4
:1054900093D79A8B94D79B8B95D79C8B96D79D8BC4
:1054A00097D79E8B98D79F8B99D7AC8B9AD7B18B78
:1054B0009BD7BB8B9CD7C78B9DD7D08B9ED7EA8BB6
:1054C0009FD7098CA0D71E8CA1D74F4FA2D7E86CCD
:1054D000A3D75D79A4D77B9AA5D79362A6D72A7262
:1054E000A7D7FD62A8D7134EA9D71678AAD76C8F75
:1054F000ABD7B064ACD75A8DADD7C67BAED7696891
:10550000AFD7845EB0D7C588B1D78659B2D79E646D
:10551000B3D7EE58B4D7B672B5D70E69B6D72595BE
:10552000B7D7FD8FB8D7588DB9D76057BAD7007F96
:10553000BBD7068CBCD7C651BDD74963BED7D9628D
:10554000BFD75353C0D74C68C1D72274C2D7018389
:10555000C3D74C91C4D74455C5D74077C6D77C70C4
:10556000C7D74A6DC8D77951C9D7A854CAD7448D6F
:10557000CBD7FF59CCD7CB6ECDD7C46DCED75C5B24
:10558000CFD72B7DD0D7D44ED1D77D7CD2D7D36E79
:10559000D3D7505BD4D7EA81D5D70D6ED6D7575B1A
:1055A000D7D7039BD8D7D568D9D72A8EDAD7975BB8
:1055B000DBD7FC7EDCD73B60DDD7B57EDED7B9908C
:1055C000DFD7708DE0D74F59E1D7CD63E2D7DF79D0
:1055D000E3D7B38DE4D75253E5D7CF65E6D75679F5
:1055E000E7D7C58BE8D73B96E9D7C47EEAD7BB940B
:1055F000EBD7827EECD73456EDD78991EED7006792
:10560000EFD76A7FF0D70A5CF1D77590F2D728669A
:10561000F3D7E65DF4D7504FF5D7DE67F6D75A508B
:10562000F7D75C4FF8D75057F9D7A75E40D8388CDA
:1056300041D8398C42D83A8C43D83B8C44D83C8CE6
:1056400045D83D8C46D83E8C47D83F8C48D8408CB6
:1056500049D8428C4AD8438C4BD8448C4CD8458C82
:105660004DD8488C4ED84A8C4FD84B8C50D84D8C46
:1056700051D84E8C52D84F8C53D8508C54D8518C12
:1056800055D8528C56D8538C57D8548C58D8568CE1
:1056900059D8578C5AD8588C5BD8598C5CD85B8CAD
:1056A0005DD85C8C5ED85D8C5FD85E8C60D85F8C7A
:1056B00061D8608C62D8638C63D8648C64D8658C44
:1056C00065D8668C66D8678C67D8688C68D8698C12
:1056D00069D86C8C6AD86D8C6BD86E8C6CD86F8CDA
:1056E0006DD8708C6ED8718C6FD8728C70D8748CA9
:1056F00071D8758C72D8768C73D8778C74D87B8C73
:1057000075D87C8C76D87D8C77D87E8C78D87F8C39
:1057100079D8808C7AD8818C7BD8838C7CD8848C07
:105720007DD8868C7ED8878C80D8888C81D88B8CCD
:1057300082D88D8C83D88E8C84D88F8C85D8908C91
:1057400086D8918C87D8928C88D8938C89D8958C60
:105750008AD8968C8BD8978C8CD8998C8DD89A8C2B
:105760008ED89B8C8FD89C8C90D89D8C91D89E8CF9
:1057700092D89F8C93D8A08C94D8A18C95D8A28CC9
:1057800096D8A38C97D8A48C98D8A58C99D8A68C99
:105790009AD8A78C9BD8A88C9CD8A98C9DD8AA8C69
:1057A0009ED8AB8C9FD8AC8CA0D8AD8CA1D88D4E98
:1057B000A2D80C4EA3D84051A4D8104EA5D8FF5E55
:1057C000A6D84553A7D8154EA8D8984EA9D81E4E8E
:1057D000AAD8329BABD86C5BACD86956ADD8284EF2
:1057E000AED8BA79AFD83F4EB0D81553B1D8474EDE
:1057F000B2D82D59B3D83B72B4D86E53B5D8106C0B
:10580000B6D8DF56B7D8E480B8D89799B9D8D36B53
:10581000BAD87E77BBD8179FBCD8364EBDD89F4E1E
:10582000BED8109FBFD85C4EC0D8694EC1D8934E29
:10583000C2D88882C3D85B5BC4D86C55C5D80F5614
:10584000C6D8C44EC7D88D53C8D89D53C9D8A35302
:10585000CAD8A553CBD8AE53CCD86597CDD85D8DDB
:10586000CED81A53CFD8F553D0D82653D1D82E53EB
:10587000D2D83E53D3D85C8DD4D86653D5D8635391
:10588000D6D80252D7D80852D8D80E52D9D82D52CD
:10589000DAD83352DBD83F52DCD84052DDD84C52F4
:1058A000DED85E52DFD86152E0D85C52E1D8AF84D6
:1058B000E2D87D52E3D88252E4D88152E5D89052A2
:1058C000E6D89352E7D88251E8D8547FE9D8BB4E46
:1058D000EAD8C34EEBD8C94EECD8C24EEDD8E84E4C
:1058E000EED8E14EEFD8EB4EF0D8DE4EF1D81B4F9C
:1058F000F2D8F34EF3D8224FF4D8644FF5D8F54ED2
:10590000F6D8254FF7D8274FF8D8094FF9D82B4F9D
:10591000FAD85E4FFBD8674FFCD83865FDD85A4F90
:10592000FED85D4F40D9AE8C41D9AF8C42D9B08CF6
:1059300043D9B18C44D9B28C45D9B38C46D9B48CF7
:1059400047D9B58C48D9B68C49D9B78C4AD9B88CC7
:105950004BD9B98C4CD9BA8C4DD9BB8C4ED9BC8C97
:105960004FD9BD8C50D9BE8C51D9BF8C52D9C08C67
:1059700053D9C18C54D9C28C55D9C38C56D9C48C37
:1059800057D9C58C58D9C68C59D9C78C5AD9C88C07
:105990005BD9C98C5CD9CA8C5DD9CB8C5ED9CC8CD7
:1059A0005FD9CD8C60D9CE8C61D9CF8C62D9D08CA7
:1059B00063D9D18C64D9D28C65D9D38C66D9D48C77
:1059C00067D9D58C68D9D68C69D9D78C6AD9D88C47
:1059D0006BD9D98C6CD9DA8C6DD9DB8C6ED9DC8C17
:1059E0006FD9DD8C70D9DE8C71D9DF8C72D9E08CE7
:1059F00073D9E18C74D9E28C75D9E38C76D9E48CB7
:105A000077D9E58C78D9E68C79D9E78C7AD9E88C86
:105A10007BD9E98C7CD9EA8C7DD9EB8C7ED9EC8C56
:105A200080D9ED8C81D9EE8C82D9EF8C83D9F08C22
:105A300084D9F18C85D9F28C86D9F38C87D9F48CF2
:105A400088D9F58C89D9F68C8AD9F78C8BD9F88CC2
:105A50008CD9F98C8DD9FA8C8ED9FB8C8FD9FC8C92
:105A600090D9FD8C91D9FE8C92D9FF8C93D9008D61
:105A700094D9018D95D9028D96D9038D97D9048D2E
:105A800098D9058D99D9068D9AD9078D9BD9088DFE
:105A90009CD9098D9DD90A8D9ED90B8D9FD90C8DCE
:105AA000A0D90D8DA1D95F4FA2D9574FA3D9324F9D
:105AB000A4D93D4FA5D9764FA6D9744FA7D9914FF8
:105AC000A8D9894FA9D9834FAAD98F4FABD97E4F77
:105AD000ACD97B4FADD9AA4FAED97C4FAFD9AC4F23
:105AE000B0D9944FB1D9E64FB2D9E84FB3D9EA4F04
:105AF000B4D9C54FB5D9DA4FB6D9E34FB7D9DC4FD2
:105B0000B8D9D14FB9D9DF4FBAD9F84FBBD929503D
:105B1000BCD94C50BDD9F34FBED92C50BFD90F5072
:105B2000C0D92E50C1D92D50C2D9FE4FC3D91C5057
:105B3000C4D90C50C5D92550C6D92850C7D97E50D4
:105B4000C8D94350C9D95550CAD94850CBD94E505D
:105B5000CCD96C50CDD97B50CED9A550CFD9A75038
:105B6000D0D9A950D1D9BA50D2D9D650D3D906510B
:105B7000D4D9ED50D5D9EC50D6D9E650D7D9EE507E
:105B8000D8D90751D9D90B51DAD9DD4EDBD93D6CC3
:105B9000DCD9584FDDD9654FDED9CE4FDFD9A09F74
:105BA000E0D9466CE1D9747CE2D96E51E3D9FD5D50
:105BB000E4D9C99EE5D99899E6D98151E7D9145914
:105BC000E8D9F952E9D90D53EAD9078AEBD910532C
:105BD000ECD9EB51EDD91959EED95551EFD9A04E69
:105BE000F0D95651F1D9B34EF2D96E88F3D9A488C1
:105BF000F4D9B54EF5D91481F6D9D288F7D9807980
:105C0000F8D9345BF9D90388FAD9B87FFBD9AB51FD
:105C1000FCD9B151FDD9BD51FED9BC5140DA0E8D30
:105C200041DA0F8D42DA108D43DA118D44DA128D8C
:105C300045DA138D46DA148D47DA158D48DA168D5C
:105C400049DA178D4ADA188D4BDA198D4CDA1A8D2C
:105C50004DDA1B8D4EDA1C8D4FDA208D50DA518DC6
:105C600051DA528D52DA578D53DA5F8D54DA658DE1
:105C700055DA688D56DA698D57DA6A8D58DA6C8D87
:105C800059DA6E8D5ADA6F8D5BDA718D5CDA728D4E
:105C90005DDA788D5EDA798D5FDA7A8D60DA7B8D08
:105CA00061DA7C8D62DA7D8D63DA7E8D64DA7F8DD8
:105CB00065DA808D66DA828D67DA838D68DA868DA3
:105CC00069DA878D6ADA888D6BDA898D6CDA8C8D6A
:105CD0006DDA8D8D6EDA8E8D6FDA8F8D70DA908D34
:105CE00071DA928D72DA938D73DA958D74DA968DFE
:105CF00075DA978D76DA988D77DA998D78DA9A8DCC
:105D000079DA9B8D7ADA9C8D7BDA9D8D7CDA9E8D9B
:105D10007DDAA08D7EDAA18D80DAA28D81DAA48D64
:105D200082DAA58D83DAA68D84DAA78D85DAA88D2F
:105D300086DAA98D87DAAA8D88DAAB8D89DAAC8DFF
:105D40008ADAAD8D8BDAAE8D8CDAAF8D8DDAB08DCF
:105D50008EDAB28D8FDAB68D90DAB78D91DAB98D91
:105D600092DABB8D93DABD8D94DAC08D95DAC18D50
:105D700096DAC28D97DAC58D98DAC78D99DAC88D13
:105D80009ADAC98D9BDACA8D9CDACD8D9DDAD08DD9
:105D90009EDAD28D9FDAD38DA0DAD48DA1DAC751E5
:105DA000A2DA9651A3DAA251A4DAA551A5DAA08B02
:105DB000A6DAA68BA7DAA78BA8DAAA8BA9DAB48B06
:105DC000AADAB58BABDAB78BACDAC28BADDAC38BA0
:105DD000AEDACB8BAFDACF8BB0DACE8BB1DAD28B37
:105DE000B2DAD38BB3DAD48BB4DAD68BB5DAD88BFC
:105DF000B6DAD98BB7DADC8BB8DADF8BB9DAE08BBD
:105E0000BADAE48BBBDAE88BBCDAE98BBDDAEE8B6D
:105E1000BEDAF08BBFDAF38BC0DAF68BC1DAF98B1E
:105E2000C2DAFC8BC3DAFF8BC4DA008CC5DA028CD1
:105E3000C6DA048CC7DA078CC8DA0C8CC9DA0F8C86
:105E4000CADA118CCBDA128CCCDA148CCDDA158C40
:105E5000CEDA168CCFDA198CD0DA1B8CD1DA188C0A
:105E6000D2DA1D8CD3DA1F8CD4DA208CD5DA218CCF
:105E7000D6DA258CD7DA278CD8DA2A8CD9DA2B8C8B
:105E8000DADA2E8CDBDA2F8CDCDA328CDDDA338C4A
:105E9000DEDA358CDFDA368CE0DA6953E1DA7A5310
:105EA000E2DA1D96E3DA2296E4DA2196E5DA319613
:105EB000E6DA2A96E7DA3D96E8DA3C96E9DA42969F
:105EC000EADA4996EBDA5496ECDA5F96EDDA679601
:105ED000EEDA6C96EFDA7296F0DA7496F1DA88966A
:105EE000F2DA8D96F3DA9796F4DAB096F5DA9790BF
:105EF000F6DA9B90F7DA9D90F8DA9990F9DAAC909F
:105F0000FADAA190FBDAB490FCDAB390FDDAB6903D
:105F1000FEDABA9040DBD58D41DBD88D42DBD98DDE
:105F200043DBDC8D44DBE08D45DBE18D46DBE28D40
:105F300047DBE58D48DBE68D49DBE78D4ADBE98D04
:105F40004BDBED8D4CDBEE8D4DDBF08D4EDBF18DC3
:105F50004FDBF28D50DBF48D51DBF68D52DBFC8D87
:105F600053DBFE8D54DBFF8D55DB008E56DB018E3F
:105F700057DB028E58DB038E59DB048E5ADB068E0C
:105F80005BDB078E5CDB088E5DDB0B8E5EDB0D8ED4
:105F90005FDB0E8E60DB108E61DB118E62DB128E9A
:105FA00063DB138E64DB158E65DB168E66DB178E66
:105FB00067DB188E68DB198E69DB1A8E6ADB1B8E35
:105FC0006BDB1C8E6CDB208E6DDB218E6EDB248EFA
:105FD0006FDB258E70DB268E71DB278E72DB288EC1
:105FE00073DB2B8E74DB2D8E75DB308E76DB328E81
:105FF00077DB338E78DB348E79DB368E7ADB378E47
:106000007BDB388E7CDB3B8E7DDB3C8E7EDB3E8E0D
:1060100080DB3F8E81DB438E82DB458E83DB468EC9
:1060200084DB4C8E85DB4D8E86DB4E8E87DB4F8E80
:1060300088DB508E89DB538E8ADB548E8BDB558E4A
:106040008CDB568E8DDB578E8EDB588E8FDB5A8E17
:1060500090DB5B8E91DB5C8E92DB5D8E93DB5E8EE4
:1060600094DB5F8E95DB608E96DB618E97DB628EB4
:1060700098DB638E99DB648E9ADB658E9BDB678E83
:106080009CDB688E9DDB6A8E9EDB6B8E9FDB6E8E4B
:10609000A0DB718EA1DBB890A2DBB090A3DBCF9028
:1060A000A4DBC590A5DBBE90A6DBD090A7DBC49097
:1060B000A8DBC790A9DBD390AADBE690ABDBE2902C
:1060C000ACDBDC90ADDBD790AEDBDB90AFDBEB90F5
:1060D000B0DBEF90B1DBFE90B2DB0491B3DB229139
:1060E000B4DB1E91B5DB2391B6DB3191B7DB2F9189
:1060F000B8DB3991B9DB4391BADB4691BBDB0D527A
:10610000BCDB4259BDDBA252BEDBAC52BFDBAD52A1
:10611000C0DBBE52C1DBFF54C2DBD052C3DBD65260
:10612000C4DBF052C5DBDF53C6DBEE71C7DBCD77D6
:10613000C8DBF45EC9DBF551CADBFC51CBDB2F9B1E
:10614000CCDBB653CDDB015FCEDB5A75CFDBEF5D29
:10615000D0DB4C57D1DBA957D2DBA157D3DB7E581C
:10616000D4DBBC58D5DBC558D6DBD158D7DB295793
:10617000D8DB2C57D9DB2A57DADB3357DBDB39572F
:10618000DCDB2E57DDDB2F57DEDB5C57DFDB3B57DD
:10619000E0DB4257E1DB6957E2DB8557E3DB6B5716
:1061A000E4DB8657E5DB7C57E6DB7B57E7DB6857AC
:1061B000E8DB6D57E9DB7657EADB7357EBDBAD576E
:1061C000ECDBA457EDDB8C57EEDBB257EFDBCF57A0
:1061D000F0DBA757F1DBB457F2DB9357F3DBA057A3
:1061E000F4DBD557F5DBD857F6DBDA57F7DBD957B1
:1061F000F8DBD257F9DBB857FADBF457FBDBEF5784
:10620000FCDBF857FDDBE457FEDBDD5740DC738E2B
:1062100041DC758E42DC778E43DC788E44DC798EEF
:1062200045DC7A8E46DC7B8E47DC7D8E48DC7E8EBC
:1062300049DC808E4ADC828E4BDC838E4CDC848E83
:106240004DDC868E4EDC888E4FDC898E50DC8A8E4B
:1062500051DC8B8E52DC8C8E53DC8D8E54DC8E8E1A
:1062600055DC918E56DC928E57DC938E58DC958EE1
:1062700059DC968E5ADC978E5BDC988E5CDC998EAE
:106280005DDC9A8E5EDC9B8E5FDC9D8E60DC9F8E7B
:1062900061DCA08E62DCA18E63DCA28E64DCA38E46
:1062A00065DCA48E66DCA58E67DCA68E68DCA78E16
:1062B00069DCA88E6ADCA98E6BDCAA8E6CDCAD8EE4
:1062C0006DDCAE8E6EDCB08E6FDCB18E70DCB38EAA
:1062D00071DCB48E72DCB58E73DCB68E74DCB78E76
:1062E00075DCB88E76DCB98E77DCBB8E78DCBC8E44
:1062F00079DCBD8E7ADCBE8E7BDCBF8E7CDCC08E12
:106300007DDCC18E7EDCC28E80DCC38E81DCC48EDF
:1063100082DCC58E83DCC68E84DCC78E85DCC88EAD
:1063200086DCC98E87DCCA8E88DCCB8E89DCCC8E7D
:106330008ADCCD8E8BDCCF8E8CDCD08E8DDCD18E4A
:106340008EDCD28E8FDCD38E90DCD48E91DCD58E19
:1063500092DCD68E93DCD78E94DCD88E95DCD98EE9
:1063600096DCDA8E97DCDB8E98DCDC8E99DCDD8EB9
:106370009ADCDE8E9BDCDF8E9CDCE08E9DDCE18E89
:106380009EDCE28E9FDCE38EA0DCE48EA1DC0B5869
:10639000A2DC0D58A3DCFD57A4DCED57A5DC0058AA
:1063A000A6DC1E58A7DC1958A8DC4458A9DC2058E4
:1063B000AADC6558ABDC6C58ACDC8158ADDC895884
:1063C000AEDC9A58AFDC8058B0DCA899B1DC199FDC
:1063D000B2DCFF61B3DC7982B4DC7D82B5DC7F8224
:1063E000B6DC8F82B7DC8A82B8DCA882B9DC848212
:1063F000BADC8E82BBDC9182BCDC9782BDDC9982E8
:10640000BEDCAB82BFDCB882C0DCBE82C1DCB08245
:10641000C2DCC882C3DCCA82C4DCE382C5DC9882E9
:10642000C6DCB782C7DCAE82C8DCCB82C9DCCC82DA
:10643000CADCC182CBDCA982CCDCB482CDDCA182F7
:10644000CEDCAA82CFDC9F82D0DCC482D1DCCE82BB
:10645000D2DCA482D3DCE182D4DC0983D5DCF782F0
:10646000D6DCE482D7DC0F83D8DC0783D9DCDC827E
:10647000DADCF482DBDCD282DCDCD882DDDC0C838B
:10648000DEDCFB82DFDCD382E0DC1183E1DC1A831B
:10649000E2DC0683E3DC1483E4DC1583E5DCE082E4
:1064A000E6DCD582E7DC1C83E8DC5183E9DC5B8336
:1064B000EADC5C83EBDC0883ECDC9283EDDC3C8380
:1064C000EEDC3483EFDC3183F0DC9B83F1DC5E8334
:1064D000F2DC2F83F3DC4F83F4DC4783F5DC43836A
:1064E000F6DC5F83F7DC4083F8DC1783F9DC60833C
:1064F000FADC2D83FBDC3A83FCDC3383FDDC668332
:10650000FEDC658340DDE58E41DDE68E42DDE78E13
:1065100043DDE88E44DDE98E45DDEA8E46DDEB8E17
:1065200047DDEC8E48DDED8E49DDEE8E4ADDEF8EE7
:106530004BDDF08E4CDDF18E4DDDF28E4EDDF38EB7
:106540004FDDF48E50DDF58E51DDF68E52DDF78E87
:1065500053DDF88E54DDF98E55DDFA8E56DDFB8E57
:1065600057DDFC8E58DDFD8E59DDFE8E5ADDFF8E27
:106570005BDD008F5CDD018F5DDD028F5EDD038FF3
:106580005FDD048F60DD058F61DD068F62DD078FC3
:1065900063DD088F64DD098F65DD0A8F66DD0B8F93
:1065A00067DD0C8F68DD0D8F69DD0E8F6ADD0F8F63
:1065B0006BDD108F6CDD118F6DDD128F6EDD138F33
:1065C0006FDD148F70DD158F71DD168F72DD178F03
:1065D00073DD188F74DD198F75DD1A8F76DD1B8FD3
:1065E00077DD1C8F78DD1D8F79DD1E8F7ADD1F8FA3
:1065F0007BDD208F7CDD218F7DDD228F7EDD238F73
:1066000080DD248F81DD258F82DD268F83DD278F3E
:1066100084DD288F85DD298F86DD2A8F87DD2B8F0E
:1066200088DD2C8F89DD2D8F8ADD2E8F8BDD2F8FDE
:106630008CDD308F8DDD318F8EDD328F8FDD338FAE
:1066400090DD348F91DD358F92DD368F93DD378F7E
:1066500094DD388F95DD398F96DD3A8F97DD3B8F4E
:1066600098DD3C8F99DD3D8F9ADD3E8F9BDD3F8F1E
:106670009CDD408F9DDD418F9EDD428F9FDD438FEE
:10668000A0DD448FA1DD6883A2DD1B83A3DD6983C8
:10669000A4DD6C83A5DD6A83A6DD6D83A7DD6E8333
:1066A000A8DDB083A9DD7883AADDB383ABDDB48335
:1066B000ACDDA083ADDDAA83AEDD9383AFDD9C832B
:1066C000B0DD8583B1DD7C83B2DDB683B3DDA98324
:1066D000B4DD7D83B5DDB883B6DD7B83B7DD98831C
:1066E000B8DD9E83B9DDA883BADDBA83BBDDBC8388
:1066F000BCDDC183BDDD0184BEDDE583BFDDD883A4
:10670000C0DD0758C1DD1884C2DD0B84C3DDDD8325
:10671000C4DDFD83C5DDD683C6DD1C84C7DD3884BA
:10672000C8DD1184C9DD0684CADDD483CBDDDF83F7
:10673000CCDD0F84CDDD0384CEDDF883CFDDF9839E
:10674000D0DDEA83D1DDC583D2DDC083D3DD2684ED
:10675000D4DDF083D5DDE183D6DD5C84D7DD5184E3
:10676000D8DD5A84D9DD5984DADD7384DBDD878492
:10677000DCDD8884DDDD7A84DEDD8984DFDD78841C
:10678000E0DD3C84E1DD4684E2DD6984E3DD76849E
:10679000E4DD8C84E5DD8E84E6DD3184E7DD6D8427
:1067A000E8DDC184E9DDCD84EADDD084EBDDE6847B
:1067B000ECDDBD84EDDDD384EEDDCA84EFDDBF8486
:1067C000F0DDBA84F1DDE084F2DDA184F3DDB9848B
:1067D000F4DDB484F5DD9784F6DDE584F7DDE3844C
:1067E000F8DD0C85F9DD0D75FADD3885FBDDF0840B
:1067F000FCDD3985FDDD1F85FEDD3A8540DE458FF8
:1068000041DE468F42DE478F43DE488F44DE498FAC
:1068100045DE4A8F46DE4B8F47DE4C8F48DE4D8F7C
:1068200049DE4E8F4ADE4F8F4BDE508F4CDE518F4C
:106830004DDE528F4EDE538F4FDE548F50DE558F1C
:1068400051DE568F52DE578F53DE588F54DE598FEC
:1068500055DE5A8F56DE5B8F57DE5C8F58DE5D8FBC
:1068600059DE5E8F5ADE5F8F5BDE608F5CDE618F8C
:106870005DDE628F5EDE638F5FDE648F60DE658F5C
:1068800061DE6A8F62DE808F63DE8C8F64DE928FC2
:1068900065DE9D8F66DEA08F67DEA18F68DEA28F2A
:1068A00069DEA48F6ADEA58F6BDEA68F6CDEA78FF4
:1068B0006DDEAA8F6EDEAC8F6FDEAD8F70DEAE8FB9
:1068C00071DEAF8F72DEB28F73DEB38F74DEB48F82
:1068D00075DEB58F76DEB78F77DEB88F78DEBA8F4C
:1068E00079DEBB8F7ADEBC8F7BDEBF8F7CDEC08F14
:1068F0007DDEC38F7EDEC68F80DEC98F81DECA8FCC
:1069000082DECB8F83DECC8F84DECD8F85DECF8F92
:1069100086DED28F87DED68F88DED78F89DEDA8F4C
:106920008ADEE08F8BDEE18F8CDEE38F8DDEE78FFA
:106930008EDEEC8F8FDEEF8F90DEF18F91DEF28FA7
:1069400092DEF48F93DEF58F94DEF68F95DEFA8F6C
:1069500096DEFB8F97DEFC8F98DEFE8F99DEFF8F31
:106960009ADE07909BDE08909CDE0C909DDE0E90D8
:106970009EDE13909FDE1590A0DE1890A1DE568556
:10698000A2DE3B85A3DEFF84A4DEFC84A5DE598560
:10699000A6DE4885A7DE6885A8DE6485A9DE5E855B
:1069A000AADE7A85ABDEA277ACDE4385ADDE7285EA
:1069B000AEDE7B85AFDEA485B0DEA885B1DE87853F
:1069C000B2DE8F85B3DE7985B4DEAE85B5DE9C851B
:1069D000B6DE8585B7DEB985B8DEB785B9DEB085A8
:1069E000BADED385BBDEC185BCDEDC85BDDEFF85BE
:1069F000BEDE2786BFDE0586C0DE2986C1DE16869E
:106A0000C2DE3C86C3DEFE5EC4DE085FC5DE3C59E6
:106A1000C6DE4159C7DE3780C8DE5559C9DE5A592E
:106A2000CADE5859CBDE0F53CCDE225CCDDE255CAE
:106A3000CEDE2C5CCFDE345CD0DE4C62D1DE6A620E
:106A4000D2DE9F62D3DEBB62D4DECA62D5DEDA62FA
:106A5000D6DED762D7DEEE62D8DE2263D9DEF662FA
:106A6000DADE3963DBDE4B63DCDE4363DDDEAD6340
:106A7000DEDEF663DFDE7163E0DE7A63E1DE8E6325
:106A8000E2DEB463E3DE6D63E4DEAC63E5DE8A631D
:106A9000E6DE6963E7DEAE63E8DEBC63E9DEF2638F
:106AA000EADEF863EBDEE063ECDEFF63EDDEC46399
:106AB000EEDEDE63EFDECE63F0DE5264F1DEC6634F
:106AC000F2DEBE63F3DE4564F4DE4164F5DE0B64A2
:106AD000F6DE1B64F7DE2064F8DE0C64F9DE266463
:106AE000FADE2164FBDE5E64FCDE8464FDDE6D6440
:106AF000FEDE966440DF199041DF1C9042DF239058
:106B000043DF249044DF259045DF279046DF28901F
:106B100047DF299048DF2A9049DF2B904ADF2C90ED
:106B20004BDF30904CDF31904DDF32904EDF3390B1
:106B30004FDF349050DF379051DF399052DF3A9079
:106B400053DF3D9054DF3F9055DF409056DF439038
:106B500057DF459058DF469059DF48905ADF4990FB
:106B60005BDF4A905CDF4B905DDF4C905EDF4E90C8
:106B70005FDF549060DF559061DF569062DF59907F
:106B800063DF5A9064DF5C9065DF5D9066DF5E9046
:106B900067DF5F9068DF609069DF61906ADF649013
:106BA0006BDF66906CDF67906DDF69906EDF6A90D7
:106BB0006FDF6B9070DF6C9071DF6F9072DF7090A1
:106BC00073DF719074DF729075DF739076DF76906B
:106BD00077DF779078DF789079DF79907ADF7A9035
:106BE0007BDF7B907CDF7C907DDF7E907EDF819001
:106BF00080DF849081DF859082DF869083DF8790BD
:106C000084DF899085DF8A9086DF8C9087DF8D9086
:106C100088DF8E9089DF8F908ADF90908BDF929053
:106C20008CDF94908DDF96908EDF98908FDF9A9016
:106C300090DF9C9091DF9E9092DF9F9093DFA090D9
:106C400094DFA49095DFA59096DFA79097DFA8909A
:106C500098DFA99099DFAB909ADFAD909BDFB2905F
:106C60009CDFB7909DDFBC909EDFBD909FDFBF9003
:106C7000A0DFC090A1DF7A64A2DFB764A3DFB864AD
:106C8000A4DF9964A5DFBA64A6DFC064A7DFD0647F
:106C9000A8DFD764A9DFE464AADFE264ABDF09659B
:106CA000ACDF2565ADDF2E65AEDF0B5FAFDFD25FFA
:106CB000B0DF1975B1DF115FB2DF5F53B3DFF1539E
:106CC000B4DFFD53B5DFE953B6DFE853B7DFFB535D
:106CD000B8DF1254B9DF1654BADF0654BBDF4B5489
:106CE000BCDF5254BDDF5354BEDF5454BFDF565493
:106CF000C0DF4354C1DF2154C2DF5754C3DF5954AE
:106D0000C4DF2354C5DF3254C6DF8254C7DF945436
:106D1000C8DF7754C9DF7154CADF6454CBDF9A549B
:106D2000CCDF9B54CDDF8454CEDF7654CFDF665466
:106D3000D0DF9D54D1DFD054D2DFAD54D3DFC25465
:106D4000D4DFB454D5DFD254D6DFA754D7DFA6544E
:106D5000D8DFD354D9DFD454DADF7254DBDFA35445
:106D6000DCDFD554DDDFBB54DEDFBF54DFDFCC54C6
:106D7000E0DFD954E1DFDA54E2DFDC54E3DFA95489
:106D8000E4DFAA54E5DFA454E6DFDD54E7DFCF54A7
:106D9000E8DFDE54E9DF1B55EADFE754EBDF20557F
:106DA000ECDFFD54EDDF1455EEDFF354EFDF225539
:106DB000F0DF2355F1DF0F55F2DF1155F3DF2755D3
:106DC000F4DF2A55F5DF6755F6DF8F55F7DFB55548
:106DD000F8DF4955F9DF6D55FADF4155FBDF5555B1
:106DE000FCDF3F55FDDF5055FEDF3C5540E0C290D3
:106DF00041E0C39042E0C69043E0C89044E0C990AF
:106E000045E0CB9046E0CC9047E0CD9048E0D29072
:106E100049E0D4904AE0D5904BE0D6904CE0D89031
:106E20004DE0D9904EE0DA904FE0DE9050E0DF90F8
:106E300051E0E09052E0E39053E0E49054E0E590BC
:106E400055E0E99056E0EA9057E0EC9058E0EE907B
:106E500059E0F0905AE0F1905BE0F2905CE0F39042
:106E60005DE0F5905EE0F6905FE0F79060E0F9900D
:106E700061E0FA9062E0FB9063E0FC9064E0FF90D8
:106E800065E0009166E0019167E0039168E005919B
:106E900069E006916AE007916BE008916CE0099166
:106EA0006DE00A916EE00B916FE00C9170E00D9136
:106EB00071E00E9172E00F9173E0109174E0119106
:106EC00075E0129176E0139177E0149178E01591D6
:106ED00079E016917AE017917BE018917CE01A91A5
:106EE0007DE01B917EE01C9180E01D9181E01F916F
:106EF00082E0209183E0219184E0249185E0259136
:106F000086E0269187E0279188E0289189E0299101
:106F10008AE02A918BE02B918CE02C918DE02D91D1
:106F20008EE02E918FE0309190E0329191E033919C
:106F300092E0349193E0359194E0369195E0379169
:106F400096E0389197E03A9198E03B9199E03C9136
:106F50009AE03D919BE03E919CE03F919DE0409105
:106F60009EE041919FE04291A0E04491A1E037551D
:106F7000A2E05655A3E07555A4E07655A5E07755F7
:106F8000A6E03355A7E03055A8E05C55A9E08B5545
:106F9000AAE0D255ABE08355ACE0B155ADE0B955B0
:106FA000AEE08855AFE08155B0E09F55B1E07E5529
:106FB000B2E0D655B3E09155B4E07B55B5E0DF556E
:106FC000B6E0BD55B7E0BE55B8E09455B9E0995567
:106FD000BAE0EA55BBE0F755BCE0C955BDE01F5625
:106FE000BEE0D155BFE0EB55C0E0EC55C1E0D45553
:106FF000C2E0E655C3E0DD55C4E0C455C5E0EF5539
:10700000C6E0E555C7E0F255C8E0F355C9E0CC55F8
:10701000CAE0CD55CBE0E855CCE0F555CDE0E455E0
:10702000CEE0948FCFE01E56D0E00856D1E00C564B
:10703000D2E00156D3E02456D4E02356D5E0FE55E5
:10704000D6E00056D7E02756D8E02D56D9E058565E
:10705000DAE03956DBE05756DCE02C56DDE04D56E1
:10706000DEE06256DFE05956E0E05C56E1E04C5667
:10707000E2E05456E3E08656E4E06456E5E07156FB
:10708000E6E06B56E7E07B56E8E07C56E9E08556A3
:10709000EAE09356EBE0AF56ECE0D456EDE0D7567D
:1070A000EEE0DD56EFE0E156F0E0F556F1E0EB56AC
:1070B000F2E0F956F3E0FF56F4E00457F5E00A5722
:1070C000F6E00957F7E01C57F8E00F5EF9E0195EAB
:1070D000FAE0145EFBE0115EFCE0315EFDE03B5E39
:1070E000FEE03C5E40E1459141E1479142E148913B
:1070F00043E1519144E1539145E1549146E1559169
:1071000047E1569148E1589149E159914AE15B9133
:107110004BE15C914CE15F914DE160914EE16691F4
:107120004FE1679150E1689151E16B9152E16D91AE
:1071300053E1739154E17A9155E17B9156E17C9151
:1071400057E1809158E1819159E182915AE183910F
:107150005BE184915CE186915DE188915EE18A91D9
:107160005FE18E9160E18F9161E1939162E1949191
:1071700063E1959164E1969165E1979166E198915B
:1071800067E1999168E19C9169E19D916AE19E9125
:107190006BE19F916CE1A0916DE1A1916EE1A491F1
:1071A0006FE1A59170E1A69171E1A79172E1A891BB
:1071B00073E1A99174E1AB9175E1AC9176E1B09185
:1071C00077E1B19178E1B29179E1B3917AE1B69149
:1071D0007BE1B7917CE1B8917DE1B9917EE1BB9112
:1071E00080E1BC9181E1BD9182E1BE9183E1BF91DB
:1071F00084E1C09185E1C19186E1C29187E1C391AB
:1072000088E1C49189E1C5918AE1C6918BE1C89179
:107210008CE1CB918DE1D0918EE1D2918FE1D39130
:1072200090E1D49191E1D59192E1D69193E1D791FA
:1072300094E1D89195E1D99196E1DA9197E1DB91CA
:1072400098E1DD9199E1DE919AE1DF919BE1E09196
:107250009CE1E1919DE1E2919EE1E3919FE1E49166
:10726000A0E1E591A1E1375EA2E1445EA3E1545EB5
:10727000A4E15B5EA5E15E5EA6E1615EA7E18C5CD8
:10728000A8E17A5CA9E18D5CAAE1905CABE1965C37
:10729000ACE1885CADE1985CAEE1995CAFE1915CFA
:1072A000B0E19A5CB1E19C5CB2E1B55CB3E1A25C97
:1072B000B4E1BD5CB5E1AC5CB6E1AB5CB7E1B15C3F
:1072C000B8E1A35CB9E1C15CBAE1B75CBBE1C45C05
:1072D000BCE1D25CBDE1E45CBEE1CB5CBFE1E55C5E
:1072E000C0E1025DC1E1035DC2E1275DC3E1265D4E
:1072F000C4E12E5DC5E1245DC6E11E5DC7E1065D0A
:10730000C8E11B5DC9E1585DCAE13E5DCBE1345D7A
:10731000CCE13D5DCDE16C5DCEE15B5DCFE16F5DCC
:10732000D0E15D5DD1E16B5DD2E14B5DD3E14A5DC2
:10733000D4E1695DD5E1745DD6E1825DD7E1995D07
:10734000D8E19D5DD9E1738CDAE1B75DDBE1C55D24
:10735000DCE1735FDDE1775FDEE1825FDFE1875FC4
:10736000E0E1895FE1E18C5FE2E1955FE3E1995F54
:10737000E4E19C5FE5E1A85FE6E1AD5FE7E1B55FD1
:10738000E8E1BC5FE9E16288EAE1615FEBE1AD72EF
:10739000ECE1B072EDE1B472EEE1B772EFE1B87218
:1073A000F0E1C372F1E1C172F2E1CE72F3E1CD72AC
:1073B000F4E1D272F5E1E872F6E1EF72F7E1E97219
:1073C000F8E1F272F9E1F472FAE1F772FBE10173AC
:1073D000FCE1F372FDE10373FEE1FA7240E2E69133
:1073E00041E2E79142E2E89143E2E99144E2EA9125
:1073F00045E2EB9146E2EC9147E2ED9148E2EE91F5
:1074000049E2EF914AE2F0914BE2F1914CE2F291C4
:107410004DE2F3914EE2F4914FE2F59150E2F69194
:1074200051E2F79152E2F89153E2F99154E2FA9164
:1074300055E2FB9156E2FC9157E2FD9158E2FE9134
:1074400059E2FF915AE200925BE201925CE2029201
:107450005DE203925EE204925FE2059260E20692D0
:1074600061E2079262E2089263E2099264E20A92A0
:1074700065E20B9266E20C9267E20D9268E20E9270
:1074800069E20F926AE210926BE211926CE2129240
:107490006DE213926EE214926FE2159270E2169210
:1074A00071E2179272E2189273E2199274E21A92E0
:1074B00075E21B9276E21C9277E21D9278E21E92B0
:1074C00079E21F927AE220927BE221927CE2229280
:1074D0007DE223927EE2249280E2259281E226924E
:1074E00082E2279283E2289284E2299285E22A921C
:1074F00086E22B9287E22C9288E22D9289E22E92EC
:107500008AE22F928BE230928CE231928DE23292BB
:107510008EE233928FE2349290E2359291E236928B
:1075200092E2379293E2389294E2399295E23A925B
:1075300096E23B9297E23C9298E23D9299E23E922B
:107540009AE23F929BE240929CE241929DE24292FB
:107550009EE243929FE24492A0E24592A1E2FB7236
:10756000A2E21773A3E21373A4E22173A5E20A73E4
:10757000A6E21E73A7E21D73A8E21573A9E22273A7
:10758000AAE23973ABE22573ACE22C73ADE2387337
:10759000AEE23173AFE25073B0E24D73B1E25773B4
:1075A000B2E26073B3E26C73B4E26F73B5E27E7300
:1075B000B6E21B82B7E22559B8E2E798B9E224594E
:1075C000BAE20259BBE26399BCE26799BDE26899ED
:1075D000BEE26999BFE26A99C0E26B99C1E26C9917
:1075E000C2E27499C3E27799C4E27D99C5E28099B9
:1075F000C6E28499C7E28799C8E28A99C9E28D995F
:10760000CAE29099CBE29199CCE29399CDE2949918
:10761000CEE29599CFE2805ED0E2915ED1E28B5EC0
:10762000D2E2965ED3E2A55ED4E2A05ED5E2B95E78
:10763000D6E2B55ED7E2BE5ED8E2B35ED9E2538D44
:10764000DAE2D25EDBE2D15EDCE2DB5EDDE2E85E66
:10765000DEE2EA5EDFE2BA81E0E2C45FE1E2C95F56
:10766000E2E2D65FE3E2CF5FE4E20360E5E2EE5FF1
:10767000E6E20460E7E2E15FE8E2E45FE9E2FE5FA0
:10768000EAE20560EBE20660ECE2EA5FEDE2ED5F64
:10769000EEE2F85FEFE21960F0E23560F1E22660B9
:1076A000F2E21B60F3E20F60F4E20D60F5E22960A4
:1076B000F6E22B60F7E20A60F8E23F60F9E221604F
:1076C000FAE27860FBE27960FCE27B60FDE27A60DE
:1076D000FEE2426040E3469241E3479242E3489231
:1076E00043E3499244E34A9245E34B9246E34C928A
:1076F00047E34D9248E34E9249E34F924AE350925A
:107700004BE351924CE352924DE353924EE3549229
:107710004FE3559250E3569251E3579252E35892F9
:1077200053E3599254E35A9255E35B9256E35C92C9
:1077300057E35D9258E35E9259E35F925AE3609299
:107740005BE361925CE362925DE363925EE3649269
:107750005FE3659260E3669261E3679262E3689239
:1077600063E3699264E36A9265E36B9266E36C9209
:1077700067E36D9268E36E9269E36F926AE37092D9
:107780006BE371926CE372926DE373926EE37592A8
:107790006FE3769270E3779271E3789272E3799275
:1077A00073E37A9274E37B9275E37C9276E37D9245
:1077B00077E37E9278E37F9279E380927AE3819215
:1077C0007BE382927CE383927DE384927EE38592E5
:1077D00080E3869281E3879282E3889283E38992B1
:1077E00084E38A9285E38B9286E38C9287E38D9281
:1077F00088E38F9289E390928AE391928BE392924D
:107800008CE393928DE394928EE395928FE396921C
:1078100090E3979291E3989292E3999293E39A92EC
:1078200094E39B9295E39C9296E39D9297E39E92BC
:1078300098E39F9299E3A0929AE3A1929BE3A2928C
:107840009CE3A3929DE3A4929EE3A5929FE3A6925C
:10785000A0E3A792A1E36A60A2E37D60A3E3966040
:10786000A4E39A60A5E3AD60A6E39D60A7E383600F
:10787000A8E39260A9E38C60AAE39B60ABE3EC60B1
:10788000ACE3BB60ADE3B160AEE3DD60AFE3D86015
:10789000B0E3C660B1E3DA60B2E3B460B3E32061A1
:1078A000B4E32661B5E31561B6E32361B7E3F460A1
:1078B000B8E30061B9E30E61BAE32B61BBE34A614F
:1078C000BCE37561BDE3AC61BEE39461BFE3A76156
:1078D000C0E3B761C1E3D461C2E3F561C3E3DD5F37
:1078E000C4E3B396C5E3E995C6E3EB95C7E3F19529
:1078F000C8E3F395C9E3F595CAE3F695CBE3FC95A8
:10790000CCE3FE95CDE30396CEE30496CFE3069653
:10791000D0E30896D1E30A96D2E30B96D3E30C9614
:10792000D4E30D96D5E30F96D6E31296D7E31596DA
:10793000D8E31696D9E31796DAE31996DBE31A969D
:10794000DCE32C4EDDE33F72DEE31562DFE3356CF2
:10795000E0E3546CE1E35C6CE2E34A6CE3E3A36CC8
:10796000E4E3856CE5E3906CE6E3946CE7E38C6C10
:10797000E8E3686CE9E3696CEAE3746CEBE3766C6A
:10798000ECE3866CEDE3A96CEEE3D06CEFE3D46C32
:10799000F0E3AD6CF1E3F76CF2E3F86CF3E3F16C58
:1079A000F4E3D76CF5E3B26CF6E3E06CF7E3D66C86
:1079B000F8E3FA6CF9E3EB6CFAE3EE6CFBE3B16C21
:1079C000FCE3D36CFDE3EF6CFEE3FE6C40E4A892B5
:1079D00041E4A99242E4AA9243E4AB9244E4AC921B
:1079E00045E4AD9246E4AF9247E4B09248E4B192E8
:1079F00049E4B2924AE4B3924BE4B4924CE4B592B7
:107A00004DE4B6924EE4B7924FE4B89250E4B99286
:107A100051E4BA9252E4BB9253E4BC9254E4BD9256
:107A200055E4BE9256E4BF9257E4C09258E4C19226
:107A300059E4C2925AE4C3925BE4C4925CE4C592F6
:107A40005DE4C6925EE4C7925FE4C99260E4CA92C4
:107A500061E4CB9262E4CC9263E4CD9264E4CE9292
:107A600065E4CF9266E4D09267E4D19268E4D29262
:107A700069E4D3926AE4D4926BE4D5926CE4D69232
:107A80006DE4D7926EE4D8926FE4D99270E4DA9202
:107A900071E4DB9272E4DC9273E4DD9274E4DE92D2
:107AA00075E4DF9276E4E09277E4E19278E4E292A2
:107AB00079E4E3927AE4E4927BE4E5927CE4E69272
:107AC0007DE4E7927EE4E89280E4E99281E4EA9240
:107AD00082E4EB9283E4EC9284E4ED9285E4EE920E
:107AE00086E4EF9287E4F09288E4F19289E4F292DE
:107AF0008AE4F3928BE4F4928CE4F5928DE4F692AE
:107B00008EE4F7928FE4F89290E4F99291E4FA927D
:107B100092E4FB9293E4FC9294E4FD9295E4FE924D
:107B200096E4FF9297E4009398E4019399E402931A
:107B30009AE403939BE404939CE405939DE40693E9
:107B40009EE407939FE40893A0E40993A1E4396DB0
:107B5000A2E4276DA3E40C6DA4E4436DA5E4486D95
:107B6000A6E4076DA7E4046DA8E4196DA9E40E6D01
:107B7000AAE42B6DABE44D6DACE42E6DADE4356D38
:107B8000AEE41A6DAFE44F6DB0E4526DB1E4546DE4
:107B9000B2E4336DB3E4916DB4E46F6DB5E49E6D02
:107BA000B6E4A06DB7E45E6DB8E4936DB9E4946D8E
:107BB000BAE45C6DBBE4606DBCE47C6DBDE4636DF8
:107BC000BEE41A6EBFE4C76DC0E4C56DC1E4DE6DEE
:107BD000C2E40E6EC3E4BF6DC4E4E06DC5E4116E93
:107BE000C6E4E66DC7E4DD6DC8E4D96DC9E4166E80
:107BF000CAE4AB6DCBE40C6ECCE4AE6DCDE42B6E81
:107C0000CEE46E6ECFE44E6ED0E46B6ED1E4B26E15
:107C1000D2E45F6ED3E4866ED4E4536ED5E4546E42
:107C2000D6E4326ED7E4256ED8E4446ED9E4DF6E34
:107C3000DAE4B16EDBE4986EDCE4E06EDDE42D6F37
:107C4000DEE4E26EDFE4A56EE0E4A76EE1E4BD6E83
:107C5000E2E4BB6EE3E4B76EE4E4D76EE5E4B46E51
:107C6000E6E4CF6EE7E48F6EE8E4C26EE9E49F6E6F
:107C7000EAE4626FEBE4466FECE4476FEDE4246FF7
:107C8000EEE4156FEFE4F96EF0E42F6FF1E4366F78
:107C9000F2E44B6FF3E4746FF4E42A6FF5E4096FD8
:107CA000F6E4296FF7E4896FF8E48D6FF9E48C6FDF
:107CB000FAE4786FFBE4726FFCE47C6FFDE47A6FAA
:107CC000FEE4D16F40E50A9341E50B9342E50C9346
:107CD00043E50D9344E50E9345E50F9346E5109378
:107CE00047E5119348E5129349E513934AE5149348
:107CF0004BE515934CE516934DE517934EE5189318
:107D00004FE5199350E51A9351E51B9352E51C93E7
:107D100053E51D9354E51E9355E51F9356E52093B7
:107D200057E5219358E5229359E523935AE5249387
:107D30005BE525935CE526935DE527935EE5289357
:107D40005FE5299360E52A9361E52B9362E52C9327
:107D500063E52D9364E52E9365E52F9366E53093F7
:107D600067E5319368E5329369E533936AE53493C7
:107D70006BE535936CE536936DE537936EE5389397
:107D80006FE5399370E53A9371E53B9372E53C9367
:107D900073E53D9374E53F9375E5409376E5419334
:107DA00077E5429378E5439379E544937AE5459303
:107DB0007BE546937CE547937DE548937EE54993D3
:107DC00080E54A9381E54B9382E54C9383E54D939F
:107DD00084E54E9385E54F9386E5509387E551936F
:107DE00088E5529389E553938AE554938BE555933F
:107DF0008CE556938DE557938EE558938FE559930F
:107E000090E55A9391E55B9392E55C9393E55D93DE
:107E100094E55E9395E55F9396E5609397E56193AE
:107E200098E5629399E563939AE564939BE565937E
:107E30009CE566939DE567939EE568939FE569934E
:107E4000A0E56B93A1E5C96FA2E5A76FA3E5B96FA4
:107E5000A4E5B66FA5E5C26FA6E5E16FA7E5EE6FF5
:107E6000A8E5DE6FA9E5E06FAAE5EF6FABE51A7054
:107E7000ACE52370ADE51B70AEE53970AFE535704C
:107E8000B0E54F70B1E55E70B2E5805BB3E5845B51
:107E9000B4E5955BB5E5935BB6E5A55BB7E5B85B87
:107EA000B8E52F75B9E59E9ABAE53464BBE5E45BA5
:107EB000BCE5EE5BBDE53089BEE5F05BBFE5478E16
:107EC000C0E5078BC1E5B68FC2E5D38FC3E5D58F7B
:107ED000C4E5E58FC5E5EE8FC6E5E48FC7E5E98F1C
:107EE000C8E5E68FC9E5F38FCAE5E88FCBE50590D5
:107EF000CCE50490CDE50B90CEE52690CFE5119032
:107F0000D0E50D90D1E51690D2E52190D3E53590DE
:107F1000D4E53690D5E52D90D6E52F90D7E5449061
:107F2000D8E55190D9E55290DAE55090DBE56890BC
:107F3000DCE55890DDE56290DEE55B90DFE5B96653
:107F4000E0E57490E1E57D90E2E58290E3E58890DC
:107F5000E4E58390E5E58B90E6E5505FE7E5575F64
:107F6000E8E5565FE9E5585FEAE53B5CEBE5AB54D5
:107F7000ECE5505CEDE5595CEEE5715BEFE5635CCB
:107F8000F0E5665CF1E5BC7FF2E52A5FF3E5295F89
:107F9000F4E52D5FF5E57482F6E53C5FF7E53B9B84
:107FA000F8E56E5CF9E58159FAE58359FBE58D59F1
:107FB000FCE5A959FDE5AA59FEE5A35940E66C93F5
:107FC00041E66D9342E66E9343E66F9344E6709309
:107FD00045E6719346E6729347E6739348E67493D9
:107FE00049E675934AE676934BE677934CE67893A9
:107FF0004DE679934EE67A934FE67B9350E67C9379
:1080000051E67D9352E67E9353E67F9354E6809348
:1080100055E6819356E6829357E6839358E6849318
:1080200059E685935AE686935BE687935CE68893E8
:108030005DE689935EE68A935FE68B9360E68C93B8
:1080400061E68D9362E68E9363E6909364E6919386
:1080500065E6929366E6939367E6949368E6959354
:1080600069E696936AE697936BE698936CE6999324
:108070006DE69A936EE69B936FE69C9370E69D93F4
:1080800071E69E9372E69F9373E6A09374E6A193C4
:1080900075E6A29376E6A39377E6A49378E6A59394
:1080A00079E6A6937AE6A7937BE6A8937CE6A99364
:1080B0007DE6AA937EE6AB9380E6AC9381E6AD9332
:1080C00082E6AE9383E6AF9384E6B09385E6B19300
:1080D00086E6B29387E6B39388E6B49389E6B593D0
:1080E0008AE6B6938BE6B7938CE6B8938DE6B993A0
:1080F0008EE6BA938FE6BB9390E6BC9391E6BD9370
:1081000092E6BE9393E6BF9394E6C09395E6C1933F
:1081100096E6C29397E6C39398E6C49399E6C5930F
:108120009AE6C6939BE6C7939CE6C8939DE6C993DF
:108130009EE6CB939FE6CC93A0E6CD93A1E697591C
:10814000A2E6CA59A3E6AB59A4E69E59A5E6A459EE
:10815000A6E6D259A7E6B259A8E6AF59A9E6D7597B
:10816000AAE6BE59ABE6055AACE6065AADE6DD59BD
:10817000AEE6085AAFE6E359B0E6D859B1E6F95988
:10818000B2E60C5AB3E6095AB4E6325AB5E6345AA6
:10819000B6E6115AB7E6235AB8E6135AB9E6405A7A
:1081A000BAE6675ABBE64A5ABCE6555ABDE63C5A9F
:1081B000BEE6625ABFE6755AC0E6EC80C1E6AA5A2E
:1081C000C2E69B5AC3E6775AC4E67A5AC5E6BE5A57
:1081D000C6E6EB5AC7E6B25AC8E6D25AC9E6D45A3E
:1081E000CAE6B85ACBE6E05ACCE6E35ACDE6F15AF5
:1081F000CEE6D65ACFE6E65AD0E6D85AD1E6DC5AD1
:10820000D2E6095BD3E6175BD4E6165BD5E6325BB4
:10821000D6E6375BD7E6405BD8E6155CD9E61C5C52
:10822000DAE65A5BDBE6655BDCE6735BDDE6515B59
:10823000DEE6535BDFE6625BE0E6759AE1E6779A9D
:10824000E2E6789AE3E67A9AE4E67F9AE5E67D9AB2
:10825000E6E6809AE7E6819AE8E6859AE9E6889A72
:10826000EAE68A9AEBE6909AECE6929AEDE6939A21
:10827000EEE6969AEFE6989AF0E69B9AF1E69C9ADB
:10828000F2E69D9AF3E69F9AF4E6A09AF5E6A29AA2
:10829000F6E6A39AF7E6A59AF8E6A79AF9E69F7E8E
:1082A000FAE6A17EFBE6A37EFCE6A57EFDE6A87EBF
:1082B000FEE6A97E40E7CE9341E7CF9342E7D09315
:1082C00043E7D19344E7D29345E7D39346E7D4936A
:1082D00047E7D59348E7D79349E7D8934AE7D99337
:1082E0004BE7DA934CE7DB934DE7DC934EE7DD9306
:1082F0004FE7DE9350E7DF9351E7E09352E7E193D6
:1083000053E7E29354E7E39355E7E49356E7E593A5
:1083100057E7E69358E7E79359E7E8935AE7E99375
:108320005BE7EA935CE7EB935DE7EC935EE7ED9345
:108330005FE7EE9360E7EF9361E7F09362E7F19315
:1083400063E7F29364E7F39365E7F49366E7F593E5
:1083500067E7F69368E7F79369E7F8936AE7F993B5
:108360006BE7FA936CE7FB936DE7FC936EE7FD9385
:108370006FE7FE9370E7FF9371E7009472E7019453
:1083800073E7029474E7039475E7049476E7059421
:1083900077E7069478E7079479E708947AE70994F1
:1083A0007BE70A947CE70B947DE70C947EE70D94C1
:1083B00080E70E9481E70F9482E7109483E711948D
:1083C00084E7129485E7139486E7149487E715945D
:1083D00088E7169489E717948AE718948BE719942D
:1083E0008CE71A948DE71B948EE71C948FE71D94FD
:1083F00090E71E9491E71F9492E7209493E72194CD
:1084000094E7229495E7239496E7249497E725949C
:1084100098E7269499E727949AE728949BE729946C
:108420009CE72A949DE72B949EE72C949FE72D943C
:10843000A0E72E94A1E7AD7EA2E7B07EA3E7BE7EC3
:10844000A4E7C07EA5E7C17EA6E7C27EA7E7C97EF6
:10845000A8E7CB7EA9E7CC7EAAE7D07EABE7D47EA7
:10846000ACE7D77EADE7DB7EAEE7E07EAFE7E17E4F
:10847000B0E7E87EB1E7EB7EB2E7EE7EB3E7EF7EF2
:10848000B4E7F17EB5E7F27EB6E70D7FB7E7F67E9B
:10849000B8E7FA7EB9E7FB7EBAE7FE7EBBE7017F6D
:1084A000BCE7027FBDE7037FBEE7077FBFE7087F2A
:1084B000C0E70B7FC1E70C7FC2E70F7FC3E7117FE7
:1084C000C4E7127FC5E7177FC6E7197FC7E71C7FA0
:1084D000C8E71B7FC9E71F7FCAE7217FCBE7227F61
:1084E000CCE7237FCDE7247FCEE7257FCFE7267F2C
:1084F000D0E7277FD1E72A7FD2E72B7FD3E72C7FF6
:10850000D4E72D7FD5E72F7FD6E7307FD7E7317FC0
:10851000D8E7327FD9E7337FDAE7357FDBE77A5E6A
:10852000DCE77F75DDE7DB5DDEE73E75DFE7959035
:10853000E0E78E73E1E79173E2E7AE73E3E7A273DE
:10854000E4E79F73E5E7CF73E6E7C273E7E7D1732C
:10855000E8E7B773E9E7B373EAE7C073EBE7C9731A
:10856000ECE7C873EDE7E573EEE7D973EFE77C98C6
:10857000F0E70A74F1E7E973F2E7E773F3E7DE7314
:10858000F4E7BA73F5E7F273F6E70F74F7E72A74C6
:10859000F8E75B74F9E72674FAE72574FBE72874BB
:1085A000FCE73074FDE72E74FEE72C7440E82F944E
:1085B00041E8309442E8319443E8329444E83394FB
:1085C00045E8349446E8359447E8369448E83794CB
:1085D00049E838944AE839944BE83A944CE83B949B
:1085E0004DE83C944EE83D944FE83F9450E8409469
:1085F00051E8419452E8429453E8439454E8449437
:1086000055E8459456E8469457E8479458E8489406
:1086100059E849945AE84A945BE84B945CE84C94D6
:108620005DE84D945EE84E945FE84F9460E85094A6
:1086300061E8519462E8529463E8539464E8549476
:1086400065E8559466E8569467E8579468E8589446
:1086500069E859946AE85A946BE85B946CE85C9416
:108660006DE85D946EE85E946FE85F9470E86094E6
:1086700071E8619472E8629473E8639474E86494B6
:1086800075E8659476E8669477E8679478E8689486
:1086900079E869947AE86A947BE86C947CE86D9454
:1086A0007DE86E947EE86F9480E8709481E8719420
:1086B00082E8729483E8739484E8749485E87594EE
:1086C00086E8769487E8779488E8789489E87994BE
:1086D0008AE87A948BE87B948CE87C948DE87D948E
:1086E0008EE87E948FE87F9490E8809491E881945E
:1086F00092E8829493E8839494E8849495E8919422
:1087000096E8969497E8989498E8C79499E8CF9457
:108710009AE8D3949BE8D4949CE8DA949DE8E69494
:108720009EE8FB949FE81C95A0E82095A1E81B74A7
:10873000A2E81A74A3E84174A4E85C74A5E857742D
:10874000A6E85574A7E85974A8E87774A9E86D7489
:10875000AAE87E74ABE89C74ACE88E74ADE88074D3
:10876000AEE88174AFE88774B0E88B74B1E89E74AA
:10877000B2E8A874B3E8A974B4E89074B5E8A77433
:10878000B6E8D274B7E8BA74B8E8EA97B9E8EB97F4
:10879000BAE8EC97BBE84C67BCE85367BDE85E6796
:1087A000BEE84867BFE86967C0E8A567C1E88767B2
:1087B000C2E86A67C3E87367C4E89867C5E8A76753
:1087C000C6E87567C7E8A867C8E89E67C9E8AD67E7
:1087D000CAE88B67CBE87767CCE87C67CDE8F067C1
:1087E000CEE80968CFE8D867D0E80A68D1E8E96739
:1087F000D2E8B067D3E80C68D4E8D967D5E8B567A4
:10880000D6E8DA67D7E8B367D8E8DD67D9E8006863
:10881000DAE8C367DBE8B867DCE8E267DDE80E6842
:10882000DEE8C167DFE8FD67E0E83268E1E8336869
:10883000E2E86068E3E86168E4E84E68E5E86268F9
:10884000E6E84468E7E86468E8E88368E9E81D6802
:10885000EAE85568EBE86668ECE84168EDE86768C7
:10886000EEE84068EFE83E68F0E84A68F1E84968F9
:10887000F2E82968F3E8B568F4E88F68F5E8746809
:10888000F6E87768F7E89368F8E86B68F9E8C26893
:10889000FAE86E69FBE8FC68FCE81F69FDE82069FE
:1088A000FEE8F96840E9279541E9339542E93D95AD
:1088B00043E9439544E9489545E94B9546E9559583
:1088C00047E95A9548E9609549E96E954AE97495F2
:1088D0004BE975954CE977954DE978954EE9799591
:1088E0004FE97A9550E97B9551E97C9552E97D9560
:1088F00053E97E9554E9809555E9819556E982952D
:1089000057E9839558E9849559E985955AE98695FB
:108910005BE987955CE988955DE989955EE98A95CB
:108920005FE98B9560E98C9561E98D9562E98E959B
:1089300063E98F9564E9909565E9919566E992956B
:1089400067E9939568E9949569E995956AE996953B
:108950006BE997956CE998956DE999956EE99A950B
:108960006FE99B9570E99C9571E99D9572E99E95DB
:1089700073E99F9574E9A09575E9A19576E9A295AB
:1089800077E9A39578E9A49579E9A5957AE9A6957B
:108990007BE9A7957CE9A8957DE9A9957EE9AA954B
:1089A00080E9AB9581E9AC9582E9AD9583E9AE9517
:1089B00084E9AF9585E9B09586E9B19587E9B295E7
:1089C00088E9B39589E9B4958AE9B5958BE9B695B7
:1089D0008CE9B7958DE9B8958EE9B9958FE9BA9587
:1089E00090E9BB9591E9BC9592E9BD9593E9BE9557
:1089F00094E9BF9595E9C09596E9C19597E9C29527
:108A000098E9C39599E9C4959AE9C5959BE9C695F6
:108A10009CE9C7959DE9C8959EE9C9959FE9CA95C6
:108A2000A0E9CB95A1E92469A2E9F068A3E90B6963
:108A3000A4E90169A5E95769A6E9E368A7E910690E
:108A4000A8E97169A9E93969AAE96069ABE94269EC
:108A5000ACE95D69ADE98469AEE96B69AFE980694C
:108A6000B0E99869B1E97869B2E93469B3E9CC69E8
:108A7000B4E98769B5E98869B6E9CE69B7E9896972
:108A8000B8E96669B9E96369BAE97969BBE99B69DB
:108A9000BCE9A769BDE9BB69BEE9AB69BFE9AD69DE
:108AA000C0E9D469C1E9B169C2E9C169C3E9CA6968
:108AB000C4E9DF69C5E99569C6E9E069C7E98D6977
:108AC000C8E9FF69C9E92F6ACAE9ED69CBE9176A04
:108AD000CCE9186ACDE9656ACEE9F269CFE9446A62
:108AE000D0E93E6AD1E9A06AD2E9506AD3E95B6A6B
:108AF000D4E9356AD5E98E6AD6E9796AD7E93D6A5B
:108B0000D8E9286AD9E9586ADAE97C6ADBE9916A26
:108B1000DCE9906ADDE9A96ADEE9976ADFE9AB6A18
:108B2000E0E93773E1E95273E2E9816BE3E9826BD3
:108B3000E4E9876BE5E9846BE6E9926BE7E9936B1F
:108B4000E8E98D6BE9E99A6BEAE99B6BEBE9A16BCC
:108B5000ECE9AA6BEDE96B8FEEE96D8FEFE9718FB0
:108B6000F0E9728FF1E9738FF2E9758FF3E9768F8F
:108B7000F4E9788FF5E9778FF6E9798FF7E97A8F5D
:108B8000F8E97C8FF9E97E8FFAE9818FFBE9828F22
:108B9000FCE9848FFDE9878FFEE98B8F40EACC9555
:108BA00041EACD9542EACE9543EACF9544EAD09585
:108BB00045EAD19546EAD29547EAD39548EAD49555
:108BC00049EAD5954AEAD6954BEAD7954CEAD89525
:108BD0004DEAD9954EEADA954FEADB9550EADC95F5
:108BE00051EADD9552EADE9553EADF9554EAE095C5
:108BF00055EAE19556EAE29557EAE39558EAE49595
:108C000059EAE5955AEAE6955BEAE7955CEAEC9560
:108C10005DEAFF955EEA07965FEA139660EA1896AA
:108C200061EA1B9662EA1E9663EA209664EA23963E
:108C300065EA249666EA259667EA269668EA279604
:108C400069EA28966AEA29966BEA2B966CEA2C96D2
:108C50006DEA2D966EEA2F966FEA309670EA379697
:108C600071EA389672EA399673EA3A9674EA3E9651
:108C700075EA419676EA439677EA4A9678EA4E96FE
:108C800079EA4F967AEA51967BEA52967CEA5396B5
:108C90007DEA56967EEA579680EA589681EA59967A
:108CA00082EA5A9683EA5C9684EA5D9685EA5E9645
:108CB00086EA609687EA639688EA659689EA669608
:108CC0008AEA6B968BEA6D968CEA6E968DEA6F96C1
:108CD0008EEA70968FEA719690EA739691EA78968A
:108CE00092EA799693EA7A9694EA7B9695EA7C964C
:108CF00096EA7D9697EA7E9698EA7F9699EA80961C
:108D00009AEA81969BEA82969CEA83969DEA8496EB
:108D10009EEA87969FEA8996A0EA8A96A1EA8D8FB5
:108D2000A2EA8E8FA3EA8F8FA4EA988FA5EA9A8F82
:108D3000A6EACE8EA7EA0B62A8EA1762A9EA1B622E
:108D4000AAEA1F62ABEA2262ACEA2162ADEA2562BE
:108D5000AEEA2462AFEA2C62B0EAE781B1EAEF74CE
:108D6000B2EAF474B3EAFF74B4EA0F75B5EA1175A8
:108D7000B6EA1375B7EA3465B8EAEE65B9EAEF65A5
:108D8000BAEAF065BBEA0A66BCEA1966BDEA726730
:108D9000BEEA0366BFEA1566C0EA0066C1EA8570EE
:108DA000C2EAF766C3EA1D66C4EA3466C5EA3166FC
:108DB000C6EA3666C7EA3566C8EA0680C9EA5F666B
:108DC000CAEA5466CBEA4166CCEA4F66CDEA5666FB
:108DD000CEEA6166CFEA5766D0EA7766D1EA846662
:108DE000D2EA8C66D3EAA766D4EA9D66D5EABE6667
:108DF000D6EADB66D7EADC66D8EAE666D9EAE9664F
:108E0000DAEA328DDBEA338DDCEA368DDDEA3B8D42
:108E1000DEEA3D8DDFEA408DE0EA458DE1EA468DF0
:108E2000E2EA488DE3EA498DE4EA478DE5EA4D8DB3
:108E3000E6EA558DE7EA598DE8EAC789E9EACA8981
:108E4000EAEACB89EBEACC89ECEACE89EDEACF8974
:108E5000EEEAD089EFEAD189F0EA6E72F1EA9F7208
:108E6000F2EA5D72F3EA6672F4EA6F72F5EA7E7214
:108E7000F6EA7F72F7EA8472F8EA8B72F9EA8D7289
:108E8000FAEA8F72FBEA9272FCEA0863FDEA326347
:108E9000FEEAB06340EB8C9641EB8E9642EB9196E6
:108EA00043EB929644EB939645EB959646EB96965C
:108EB00047EB9A9648EB9B9649EB9D964AEB9E961C
:108EC0004BEB9F964CEBA0964DEBA1964EEBA296EA
:108ED0004FEBA39650EBA49651EBA59652EBA696BA
:108EE00053EBA89654EBA99655EBAA9656EBAB9686
:108EF00057EBAC9658EBAD9659EBAE965AEBAF9656
:108F00005BEBB1965CEBB2965DEBB4965EEBB5961F
:108F10005FEBB79660EBB89661EBBA9662EBBB96E7
:108F200063EBBF9664EBC29665EBC39666EBC8969F
:108F300067EBCA9668EBCB9669EBD0966AEBD19655
:108F40006BEBD3966CEBD4966DEBD6966EEBD79617
:108F50006FEBD89670EBD99671EBDA9672EBDB96E5
:108F600073EBDC9674EBDD9675EBDE9676EBDF96B5
:108F700077EBE19678EBE29679EBE3967AEBE49681
:108F80007BEBE5967CEBE6967DEBE7967EEBEB964E
:108F900080EBEC9681EBED9682EBEE9683EBF09610
:108FA00084EBF19685EBF29686EBF49687EBF596DB
:108FB00088EBF89689EBFA968AEBFB968BEBFC969E
:108FC0008CEBFD968DEBFF968EEB02978FEB039764
:108FD00090EB059791EB0A9792EB0B9793EB0C971D
:108FE00094EB109795EB119796EB129797EB1497DC
:108FF00098EB159799EB17979AEB18979BEB1997A6
:109000009CEB1A979DEB1B979EEB1D979FEB1F9771
:10901000A0EB2097A1EB3F64A2EBD864A3EB048004
:10902000A4EBEA6BA5EBF36BA6EBFD6BA7EBF56B83
:10903000A8EBF96BA9EB056CAAEB076CABEB066C24
:10904000ACEB0D6CADEB156CAEEB186CAFEB196CBB
:10905000B0EB1A6CB1EB216CB2EB296CB3EB246C66
:10906000B4EB2A6CB5EB326CB6EB3565B7EB5565F6
:10907000B8EB6B65B9EB4D72BAEB5272BBEB567243
:10908000BCEB3072BDEB6286BEEB1652BFEB9F802D
:10909000C0EB9C80C1EB9380C2EBBC80C3EB0A6742
:1090A000C4EBBD80C5EBB180C6EBAB80C7EBAD8038
:1090B000C8EBB480C9EBB780CAEBE780CBEBE880A4
:1090C000CCEBE980CDEBEA80CEEBDB80CFEBC2804E
:1090D000D0EBC480D1EBD980D2EBCD80D3EBD7805D
:1090E000D4EB1067D5EBDD80D6EBEB80D7EBF180CE
:1090F000D8EBF480D9EBED80DAEB0D81DBEB0E8160
:10910000DCEBF280DDEBFC80DEEB1567DFEB128140
:10911000E0EB5A8CE1EB3681E2EB1E81E3EB2C8134
:10912000E4EB1881E5EB3281E6EB4881E7EB4C811B
:10913000E8EB5381E9EB7481EAEB5981EBEB5A815F
:10914000ECEB7181EDEB6081EEEB6981EFEB7C8103
:10915000F0EB7D81F1EB6D81F2EB6781F3EB4D5824
:10916000F4EBB55AF5EB8881F6EB8281F7EB918150
:10917000F8EBD56EF9EBA381FAEBAA81FBEBCC817E
:10918000FCEB2667FDEBCA81FEEBBB8140EC21972F
:1091900041EC229742EC239743EC249744EC25972B
:1091A00045EC269746EC279747EC289748EC2997FB
:1091B00049EC2B974AEC2C974BEC2E974CEC2F97C5
:1091C0004DEC31974EEC33974FEC349750EC35978C
:1091D00051EC369752EC379753EC3A9754EC3B9757
:1091E00055EC3C9756EC3D9757EC3F9758EC409721
:1091F00059EC41975AEC42975BEC43975CEC4497EF
:109200005DEC45975EEC46975FEC479760EC4897BE
:1092100061EC499762EC4A9763EC4B9764EC4C978E
:1092200065EC4D9766EC4E9767EC4F9768EC50975E
:1092300069EC51976AEC54976BEC55976CEC579727
:109240006DEC58976EEC5A976FEC5C9770EC5D97ED
:1092500071EC5F9772EC639773EC649774EC6697AC
:1092600075EC679776EC689777EC6A9778EC6B9774
:1092700079EC6C977AEC6D977BEC6E977CEC6F9742
:109280007DEC70977EEC719780EC729781EC75970E
:1092900082EC779783EC789784EC799785EC7A97D2
:1092A00086EC7B9787EC7D9788EC7E9789EC7F979F
:1092B0008AEC80978BEC81978CEC82978DEC83976E
:1092C0008EEC84978FEC869790EC879791EC88973B
:1092D00092EC899793EC8A9794EC8C9795EC8E9707
:1092E00096EC8F9797EC909798EC939799EC9597CD
:1092F0009AEC96979BEC97979CEC99979DEC9A9794
:109300009EEC9B979FEC9C97A0EC9D97A1ECC18154
:10931000A2ECA681A3EC246BA4EC376BA5EC396B13
:10932000A6EC436BA7EC466BA8EC596BA9ECD19863
:10933000AAECD298ABECD398ACECD598ADECD9981C
:10934000AEECDA98AFECB36BB0EC405FB1ECC26B53
:10935000B2ECF389B3EC9065B4EC519FB5EC936536
:10936000B6ECBC65B7ECC665B8ECC465B9ECC365D2
:10937000BAECCC65BBECCE65BCECD265BDECD66579
:10938000BEEC8070BFEC9C70C0EC9670C1EC9D7020
:10939000C2ECBB70C3ECC070C4ECB770C5ECAB7072
:1093A000C6ECB170C7ECE870C8ECCA70C9EC1071BB
:1093B000CAEC1371CBEC1671CCEC2F71CDEC317182
:1093C000CEEC7371CFEC5C71D0EC6871D1EC45716F
:1093D000D2EC7271D3EC4A71D4EC7871D5EC7A711D
:1093E000D6EC9871D7ECB371D8ECB571D9ECA87103
:1093F000DAECA071DBECE071DCECD471DDECE77150
:10940000DEECF971DFEC1D72E0EC2872E1EC6C70BF
:10941000E2EC1871E3EC6671E4ECB971E5EC3E62E4
:10942000E6EC3D62E7EC4362E8EC4862E9EC496255
:10943000EAEC3B79EBEC4079ECEC4679EDEC4979E0
:10944000EEEC5B79EFEC5C79F0EC5379F1EC5A7966
:10945000F2EC6279F3EC5779F4EC6079F5EC6F7922
:10946000F6EC6779F7EC7A79F8EC8579F9EC8A799A
:10947000FAEC9A79FBECA779FCECB379FDECD15FBF
:10948000FEECD05F40ED9E9741ED9F9742EDA19796
:1094900043EDA29744EDA49745EDA59746EDA69719
:1094A00047EDA79748EDA89749EDA9974AEDAA97E8
:1094B0004BEDAC974CEDAE974DEDB0974EEDB197AF
:1094C0004FEDB39750EDB59751EDB69752EDB79775
:1094D00053EDB89754EDB99755EDBA9756EDBB9744
:1094E00057EDBC9758EDBD9759EDBE975AEDBF9714
:1094F0005BEDC0975CEDC1975DEDC2975EEDC397E4
:109500005FEDC49760EDC59761EDC69762EDC797B3
:1095100063EDC89764EDC99765EDCA9766EDCB9783
:1095200067EDCC9768EDCD9769EDCE976AEDCF9753
:109530006BEDD0976CEDD1976DEDD2976EEDD39723
:109540006FEDD49770EDD59771EDD69772EDD797F3
:1095500073EDD89774EDD99775EDDA9776EDDB97C3
:1095600077EDDC9778EDDD9779EDDE977AEDDF9793
:109570007BEDE0977CEDE1977DEDE2977EEDE39763
:1095800080EDE49781EDE59782EDE89783EDEE9726
:1095900084EDEF9785EDF09786EDF19787EDF297E3
:1095A00088EDF49789EDF7978AEDF8978BEDF997A9
:1095B0008CEDFA978DEDFB978EEDFC978FEDFD9777
:1095C00090EDFE9791EDFF9792ED009893ED019845
:1095D00094ED029895ED039896ED049897ED059813
:1095E00098ED069899ED07989AED08989BED0998E3
:1095F0009CED0A989DED0B989EED0C989FED0D98B3
:10960000A0ED0E98A1ED3C60A2ED5D60A3ED5A6067
:10961000A4ED6760A5ED4160A6ED5960A7ED63601C
:10962000A8EDAB60A9ED0661AAED0D61ABED5D6142
:10963000ACEDA961ADED9D61AEEDCB61AFEDD1615A
:10964000B0ED0662B1ED8080B2ED7F80B3ED936C3A
:10965000B4EDF66CB5EDFC6DB6EDF677B7EDF877D9
:10966000B8ED0078B9ED0978BAED1778BBED187848
:10967000BCED1178BDEDAB65BEED2D78BFED1C786E
:10968000C0ED1D78C1ED3978C2ED3A78C3ED3B7875
:10969000C4ED1F78C5ED3C78C6ED2578C7ED2C7874
:1096A000C8ED2378C9ED2978CAED4E78CBED6D78F9
:1096B000CCED5678CDED5778CEED2678CFED5078BD
:1096C000D0ED4778D1ED4C78D2ED6A78D3ED9B7828
:1096D000D4ED9378D5ED9A78D6ED8778D7ED9C7850
:1096E000D8EDA178D9EDA378DAEDB278DBEDB978D1
:1096F000DCEDA578DDEDD478DEEDD978DFEDC97845
:10970000E0EDEC78E1EDF278E2ED0579E3EDF47867
:10971000E4ED1379E5ED2479E6ED1E79E7ED347992
:10972000E8ED9B9FE9EDF99EEAEDFB9EEBEDFC9EDB
:10973000ECEDF176EDED0477EEED0D77EFEDF976EA
:10974000F0ED0777F1ED0877F2ED1A77F3ED227778
:10975000F4ED1977F5ED2D77F6ED2677F7ED357702
:10976000F8ED3877F9ED5077FAED5177FBED477763
:10977000FCED4377FDED5A77FEED687740EE0F98EC
:1097800041EE109842EE119843EE129844EE139871
:1097900045EE149846EE159847EE169848EE179841
:1097A00049EE18984AEE19984BEE1A984CEE1B9811
:1097B0004DEE1C984EEE1D984FEE1E9850EE1F98E1
:1097C00051EE209852EE219853EE229854EE2398B1
:1097D00055EE249856EE259857EE269858EE279881
:1097E00059EE28985AEE29985BEE2A985CEE2B9851
:1097F0005DEE2C985EEE2D985FEE2E9860EE2F9821
:1098000061EE309862EE319863EE329864EE3398F0
:1098100065EE349866EE359867EE369868EE3798C0
:1098200069EE38986AEE39986BEE3A986CEE3B9890
:109830006DEE3C986EEE3D986FEE3E9870EE3F9860
:1098400071EE409872EE419873EE429874EE439830
:1098500075EE449876EE459877EE469878EE479800
:1098600079EE48987AEE49987BEE4A987CEE4B98D0
:109870007DEE4C987EEE4D9880EE4E9881EE4F989E
:1098800082EE509883EE519884EE529885EE53986C
:1098900086EE549887EE559888EE569889EE57983C
:1098A0008AEE58988BEE59988CEE5A988DEE5B980C
:1098B0008EEE5C988FEE5D9890EE5E9891EE5F98DC
:1098C00092EE609893EE619894EE629895EE6398AC
:1098D00096EE649897EE659898EE669899EE67987C
:1098E0009AEE68989BEE69989CEE6A989DEE6B984C
:1098F0009EEE6C989FEE6D98A0EE6E98A1EE62774A
:10990000A2EE6577A3EE7F77A4EE8D77A5EE7D7747
:10991000A6EE8077A7EE8C77A8EE9177A9EE9F77D9
:10992000AAEEA077ABEEB077ACEEB577ADEEBD7733
:10993000AEEE3A75AFEE4075B0EE4E75B1EE4B75CA
:10994000B2EE4875B3EE5B75B4EE7275B5EE79752F
:10995000B6EE8375B7EE587FB8EE617FB9EE5F7FE4
:10996000BAEE488ABBEE687FBCEE747FBDEE717FB5
:10997000BEEE797FBFEE817FC0EE7E7FC1EECD76F9
:10998000C2EEE576C3EE3288C4EE8594C5EE8694C9
:10999000C6EE8794C7EE8B94C8EE8A94C9EE8C9479
:1099A000CAEE8D94CBEE8F94CCEE9094CDEE949441
:1099B000CEEE9794CFEE9594D0EE9A94D1EE9B9400
:1099C000D2EE9C94D3EEA394D4EEA494D5EEAB94B3
:1099D000D6EEAA94D7EEAD94D8EEAC94D9EEAF946F
:1099E000DAEEB094DBEEB294DCEEB494DDEEB69435
:1099F000DEEEB794DFEEB894E0EEB994E1EEBA94FF
:109A0000E2EEBC94E3EEBD94E4EEBF94E5EEC494C4
:109A1000E6EEC894E7EEC994E8EECA94E9EECB947A
:109A2000EAEECC94EBEECD94ECEECE94EDEED09449
:109A3000EEEED194EFEED294F0EED594F1EED69412
:109A4000F2EED794F3EED994F4EED894F5EEDB94DD
:109A5000F6EEDE94F7EEDF94F8EEE094F9EEE294A1
:109A6000FAEEE494FBEEE594FCEEE794FDEEE89468
:109A7000FEEEEA9440EF6F9841EF709842EF7198D4
:109A800043EF729844EF739845EF749846EF8B98C4
:109A900047EF8E9848EF929849EF95984AEF99983A
:109AA0004BEFA3984CEFA8984DEFA9984EEFAA98CA
:109AB0004FEFAB9850EFAC9851EFAD9852EFAE9896
:109AC00053EFAF9854EFB09855EFB19856EFB29866
:109AD00057EFB39858EFB49859EFB5985AEFB69836
:109AE0005BEFB7985CEFB8985DEFB9985EEFBA9806
:109AF0005FEFBB9860EFBC9861EFBD9862EFBE98D6
:109B000063EFBF9864EFC09865EFC19866EFC298A5
:109B100067EFC39868EFC49869EFC5986AEFC69875
:109B20006BEFC7986CEFC8986DEFC9986EEFCA9845
:109B30006FEFCB9870EFCC9871EFCD9872EFCF9814
:109B400073EFD09874EFD49875EFD69876EFD798D6
:109B500077EFDB9878EFDC9879EFDD987AEFE09893
:109B60007BEFE1987CEFE2987DEFE3987EEFE4985D
:109B700080EFE59881EFE69882EFE99883EFEA9825
:109B800084EFEB9885EFEC9886EFED9887EFEE98F1
:109B900088EFEF9889EFF0988AEFF1988BEFF298C1
:109BA0008CEFF3988DEFF4988EEFF5988FEFF69891
:109BB00090EFF79891EFF89892EFF99893EFFA9861
:109BC00094EFFB9895EFFC9896EFFD9897EFFE9831
:109BD00098EFFF9899EF00999AEF01999BEF0299FE
:109BE0009CEF03999DEF04999EEF05999FEF0699CD
:109BF000A0EF0799A1EFE994A2EFEB94A3EFEE9405
:109C0000A4EFEF94A5EFF394A6EFF494A7EFF594E7
:109C1000A8EFF794A9EFF994AAEFFC94ABEFFD94A9
:109C2000ACEFFF94ADEF0395AEEF0295AFEF069565
:109C3000B0EF0795B1EF0995B2EF0A95B3EF0D9527
:109C4000B4EF0E95B5EF0F95B6EF1295B7EF1395EC
:109C5000B8EF1495B9EF1595BAEF1695BBEF1895B7
:109C6000BCEF1B95BDEF1D95BEEF1E95BFEF1F9579
:109C7000C0EF2295C1EF2A95C2EF2B95C3EF29952E
:109C8000C4EF2C95C5EF3195C6EF3295C7EF3495EB
:109C9000C8EF3695C9EF3795CAEF3895CBEF3C95AD
:109CA000CCEF3E95CDEF3F95CEEF4295CFEF35957A
:109CB000D0EF4495D1EF4595D2EF4695D3EF499536
:109CC000D4EF4C95D5EF4E95D6EF4F95D7EF5295F3
:109CD000D8EF5395D9EF5495DAEF5695DBEF5795BA
:109CE000DCEF5895DDEF5995DEEF5B95DFEF5E9584
:109CF000E0EF5F95E1EF5D95E2EF6195E3EF62954F
:109D0000E4EF6495E5EF6595E6EF6695E7EF679517
:109D1000E8EF6895E9EF6995EAEF6A95EBEF6B95E7
:109D2000ECEF6C95EDEF6F95EEEF7195EFEF7295AF
:109D3000F0EF7395F1EF3A95F2EFE777F3EFEC7709
:109D4000F4EFC996F5EFD579F6EFED79F7EFE37912
:109D5000F8EFEB79F9EF067AFAEF475DFBEF037A5C
:109D6000FCEF027AFDEF1E7AFEEF147A40F00899BC
:109D700041F0099942F00A9943F00B9944F00C998B
:109D800045F00E9946F00F9947F0119948F0129955
:109D900049F013994AF014994BF015994CF0169923
:109DA0004DF017994EF018994FF0199950F01A99F3
:109DB00051F01B9952F01C9953F01D9954F01E99C3
:109DC00055F01F9956F0209957F0219958F0229993
:109DD00059F023995AF024995BF025995CF0269963
:109DE0005DF027995EF028995FF0299960F02A9933
:109DF00061F02B9962F02C9963F02D9964F02F9902
:109E000065F0309966F0319967F0329968F03399CE
:109E100069F034996AF035996BF036996CF037999E
:109E20006DF038996EF039996FF03A9970F03B996E
:109E300071F03C9972F03D9973F03E9974F03F993E
:109E400075F0409976F0419977F0429978F043990E
:109E500079F044997AF045997BF046997CF04799DE
:109E60007DF048997EF0499980F04A9981F04B99AC
:109E700082F04C9983F04D9984F04E9985F04F997A
:109E800086F0509987F0519988F0529989F053994A
:109E90008AF056998BF057998CF058998DF0599912
:109EA0008EF05A998FF05B9990F05C9991F05D99E2
:109EB00092F05E9993F05F9994F0609995F06199B2
:109EC00096F0629997F0649998F0669999F0739971
:109ED0009AF078999BF079999CF07B999DF07E9906
:109EE0009EF082999FF08399A0F08999A1F0397A28
:109EF000A2F0377AA3F0517AA4F0CF9EA5F0A599ED
:109F0000A6F0707AA7F08876A8F08E76A9F09376FE
:109F1000AAF09976ABF0A476ACF0DE74ADF0E07404
:109F2000AEF02C75AFF0209EB0F0229EB1F0289ECE
:109F3000B2F0299EB3F02A9EB4F02B9EB5F02C9E71
:109F4000B6F0329EB7F0319EB8F0369EB9F0389E2A
:109F5000BAF0379EBBF0399EBCF03A9EBDF03E9EF3
:109F6000BEF0419EBFF0429EC0F0449EC1F0469EAE
:109F7000C2F0479EC3F0489EC4F0499EC5F04B9E78
:109F8000C6F04C9EC7F04E9EC8F0519EC9F0559E3B
:109F9000CAF0579ECBF05A9ECCF05B9ECDF05C9EF3
:109FA000CEF05E9ECFF0639ED0F0669ED1F0679EAD
:109FB000D2F0689ED3F0699ED4F06A9ED5F06B9E75
:109FC000D6F06C9ED7F0719ED8F06D9ED9F0739E3E
:109FD000DAF09275DBF09475DCF09675DDF0A07523
:109FE000DEF09D75DFF0AC75E0F0A375E1F0B375C0
:109FF000E2F0B475E3F0B875E4F0C475E5F0B1755E
:10A00000E6F0B075E7F0C375E8F0C275E9F0D67513
:10A01000EAF0CD75EBF0E375ECF0E875EDF0E67580
:10A02000EEF0E475EFF0EB75F0F0E775F1F0037624
:10A03000F2F0F175F3F0FC75F4F0FF75F5F01076C1
:10A04000F6F00076F7F00576F8F00C76F9F0177672
:10A05000FAF00A76FBF02576FCF01876FDF015761E
:10A06000FEF0197640F18C9941F18E9942F19A995E
:10A0700043F19B9944F19C9945F19D9946F19E9934
:10A0800047F19F9948F1A09949F1A1994AF1A29904
:10A090004BF1A3994CF1A4994DF1A6994EF1A799D2
:10A0A0004FF1A99950F1AA9951F1AB9952F1AC999C
:10A0B00053F1AD9954F1AE9955F1AF9956F1B0996C
:10A0C00057F1B19958F1B29959F1B3995AF1B4993C
:10A0D0005BF1B5995CF1B6995DF1B7995EF1B8990C
:10A0E0005FF1B99960F1BA9961F1BB9962F1BC99DC
:10A0F00063F1BD9964F1BE9965F1BF9966F1C099AC
:10A1000067F1C19968F1C29969F1C3996AF1C4997B
:10A110006BF1C5996CF1C6996DF1C7996EF1C8994B
:10A120006FF1C99970F1CA9971F1CB9972F1CC991B
:10A1300073F1CD9974F1CE9975F1CF9976F1D099EB
:10A1400077F1D19978F1D29979F1D3997AF1D499BB
:10A150007BF1D5997CF1D6997DF1D7997EF1D8998B
:10A1600080F1D99981F1DA9982F1DB9983F1DC9957
:10A1700084F1DD9985F1DE9986F1DF9987F1E09927
:10A1800088F1E19989F1E2998AF1E3998BF1E499F7
:10A190008CF1E5998DF1E6998EF1E7998FF1E899C7
:10A1A00090F1E99991F1EA9992F1EB9993F1EC9997
:10A1B00094F1ED9995F1EE9996F1EF9997F1F09967
:10A1C00098F1F19999F1F2999AF1F3999BF1F49937
:10A1D0009CF1F5999DF1F6999EF1F7999FF1F89907
:10A1E000A0F1F999A1F11B76A2F13C76A3F12276B8
:10A1F000A4F12076A5F14076A6F12D76A7F1307670
:10A20000A8F13F76A9F13576AAF14376ABF13E7617
:10A21000ACF13376ADF14D76AEF15E76AFF15476BA
:10A22000B0F15C76B1F15676B2F16B76B3F16F7640
:10A23000B4F1CA7FB5F1E67AB6F1787AB7F1797AF6
:10A24000B8F1807AB9F1867ABAF1887ABBF1957A59
:10A25000BCF1A67ABDF1A07ABEF1AC7ABFF1A87AC2
:10A26000C0F1AD7AC1F1B37AC2F16488C3F16988F3
:10A27000C4F17288C5F17D88C6F17F88C7F18288F4
:10A28000C8F1A288C9F1C688CAF1B788CBF1BC88E9
:10A29000CCF1C988CDF1E288CEF1CE88CFF1E38848
:10A2A000D0F1E588D1F1F188D2F11A89D3F1FC8897
:10A2B000D4F1E888D5F1FE88D6F1F088D7F121896C
:10A2C000D8F11989D9F11389DAF11B89DBF10A89EF
:10A2D000DCF13489DDF12B89DEF13689DFF141894A
:10A2E000E0F16689E1F17B89E2F18B75E3F1E580CC
:10A2F000E4F1B276E5F1B476E6F1DC77E7F11280CD
:10A30000E8F11480E9F11680EAF11C80EBF120807D
:10A31000ECF12280EDF12580EEF12680EFF127802F
:10A32000F0F12980F1F12880F2F13180F3F10B8016
:10A33000F4F13580F5F14380F6F14680F7F14D8078
:10A34000F8F15280F9F16980FAF17180FBF18389AB
:10A35000FCF17898FDF18098FEF1839840F2FA992B
:10A3600041F2FB9942F2FC9943F2FD9944F2FE99C5
:10A3700045F2FF9946F2009A47F2019A48F2029A92
:10A3800049F2039A4AF2049A4BF2059A4CF2069A61
:10A390004DF2079A4EF2089A4FF2099A50F20A9A31
:10A3A00051F20B9A52F20C9A53F20D9A54F20E9A01
:10A3B00055F20F9A56F2109A57F2119A58F2129AD1
:10A3C00059F2139A5AF2149A5BF2159A5CF2169AA1
:10A3D0005DF2179A5EF2189A5FF2199A60F21A9A71
:10A3E00061F21B9A62F21C9A63F21D9A64F21E9A41
:10A3F00065F21F9A66F2209A67F2219A68F2229A11
:10A4000069F2239A6AF2249A6BF2259A6CF2269AE0
:10A410006DF2279A6EF2289A6FF2299A70F22A9AB0
:10A4200071F22B9A72F22C9A73F22D9A74F22E9A80
:10A4300075F22F9A76F2309A77F2319A78F2329A50
:10A4400079F2339A7AF2349A7BF2359A7CF2369A20
:10A450007DF2379A7EF2389A80F2399A81F23A9AEE
:10A4600082F23B9A83F23C9A84F23D9A85F23E9ABC
:10A4700086F23F9A87F2409A88F2419A89F2429A8C
:10A480008AF2439A8BF2449A8CF2459A8DF2469A5C
:10A490008EF2479A8FF2489A90F2499A91F24A9A2C
:10A4A00092F24B9A93F24C9A94F24D9A95F24E9AFC
:10A4B00096F24F9A97F2509A98F2519A99F2529ACC
:10A4C0009AF2539A9BF2549A9CF2559A9DF2569A9C
:10A4D0009EF2579A9FF2589AA0F2599AA1F289983F
:10A4E000A2F28C98A3F28D98A4F28F98A5F294987A
:10A4F000A6F29A98A7F29B98A8F29E98A9F29F9824
:10A50000AAF2A198ABF2A298ACF2A598ADF2A698E7
:10A51000AEF24D86AFF25486B0F26C86B1F26E8622
:10A52000B2F27F86B3F27A86B4F27C86B5F27B868D
:10A53000B6F2A886B7F28D86B8F28B86B9F2AC86F1
:10A54000BAF29D86BBF2A786BCF2A386BDF2AA86AC
:10A55000BEF29386BFF2A986C0F2B686C1F2C48667
:10A56000C2F2B586C3F2CE86C4F2B086C5F2BA8610
:10A57000C6F2B186C7F2AF86C8F2C986C9F2CF86E5
:10A58000CAF2B486CBF2E986CCF2F186CDF2F2863D
:10A59000CEF2ED86CFF2F386D0F2D086D1F21387D9
:10A5A000D2F2DE86D3F2F486D4F2DF86D5F2D886F4
:10A5B000D6F2D186D7F20387D8F20787D9F2F88688
:10A5C000DAF20887DBF20A87DCF20D87DDF2098711
:10A5D000DEF22387DFF23B87E0F21E87E1F2258778
:10A5E000E2F22E87E3F21A87E4F23E87E5F248872B
:10A5F000E6F23487E7F23187E8F22987E9F2378714
:10A60000EAF23F87EBF28287ECF22287EDF27D8758
:10A61000EEF27E87EFF27B87F0F26087F1F27087CF
:10A62000F2F24C87F3F26E87F4F28B87F5F25387E0
:10A63000F6F26387F7F27C87F8F26487F9F25987BC
:10A64000FAF26587FBF29387FCF2AF87FDF2A887E9
:10A65000FEF2D28740F35A9A41F35B9A42F35C9A36
:10A6600043F35D9A44F35E9A45F35F9A46F3609A2A
:10A6700047F3619A48F3629A49F3639A4AF3649AFA
:10A680004BF3659A4CF3669A4DF3679A4EF3689ACA
:10A690004FF3699A50F36A9A51F36B9A52F3729A94
:10A6A00053F3839A54F3899A55F38D9A56F38E9AFD
:10A6B00057F3949A58F3959A59F3999A5AF3A69A9C
:10A6C0005BF3A99A5CF3AA9A5DF3AB9A5EF3AC9A3A
:10A6D0005FF3AD9A60F3AE9A61F3AF9A62F3B29A08
:10A6E00063F3B39A64F3B49A65F3B59A66F3B99ACF
:10A6F00067F3BB9A68F3BD9A69F3BE9A6AF3BF9A8F
:10A700006BF3C39A6CF3C49A6DF3C69A6EF3C79A4F
:10A710006FF3C89A70F3C99A71F3CA9A72F3CD9A1B
:10A7200073F3CE9A74F3CF9A75F3D09A76F3D29AE4
:10A7300077F3D49A78F3D59A79F3D69A7AF3D79AAD
:10A740007BF3D99A7CF3DA9A7DF3DB9A7EF3DC9A79
:10A7500080F3DD9A81F3DE9A82F3E09A83F3E29A42
:10A7600084F3E39A85F3E49A86F3E59A87F3E79A0C
:10A7700088F3E89A89F3E99A8AF3EA9A8BF3EC9AD8
:10A780008CF3EE9A8DF3F09A8EF3F19A8FF3F29A9E
:10A7900090F3F39A91F3F49A92F3F59A93F3F69A6D
:10A7A00094F3F79A95F3F89A96F3FA9A97F3FC9A3A
:10A7B00098F3FD9A99F3FE9A9AF3FF9A9BF3009B04
:10A7C0009CF3019B9DF3029B9EF3049B9FF3059BCF
:10A7D000A0F3069BA1F3C687A2F38887A3F385871E
:10A7E000A4F3AD87A5F39787A6F38387A7F3AB8779
:10A7F000A8F3E587A9F3AC87AAF3B587ABF3B387D2
:10A80000ACF3CB87ADF3D387AEF3BD87AFF3D1877E
:10A81000B0F3C087B1F3CA87B2F3DB87B3F3EA873B
:10A82000B4F3E087B5F3EE87B6F31688B7F3138871
:10A83000B8F3FE87B9F30A88BAF31B88BBF3218803
:10A84000BCF33988BDF33C88BEF3367FBFF3427F4B
:10A85000C0F3447FC1F3457FC2F31082C3F3FA7A99
:10A86000C4F3FD7AC5F3087BC6F3037BC7F3047B0F
:10A87000C8F3157BC9F30A7BCAF32B7BCBF30F7BA1
:10A88000CCF3477BCDF3387BCEF32A7BCFF3197B18
:10A89000D0F32E7BD1F3317BD2F3207BD3F3257B16
:10A8A000D4F3247BD5F3337BD6F33E7BD7F31E7BE7
:10A8B000D8F3587BD9F35A7BDAF3457BDBF3757B0E
:10A8C000DCF34C7BDDF35D7BDEF3607BDFF36E7BE3
:10A8D000E0F37B7BE1F3627BE2F3727BE3F3717B7A
:10A8E000E4F3907BE5F3A67BE6F3A77BE7F3B87B85
:10A8F000E8F3AC7BE9F39D7BEAF3A87BEBF3857B84
:10A90000ECF3AA7BEDF39C7BEEF3A27BEFF3AB7B46
:10A91000F0F3B47BF1F3D17BF2F3C17BF3F3CC7BA7
:10A92000F4F3DD7BF5F3DA7BF6F3E57BF7F3E67B17
:10A93000F8F3EA7BF9F30C7CFAF3FE7BFBF3FC7B88
:10A94000FCF30F7CFDF3167CFEF30B7C40F4079BBD
:10A9500041F4099B42F40A9B43F40B9B44F40C9B87
:10A9600045F40D9B46F40E9B47F4109B48F4119B55
:10A9700049F4129B4AF4149B4BF4159B4CF4169B20
:10A980004DF4179B4EF4189B4FF4199B50F41A9BEF
:10A9900051F41B9B52F41C9B53F41D9B54F41E9BBF
:10A9A00055F4209B56F4219B57F4229B58F4249B8A
:10A9B00059F4259B5AF4269B5BF4279B5CF4289B57
:10A9C0005DF4299B5EF42A9B5FF42B9B60F42C9B27
:10A9D00061F42D9B62F42E9B63F4309B64F4319BF5
:10A9E00065F4339B66F4349B67F4359B68F4369BBF
:10A9F00069F4379B6AF4389B6BF4399B6CF43A9B8F
:10AA00006DF43D9B6EF43E9B6FF43F9B70F4409B56
:10AA100071F4469B72F44A9B73F44B9B74F44C9B09
:10AA200075F44E9B76F4509B77F4529B78F4539BCD
:10AA300079F4559B7AF4569B7BF4579B7CF4589B96
:10AA40007DF4599B7EF45A9B80F45B9B81F45C9B64
:10AA500082F45D9B83F45E9B84F45F9B85F4609B32
:10AA600086F4619B87F4629B88F4639B89F4649B02
:10AA70008AF4659B8BF4669B8CF4679B8DF4689BD2
:10AA80008EF4699B8FF46A9B90F46B9B91F46C9BA2
:10AA900092F46D9B93F46E9B94F46F9B95F4709B72
:10AAA00096F4719B97F4729B98F4739B99F4749B42
:10AAB0009AF4759B9BF4769B9CF4779B9DF4789B12
:10AAC0009EF4799B9FF47A9BA0F47B9BA1F41F7C5E
:10AAD000A2F42A7CA3F4267CA4F4387CA5F4417C5F
:10AAE000A6F4407CA7F4FE81A8F40182A9F40282B6
:10AAF000AAF40482ABF4EC81ACF44488ADF4218276
:10AB0000AEF42282AFF42382B0F42D82B1F42F820E
:10AB1000B2F42882B3F42B82B4F43882B5F43B82C9
:10AB2000B6F43382B7F43482B8F43E82B9F4448286
:10AB3000BAF44982BBF44B82BCF44F82BDF45A8212
:10AB4000BEF45F82BFF46882C0F47E88C1F4858859
:10AB5000C2F48888C3F4D888C4F4DF88C5F45E8959
:10AB6000C6F49D7FC7F49F7FC8F4A77FC9F4AF7F69
:10AB7000CAF4B07FCBF4B27FCCF47C7CCDF44965D1
:10AB8000CEF4917CCFF49D7CD0F49C7CD1F49E7C5F
:10AB9000D2F4A27CD3F4B27CD4F4BC7CD5F4BD7CDA
:10ABA000D6F4C17CD7F4C77CD8F4CC7CD9F4CD7C66
:10ABB000DAF4C87CDBF4C57CDCF4D77CDDF4E87C1B
:10ABC000DEF46E82DFF4A866E0F4BF7FE1F4CE7FAE
:10ABD000E2F4D57FE3F4E57FE4F4E17FE5F4E67F9A
:10ABE000E6F4E97FE7F4EE7FE8F4F37FE9F4F87C3C
:10ABF000EAF4777DEBF4A67DECF4AE7DEDF4477ED0
:10AC0000EEF49B7EEFF4B89EF0F4B49EF1F4738DF5
:10AC1000F2F4848DF3F4948DF4F4918DF5F4B18D08
:10AC2000F6F4678DF7F46D8DF8F4478CF9F4498CE0
:10AC3000FAF44A91FBF45091FCF44E91FDF44F91DB
:10AC4000FEF4649140F57C9B41F57D9B42F57E9B33
:10AC500043F57F9B44F5809B45F5819B46F5829BA0
:10AC600047F5839B48F5849B49F5859B4AF5869B70
:10AC70004BF5879B4CF5889B4DF5899B4EF58A9B40
:10AC80004FF58B9B50F58C9B51F58D9B52F58E9B10
:10AC900053F58F9B54F5909B55F5919B56F5929BE0
:10ACA00057F5939B58F5949B59F5959B5AF5969BB0
:10ACB0005BF5979B5CF5989B5DF5999B5EF59A9B80
:10ACC0005FF59B9B60F59C9B61F59D9B62F59E9B50
:10ACD00063F59F9B64F5A09B65F5A19B66F5A29B20
:10ACE00067F5A39B68F5A49B69F5A59B6AF5A69BF0
:10ACF0006BF5A79B6CF5A89B6DF5A99B6EF5AA9BC0
:10AD00006FF5AB9B70F5AC9B71F5AD9B72F5AE9B8F
:10AD100073F5AF9B74F5B09B75F5B19B76F5B29B5F
:10AD200077F5B39B78F5B49B79F5B59B7AF5B69B2F
:10AD30007BF5B79B7CF5B89B7DF5B99B7EF5BA9BFF
:10AD400080F5BB9B81F5BC9B82F5BD9B83F5BE9BCB
:10AD500084F5BF9B85F5C09B86F5C19B87F5C29B9B
:10AD600088F5C39B89F5C49B8AF5C59B8BF5C69B6B
:10AD70008CF5C79B8DF5C89B8EF5C99B8FF5CA9B3B
:10AD800090F5CB9B91F5CC9B92F5CD9B93F5CE9B0B
:10AD900094F5CF9B95F5D09B96F5D19B97F5D29BDB
:10ADA00098F5D39B99F5D49B9AF5D59B9BF5D69BAB
:10ADB0009CF5D79B9DF5D89B9EF5D99B9FF5DA9B7B
:10ADC000A0F5DB9BA1F56291A2F56191A3F57091CD
:10ADD000A4F56991A5F56F91A6F57D91A7F57E91F2
:10ADE000A8F57291A9F57491AAF57991ABF58C91BA
:10ADF000ACF58591ADF59091AEF58D91AFF5919152
:10AE0000B0F5A291B1F5A391B2F5AA91B3F5AD91C8
:10AE1000B4F5AE91B5F5AF91B6F5B591B7F5B4917E
:10AE2000B8F5BA91B9F5558CBAF57E9EBBF5B88DDB
:10AE3000BCF5EB8DBDF5058EBEF5598EBFF5698E5F
:10AE4000C0F5B58DC1F5BF8DC2F5BC8DC3F5BA8D0A
:10AE5000C4F5C48DC5F5D68DC6F5D78DC7F5DA8D89
:10AE6000C8F5DE8DC9F5CE8DCAF5CF8DCBF5DB8D5E
:10AE7000CCF5C68DCDF5EC8DCEF5F78DCFF5F88DF3
:10AE8000D0F5E38DD1F5F98DD2F5FB8DD3F5E48DB9
:10AE9000D4F5098ED5F5FD8DD6F5148ED7F51D8E1A
:10AEA000D8F51F8ED9F52C8EDAF52E8EDBF5238E94
:10AEB000DCF52F8EDDF53A8EDEF5408EDFF5398E2E
:10AEC000E0F5358EE1F53D8EE2F5318EE3F5498E04
:10AED000E4F5418EE5F5428EE6F5518EE7F5528EAA
:10AEE000E8F54A8EE9F5708EEAF5768EEBF57C8E04
:10AEF000ECF56F8EEDF5748EEEF5858EEFF58F8E99
:10AF0000F0F5948EF1F5908EF2F59C8EF3F59E8E11
:10AF1000F4F5788CF5F5828CF6F58A8CF7F5858C4E
:10AF2000F8F5988CF9F5948CFAF59B65FBF5D689C4
:10AF3000FCF5DE89FDF5DA89FEF5DC8940F6DC9B5F
:10AF400041F6DD9B42F6DE9B43F6DF9B44F6E09B39
:10AF500045F6E19B46F6E29B47F6E39B48F6E49B09
:10AF600049F6E59B4AF6E69B4BF6E79B4CF6E89BD9
:10AF70004DF6E99B4EF6EA9B4FF6EB9B50F6EC9BA9
:10AF800051F6ED9B52F6EE9B53F6EF9B54F6F09B79
:10AF900055F6F19B56F6F29B57F6F39B58F6F49B49
:10AFA00059F6F59B5AF6F69B5BF6F79B5CF6F89B19
:10AFB0005DF6F99B5EF6FA9B5FF6FB9B60F6FC9BE9
:10AFC00061F6FD9B62F6FE9B63F6FF9B64F6009CB8
:10AFD00065F6019C66F6029C67F6039C68F6049C85
:10AFE00069F6059C6AF6069C6BF6079C6CF6089C55
:10AFF0006DF6099C6EF60A9C6FF60B9C70F60C9C25
:10B0000071F60D9C72F60E9C73F60F9C74F6109CF4
:10B0100075F6119C76F6129C77F6139C78F6149CC4
:10B0200079F6159C7AF6169C7BF6179C7CF6189C94
:10B030007DF6199C7EF61A9C80F61B9C81F61C9C62
:10B0400082F61D9C83F61E9C84F61F9C85F6209C30
:10B0500086F6219C87F6229C88F6239C89F6249C00
:10B060008AF6259C8BF6269C8CF6279C8DF6289CD0
:10B070008EF6299C8FF62A9C90F62B9C91F62C9CA0
:10B0800092F62D9C93F62E9C94F62F9C95F6309C70
:10B0900096F6319C97F6329C98F6339C99F6349C40
:10B0A0009AF6359C9BF6369C9CF6379C9DF6389C10
:10B0B0009EF6399C9FF63A9CA0F63B9CA1F6E5894A
:10B0C000A2F6EB89A3F6EF89A4F63E8AA5F6268BB5
:10B0D000A6F65397A7F6E996A8F6F396A9F6EF9683
:10B0E000AAF60697ABF60197ACF60897ADF60F9760
:10B0F000AEF60E97AFF62A97B0F62D97B1F63097C9
:10B10000B2F63E97B3F6809FB4F6839FB5F6859F5F
:10B11000B6F6869FB7F6879FB8F6889FB9F6899FDF
:10B12000BAF68A9FBBF68C9FBCF6FE9EBDF60B9FBF
:10B13000BEF60D9FBFF6B996C0F6BC96C1F6BD9699
:10B14000C2F6CE96C3F6D296C4F6BF77C5F6E096A1
:10B15000C6F68E92C7F6AE92C8F6C892C9F63E936E
:10B16000CAF66A93CBF6CA93CCF68F93CDF63E948B
:10B17000CEF66B94CFF67F9CD0F6829CD1F6859C60
:10B18000D2F6869CD3F6879CD4F6889CD5F6237A93
:10B19000D6F68B9CD7F68E9CD8F6909CD9F6919CCF
:10B1A000DAF6929CDBF6949CDCF6959CDDF69A9C94
:10B1B000DEF69B9CDFF69E9CE0F69F9CE1F6A09C51
:10B1C000E2F6A19CE3F6A29CE4F6A39CE5F6A59C1E
:10B1D000E6F6A69CE7F6A79CE8F6A89CE9F6A99CEB
:10B1E000EAF6AB9CEBF6AD9CECF6AE9CEDF6B09CB3
:10B1F000EEF6B19CEFF6B29CF0F6B39CF1F6B49C7F
:10B20000F2F6B59CF3F6B69CF4F6B79CF5F6BA9C4C
:10B21000F6F6BB9CF7F6BC9CF8F6BD9CF9F6C49C10
:10B22000FAF6C59CFBF6C69CFCF6C79CFDF6CA9CCC
:10B23000FEF6CB9C40F73C9C41F73D9C42F73E9C80
:10B2400043F73F9C44F7409C45F7419C46F7429C9E
:10B2500047F7439C48F7449C49F7459C4AF7469C6E
:10B260004BF7479C4CF7489C4DF7499C4EF74A9C3E
:10B270004FF74B9C50F74C9C51F74D9C52F74E9C0E
:10B2800053F74F9C54F7509C55F7519C56F7529CDE
:10B2900057F7539C58F7549C59F7559C5AF7569CAE
:10B2A0005BF7579C5CF7589C5DF7599C5EF75A9C7E
:10B2B0005FF75B9C60F75C9C61F75D9C62F75E9C4E
:10B2C00063F75F9C64F7609C65F7619C66F7629C1E
:10B2D00067F7639C68F7649C69F7659C6AF7669CEE
:10B2E0006BF7679C6CF7689C6DF7699C6EF76A9CBE
:10B2F0006FF76B9C70F76C9C71F76D9C72F76E9C8E
:10B3000073F76F9C74F7709C75F7719C76F7729C5D
:10B3100077F7739C78F7749C79F7759C7AF7769C2D
:10B320007BF7779C7CF7789C7DF7799C7EF77A9CFD
:10B3300080F77B9C81F77D9C82F77E9C83F7809CC5
:10B3400084F7839C85F7849C86F7899C87F78A9C81
:10B3500088F78C9C89F78F9C8AF7939C8BF7969C37
:10B360008CF7979C8DF7989C8EF7999C8FF79D9CF6
:10B3700090F7AA9C91F7AC9C92F7AF9C93F7B99C7D
:10B3800094F7BE9C95F7BF9C96F7C09C97F7C19C1D
:10B3900098F7C29C99F7C89C9AF7C99C9BF7D19CD7
:10B3A0009CF7D29C9DF7DA9C9EF7DB9C9FF7E09C74
:10B3B000A0F7E19CA1F7CC9CA2F7CD9CA3F7CE9C73
:10B3C000A4F7CF9CA5F7D09CA6F7D39CA7F7D49C55
:10B3D000A8F7D59CA9F7D79CAAF7D89CABF7D99C1E
:10B3E000ACF7DC9CADF7DD9CAEF7DF9CAFF7E29CE1
:10B3F000B0F77C97B1F78597B2F79197B3F792972B
:10B40000B4F79497B5F7AF97B6F7AB97B7F7A3979D
:10B41000B8F7B297B9F7B497BAF7B19ABBF7B09A41
:10B42000BCF7B79ABDF7589EBEF7B69ABFF7BA9A5F
:10B43000C0F7BC9AC1F7C19AC2F7C09AC3F7C59AC0
:10B44000C4F7C29AC5F7CB9AC6F7CC9AC7F7D19A78
:10B45000C8F7459BC9F7439BCAF7479BCBF7499B66
:10B46000CCF7489BCDF74D9BCEF7519BCFF7E89893
:10B47000D0F70D99D1F72E99D2F75599D3F7549962
:10B48000D4F7DF9AD5F7E19AD6F7E69AD7F7EF9A8D
:10B49000D8F7EB9AD9F7FB9ADAF7ED9ADBF7F99A36
:10B4A000DCF7089BDDF70F9BDEF7139BDFF71F9B95
:10B4B000E0F7239BE1F7BD9EE2F7BE9EE3F73B7EFC
:10B4C000E4F7829EE5F7879EE6F7889EE7F78B9E76
:10B4D000E8F7929EE9F7D693EAF79D9EEBF79F9ED9
:10B4E000ECF7DB9EEDF7DC9EEEF7DD9EEFF7E09EDE
:10B4F000F0F7DF9EF1F7E29EF2F7E99EF3F7E79EA1
:10B50000F4F7E59EF5F7EA9EF6F7EF9EF7F7229F30
:10B51000F8F72C9FF9F72F9FFAF7399FFBF7379F22
:10B52000FCF73D9FFDF73E9FFEF7449F40F8E39CEC
:10B5300041F8E49C42F8E59C43F8E69C44F8E79C1B
:10B5400045F8E89C46F8E99C47F8EA9C48F8EB9CEB
:10B5500049F8EC9C4AF8ED9C4BF8EE9C4CF8EF9CBB
:10B560004DF8F09C4EF8F19C4FF8F29C50F8F39C8B
:10B5700051F8F49C52F8F59C53F8F69C54F8F79C5B
:10B5800055F8F89C56F8F99C57F8FA9C58F8FB9C2B
:10B5900059F8FC9C5AF8FD9C5BF8FE9C5CF8FF9CFB
:10B5A0005DF8009D5EF8019D5FF8029D60F8039DC7
:10B5B00061F8049D62F8059D63F8069D64F8079D97
:10B5C00065F8089D66F8099D67F80A9D68F80B9D67
:10B5D00069F80C9D6AF80D9D6BF80E9D6CF80F9D37
:10B5E0006DF8109D6EF8119D6FF8129D70F8139D07
:10B5F00071F8149D72F8159D73F8169D74F8179DD7
:10B6000075F8189D76F8199D77F81A9D78F81B9DA6
:10B6100079F81C9D7AF81D9D7BF81E9D7CF81F9D76
:10B620007DF8209D7EF8219D80F8229D81F8239D44
:10B6300082F8249D83F8259D84F8269D85F8279D12
:10B6400086F8289D87F8299D88F82A9D89F82B9DE2
:10B650008AF82C9D8BF82D9D8CF82E9D8DF82F9DB2
:10B660008EF8309D8FF8319D90F8329D91F8339D82
:10B6700092F8349D93F8359D94F8369D95F8379D52
:10B6800096F8389D97F8399D98F83A9D99F83B9D22
:10B690009AF83C9D9BF83D9D9CF83E9D9DF83F9DF2
:10B6A0009EF8409D9FF8419DA0F8429D40F9439D22
:10B6B00041F9449D42F9459D43F9469D44F9479D12
:10B6C00045F9489D46F9499D47F94A9D48F94B9DE2
:10B6D00049F94C9D4AF94D9D4BF94E9D4CF94F9DB2
:10B6E0004DF9509D4EF9519D4FF9529D50F9539D82
:10B6F00051F9549D52F9559D53F9569D54F9579D52
:10B7000055F9589D56F9599D57F95A9D58F95B9D21
:10B7100059F95C9D5AF95D9D5BF95E9D5CF95F9DF1
:10B720005DF9609D5EF9619D5FF9629D60F9639DC1
:10B7300061F9649D62F9659D63F9669D64F9679D91
:10B7400065F9689D66F9699D67F96A9D68F96B9D61
:10B7500069F96C9D6AF96D9D6BF96E9D6CF96F9D31
:10B760006DF9709D6EF9719D6FF9729D70F9739D01
:10B7700071F9749D72F9759D73F9769D74F9779DD1
:10B7800075F9789D76F9799D77F97A9D78F97B9DA1
:10B7900079F97C9D7AF97D9D7BF97E9D7CF97F9D71
:10B7A0007DF9809D7EF9819D80F9829D81F9839D3F
:10B7B00082F9849D83F9859D84F9869D85F9879D0D
:10B7C00086F9889D87F9899D88F98A9D89F98B9DDD
:10B7D0008AF98C9D8BF98D9D8CF98E9D8DF98F9DAD
:10B7E0008EF9909D8FF9919D90F9929D91F9939D7D
:10B7F00092F9949D93F9959D94F9969D95F9979D4D
:10B8000096F9989D97F9999D98F99A9D99F99B9D1C
:10B810009AF99C9D9BF99D9D9CF99E9D9DF99F9DEC
:10B820009EF9A09D9FF9A19DA0F9A29D40FAA39D1C
:10B8300041FAA49D42FAA59D43FAA69D44FAA79D0C
:10B8400045FAA89D46FAA99D47FAAA9D48FAAB9DDC
:10B8500049FAAC9D4AFAAD9D4BFAAE9D4CFAAF9DAC
:10B860004DFAB09D4EFAB19D4FFAB29D50FAB39D7C
:10B8700051FAB49D52FAB59D53FAB69D54FAB79D4C
:10B8800055FAB89D56FAB99D57FABA9D58FABB9D1C
:10B8900059FABC9D5AFABD9D5BFABE9D5CFABF9DEC
:10B8A0005DFAC09D5EFAC19D5FFAC29D60FAC39DBC
:10B8B00061FAC49D62FAC59D63FAC69D64FAC79D8C
:10B8C00065FAC89D66FAC99D67FACA9D68FACB9D5C
:10B8D00069FACC9D6AFACD9D6BFACE9D6CFACF9D2C
:10B8E0006DFAD09D6EFAD19D6FFAD29D70FAD39DFC
:10B8F00071FAD49D72FAD59D73FAD69D74FAD79DCC
:10B9000075FAD89D76FAD99D77FADA9D78FADB9D9B
:10B9100079FADC9D7AFADD9D7BFADE9D7CFADF9D6B
:10B920007DFAE09D7EFAE19D80FAE29D81FAE39D39
:10B9300082FAE49D83FAE59D84FAE69D85FAE79D07
:10B9400086FAE89D87FAE99D88FAEA9D89FAEB9DD7
:10B950008AFAEC9D8BFAED9D8CFAEE9D8DFAEF9DA7
:10B960008EFAF09D8FFAF19D90FAF29D91FAF39D77
:10B9700092FAF49D93FAF59D94FAF69D95FAF79D47
:10B9800096FAF89D97FAF99D98FAFA9D99FAFB9D17
:10B990009AFAFC9D9BFAFD9D9CFAFE9D9DFAFF9DE7
:10B9A0009EFA009E9FFA019EA0FA029E40FB039E13
:10B9B00041FB049E42FB059E43FB069E44FB079E03
:10B9C00045FB089E46FB099E47FB0A9E48FB0B9ED3
:10B9D00049FB0C9E4AFB0D9E4BFB0E9E4CFB0F9EA3
:10B9E0004DFB109E4EFB119E4FFB129E50FB139E73
:10B9F00051FB149E52FB159E53FB169E54FB179E43
:10BA000055FB189E56FB199E57FB1A9E58FB1B9E12
:10BA100059FB1C9E5AFB1D9E5BFB1E9E5CFB249EDD
:10BA20005DFB279E5EFB2E9E5FFB309E60FB349E7F
:10BA300061FB3B9E62FB3C9E63FB409E64FB4D9E14
:10BA400065FB509E66FB529E67FB539E68FB549EAF
:10BA500069FB569E6AFB599E6BFB5D9E6CFB5F9E6D
:10BA60006DFB609E6EFB619E6FFB629E70FB659E30
:10BA700071FB6E9E72FB6F9E73FB729E74FB749ED5
:10BA800075FB759E76FB769E77FB779E78FB789E9E
:10BA900079FB799E7AFB7A9E7BFB7B9E7CFB7C9E6E
:10BAA0007DFB7D9E7EFB809E80FB819E81FB839E35
:10BAB00082FB849E83FB859E84FB869E85FB899EFC
:10BAC00086FB8A9E87FB8C9E88FB8D9E89FB8E9EC3
:10BAD0008AFB8F9E8BFB909E8CFB919E8DFB949E90
:10BAE0008EFB959E8FFB969E90FB979E91FB989E5A
:10BAF00092FB999E93FB9A9E94FB9B9E95FB9C9E2A
:10BB000096FB9E9E97FBA09E98FBA19E99FBA29EF2
:10BB10009AFBA39E9BFBA49E9CFBA59E9DFBA79EC0
:10BB20009EFBA89E9FFBA99EA0FBAA9E40FCAB9EED
:10BB300041FCAC9E42FCAD9E43FCAE9E44FCAF9EDD
:10BB400045FCB09E46FCB19E47FCB29E48FCB39EAD
:10BB500049FCB59E4AFCB69E4BFCB79E4CFCB99E78
:10BB60004DFCBA9E4EFCBC9E4FFCBF9E50FCC09E3E
:10BB700051FCC19E52FCC29E53FCC39E54FCC59E08
:10BB800055FCC69E56FCC79E57FCC89E58FCCA9ED4
:10BB900059FCCB9E5AFCCC9E5BFCD09E5CFCD29E9A
:10BBA0005DFCD39E5EFCD59E5FFCD69E60FCD79E5E
:10BBB00061FCD99E62FCDA9E63FCDE9E64FCE19E21
:10BBC00065FCE39E66FCE49E67FCE69E68FCE89EDE
:10BBD00069FCEB9E6AFCEC9E6BFCED9E6CFCEE9EA1
:10BBE0006DFCF09E6EFCF19E6FFCF29E70FCF39E6D
:10BBF00071FCF49E72FCF59E73FCF69E74FCF79E3D
:10BC000075FCF89E76FCFA9E77FCFD9E78FCFF9E04
:10BC100079FC009F7AFC019F7BFC029F7CFC039FC8
:10BC20007DFC049F7EFC059F80FC069F81FC079F96
:10BC300082FC089F83FC099F84FC0A9F85FC0C9F63
:10BC400086FC0F9F87FC119F88FC129F89FC149F24
:10BC50008AFC159F8BFC169F8CFC189F8DFC1A9FED
:10BC60008EFC1B9F8FFC1C9F90FC1D9F91FC1E9FB8
:10BC700092FC1F9F93FC219F94FC239F95FC249F83
:10BC800096FC259F97FC269F98FC279F99FC289F50
:10BC90009AFC299F9BFC2A9F9CFC2B9F9DFC2D9F1F
:10BCA0009EFC2E9F9FFC309FA0FC319F40FD329F49
:10BCB00041FD339F42FD349F43FD359F44FD369F38
:10BCC00045FD389F46FD3A9F47FD3C9F48FD3F9FFD
:10BCD00049FD409F4AFD419F4BFD429F4CFD439FC4
:10BCE0004DFD459F4EFD469F4FFD479F50FD489F90
:10BCF00051FD499F52FD4A9F53FD4B9F54FD4C9F60
:10BD000055FD4D9F56FD4E9F57FD4F9F58FD529F2D
:10BD100059FD539F5AFD549F5BFD559F5CFD569FF7
:10BD20005DFD579F5EFD589F5FFD599F60FD5A9FC7
:10BD300061FD5B9F62FD5C9F63FD5D9F64FD5E9F97
:10BD400065FD5F9F66FD609F67FD619F68FD629F67
:10BD500069FD639F6AFD649F6BFD659F6CFD669F37
:10BD60006DFD679F6EFD689F6FFD699F70FD6A9F07
:10BD700071FD6B9F72FD6C9F73FD6D9F74FD6E9FD7
:10BD800075FD6F9F76FD709F77FD719F78FD729FA7
:10BD900079FD739F7AFD749F7BFD759F7CFD769F77
:10BDA0007DFD779F7EFD789F80FD799F81FD7A9F45
:10BDB00082FD7B9F83FD7C9F84FD7D9F85FD7E9F13
:10BDC00086FD819F87FD829F88FD8D9F89FD8E9FC7
:10BDD0008AFD8F9F8BFD909F8CFD919F8DFD929F83
:10BDE0008EFD939F8FFD949F90FD959F91FD969F53
:10BDF00092FD979F93FD989F94FD9C9F95FD9D9F1D
:10BE000096FD9E9F97FDA19F98FDA29F99FDA39FE0
:10BE10009AFDA49F9BFDA59F9CFD2CF99DFD79F9A2
:10BE20009EFD95F99FFDE7F9A0FDF1F940FE0CFAA2
:10BE300041FE0DFA42FE0EFA43FE0FFA44FE11FADD
:10BE400045FE13FA46FE14FA47FE18FA48FE1FFA9A
:10BE500049FE20FA4AFE21FA4BFE23FA4CFE24FA50
:10BE60004DFE27FA4EFE28FA4FFE29FA0000000088
:10BE70004144533132383520696E697420666169F6
:10BE80006C65640A005B4552524F525D20CFB5CDC0
:10BE9000B3B4EDCEF3A3ACC0B4D4B43A2025730A46
:10BEA0000048414C5F4D4D435F436F6E6669675775
:10BEB0006964654275734F7065726174696F6E0075
:10BEC00048414C5F4D4D435F496E697400B4F2BF09
:10BED000AAC4BFC2BCCAA7B0DC3A2025732028651B
:10BEE00072723D2564290D0A00CEB4D5D2B5BDCEFF
:10BEF000C4BCFECFB5CDB3A1A3D5FDD4DAB8F1CA89
:10BF0000BDBBAF2E2E2E0D0A00C5E4D6C3CEC4BCD9
:10BF1000FEB2BBB4E6D4DAA3ACD5FDD4DAB4B4BD7A
:10BF2000A8C4ACC8CFC5E4D6C32E2E2E0D0A00B8C7
:10BF3000F1CABDBBAFB3C9B9A6A1A3D5FDD4DAD6AA
:10BF4000D8D0C2B9D2D4D82E2E2E0D0A00B4E6B461
:10BF5000A2BFD5BCE4B2BBD7E3A3ACC9BEB3FDBEA0
:10BF6000C9CEC4BCFE2E2E2E0D0A00C9BEB3FDBA2A
:10BF7000F3BFC9D3C3BFD5BCE43A20256C6C752090
:10BF80004D420D0A00CEC4BCFECFB5CDB3B4E6B46D
:10BF9000A2BFD5BCE43A20D7DCB9B220256C6C75C1
:10BFA000204D422C20BFC9D3C320256C6C75204D79
:10BFB000420D0A005B4552524F525D20B6A8CEBBDF
:10BFC000CEC4BCFEC4A9CEB2CAA7B0DC3A20256458
:10BFD0000D0A00BBF1C8A1B4E6B4A2BFD5BCE4CA47
:10BFE000A7B0DC3A2025640D0A00C9BEB3FDCEC45B
:10BFF000BCFECAA7B0DC3A2025640D0A005B45529E
:10C00000524F525D20CEDEB7A8B4F2BFAACEC4BC58
:10C01000FE3A202573A3ACB4EDCEF3C2EB3A202553
:10C02000640D0A005B4552524F525D20CEDEB7A828
:10C03000B4B4BDA8C4BFC2BC202573A3ACB4EDCEBC
:10C04000F3C2EB3A2025640D0A00B6C1C8A1C5E4CD
:10C05000D6C3CEC4BCFECAA7B0DCA3ACB4EDCEF34D
:10C06000C2EB3A2025640D0A00B4B4BDA8C5E4D6DD
:10C07000C3CEC4BCFECAA7B0DCA3ACB4EDCEF3C241
:10C08000EB3A2025640D0A00D0B4C8EBC5E4D6C352
:10C09000CEC4BCFECAA7B0DCA3ACB4EDCEF3C2EBF9
:10C0A0003A2025640D0A00B8F1CABDBBAFCAA7B0DB
:10C0B000DCA1A3B4EDCEF3A3BA25640D0A00B8F158
:10C0C000CABDBBAFBAF3B9D2D4D8CAA7B0DCA1A35A
:10C0D000B4EDCEF3A3BA25640D0A0046617446732D
:10C0E00020B9D2D4D8CAA7B0DCA3ACB4EDCEF3A3A8
:10C0F000BA25640D0A005B494E464F5D20D0C2BD93
:10C10000A8484558CAFDBEDDCEC4BCFE3A20257302
:10C110000D0A00C9BEB3FDCEC4BCFE3A2025730D86
:10C120000A00C5E4D6C3B6C1C8A1CDEAB3C93A2056
:10C1300073616D706C655F726174653D2568752C07
:10C140002073706163655F7468726573686F6C6497
:10C150005F6D623D2575204D422C20626F617264D7
:10C160005F69643D25752C207573655F74696D6525
:10C170005F66726F6D5F636F6E6669673D25752CD4
:10C1800020636F6E6669675F74696D655F73747253
:10C19000696E673D25730D0A005B494E464F5D2071
:10C1A000D0F8D0B4484558CAFDBEDDCEC4BCFE3A76
:10C1B0002025732C20B5B1C7B0C6ABD2C63A202516
:10C1C0006C752042797465730D0A00B8F1CABDBB65
:10C1D000AFBAF320466174467320B9D2D4D8B3C93C
:10C1E000B9A6A1A30D0A00C4ACC8CFC5E4D6C3CE7E
:10C1F000C4BCFED0B4C8EBB3C9B9A6A1A30D0A0054
:10C20000C5E4D6C3CEC4BCFED2D1B4E6D4DAA3AC66
:10C21000CCF8B9FDB4B4BDA8A1A30D0A0073616D3B
:10C22000706C655F726174653D323030300D0A7339
:10C23000706163655F7468726573686F6C645F6D6D
:10C24000623D333037320D0A626F6172645F696438
:10C250003D340D0A7573655F74696D655F66726F55
:10C260006D5F636F6E6669673D300D0A646174656A
:10C270005F74696D653D323032352D30372D303980
:10C280002031323A30303A30300D0A0D0A2320C5C1
:10C29000E4D6C3CBB5C3F7A3BA0D0A232073616DEF
:10C2A000706C655F726174653A20D6A7B3D6B5C469
:10C2B000B2C9D1F9C2CAD6B5A3A8B5A5CEBB535051
:10C2C00053A3A9A3BA3132352C203235302C203576
:10C2D00030302C20313030302C20323030300D0ACC
:10C2E000232073706163655F7468726573686F6C37
:10C2F000645F6D623A20D7EEB5CDCAA3D3E0BFD557
:10C30000BCE4A3A84D42A3A9A3ACB2BBD7E3CAB176
:10C31000D7D4B6AFC9BEB3FDBEC9CAFDBEDD0D0AD6
:10C320002320626F6172645F69643A20B5B1C7B05F
:10C33000B0E5B1E0BAC5A3A8BEF6B6A8CEC4BCFEAF
:10C34000BCD020426F6172645820C3FBB3C6A3A95E
:10C350000D0A23207573655F74696D655F66726F82
:10C360006D5F636F6E6669673A20303DB2BBCAB9D4
:10C37000D3C3C5E4D6C3CAB1BCE4A3BB313DCAB97B
:10C38000D3C320646174655F74696D6520C9E8D6A4
:10C39000C3205254430D0A2320646174655F74699D
:10C3A0006D653A20C5E4D6C3CAB1BCE4A3ACB8F10C
:10C3B000CABDCEAA20797979792D6D6D2D6464205E
:10C3C00068683A6D6D3A7373A3ACBDF6D4DA207524
:10C3D00073655F74696D655F66726F6D5F636F6EC5
:10C3E0006669673D3120CAB1C9FAD0A70D0A005B62
:10C3F0004552524F525D20CEC4BCFEBEE4B1FACECF
:10C40000AABFD5A3ACB4B4BDA8CAA7B0DC0D0A00BE
:10C41000C3BBD3D0B8FCB6E0CEC4BCFEBFC9C9BE56
:10C42000B3FD0D0A00303A0073706163655F746894
:10C43000726573686F6C645F6D623D00626F6172FC
:10C44000645F69643D00646174655F74696D653D36
:10C450000073616D706C655F726174653D0075732A
:10C46000655F74696D655F66726F6D5F636F6E6641
:10C4700069673D00444154415F0025732F257300D7
:10C48000303A2F636F6E6669672E74787400303AA5
:10C490002F426F6172642575002568750025732F22
:10C4A00025303464253032642530326425303264DE
:10C4B00025303264253032642E686578004E4F2076
:10C4C0004E414D4520202020464154202020202050
:10C4D000004E4F204E414D452020202046415433F0
:10C4E0003220202000EBFE904D53444F53352E3028
:10C4F000002B2C3B3D5B5D00222A3A3C3E3F7C7F7B
:10C5000000BEAFB8E63A20B2BBD6A7B3D6B5C4B228
:10C51000C9D1F9C2CA202575A3ACC4ACC8CFCAB969
:10C52000D3C32032303030205350530D0A00B5C8E9
:10C53000B4FD474E5353CFFBCFA22E2E2E0D0A0033
:10C540004661696C656420746F2073656E64206356
:10C550006F6D6D616E6420746F20554D3938300DEC
:10C560000A005B474E535320494E49545D20CAD7B9
:10C57000B4CEBDD3CAD5B5BDD3D0D0A720474E5376
:10C580005320B1A8CEC4A3ACB1EABCC720676E7378
:10C590007353746172746564203D20747275650D07
:10C5A0000A00CEB4CAD5B5BDD3D0D0A720474E53CC
:10C5B0005320CAFDBEDD0D0A004750535F54696D1C
:10C5C000652842494E293A20253032643A253032D6
:10C5D000643A253032640A002C0024474E5A444104
:10C5E000002447505A44410024252A32735A4441BA
:10C5F0002C2532642532642532642E30302C25649B
:10C600002C25642C256400414443C5E4D6C3BBD625
:10C61000B8B4CAA7B0DC210D0A005B4445425547B7
:10C620005D20D7BCB1B8B6C1C8A120636F6E666982
:10C63000672E7478742E2E2E0D0A005B49444C45EB
:10C640005D20CFB5CDB3C6F4B6AFA3ACD7BCB1B8FF
:10C65000BDF8C8EB20474E535320CADACAB1C1F720
:10C66000B3CC2E2E2E0D0A005B574149545F474E26
:10C6700053535D20474E535320B1A8CEC4D2D1BDF1
:10C68000D3CAD5A3ACBDF8C8EBB4A6C0EDBDD7B630
:10C69000CE2E2E2E0D0A005B494E464F5D20534490
:10C6A000494FB3F5CABCBBAFCDEAB3C9A3ACD7BC45
:10C6B000B1B8B9D2D4D82E2E2E0D0A005B53594EE4
:10C6C000435D20474E5353D2D1BDD3CAD5A3ACB599
:10C6D000C8B4FD20474E53535F5245434549564524
:10C6E0004420B4A6C0EDD6D0B8FCD0C220525443EA
:10C6F0000D0A00B9D8B1D5CEC4BCFECAA7B0DCA320
:10C70000ACB1BEC2D6B2BBB4B4BDA8D0C2CEC4BC5C
:10C71000FEA3ACB1DCC3E22046525F4C4F434B4515
:10C72000440D0A00665F73796E6320CAA7B0DC3AD5
:10C730002025640D0A00665F636C6F736520CAA7CD
:10C74000B0DC3A2025640D0A00CADACAB1B3C9B90F
:10C75000A62CBCE4B8F425756D730D0A00BBBAB302
:10C76000E5C7F8D7B4CCAC3A20BFD5CFD03A2575C1
:10C7700020D0B4C8EB3A257520D2D1C2FA3A25753B
:10C780000D0A00CEC4BCFECFB5CDB3B9D2D4D8CA41
:10C79000A7B0DCA3A10D0A005B474E53535D20B543
:10C7A000B1C7B0CEAA20555342204D534320C4A355
:10C7B000CABDA3ACBAF6C2D420474E535320B1A889
:10C7C000CEC4A1A30D0A00CAFDBEDDCEC4BCFED2FC
:10C7D000D1B9D8B1D5A3A8555342B2E5C8EBA3A9A6
:10C7E0000D0A00555342C1ACBDD3A3ACD4DDCDA3DB
:10C7F000B2C9BCAF0D0A00555342D2D1B6CFBFAAC1
:10C80000A3ACBBD6B8B4B2C9BCAF0D0A005B5741EC
:10C8100049545F474E53535D20B3ACCAB1CEB4CA3E
:10C82000D5B5BD20474E5353A3AC66616C6C6261B5
:10C83000636B20CAB9D3C32052544320BDF8C8EB60
:10C84000B2C9BCAFC4A3CABD0D0A005B494E464F76
:10C850005D20B2C9BCAFCFB5CDB3D2D1BBD6B8B4D1
:10C86000D4CBD0D00D0A005B5741524E5D20B4B4FA
:10C87000BDA8CAFDBEDDCEC4BCFECAA7B0DCA3AC59
:10C88000B5C8B4FDCFC2D2BBC2D6D6D8CAD40D0A61
:10C8900000CADACAB1CAA7B0DCA3ACBDABD4DA31E6
:10C8A00030B7D6D6D3BAF3D6D8CAD40D0A00CAB197
:10C8B000BCE4B1E4BBAFA3ACD7BCB1B8C2D6BBBB80
:10C8C000CEC4BCFE0D0A005B464154414C5D20D0F5
:10C8D000B4C8EBCAA7B0DCCEDEB7A8BBD6B8B4A349
:10C8E000ACCFB5CDB3C8EDB8B4CEBBD6D02E2E2EBE
:10C8F0000A005B5741524E5D20D0B4C8EBCAA7B0C6
:10C90000DCA3ACD6D8CAD420256420B4CE2E2E2EDB
:10C9100020B4EDCEF3C2EB3A2025640A005B574108
:10C92000524E5D20CEC4BCFECDACB2BDCAA7B0DCB9
:10C93000A3ACB4EDCEF3C2EB3A2025640A005B450C
:10C9400052524F525D20D0B4C8EBCAA7B0DC3A2097
:10C95000D4A4C6DA20257520D7D6BDDA2C20CAB5D6
:10C96000BCCA20257520D7D6BDDA2C20B4EDCEF375
:10C97000C2EB2025640A005B5354415455535D209B
:10C9800053616D706C65733A2025752C204C6F7364
:10C99000743A2025752C20427566666572733A20BC
:10C9A000463A257520573A2575204F3A25750A00D5
:10C9B0005B5741524E5D20CEDECAFDBEDDCEC4BC0B
:10C9C000FEA3ACBBBAB3E5C7F8CCF8B9FDD0B4C888
:10C9D000EB0A004E4F4E4500CAB5CAB1B2C9D1F9F3
:10C9E000C2CA3A20256C752053505300474E53530A
:10C9F0003A20257300665F6D6F756E74004D53436A
:10CA000020496E746572666163650053544D33321C
:10CA1000204D6173732053746F72616765004D53CD
:10CA20004320436F6E6669670053544D6963726FAC
:10CA3000656C656374726F6E69637300A400E8A12E
:10CA4000A700ECA1A800A7A1B000E3A1B100C0A17C
:10CA5000B700A4A1D700C1A1E000A4A8E100A2A84A
:10CA6000E800A8A8E900A6A8EA00BAA8EC00ACA8CB
:10CA7000ED00AAA8F200B0A8F300AEA8F700C2A18A
:10CA8000F900B4A8FA00B2A8FC00B9A80101A1A855
:10CA90001301A5A81B01A7A82B01A9A84401BDA8A3
:10CAA0004801BEA84D01ADA86B01B1A8CE01A3A855
:10CAB000D001ABA8D201AFA8D401B3A8D601B5A8C4
:10CAC000D801B6A8DA01B7A8DC01B8A85102BBA802
:10CAD0006102C0A8C702A6A1C902A5A1CA0240A8B6
:10CAE000CB0241A8D90242A89103A1A69203A2A613
:10CAF0009303A3A69403A4A69503A5A69603A6A6AE
:10CB00009703A7A69803A8A69903A9A69A03AAA67D
:10CB10009B03ABA69C03ACA69D03ADA69E03AEA64D
:10CB20009F03AFA6A003B0A6A103B1A6A303B2A61C
:10CB3000A403B3A6A503B4A6A603B5A6A703B6A6E9
:10CB4000A803B7A6A903B8A6B103C1A6B203C2A69B
:10CB5000B303C3A6B403C4A6B503C5A6B603C6A64D
:10CB6000B703C7A6B803C8A6B903C9A6BA03CAA61D
:10CB7000BB03CBA6BC03CCA6BD03CDA6BE03CEA6ED
:10CB8000BF03CFA6C003D0A6C103D1A6C303D2A6BC
:10CB9000C403D3A6C503D4A6C603D5A6C703D6A689
:10CBA000C803D7A6C903D8A60104A7A71004A1A744
:10CBB0001104A2A71204A3A71304A4A71404A5A7F1
:10CBC0001504A6A71604A8A71704A9A71804AAA7BE
:10CBD0001904ABA71A04ACA71B04ADA71C04AEA78D
:10CBE0001D04AFA71E04B0A71F04B1A72004B2A75D
:10CBF0002104B3A72204B4A72304B5A72404B6A72D
:10CC00002504B7A72604B8A72704B9A72804BAA7FC
:10CC10002904BBA72A04BCA72B04BDA72C04BEA7CC
:10CC20002D04BFA72E04C0A72F04C1A73004D1A78D
:10CC30003104D2A73204D3A73304D4A73404D5A730
:10CC40003504D6A73604D8A73704D9A73804DAA7FD
:10CC50003904DBA73A04DCA73B04DDA73C04DEA7CC
:10CC60003D04DFA73E04E0A73F04E1A74004E2A79C
:10CC70004104E3A74204E4A74304E5A74404E6A76C
:10CC80004504E7A74604E8A74704E9A74804EAA73C
:10CC90004904EBA74A04ECA74B04EDA74C04EEA70C
:10CCA0004D04EFA74E04F0A74F04F1A75104D7A7F6
:10CCB00010205CA9132043A81420AAA1152044A881
:10CCC0001620ACA11820AEA11920AFA11C20B0A144
:10CCD0001D20B1A1252045A82620ADA13020EBA123
:10CCE0003220E4A13320E5A1352046A83B20F9A15C
:10CCF000AC2080000321E6A1052147A8092148A80E
:10CD00001621EDA1212159A96021F1A26121F2A2F0
:10CD10006221F3A26321F4A26421F5A26521F6A2A7
:10CD20006621F7A26721F8A26821F9A26921FAA277
:10CD30006A21FBA26B21FCA27021A1A27121A2A2F7
:10CD40007221A3A27321A4A27421A5A27521A6A277
:10CD50007621A7A27721A8A27821A9A27921AAA247
:10CD60009021FBA19121FCA19221FAA19321FDA187
:10CD7000962149A897214AA898214BA899214CA807
:10CD80000822CAA10F22C7A11122C6A115224DA8AF
:10CD90001A22CCA11D22D8A11E22DEA11F224EA83C
:10CDA0002022CFA123224FA82522CEA12722C4A131
:10CDB0002822C5A12922C9A12A22C8A12B22D2A199
:10CDC0002E22D3A13422E0A13522DFA13622C3A135
:10CDD0003722CBA13D22D7A14822D6A14C22D5A1F2
:10CDE000522250A86022D9A16122D4A16422DCA1E0
:10CDF0006522DDA1662251A8672252A86E22DAA11F
:10CE00006F22DBA1952292A89922D1A1A522CDA1C2
:10CE1000BF2253A81223D0A16024D9A26124DAA290
:10CE20006224DBA26324DCA26424DDA26524DEA2EA
:10CE30006624DFA26724E0A26824E1A26924E2A2BA
:10CE40007424C5A27524C6A27624C7A27724C8A2DA
:10CE50007824C9A27924CAA27A24CBA27B24CCA2AA
:10CE60007C24CDA27D24CEA27E24CFA27F24D0A27A
:10CE70008024D1A28124D2A28224D3A28324D4A24A
:10CE80008424D5A28524D6A28624D7A28724D8A21A
:10CE90008824B1A28924B2A28A24B3A28B24B4A28A
:10CEA0008C24B5A28D24B6A28E24B7A28F24B8A25A
:10CEB0009024B9A29124BAA29224BBA29324BCA22A
:10CEC0009424BDA29524BEA29624BFA29724C0A2FA
:10CED0009824C1A29924C2A29A24C3A29B24C4A2CA
:10CEE0000025A4A90125A5A90225A6A90325A7A96E
:10CEF0000425A8A90525A9A90625AAA90725ABA93E
:10CF00000825ACA90925ADA90A25AEA90B25AFA90D
:10CF10000C25B0A90D25B1A90E25B2A90F25B3A9DD
:10CF20001025B4A91125B5A91225B6A91325B7A9AD
:10CF30001425B8A91525B9A91625BAA91725BBA97D
:10CF40001825BCA91925BDA91A25BEA91B25BFA94D
:10CF50001C25C0A91D25C1A91E25C2A91F25C3A91D
:10CF60002025C4A92125C5A92225C6A92325C7A9ED
:10CF70002425C8A92525C9A92625CAA92725CBA9BD
:10CF80002825CCA92925CDA92A25CEA92B25CFA98D
:10CF90002C25D0A92D25D1A92E25D2A92F25D3A95D
:10CFA0003025D4A93125D5A93225D6A93325D7A92D
:10CFB0003425D8A93525D9A93625DAA93725DBA9FD
:10CFC0003825DCA93925DDA93A25DEA93B25DFA9CD
:10CFD0003C25E0A93D25E1A93E25E2A93F25E3A99D
:10CFE0004025E4A94125E5A94225E6A94325E7A96D
:10CFF0004425E8A94525E9A94625EAA94725EBA93D
:10D000004825ECA94925EDA94A25EEA94B25EFA90C
:10D01000502554A8512555A8522556A8532557A840
:10D02000542558A8552559A856255AA857255BA810
:10D0300058255CA859255DA85A255EA85B255FA8E0
:10D040005C2560A85D2561A85E2562A85F2563A8B0
:10D05000602564A8612565A8622566A8632567A880
:10D06000642568A8652569A866256AA867256BA850
:10D0700068256CA869256DA86A256EA86B256FA820
:10D080006C2570A86D2571A86E2572A86F2573A8F0
:10D09000702574A8712575A8722576A8732577A8C0
:10D0A000812578A8822579A883257AA884257BA85C
:10D0B00085257CA886257DA887257EA8882580A82B
:10D0C000892581A88A2582A88B2583A88C2584A8F8
:10D0D0008D2585A88E2586A88F2587A8932588A8C5
:10D0E000942589A895258AA8A025F6A1A125F5A1B2
:10D0F000B225F8A1B325F7A1BC258BA8BD258CA826
:10D10000C625F4A1C725F3A1CB25F0A1CE25F2A118
:10D11000CF25F1A1E2258DA8E3258EA8E4258FA8CF
:10D12000E52590A80526EFA10626EEA1092691A8DF
:10D130004026E2A14226E1A10030A1A10130A2A136
:10D140000230A3A10330A8A10530A9A1063065A92A
:10D15000073096A90830B4A10930B5A10A30B6A1AC
:10D160000B30B7A10C30B8A10D30B9A10E30BAA167
:10D170000F30BBA11030BEA11130BFA1123093A857
:10D180001330FEA11430B2A11530B3A11630BCA1EA
:10D190001730BDA11D3094A81E3095A8213040A99C
:10D1A000223041A9233042A9243043A9253044A983
:10D1B000263045A9273046A9283047A9293048A953
:10D1C0004130A1A44230A2A44330A3A44430A4A47B
:10D1D0004530A5A44630A6A44730A7A44830A8A44B
:10D1E0004930A9A44A30AAA44B30ABA44C30ACA41B
:10D1F0004D30ADA44E30AEA44F30AFA45030B0A4EB
:10D200005130B1A45230B2A45330B3A45430B4A4BA
:10D210005530B5A45630B6A45730B7A45830B8A48A
:10D220005930B9A45A30BAA45B30BBA45C30BCA45A
:10D230005D30BDA45E30BEA45F30BFA46030C0A42A
:10D240006130C1A46230C2A46330C3A46430C4A4FA
:10D250006530C5A46630C6A46730C7A46830C8A4CA
:10D260006930C9A46A30CAA46B30CBA46C30CCA49A
:10D270006D30CDA46E30CEA46F30CFA47030D0A46A
:10D280007130D1A47230D2A47330D3A47430D4A43A
:10D290007530D5A47630D6A47730D7A47830D8A40A
:10D2A0007930D9A47A30DAA47B30DBA47C30DCA4DA
:10D2B0007D30DDA47E30DEA47F30DFA48030E0A4AA
:10D2C0008130E1A48230E2A48330E3A48430E4A47A
:10D2D0008530E5A48630E6A48730E7A48830E8A44A
:10D2E0008930E9A48A30EAA48B30EBA48C30ECA41A
:10D2F0008D30EDA48E30EEA48F30EFA49030F0A4EA
:10D300009130F1A49230F2A49330F3A49B3061A940
:10D310009C3062A99D3066A99E3067A9A130A1A565
:10D32000A230A2A5A330A3A5A430A4A5A530A5A58D
:10D33000A630A6A5A730A7A5A830A8A5A930A9A55D
:10D34000AA30AAA5AB30ABA5AC30ACA5AD30ADA52D
:10D35000AE30AEA5AF30AFA5B030B0A5B130B1A5FD
:10D36000B230B2A5B330B3A5B430B4A5B530B5A5CD
:10D37000B630B6A5B730B7A5B830B8A5B930B9A59D
:10D38000BA30BAA5BB30BBA5BC30BCA5BD30BDA56D
:10D39000BE30BEA5BF30BFA5C030C0A5C130C1A53D
:10D3A000C230C2A5C330C3A5C430C4A5C530C5A50D
:10D3B000C630C6A5C730C7A5C830C8A5C930C9A5DD
:10D3C000CA30CAA5CB30CBA5CC30CCA5CD30CDA5AD
:10D3D000CE30CEA5CF30CFA5D030D0A5D130D1A57D
:10D3E000D230D2A5D330D3A5D430D4A5D530D5A54D
:10D3F000D630D6A5D730D7A5D830D8A5D930D9A51D
:10D40000DA30DAA5DB30DBA5DC30DCA5DD30DDA5EC
:10D41000DE30DEA5DF30DFA5E030E0A5E130E1A5BC
:10D42000E230E2A5E330E3A5E430E4A5E530E5A58C
:10D43000E630E6A5E730E7A5E830E8A5E930E9A55C
:10D44000EA30EAA5EB30EBA5EC30ECA5ED30EDA52C
:10D45000EE30EEA5EF30EFA5F030F0A5F130F1A5FC
:10D46000F230F2A5F330F3A5F430F4A5F530F5A5CC
:10D47000F630F6A5FC3060A9FD3063A9FE3064A942
:10D480000531C5A80631C6A80731C7A80831C8A804
:10D490000931C9A80A31CAA80B31CBA80C31CCA8D4
:10D4A0000D31CDA80E31CEA80F31CFA81031D0A8A4
:10D4B0001131D1A81231D2A81331D3A81431D4A874
:10D4C0001531D5A81631D6A81731D7A81831D8A844
:10D4D0001931D9A81A31DAA81B31DBA81C31DCA814
:10D4E0001D31DDA81E31DEA81F31DFA82031E0A8E4
:10D4F0002131E1A82231E2A82331E3A82431E4A8B4
:10D500002531E5A82631E6A82731E7A82831E8A883
:10D510002931E9A82032E5A22132E6A22232E7A28F
:10D520002332E8A22432E9A22532EAA22632EBA273
:10D530002732ECA22832EDA22932EEA231325AA9CA
:10D54000A33249A98E334AA98F334BA99C334CA9E6
:10D550009D334DA99E334EA9A1334FA9C43350A981
:10D56000CE3351A9D13352A9D23353A9D53354A9BB
:10D57000004EBBD2014EA1B6024E4081034EDFC623
:10D58000044E4181054E4281064E4381074EF2CD45
:10D59000084EC9D5094EFDC80A4ECFC90B4EC2CFA1
:10D5A0000C4EA2D80D4EBBB20E4EEBD30F4E4481A3
:10D5B000104EA4D8114EF3B3124E4581134EA8D786
:10D5C000144ED2C7154EA7D8164EC0CA174E468164
:10D5D000184EF0C7194EFBB11A4EB5D21B4ED4B43B
:10D5E0001C4EABB61D4EBFCB1E4EA9D81F4E478159
:10D5F000204E4881214E4981224EAAB6234E4A81AF
:10D60000244EBDC1254ECFD1264E4B81274EA5C9F4
:10D61000284EADD8294E4C812A4EF6B82B4EBED19D
:10D620002C4EDCE32D4ED0D62E4E4D812F4E4E810A
:10D63000304EE1B7314E4F81324EAEB4334E508151
:10D64000344ED9C1354E5181364EBCD8374E5281F9
:10D65000384EE8CD394EA4B53A4EAACE3B4EF7D659
:10D660003C4E53813D4EF6C03E4ED9BE3F4EAFD8E4
:10D67000404E5481414E5581424E5681434ECBC45B
:10D68000444E5781454EC3BE464E5881474EB1D891
:10D69000484EB4C3494EE5D24A4E59814B4EAED6A0
:10D6A0004C4EDACE4D4EA7D54E4EF5BA4F4EA6B7DC
:10D6B000504ED6C0514E5A81524EB9C6534ED2C565
:10D6C000544EC7C7554E5B81564ED4B9574E5C81F8
:10D6D000584ECBB3594ED2D25A4E5D815B4E5E81CD
:10D6E0005C4EBFD85D4EC5BE5E4EF2C65F4EB2D236
:10D6F000604EB0CF614EE7CF624E5F81634E608176
:10D70000644E6181654E6281664EE9CA674E6381EF
:10D71000684E6481694EC0D86A4E65816B4E6681E1
:10D720006C4E67816D4E68816E4E69816F4E6A8165
:10D73000704EF2C2714ED2C2724E6B81734EE9C806
:10D74000744E6C81754E6D81764E6E81774E6F8111
:10D75000784E7081794E71817A4E72817B4E7381E1
:10D760007C4E74817D4E75817E4EACC77F4E768136
:10D77000804E7781814E7881824E7981834E7A8185
:10D78000844E7B81854E7C81864ECBC1874E7D81C8
:10D79000884EE8D3894EF9D58A4E7E818B4EC2CA17
:10D7A0008C4EFEB68D4EA1D88E4EDAD38F4EF7BF7B
:10D7B000904E8081914EC6D4924EA5BB934EC1D857
:10D7C000944EE5CE954EAEBE964E8181974E8281A7
:10D7D000984EA8D8994E83819A4EC7D19B4EA9D016
:10D7E0009C4E84819D4E85819E4E86819F4EBDD8E4
:10D7F000A04EEFD9A14EF6CDA24EBABFA34E87815F
:10D80000A44EBBBDA54EA5BAA64EE0D2A74EFAB215
:10D81000A84EE0BAA94EB6C4AA4E8881AB4EEDCF51
:10D82000AC4EA9BEAD4EA4CDAE4EC1C1AF4E8981A6
:10D83000B04E8A81B14E8B81B24ED7C7B34EF1D96B
:10D84000B44E8C81B54EF4D9B64E8D81B74E8E81D3
:10D85000B84E8F81B94E9081BA4ECBC8BB4EE9D835
:10D86000BC4E9181BD4E9281BE4E9381BF4EDAD2A5
:10D87000C04EB2CAC14ECAC8C24EECD8C34EEAD8D6
:10D88000C44EC6D8C54EF6BDC64ECDC6C74EF0B3C3
:10D89000C84E9481C94EEBD8CA4EF1BDCB4EE9BDFE
:10D8A000CC4E9581CD4ED4C8CE4ED3B4CF4E9681BA
:10D8B000D04E9781D14ED8C2D24E9881D34ED6B297
:10D8C000D44ED0D7D54ECBCAD64EFBCBD74ECCD527
:10D8D000D84EB6B8D94EC9CFDA4E9981DB4E9A816F
:10D8E000DC4E9B81DD4EDAD9DE4EF0D8DF4EAAC782
:10D8F000E04E9C81E14EEED8E24E9D81E34EFAB4BB
:10D90000E44EEEC1E54ED4D2E64E9E81E74E9F81B5
:10D91000E84EEDD8E94EA081EA4EC7D2EB4EEFD8E3
:10D92000EC4EC7C3ED4EA181EE4EA281EF4EA38116
:10D93000F04EF6D1F14EA481F24ED9D6F34EF2D884
:10D94000F44EA581F54EF5D8F64EFEBCF74EDBBC85
:10D95000F84EA681F94EA781FA4EA881FB4ECEC89B
:10D96000FC4EA981FD4EDDB7FE4EAA81FF4EC2B727
:10D97000004FAB81014FF3C6024FAC81034FAD8125
:10D98000044FAE81054FAF81064FB081074FB18183
:10D99000084FB281094FF8D80A4FC1D20B4FB3815B
:10D9A0000C4FB4810D4FE9CE0E4FBFBC0F4FFCB7EB
:10D9B000104FA5B7114FDDD0124FB581134FB6816F
:10D9C000144FB781154FB881164FB981174FDAD66A
:10D9D000184FC5D3194FEFBB1A4FE1BB1B4FF1D8FE
:10D9E0001C4FBA811D4FBB811E4FA1C91F4FB0CE26
:10D9F000204FABB4214FBC81224FF3D8234FBD81C0
:10DA0000244FCBC9254FF6D8264FD7C2274FF7D87A
:10DA1000284FBE81294FBF812A4FB1CE2B4FF9D855
:10DA20002C4FC0812D4FC1812E4FC2812F4FAEB2DE
:10DA3000304FC0B9314FC381324FA3D9334FC48166
:10DA4000344FE9B0354FC581364FE6C1374FC681F7
:10DA5000384FECC9394FC7813A4FC5CB3B4FC881CE
:10DA60003C4FC6CB3D4FA4D93E4FC9813F4FCA81E1
:10DA7000404FCB81414FCC81424FCD81434FE8B5E0
:10DA8000444FCE81454FCF81464FABB5474FD081F4
:10DA9000484FD181494FD2814A4FD3814B4FD481D6
:10DAA0004C4FD5814D4FBBCE4E4FCDB54F4FA1D72B
:10DAB000504FF4D7514FD3D3524FD681534FE5CC6B
:10DAC000544FD781554FCEBA564FD881574FA2D910
:10DAD000584FDCD9594FE0D35A4FFDD85B4FF0B7C0
:10DAE0005C4FF7D75D4FFED85E4FFAD85F4FA1D994
:10DAF000604FE3C4614FD981624FDA81634FB6D37F
:10DB0000644FF4D8654FDDD9664FDB81674FFBD892
:10DB1000684FDC81694FE5C56A4FDD816B4FDE815F
:10DB20006C4FD0C06D4FDF816E4FE0816F4FF0D1F1
:10DB3000704FDBB0714FE181724FE281734FD1BC06
:10DB4000744FA6D9754FE381764FA5D9774FE481FD
:10DB5000784FE581794FE6817A4FE7817B4FACD9E9
:10DB60007C4FAED97D4FE8817E4FABD97F4FB9CA8C
:10DB7000804FE981814FEA81824FEB81834FA9D9A0
:10DB8000844FB6D6854FEC81864FED81874FEE816D
:10DB9000884FDEB3894FA8D98A4FEF818B4FFDC0E4
:10DBA0008C4FF0818D4FCCCA8E4FF1818F4FAAD907
:10DBB000904FF281914FA7D9924FF381934FF48107
:10DBC000944FB0D9954FF581964FF681974FB1B6E6
:10DBD000984FF781994FF8819A4FF9819B4FA9B9D6
:10DBE0009C4FFA819D4FC0D29E4FFB819F4FFC817D
:10DBF000A04FC0CFA14FFD81A24FFE81A34FC2C253
:10DC0000A44F4082A54FC4BDA64FECD5A74FE0B2AC
:10DC1000A84FC8C7A94FEBBFAA4FADD9AB4F4182A0
:10DC2000AC4FAFD9AD4F4282AE4FEACEAF4FEEBA56
:10DC3000B04F4382B14F4482B24F4582B34F4682C8
:10DC4000B44F4782B54FD6C7B64F4882B74F4982C7
:10DC5000B84F4A82B94F4B82BA4F4C82BB4F4D826C
:10DC6000BC4F4E82BD4F4F82BE4F5082BF4FE3B17B
:10DC7000C04F5182C14F5282C24F5382C34FD9B459
:10DC8000C44FEDB6C54FB4D9C64F5482C74F558265
:10DC9000C84F5682C94F5782CA4FA1BFCB4F588237
:10DCA000CC4F5982CD4F5A82CE4FDED9CF4FCEC7FF
:10DCB000D04FFEC0D14FB8D9D24F5B82D34F5C82D8
:10DCC000D44F5D82D54F5E82D64F5F82D74FD7CB80
:10DCD000D84FFDB7D94F6082DA4FB5D9DB4F61829B
:10DCE000DC4FB7D9DD4FA3B1DE4FE1D3DF4FB9D958
:10DCF000E04F6282E14FC5D0E24F6382E34FB6D975
:10DD0000E44F6482E54F6582E64FB1D9E74F668202
:10DD1000E84FB2D9E94FA9C1EA4FB3D9EB4F6782B7
:10DD2000EC4F6882ED4FF3BCEE4FDED0EF4FA9B859
:10DD3000F04F6982F14FE3BEF24F6A82F34FBDD9D3
:10DD4000F44F6B82F54F6C82F64F6D82F74F6E8207
:10DD5000F84FBAD9F94F6F82FA4FB3B0FB4F7082C8
:10DD6000FC4F7182FD4F7282FE4FC2D9FF4F73820A
:10DD7000005074820150758202507682035077827F
:10DD8000045078820550798206507A8207507B824F
:10DD900008507C8209507D820A507E820B5080821E
:10DDA0000C50C4D90D50B6B10E5081820F50BFD95E
:10DDB00010508282115083821250B9B51350848260
:10DDC0001450F3BE155085821650868217508782F4
:10DDD0001850C8CC1950F2BA1A50D0D21B508882B1
:10DDE0001C50C3D91D5089821E508A821F50E8BD25
:10DDF00020508B822150ABB322508C8223508D82D5
:10DE000024508E822550C5D92650EBBE27508F82D4
:10DE10002850C6D92950BBD92A50DFC42B50908234
:10DE20002C50BED92D50C1D92E50C0D92F5091821F
:10DE30003050928231509382325094823350958286
:10DE40003450968235509782365098823750998256
:10DE500038509A8239509B823A50AED53B509C82C2
:10DE60003C50B5D63D509D823E50E3C73F509E8208
:10DE700040509F824150A0824250A1824350C8D955
:10DE80004450A2824550A3824650A4824750D9BC38
:10DE90004850CAD94950A5824A50A6824B50A78201
:10DEA0004C50BCD94D50A8824E50CBD94F50ABC628
:10DEB0005050A9825150AA825250AB825350AC822A
:10DEC0005450AD825550C9D95650AE825750AF828A
:10DED0005850B0825950B1825A50F6D75B50B28236
:10DEE0005C50A3CD5D50B3825E50B4825F50B5826A
:10DEF0006050B6826150B7826250B8826350B98276
:10DF00006450BA826550A1BD6650BB826750BC8226
:10DF10006850BD826950BE826A50BF826B50C08219
:10DF20006C50CCD96D50C1826E50C2826F50C3828A
:10DF30007050C4827150C5827250C6827350C782BD
:10DF40007450C8827550C9827650BCC57750B5CD23
:10DF50007850CA827950CB827A50CC827B50CDD90E
:10DF60007C50CD827D50CE827E50C7D97F50A5B3E4
:10DF70008050FEBF8150CF828250D0828350D182A8
:10DF80008450D2828550B5B88650D3828750D482CF
:10DF90008850FCC08950D5828A50D6828B50D78257
:10DFA0008C50D8828D50F8B08E50D9828F50DA8242
:10DFB0009050DB829150DC829250DD829350DE8261
:10DFC0009450DF829550E0829650E1829750E28231
:10DFD0009850E3829950E4829A50E5829B50E68201
:10DFE0009C50E7829D50E8829E50E9829F50EA82D1
:10DFF000A050EB82A150EC82A250ED82A350F6B467
:10E00000A450EE82A550CED9A650EF82A750CFD90A
:10E01000A850A2B4A950D0D9AA50F082AB50F18236
:10E02000AC50DFB4AD50F282AE50F382AF50F48208
:10E03000B050F582B150F682B250C1B0B350F78201
:10E04000B450F882B550F982B650FA82B750FB82CC
:10E05000B850FC82B950FD82BA50D1D9BB50B5C975
:10E06000BC50FE82BD504083BE504183BF504283AE
:10E07000C0504383C1504483C2504583C35046833C
:10E08000C4504783C5504883C6504983C7504A830C
:10E09000C8504B83C9504C83CA504D83CB504E83DC
:10E0A000CC504F83CD505083CE505183CF50F1CFC1
:10E0B000D0505283D1505383D2505483D350558380
:10E0C000D4505683D5505783D650D2D9D750588381
:10E0D000D8505983D9505A83DA50C5C1DB505B837D
:10E0E000DC505C83DD505D83DE505E83DF505F83F8
:10E0F000E0506083E1506183E2506283E3506383C8
:10E10000E4506483E5506583E650D6D9E750AEC944
:10E11000E8506683E9506783EA506883EB5069836F
:10E12000EC50D5D9ED50D4D9EE50D7D9EF506A8301
:10E13000F0506B83F1506C83F2506D83F350DBCB66
:10E14000F4506E83F550A9BDF6506F83F75070837D
:10E15000F8507183F9507283FA507383FB50A7C64D
:10E16000FC507483FD507583FE507683FF50778397
:10E17000005178830151798302517A8303517B8363
:10E1800004517C8305517D830651D3D90751D8D9D9
:10E1900008517E83095180830A5181830B51D9D95B
:10E1A0000C5182830D5183830E5184830F518583DB
:10E1B00010518683115187831251E5C8135188830A
:10E1C0001451898315518A8316518B8317518C837F
:10E1D00018518D8319518E831A518F831B5190834F
:10E1E0001C5191831D5192831E5193831F5194831F
:10E1F000205195832151DCC022519683235197836E
:10E20000245198832551998326519A8327519B83C2
:10E2100028519C8329519D832A519E832B519F8392
:10E220002C51A0832D51A1832E51A2832F51A38362
:10E230003051A4833151A5833251A6833351A78332
:10E240003451A8833551A9833651AA833751AB8302
:10E250003851AC833951AD833A51AE833B51AF83D2
:10E260003C51B0833D51B1833E51B2833F51F9B629
:10E270004051A3D84151CAD44251B3834351AAD487
:10E280004451D6D04551E4B34651D7D54751B48314
:10E290004851C8CF4951E2B94A51B5834B51CBBF20
:10E2A0004C51B6834D51E2C34E51B7834F51B883A1
:10E2B0005051B9835151D2B65251BA835351BB8395
:10E2C0005451C3CD5551EED95651F0D95751BC8355
:10E2D0005851BD835951BE835A51B3B55B51BF8369
:10E2E0005C51B5B65D51C0835E51C1835F51C2833D
:10E2F0006051C3836151C4836251A4BE6351C5831D
:10E300006451C6836551EBC86651C7836751C883A2
:10E310006851ABC86951C9836A51CA836B51CBB08C
:10E320006C51ABB96D51F9C16E51E2D96F51CB83CC
:10E330007051BCC07151B2B97251CC837351D8B90C
:10E340007451CBD07551F8B17651E4C67751DFBE28
:10E350007851E4B57951C8D77A51CD837B51F8D142
:10E360007C51E6BC7D51DECA7E51CE837F51CF8386
:10E370008051BDBC8151E6D98251E7D88351D08309
:10E380008451D1838551DAC48651D2838751D38396
:10E390008851D4B88951BDC88A51D4838B51D58353
:10E3A0008C51E1B28D51D9D48E51D6838F51D78300
:10E3B0009051D8839151D9839251B0C39351DA834C
:10E3C0009451DB839551E1C39651A2DA9751DFC88E
:10E3D0009851DC839951B4D09A51DD839B51FCBE96
:10E3E0009C51A9C59D51DE839E51DF839F51E083DF
:10E3F000A051DAB9A151E183A251A3DAA351E2837A
:10E40000A451A9D4A551A4DAA651E383A751E4836A
:10E41000A851E583A951E683AA51E783AB51FBD903
:10E42000AC51ACB6AD51E883AE51E983AF51EBB717
:10E43000B051F9B1B151FCD9B251E5B3B351F6BE07
:10E44000B451EA83B551F6BFB651B1D2B751E4C069
:10E45000B851EB83B951EC83BA51ED83BB51B3B6DC
:10E46000BC51FED9BD51FDD9BE51EE83BF51EF83E2
:10E47000C051BBBEC151F083C251F183C351F2837D
:10E48000C451E0C6C551F383C651BCD7C751A1DA08
:10E49000C851F483C951B9C1CA51F583CB51F2B502
:10E4A000CC51E8C1CD51F683CE51F783CF51F5BCA5
:10E4B000D051F883D151D5B4D251F983D351FA83D5
:10E4C000D451FB83D551FC83D651FD83D751FE83B4
:10E4D000D8514084D9514184DA514284DB51DDC1A5
:10E4E000DC514384DD51FDC4DE514484DF51458459
:10E4F000E051B8BCE151B2B7E2514684E3514784E0
:10E50000E451EFB7E5514884E6514984E7514A8424
:10E51000E8514B84E9514C84EA514D84EB51ECD9DC
:10E52000EC514E84ED51BEC6EE514F84EF51ADBF5C
:10E53000F051CBBBF1515084F2515184F351CAB523
:10E54000F4515284F551C9DBF651D7D0F7515384B9
:10E55000F851B9CDF951BCB0FA51F6B3FB51F7BB44
:10E56000FC51CADBFD51AFBAFE515484FF51E4D4D3
:10E570000052B6B50152F3B50252D6D80352D0C8F4
:10E5800004525584055256840652D6B70752D0C756
:10E590000852D7D8095257840A52AFBF0B52588439
:10E5A0000C5259840D52BBDB0E52D8D80F525A84EC
:10E5B00010525B841152CCD01252AEBB13525C8409
:10E5C00014525D8415525E841652BEEB1752D0C1B0
:10E5D0001852F5C11952F2D41A52D5B81B52B4B41C
:10E5E0001C525F841D52F5B31E5260841F52618419
:10E5F0002052BEC921526284225263842352648411
:10E600002452D0C5255265842652668427526784D9
:10E610002852D9C52952FBC02A5268842B52F0B126
:10E620002C5269842D52D9D82E52CEB92F526A84D9
:10E630003052BDB531526B8432526C843352DAD8C9
:10E6400034526D8435526E843652C6D63752A2CBC0
:10E650003852AFC83952B2C93A52CCB43B52CCBF8F
:10E660003C526F843D52F4B93E5270843F52DBD825
:10E670004052DCD84152E7B64252C1BC4352EACCC8
:10E680004452718445527284465273844752748452
:10E6900048527584495276844A52F7CF4B52778458
:10E6A0004C52DDD84D52B0C74E5278844F527984C7
:10E6B0005052D0B95152A3BD52527A8453527B84E6
:10E6C0005452DECC55527C845652CAC657527D8471
:10E6D00058527E84595280845A5281845B5282847B
:10E6E0005C52E0D85D5283845E52DED85F528484EF
:10E6F000605285846152DFD8625286846352878477
:10E70000645288846552FEB0665289846752E7BEBF
:10E7100068528A846952A3CA6A52F4BC6B528B84D1
:10E720006C528C846D528D846E528E846F52B1B84F
:10E7300070528F84715290847252EEB873529184E9
:10E74000745292847552938476529484775295844D
:10E7500078529684795297847A5298847B5299841D
:10E760007C529A847D52E2D87E529B847F52CBBDEC
:10E7700080529C848152E4D88252E3D883529D8493
:10E7800084529E8485529F848652A0848752A1849D
:10E790008852FCC58952A2848A52A3848B52A484D5
:10E7A0008C52A5848D52A6848E52A7848F52A88441
:10E7B0009052E5D89152A9849252AA849352E6D8F5
:10E7C0009452AB849552AC849652AD849752AE84E9
:10E7D0009852AF849952B0849A52B1849B52A6C188
:10E7E0009C52B2849D52B0C89E52ECB09F52A6B9C2
:10E7F000A052D3BCA152F1CEA252BDDBA352D3C1D1
:10E80000A452B384A552B484A652B584A752B68448
:10E81000A852AFB6A952FAD6AA52ACC5AB52D9BDCE
:10E82000AC52BEDBAD52BFDBAE52B784AF52B88440
:10E83000B052B984B152F8C0B252A2BEB352CDC0E8
:10E84000B452BA84B552BB84B652BC84B752BD84AC
:10E85000B852BE84B952BF84BA52C084BB52C1847C
:10E86000BC52C284BD52C384BE52C0DBBF52C6CAB2
:10E87000C052C484C152C584C252C684C352AAB213
:10E88000C452C784C552C884C652C984C752C2D3B1
:10E89000C852CA84C952E3C3CA52CB84CB52ABD14B
:10E8A000CC52CC84CD52CD84CE52CE84CF52CF84A4
:10E8B000D052C2DBD152D084D252D5C0D352D184EF
:10E8C000D452D284D552D384D652C3DBD752D48407
:10E8D000D852B1BFD952D584DA52D684DB52D7840C
:10E8E000DC52D884DD52D984DE52DA84DF52BCC4D3
:10E8F000E052DB84E152DC84E252DD84E352DE84C8
:10E90000E452DAC7E552DF84E652E084E752E1845C
:10E91000E852E284E952E384EA52E484EB52E5846B
:10E92000EC52E684ED52E784EE52E884EF52E9843B
:10E93000F052C4DBF152EA84F252EB84F352EC84DD
:10E94000F452ED84F552EE84F652EF84F752F084DF
:10E95000F852F184F952E8D9FA52D7C9FB52F2843D
:10E96000FC52F384FD52F484FE52B4B9FF52F0CE4F
:10E970000053C8D40153F5840253F6840353F7843B
:10E980000453F8840553FCB00653D2B40753F984FA
:10E990000853D9D00953FA840A53FB840B53FC84DF
:10E9A0000C53FD840D53E9D90E53FE840F53CBDE77
:10E9B0001053EBD9115340851253418513534285AF
:10E9C000145343851553B0D81653AFBB1753B1B189
:10E9D000185344851953D7B31A53CED81B534585C2
:10E9E0001C5346851D53D1D41E5347851F5348855C
:10E9F0002053B3BD2153EFBF225349852353BBCFCF
:10EA000024534A8525534B852653D0D827534C850C
:10EA100028534D8529534E852A53CBB72B534F8509
:10EA20002C5350852D5351852E53D1D82F535285B9
:10EA3000305353853153548532535585335356855E
:10EA400034535785355358853653598537535A852E
:10EA500038535B853953A5C63A53F8C73B53BDD2EB
:10EA60003C535C853D535D853E53D2D83F53E4C44F
:10EA700040535E854153AECA42535F854353A7C797
:10EA8000445360854553A6D8465361854753FDC915
:10EA90004853E7CE4953DCBB4A53EBB04B53628536
:10EAA0004C5363854D5364854E53AABB4F53ADD031
:10EAB000505365855153B0B15253E4D75353BFD728
:10EAC000545366855553A5B55653F4C25753CFC416
:10EAD00058536785595368855A53A9B25B53698562
:10EAE0005C53B7B25D536A855E53E5B15F53B2DFE5
:10EAF0006053BCD56153A8BF6253ACC26353D5D831
:10EB00006453B1C265536B856653D4D86753D4CE72
:10EB100068536C856953E0DA6A536D856B53C0CED8
:10EB20006C536E856D536F856E53B4D86F53AEC3FF
:10EB30007053A1D37153A3CE725370857353B4BC79
:10EB40007453B4C87553D1C2765371857753EDBEF3
:10EB50007853B6D0795372857A53E1DA7B53738553
:10EB60007C5374857D5375857E5376857F53E4C7CA
:10EB700080537785815378858253A7B383537985F2
:10EB80008453F2B68553FCCC8653FAC087537A85FA
:10EB900088537B858953F7C08A537C858B53B9D1C1
:10EBA0008C53E1D18D53C7D88E537D858F537E858D
:10EBB00090538085915381859253828593538385A9
:10EBC000945384859553DEB29653858597538685F5
:10EBD0009853E5C0995387859A53F1BA9B5388851A
:10EBE0009C5389859D53C8D89E538A859F53ADD425
:10EBF000A0538B85A1538C85A253E1CFA353C9D8D1
:10EC0000A4538D85A553CAD8A653C3CFA7538E85C9
:10EC1000A853F8B3A953C7BEAA538F85AB539085A9
:10EC2000AC539185AD539285AE53CBD8AF539385FA
:10EC3000B0539485B1539585B2539685B353978558
:10EC4000B4539885B5539985B653CCDBB7539A85A1
:10EC5000B8539B85B9539C85BA539D85BB53A5C8B2
:10EC6000BC539E85BD539F85BE53A085BF53D8CF4F
:10EC7000C053A185C153FEC8C253CEB2C353A285AF
:10EC8000C453A385C553A485C653A585C753A6857C
:10EC9000C853D6D3C953E6B2CA53B0BCCB53D1D3B1
:10ECA000CC53ABCBCD53B4B7CE53A785CF53A885A8
:10ECB000D053A985D153A2B7D253AA85D353AB85DC
:10ECC000D453E5CAD553AC85D653A1C8D753DCCAB3
:10ECD000D853E4B1D953F0D0DA53AD85DB53D1C565
:10ECE000DC53AE85DD53AF85DE53B085DF53C5DB26
:10ECF000E053FEB5E153B185E253B285E353DABF89
:10ED0000E453C5B9E553E4BEE653EDC1E753B3851B
:10ED1000E853B6DFE953B5DFEA53BBD6EB53D0BDBA
:10ED2000EC53D9D5ED53C8B0EE53A3B6EF53C9BFDA
:10ED3000F053A8CCF153B3DFF253B7CAF353D2D395
:10ED4000F453B485F553CFD8F653B6D2F753C5BABA
:10ED5000F853BECBF953BECCFA53B585FB53B7DF9E
:10ED6000FC53F0B5FD53B4DFFE53B685FF53B785B2
:10ED70000054B8850154F5D30254B9850354D4B373
:10ED80000454F7B80554BA850654BADF0754BB8556
:10ED90000854CFBA0954AABC0A54F5B50B54BC8523
:10EDA0000C54ACCD0D54FBC30E54F3BA0F54F4C045
:10EDB0001054C2CD1154F2CF1254B8DF1354C5CF42
:10EDC0001454BD851554C0C21654B9DF1754F0C28F
:10EDD0001854BE851954BF851A54C0851B54FDBEF6
:10EDE0001C54C1851D54DFC11E54CCCD1F54F7D215
:10EDF0002054CDB72154C1DF2254C2852354C4DF2F
:10EE00002454C3852554C4852654F1B72754C9B06A
:10EE10002854D6B62954D4B72A54C5852B54ACBA35
:10EE20002C54FDCC2D54D4BF2E54B1CB2F54F4C64A
:10EE30003054C6853154A8D63254C5DF3354C78503
:10EE40003454E2CE3554B3B33654C8853754C985EB
:10EE50003854FCCE3954B5B43A54CA853B54C7CE65
:10EE60003C54F0BA3D54CB853E54E1CE3F54CC8562
:10EE70004054BDD14154CD854254CE854354C0DF6A
:10EE80004454CF854554D0854654F4B44754D18575
:10EE90004854CAB34954D2854A54E6B84B54BBDFF0
:10EEA0004C54D3854D54D4854E54D5854F54D68576
:10EEB0005054C5C45154D7855254BCDF5354BDDFA0
:10EEC0005454BEDF5554BBC55654BFDF5754C2DF40
:10EED0005854B1D45954C3DF5A54D8855B54BAC777
:10EEE0005C54D8CE5D54D9855E54DA855F54DB8599
:10EEF0006054DC856154DD856254D8C46354DE857A
:10EF00006454CADF6554DF856654CFDF6754E085FB
:10EF10006854DCD66954E1856A54E2856B54E38514
:10EF20006C54E4856D54E5856E54E6856F54E78531
:10EF30007054E8857154C9DF7254DADF7354B6CE69
:10EF40007454E9857554C7BA7654CEDF7754C8DF58
:10EF50007854DEC57954EA857A54EB857B54EBC945
:10EF60007C54F4BA7D54FCC37E54EC857F54ED850B
:10EF70008054D7BE8154EE858254C6DF8354EF851A
:10EF80008454CDDF8554F0858654D8C58754F185E7
:10EF90008854F2858954F3858A54F4858B54A6D518
:10EFA0008C54CDBA8D54F5858E54CCBE8F54BDD3C0
:10EFB0009054C0B89154F6859254E4D69354F78592
:10EFC0009454C7DF9554BEB99654A7BF9754F8859B
:10EFD0009854F9859954FCC19A54CBDF9B54CCDFEB
:10EFE0009C54FA859D54D0DF9E54FB859F54FC852C
:10EFF000A054FD85A154FE85A2544086A354DBDFB6
:10F00000A454E5DFA5544186A654D7DFA754D6DF24
:10F01000A854C9D7A954E3DFAA54E4DFAB54EBE505
:10F02000AC54A7D2AD54D2DFAE544286AF54A9BF80
:10F03000B0544386B154DBD4B2544486B354C8BFF1
:10F04000B454D4DFB5544586B6544686B754478683
:10F05000B854CCCFB9544886BA544986BB54DDDF86
:10F06000BC544A86BD54CAD1BE544B86BF54DEDF61
:10F07000C054A7B0C154B7C6C254D3DFC3544C86E2
:10F08000C454E5BAC5544D86C654DFB6C754DBCD6B
:10F09000C854FEB9C954D5D4CA544E86CB544F86F1
:10F0A000CC54DFDFCD54ECCFCE54A5B0CF54E7DF46
:10F0B000D054D1DFD154C6D1D254D5DFD354D8DF08
:10F0C000D454D9DFD554DCDFD6545086D754A9BBED
:10F0D000D8545186D954E0DFDA54E1DFDB5452864C
:10F0E000DC54E2DFDD54E6DFDE54E8DFDF54B4D386
:10F0F000E0545386E1545486E2545586E3545686D0
:10F10000E4545786E554E7B8E654B6C5E754EADF59
:10F11000E854DAC9E954A8C1EA54C4C4EB54588687
:10F12000EC545986ED54DEBFEE54F8CFEF545A86B6
:10F13000F0545B86F1545C86F254DCD5F354EEDF78
:10F14000F4545D86F5545E86F6545F86F754608607
:10F15000F8546186F9546286FA54B8B2FB54638657
:10F16000FC54DFBAFD54ECDFFE546486FF54C1DB6F
:10F17000005565860155E4D10255668603556786BC
:10F1800004556886055569860655F4CB0755BDB408
:10F1900008556A860955A6B00A556B860B556C86CC
:10F1A0000C556D860D556E860E556F860F55F1DF29
:10F1B0001055C6CC1155F2DF125570861355718665
:10F1C0001455EDDF155572861655738617557486DE
:10F1D00018557586195576861A5577861B55E9DFB9
:10F1E0001C5578861D5579861E557A861F557B8657
:10F1F0002055EBDF21557C862255EFDF2355F0DFCC
:10F200002455BDBB25557D8626557E862755F3DFC3
:10F2100028558086295581862A55F4DF2B5582860C
:10F220002C55A3BB2D5583862E55DBCA2F55A8CE52
:10F230003055A7E03155AAB3325584863355A6E040
:10F240003455858635558686365587863755A1E0EF
:10F2500038558886395589863A558A863B558B8636
:10F260003C55FEDF3D558C863E55D9CD3F55FCDFE4
:10F2700040558D864155FADF42558E864355D0BFA5
:10F280004455C4D745558F864655CCC947559086B9
:10F29000485591864955F8DF4A55A1B04B5592869D
:10F2A0004C5593864D5594864E5595864F5596866A
:10F2B0005055FDDF5155978652559886535599867E
:10F2C00054559A865555FBDF5655A2E057559B86F7
:10F2D00058559C8659559D865A559E865B559F86E6
:10F2E0005C55A8E05D55A0865E55A1865F55A28657
:10F2F0006055A3866155C8B76255A4866355A58637
:10F300006455A1C66555B6C96655B2C06755F5DFE7
:10F310006855A6866955A7866A55BEC56B55A886E9
:10F320006C55C4D86D55F9DF6E55F6C46F55A98676
:10F330007055AA867155AB867255AC867355AD86ED
:10F340007455AE867555A3E07655A4E07755A5E0D3
:10F350007855A5D07955AF867A55B0867B55B4E0FF
:10F360007C55E4CC7D55B1867E55B1E07F55B286A3
:10F370008055A6BF8155AFE08255B9CE8355ABE02D
:10F380008455C6C98555B3868655B4868755AEC0A3
:10F390008855AEE08955EDBA8A55B0BA8B55A9E0CB
:10F3A0008C55B5868D55B6868E55B7868F55F6DF4A
:10F3B0009055B8869155B3E09255B9869355BA8663
:10F3C0009455B8E09555BB869655BC869755BD8635
:10F3D0009855ADB49955B9E09A55BE869B55BF86F0
:10F3E0009C55B2CF9D55C8BA9E55C0869F55B0E07A
:10F3F000A055C186A155C286A255C386A355C48611
:10F40000A455C586A555C686A655C786A755FAD064
:10F41000A855C886A955C986AA55CA86AB55CB86B4
:10F42000AC55CC86AD55CD86AE55CE86AF55CF8684
:10F43000B055D086B155ACE0B255D186B355FBD4AA
:10F44000B455D286B555F7DFB655D386B755E7C55F
:10F45000B855D486B955ADE0BA55D586BB55F7D366
:10F46000BC55D686BD55B6E0BE55B7E0BF55D7866C
:10F47000C055D886C155D986C255DA86C355DB86B4
:10F48000C455C4E0C555E1D0C655DC86C755DD86F8
:10F49000C855DE86C955BCE0CA55DF86CB55E08627
:10F4A000CC55C9E0CD55CAE0CE55E186CF55E286B0
:10F4B000D055E386D155BEE0D255AAE0D355A4C9B4
:10F4C000D455C1E0D555E486D655B2E0D755E5868A
:10F4D000D855E686D955E786DA55E886DB55E986BC
:10F4E000DC55C8CADD55C3E0DE55EA86DF55B5E018
:10F4F000E055EB86E155CBCEE255EC86E355C3CB28
:10F50000E455CDE0E555C6E0E655C2E0E755ED86A9
:10F51000E855CBE0E955EE86EA55BAE0EB55BFE099
:10F52000EC55C0E0ED55EF86EE55F086EF55C5E0A1
:10F53000F055F186F155F286F255C7E0F355C8E073
:10F54000F455F386F555CCE0F655F486F755BBE057
:10F55000F855F586F955F686FA55F786FB55F8867F
:10F56000FC55F986FD55D4CBFE55D5E0FF55FA86FE
:10F570000056D6E00156D2E00256FB860356FC86C2
:10F580000456FD860556FE86065640870756418777
:10F590000856D0E00956CEBC0A5642870B56438720
:10F5A0000C56D1E00D5644870E56C2B80F56C5D83A
:10F5B0001056458711564687125647871356488777
:10F5C0001456498715564A8716564B8717564C8747
:10F5D0001856EAD019564D871A564E871B56EFC259
:10F5E0001C564F871D5650871E56CFE01F56BDE054
:10F5F0002056518721565287225653872356D4E0EE
:10F600002456D3E025565487265655872756D7E0EB
:10F6100028565687295657872A5658872B56598772
:10F620002C56DCE02D56D8E02E565A872F565B8795
:10F6300030565C873156F6D63256B0B333565D87B6
:10F640003456ECD735565E873656BBCB37565F8778
:10F65000385660873956DAE03A5661873B56FBCE1A
:10F660003C5662873D5663873E5664873F56D9BAFB
:10F670004056658741566687425667874356688776
:10F680004456698745566A8746566B8747566C8746
:10F6900048566D8749566E874A566F874B56708716
:10F6A0004C56E1E04D56DDE04E56ADD24F567187D7
:10F6B00050567287515673875256748753567587C2
:10F6C0005456E2E055567687565677875756DBE014
:10F6D0005856D9E05956DFE05A5678875B567987F5
:10F6E0005C56E0E05D567A875E567B875F567C8786
:10F6F00060567D8761567E876256DEE0635680875E
:10F700006456E4E06556818766568287675683872C
:10F710006856F7C66956ACD86A56EBD46B56E6E025
:10F720006C56C9CA6D5684876E5685876F56868714
:10F73000705687877156E5E07256888773568987B9
:10F7400074568A8775568B877656C1B877568C87DC
:10F7500078568D8779568E877A568F877B56E7E065
:10F760007C56E8E07D5690877E5691877F5692873B
:10F7700080569387815694878256958783569687BD
:10F78000845697878556E9E08656E3E08756988742
:10F790008856998789569A878A569B878B569C8765
:10F7A0008C569D878D569E878E56BFBA8F56E7CC56
:10F7B00090569F879156A0879256A1879356EAE06C
:10F7C0009456A2879556A3879656A4879756A587E1
:10F7D0009856A6879956A7879A56A8879B56A987B1
:10F7E0009C56AA879D56AB879E56AC879F56AD8781
:10F7F000A056AE87A156AF87A256B087A356F9CFC1
:10F80000A456B187A556B287A656B387A756B48724
:10F81000A856B587A956B687AA56B787AB56B887F4
:10F82000AC56B987AD56BA87AE56BB87AF56EBE03C
:10F83000B056BC87B156BD87B256BE87B356BF8798
:10F84000B456C087B556C187B656C287B756C2C828
:10F85000B856C387B956C487BA56C587BB56C6873C
:10F86000BC56C0BDBD56C787BE56C887BF56C987E0
:10F87000C056CA87C156CB87C256CC87C356CD87E0
:10F88000C456CE87C556CF87C656D087C756D187B0
:10F89000C856D287C956D387CA56D2C4CB56D48746
:10F8A000CC56D587CD56D687CE56D787CF56D88754
:10F8B000D056D987D156DA87D256DB87D356DC8724
:10F8C000D456ECE0D556DD87D656DE87D756EDE028
:10F8D000D856DF87D956E087DA56F4C7DB56C4CB53
:10F8E000DC56E187DD56EEE0DE56D8BBDF56B6D8F3
:10F8F000E056F2D2E156EFE0E256C5CDE356E2879C
:10F90000E456DAB6E556E387E656E487E756E58738
:10F91000E856E687E956E787EA56E887EB56F1E0CE
:10F92000EC56E987ED56B0D4EE56EA87EF56EB87F2
:10F93000F056A7C0F156D1B4F256EC87F356ED87D6
:10F94000F456A7CEF556F0E0F656EE87F756EF8759
:10F95000F856F087F956F2E0FA56CCB9FB56F18723
:10F96000FC56F287FD56FAB9FE56BCCDFF56F3E0C1
:10F970000057F3870157F4870257F5870357D4C61A
:10F980000457F4E00557F6870657B2D40757F787B0
:10F990000857A6C80957F6E00A57F5E00B57F8874D
:10F9A0000C57F9870D57FA870E57FB870F57FC87BF
:10F9B0001057FD871157FE8712574088135741880B
:10F9C0001457428815574388165744881757458857
:10F9D00018574688195747881A5748881B57498827
:10F9E0001C57F7E01D574A881E574B881F57C1CD3B
:10F9F00020574C8821574D8822574E882357A5CA37
:10FA000024574F88255750882657518827575288A2
:10FA10002857DAD42957D7DB2A57D9DB2B575388F5
:10FA20002C57D8DB2D57E7B92E57DCDB2F57DDDB02
:10FA30003057D8B531575488325755883357DADBA9
:10FA40003457568835575788365758883757598806
:10FA500038575A883957DBDB3A57A1B33B57DFDBBE
:10FA60003C575B883D575C883E57F8BB3F575D88E5
:10FA70004057B7D641575E884257E0DB43575F880F
:10FA80004457608845576188465762884757F9BE92
:10FA900048576388495764884A57BBB74B576588AE
:10FAA0004C57D0DB4D57AECC4E57B2BF4F57B5BBBE
:10FAB0005057F8D75157D3BF525766885357678866
:10FAC000545768885557698856576A885757E9BF09
:10FAD00058576B8859576C885A57E1BC5B57B3CC61
:10FAE0005C57DEDB5D57D3B05E57EBCE5F57D8B7C0
:10FAF0006057B9D76157C2C662576D8863576E8821
:10FB00006457A4C065576F886657B9CC675770882B
:10FB10006857E7DB6957E1DB6A57BAC66B57E3DB27
:10FB20006C5771886D57E8DB6E5772886F57F7C551
:10FB30007057738871577488725775887357EADBEA
:10FB400074577688755777887657E9DB7757C0BF43
:10FB500078577888795779887A577A887B57E6DB9F
:10FB60007C57E5DB7D577B887E577C887F577D8877
:10FB700080577E88815780888257B9B48357ACC03C
:10FB80008457A2C28557E2DB8657E4DB875781881A
:10FB900088578288895783888A5784888B57CDD025
:10FBA0008C57EDDB8D5785888E5786888F578788D1
:10FBB00090578888915789889257DDC09357F2DB18
:10FBC00094578A8895578B8896578C8897578D8835
:10FBD00098578E8899578F889A5790889B57E2B686
:10FBE0009C5791889D5792889E5793889F579488D9
:10FBF000A057F3DBA157D2DBA257B8B9A357ABD4B8
:10FC0000A457ECDBA5579588A657D1BFA757F0DBC3
:10FC1000A8579688A957D1DBAA579788AB57E6B55E
:10FC2000AC579888AD57EBDBAE57E5BFAF57998817
:10FC3000B0579A88B1579B88B257EEDBB3579C8870
:10FC4000B457F1DBB5579D88B6579E88B7579F8844
:10FC5000B857F9DBB957A088BA57A188BB57A28813
:10FC6000BC57A388BD57A488BE57A588BF57A68890
:10FC7000C057A788C157A888C257A1B9C357A3B016
:10FC8000C457A988C557AA88C657AB88C757AC8838
:10FC9000C857AD88C957AE88CA57AF88CB57F1C28D
:10FCA000CC57B088CD57B188CE57C7B3CF57EFDB0D
:10FCB000D057B288D157B388D257F8DBD357B4881E
:10FCC000D457D2C6D557F4DBD657B588D757B688A0
:10FCD000D857F5DBD957F7DBDA57F6DBDB57B788B0
:10FCE000DC57B888DD57FEDBDE57B988DF57F2D323
:10FCF000E057BAB2E157BA88E257BB88E357BC88ED
:10FD0000E457FDDBE557BD88E657BE88E757BF8857
:10FD1000E857C088E957C188EA57C288EB57C388BB
:10FD2000EC57C488ED57A4DCEE57C588EF57FBDBD2
:10FD3000F057C688F157C788F257C888F357C98863
:10FD4000F457FADBF557CA88F657CB88F757CC88B3
:10FD5000F857FCDBF957E0C5FA57F9BBFB57CD88DC
:10FD6000FC57CE88FD57A3DCFE57CF88FF57D088BD
:10FD70000058A5DC0158D1880258C3CC0358D2885A
:10FD80000458D3880558D4880658D1B60758C0DD22
:10FD90000858D5880958D6880A58D7880B58A1DC46
:10FDA0000C58D8880D58A2DC0E58D9880F58DA881C
:10FDB0001058DB881158B5C71258DC881358DD88F5
:10FDC0001458DE881558E9B61658DF881758E088A9
:10FDD0001858E1881958A7DC1A58E2881B58E3889C
:10FDE0001C58E4881D58E5881E58A6DC1F58E68874
:10FDF0002058A9DC2158A4B12258E7882358E88864
:10FE00002458CCB52558E9882658EA882758EB8825
:10FE10002858EC882958ED882A58B0BF2B58EE880E
:10FE20002C58EF882D58F0882E58F1882F58F288DA
:10FE30003058DFD13158F3883258F4883358F58878
:10FE40003458F6883558C2B63658F7883758F88887
:10FE50003858F9883958FA883A58FB883B58FC8852
:10FE60003C58FD883D58FE883E5840893F5841899E
:10FE700040584289415843894258448943584589EA
:10FE80004458A8DC45584689465847894758488908
:10FE90004858498949584A894A584B894B584C898E
:10FEA0004C58FACB4D58F3EB4E584D894F584E896C
:10FEB00050584F895158DCCB52585089535851896A
:10FEC0005458FECB5558528956585389575854891F
:10FED0005858C1CC595855895A5856895B58578932
:10FEE0005C5858895D5859895E58FBC85F585A89D3
:10FEF00060585B8961585C8962585D8963585E8986
:10FF000064585F896558AADC6658608967586189BA
:10FF100068586289695863896A5864896B58EECC5D
:10FF20006C58ABDC6D5865896E5866896F58678967
:10FF3000705868897158698972586A8973586B89D1
:10FF400074586C8975586D8976586E8977586F89A1
:10FF500078587089795871897A5872897B58738971
:10FF60007C5874897D5875897E58D3DB7F58768993
:10FF70008058AFDC8158ACDC825877898358B3BE97
:10FF8000845878898558FBCA8658798987587A8930
:10FF900088587B898958ADDC8A587C898B587D8943
:10FFA0008C587E898D5880898E5881898F58828996
:10FFB00090588389915884899258CAC99358B9C472
:10FFC000945885899558868996588789975888893D
:10FFD000985889899958BDC79A58AEDC9B588A8928
:10FFE0009C588B899D588C899E58F6D49F58E6D092
:10FFF000A0588D89A1588E89A2588F89A3589089BD
:020000040803EF
:10000000A4589189A5589289A6589389A75894898C
:10001000A858ABC4A958D5B6AA589589AB589689A3
:10002000AC589789AD589889AE589989AF589A8934
:10003000B0589B89B1589C89B2589D89B3589E8904
:10004000B4589F89B558A089B658A189B758A289D4
:10005000B858A389B958A489BA58A589BB58A689A4
:10006000BC58D4DBBD58A789BE58A889BF58A989F8
:10007000C058AA89C158DAB1C258AB89C358AC89F3
:10008000C458AD89C558D5DBC658AE89C758AF89A5
:10009000C858B089C958B189CA58B289CB58B389F0
:1000A000CC58B489CD58B589CE58B689CF58B789C0
:1000B000D058B889D158D6DBD258B989D358BA8923
:1000C000D458BB89D558BEBAD658BC89D758BD8933
:1000D000D858BE89D958BF89DA58C089DB58C18938
:1000E000DC58C289DD58C389DE58C489DF58C58908
:1000F000E058C689E158C789E258C889E358C989D8
:10010000E458C0C8E558CA89E658CB89E758CC8975
:10011000E858CD89E958CE89EA58CF89EB58BFCA4B
:10012000EC58C9C8ED58D089EE58B3D7EF58D189EB
:10013000F058F9C9F158D289F258D389F358C7BF9A
:10014000F458D489F558D589F658F8BAF758D689AD
:10015000F858D789F958BCD2FA58D889FB58D989A8
:10016000FC58DA89FD58DB89FE58DC89FF58DD89A7
:100170000059DE890159DF890259BAE20359E08941
:100180000459A6B40559E1890659E2890759B8B15D
:100190000859E3890959E4890A59E5890B59E6891F
:1001A0000C59E7890D59B4B80E59E8890F59C4CFD5
:1001B0001059E9891159EA891259EB891359EC89C7
:1001C0001459E7D91559A6CF1659E2CD1759ED891B
:1001D0001859EE891959EDD91A59E0B61B59EF890A
:1001E0001C59B9D21D59F0891E59F1891F59BBB943
:1001F0002059F2892159F3892259F4892359F58923
:100200002459B9E22559B7E22659F6892759F3B49A
:100210002859F7892959ECCC2A59ABCC2B59F2B77C
:100220002C59F8892D59B2D82E59EBD12F59BBBA78
:100230003059F9893159A7CA3259FA893359FB899A
:100240003459B7CD3559FC893659FD893759C4D24F
:100250003859E4BF3959D0BC3A59E1B63B59FE8907
:100260003C59C5DE3D59408A3E59418A3F59428A30
:100270004059438A4159C6DE4259BCDB4359448A3E
:100280004459D9D14559458A4659468A4759E6C6FF
:100290004859CEC44959EEB74A59478A4B59DCB739
:1002A0004C59488A4D59498A4E59FCBF4F59E0D79D
:1002B00050594A8A5159F5C652594B8A53594C8A5A
:1002C0005459BCB15559C8DE5659B1BD5759D7CC50
:1002D0005859CADE59594D8A5A59C9DE5B594E8A56
:1002E0005C594F8A5D59508A5E59518A5F59528ACA
:1002F0006059ECB56159538A6259DDC96359548A12
:100300006459558A6559C2B06659568A6759578AE1
:100310006859588A6959598A6A595A8A6B595B8A45
:100320006C595C8A6D595D8A6E595E8A6F595F8A15
:100330007059608A7159618A7259628A7359AEC55F
:100340007459ABC57559638A7659CCC47759648A98
:100350007859E9BC7959FDCB7A59658A7B59668A07
:100360007C59678A7D59C3BA7E59688A7F59698AE0
:1003700080596A8A8159F9E58259E7C88359FAE5B3
:100380008459FDCD85596B8A8659B1D78759BEB836
:100390008859E8C289596C8A8A59D1C88B596D8AA3
:1003A0008C596E8A8D59FBE58E596F8A8F59708AE8
:1003B0009059718A9159728A9259CAB69359CBBC95
:1003C0009459738A9559748A9659FDD19759A1E623
:1003D0009859758A9959EEC39A59768A9B59778AA2
:1003E0009C59788A9D59798A9E59A4E69F597A8AA0
:1003F000A0597B8AA1597C8AA2597D8AA359FEE51E
:10040000A459A5E6A559D7CDA6597E8AA759808AB1
:10041000A859C1B7A959FCE5AA59FDE5AB59A3E60E
:10042000AC59818AAD59828AAE59DDC4AF59A8E66C
:10043000B059838AB159848AB259A7E6B359858ADB
:10044000B459868AB559878AB659888AB759898A2C
:10045000B8598A8AB959C3C3BA598B8ABB59DEC6FF
:10046000BC598C8ABD598D8ABE59AAE6BF598E8A5D
:10047000C0598F8AC159908AC259918AC359928AA8
:10048000C459938AC559948AC659B7C4C759958A1D
:10049000C859968AC959978ACA59A2E6CB59BCCA83
:1004A000CC59988ACD59998ACE599A8ACF599B8A24
:1004B000D059E3BDD159C3B9D259A6E6D359D5D045
:1004C000D459AFCED5599C8AD6599D8AD759A9E619
:1004D000D859B0E6D9599E8ADA59A6D2DB599F8AF3
:1004E000DC59AABDDD59ADE6DE59A08ADF59A18AE3
:1004F000E059A28AE159A38AE259A48AE359AFE6F6
:10050000E459A58AE559D1C0E659A68AE759A78AD0
:10051000E859CCD2E959A88AEA59A98AEB59AA8A9A
:10052000EC59A7BCED59AB8AEE59AC8AEF59AD8AAC
:10053000F059AE8AF159AF8AF259B08AF359B18AAB
:10054000F459B28AF559B38AF659B48AF759B58A7B
:10055000F859B68AF959B1E6FA59B78AFB59F6D271
:10056000FC59B88AFD59B98AFE59BA8AFF59CBD7C6
:10057000005ABB8A015AFECD025ABC8A035ADECD0C
:10058000045AA6C2055AABE6065AACE6075ABFBDE6
:10059000085AAEE6095AB3E60A5ABD8A0B5ABE8A11
:1005A0000C5AB2E60D5ABF8A0E5AC08A0F5AC18A37
:1005B000105AC28A115AB6E6125AC38A135AB8E6BA
:1005C000145AC48A155AC58A165AC68A175AC78A2F
:1005D000185AEFC4195AC88A1A5AC98A1B5ACA8AA1
:1005E0001C5AC8C41D5ACB8A1E5ACC8A1F5AEABE4E
:1005F000205AEFC9215ACD8A225ACE8A235AB7E609
:10060000245ACF8A255AF0B6265AD08A275AD18A38
:10061000285AD28A295AE4C32A5AD38A2B5AD48A0E
:100620002C5AD58A2D5AD68A2E5AD78A2F5AD88A2A
:10063000305AD98A315AE9D3325AB4E6335ADA8A6F
:10064000345AB5E6355ADB8A365AA2C8375ADC8A9C
:10065000385ADD8A395ADE8A3A5ADF8A3B5AE08AAA
:100660003C5ABDE63D5AE18A3E5AE28A3F5AE38A45
:10067000405AB9E6415AE48A425AE58A435AE68A20
:10068000445AE78A455AE88A465AC5C6475AE98A0B
:10069000485AEA8A495AF1CD4A5ABBE64B5AEB8A84
:1006A0004C5AEC8A4D5AED8A4E5AEE8A4F5AEF8ACE
:1006B000505AF08A515AF18A525AF28A535AF38A9E
:1006C000545AF48A555ABCE6565AF58A575AF68A4D
:1006D000585AF78A595AF88A5A5AE9BB5B5AF98A22
:1006E0005C5AFA8A5D5AFB8A5E5AFC8A5F5AFD8A16
:1006F000605AFE8A615A408B625ABEE6635A418B49
:10070000645A428B655A438B665A448B675ABAE6E1
:10071000685A458B695A468B6A5AB7C06B5A478BE1
:100720006C5A488B6D5A498B6E5A4A8B6F5A4B8B59
:10073000705A4C8B715A4D8B725A4E8B735A4F8B29
:10074000745AA4D3755ABFE6765AF4C9775AC3E6E9
:10075000785A508B795A518B7A5AC4E67B5A528B0D
:100760007C5A538B7D5A548B7E5A558B7F5AF6D0C8
:10077000805A568B815A578B825A588B835A598B81
:10078000845A5A8B855A5B8B865A5C8B875A5D8B51
:10079000885A5E8B895A5F8B8A5A608B8B5A618B21
:1007A0008C5A628B8D5A638B8E5A648B8F5A658BF1
:1007B000905A668B915A678B925ABDC3935A688B35
:1007C000945A698B955A6A8B965A6B8B975A6C8B95
:1007D000985A6D8B995A6E8B9A5AC4C39B5AC2E62B
:1007E0009C5A6F8B9D5A708B9E5A718B9F5A728B3D
:1007F000A05A738BA15A748BA25A758BA35A768B0D
:10080000A45A778BA55A788BA65A798BA75A7A8BDC
:10081000A85A7B8BA95A7C8BAA5AC1E6AB5A7D8B0E
:10082000AC5A7E8BAD5A808BAE5A818BAF5A828B7D
:10083000B05A838BB15A848BB25AC7E6B35AB1CF40
:10084000B45A858BB55AF4EBB65A868BB75A878B58
:10085000B85ACAE6B95A888BBA5A898BBB5A8A8B5E
:10086000BC5A8B8BBD5A8C8BBE5AC5E6BF5A8D8B3A
:10087000C05A8E8BC15ADEBCC25AA9C9C35A8F8BCB
:10088000C45A908BC55A918BC65A928BC75A938B78
:10089000C85A948BC95AB5BCCA5A958BCB5A968BF9
:1008A000CC5AD3CFCD5A978BCE5A988BCF5A998B9F
:1008B000D05A9A8BD15A9B8BD25AC8E6D35A9C8B6A
:1008C000D45AC9E6D55A9D8BD65ACEE6D75A9E8BB6
:1008D000D85AD0E6D95A9F8BDA5AA08BDB5AA18B13
:1008E000DC5AD1E6DD5AA28BDE5AA38BDF5AA48BE9
:1008F000E05ACBE6E15AD5B5E25AA58BE35ACCE6ED
:10090000E45AA68BE55AA78BE65ACFE6E75AA88B9E
:10091000E85AA98BE95ADBC4EA5AAA8BEB5AC6E615
:10092000EC5AAB8BED5AAC8BEE5AAD8BEF5AAE8BCB
:10093000F05AAF8BF15ACDE6F25AB08BF35AB18B25
:10094000F45AB28BF55AB38BF65AB48BF75AB58B6F
:10095000F85AB68BF95AB78BFA5AB88BFB5AB98B3F
:10096000FC5ABA8BFD5ABB8BFE5ABC8BFF5ABD8B0F
:10097000005BBE8B015BBF8B025BC08B035BC18BDB
:10098000045BC28B055BC38B065BC48B075BC58BAB
:10099000085BC68B095BD2E60A5BC78B0B5BC88B17
:1009A0000C5BC98B0D5BCA8B0E5BCB8B0F5BCC8B4F
:1009B000105BCD8B115BCE8B125BCF8B135BD08B1F
:1009C000145BD18B155BD28B165BD4E6175BD3E639
:1009D000185BD38B195BD48B1A5BD58B1B5BD68BC7
:1009E0001C5BD78B1D5BD88B1E5BD98B1F5BDA8B97
:1009F000205BDB8B215BDC8B225BDD8B235BDE8B67
:100A0000245BDF8B255BE08B265BE18B275BE28B36
:100A1000285BE38B295BE48B2A5BE58B2B5BE68B06
:100A20002C5BE78B2D5BE88B2E5BE98B2F5BEA8BD6
:100A3000305BEB8B315BEC8B325BD5E6335BED8B64
:100A4000345BF8D9355BEE8B365BEF8B375BD6E6E4
:100A5000385BF08B395BF18B3A5BF28B3B5BF38B52
:100A60003C5BF48B3D5BF58B3E5BF68B3F5BF78B22
:100A7000405BD7E6415BF88B425BF98B435BFA8BBB
:100A8000445BFB8B455BFC8B465BFD8B475BFE8BC6
:100A9000485B408C495B418C4A5B428C4B5B438C8E
:100AA0004C5B448C4D5B458C4E5B468C4F5B478C5E
:100AB000505BD3D7515BDDE6525B488C535BDEE67F
:100AC000545BD7BF555BD0D4565B498C575BD6D7A8
:100AD000585BE6B4595BEFCB5A5BDAE65B5BC3D895
:100AE0005C5BCED75D5BA2D05E5B4A8C5F5BCFC3A5
:100AF000605B4B8C615B4C8C625BDFE6635BBEBC16
:100B0000645BC2B9655BDBE6665BA7D1675B4D8C56
:100B1000685B4E8C695BA2BA6A5BCFC26B5B4F8C21
:100B20006C5BABD86D5B508C6E5B518C6F5B528C89
:100B3000705BEBCA715BEEE5725B538C735BDCE65A
:100B4000745B548C755BF5B7765B558C775B568C14
:100B5000785B578C795B588C7A5BE6C87B5B598CE9
:100B60007C5B5A8C7D5BF5C47E5B5B8C7F5B5C8CB5
:100B7000805BB2E5815BFEC4825B5D8C835BFCCBFA
:100B8000845BB3E5855BACD5865B5E8C875BEED31F
:100B9000885BD8CA895BB2B08A5B5F8C8B5BCECB3B
:100BA0008C5BEACD8D5B608C8E5B618C8F5BEABA6F
:100BB000905B628C915B638C925B648C935BB5E51C
:100BC000945B658C955BB4E5965B668C975BDAD736
:100BD000985BD9B9995BE6D69A5BA8B69B5BF0CDDA
:100BE0009C5BCBD29D5BA6B19E5BB5CA9F5B678CBD
:100BF000A05BE8B3A15BF3C9A25BCDBFA35BFBD055
:100C0000A45BD2CAA55BB6E5A65BC2BBA75B688C3A
:100C1000A85B698CA95B6A8CAA5BDCCFAB5BACB9C7
:100C2000AC5B6B8CAD5B6C8CAE5B6D8CAF5B6E8CC0
:100C3000B05BD7D4B15B6F8CB25B708CB35BA6BA80
:100C4000B45BE7D1B55BFCCFB65BD2BCB75B718C54
:100C5000B85BB7E5B95BDDC8BA5B728CBB5B738C04
:100C6000BC5B748CBD5BEDBFBE5BF6B1BF5BDECB26
:100C7000C05B758CC15B768CC25BC5BCC35B778C7B
:100C8000C45BC4BCC55BFAD2C65BDCC3C75BDCBF5C
:100C9000C85B788CC95B798CCA5B7A8CCB5B7B8CAC
:100CA000CC5BBBB8CD5B7C8CCE5B7D8CCF5B7E8C14
:100CB000D05BC2C3D15B808CD25BAEBAD35BA2D413
:100CC000D45B818CD55B828CD65B838CD75B848C28
:100CD000D85B858CD95B868CDA5B878CDB5B888CF8
:100CE000DC5B898CDD5BDEC7DE5BAFC4DF5BECB257
:100CF000E05B8A8CE15BD1B9E25B8B8CE35B8C8C33
:100D0000E45BBBE5E55BC8C1E65B8D8CE75B8E8C85
:100D1000E85BAFD5E95B8F8CEA5B908CEB5B918CE9
:100D2000EC5B928CED5B938CEE5BBCE5EF5B948CA3
:100D3000F05BBEE5F15B958CF25B968CF35B978C78
:100D4000F45B988CF55B998CF65B9A8CF75B9B8CCB
:100D5000F85BE7B4F95BD4B6FA5BC2CBFB5BB0D10E
:100D6000FC5BBCB5FD5B9C8CFE5B9D8CFF5BD9CABC
:100D7000005C9E8C015CE2B7025C9F8C035CA08CE3
:100D8000045CE4C9055CA18C065CABBD075CA28C6D
:100D9000085CA38C095CBECE0A5CF0D70B5CA48C0B
:100DA0000C5CA58C0D5CA68C0E5CA78C0F5CA1D096
:100DB000105CA88C115CD9C9125CA98C135CAA8C3C
:100DC000145CFBB6155CD8E6165CE2BC175CAB8C19
:100DD000185CBEB3195CAC8C1A5CD0C91B5CAD8CC2
:100DE0001C5CD9E61D5CA2B31E5CAE8C1F5CAF8C94
:100DF000205CB08C215CB18C225CCCDE235CB28C9C
:100E0000245CC8D3255CCDDE265CB38C275CA2D2E3
:100E1000285CB48C295CB58C2A5CB68C2B5CB78CB6
:100E20002C5CCEDE2D5CB88C2E5CB98C2F5CBA8C21
:100E3000305CBB8C315CCDBE325CBC8C335CBD8C19
:100E4000345CCFDE355CBE8C365CBF8C375CC08CCE
:100E5000385CACCA395CFCD23A5CDFB33B5CEAE597
:100E60003C5CE1C43D5CA1BE3E5CB2CE3F5CF2C4E2
:100E7000405CD6BE415CA8C6425CE3B2435CC18C18
:100E8000445CC28C455CD3BE465CC38C475CC48C5E
:100E9000485CFCC7495CEBCC4A5CECBD4B5CDDCEEE
:100EA0004C5CC58C4D5CC68C4E5CBACA4F5CC1C6EE
:100EB000505CECE5515CBCD0525CC78C535CC88C78
:100EC000545CC98C555CB9D5565CCA8C575CCB8CCC
:100ED000585CCC8C595CEDE55A5CCD8C5B5CCE8C5F
:100EE0005C5CCF8C5D5CD08C5E5CF4CA5F5CD18C4A
:100EF000605CC0CD615CC5C2625CD28C635CEFE5B6
:100F0000645CD38C655CC4C2665CF0E5675CD48CC1
:100F1000685CD58C695CD68C6A5CD78C6B5CD88C31
:100F20006C5CD98C6D5CDA8C6E5CF8E56F5CCDCD59
:100F3000705CDB8C715CBDC9725CDC8C735CDD8CBD
:100F4000745CDE8C755CDF8C765CE08C775CE18CAD
:100F5000785CE28C795CD9D27A5CA8E17B5CE38C2A
:100F60007C5CE48C7D5CE58C7E5CE68C7F5CECD309
:100F7000805CE78C815CEACB825CF1C6835CE88CA8
:100F8000845CE98C855CEA8C865CEB8C875CEC8C01
:100F9000885CACE1895CED8C8A5CEE8C8B5CEF8CC0
:100FA0008C5CA7E18D5CA9E18E5CF08C8F5CF18C90
:100FB000905CAAE1915CAFE1925CF28C935CF38C63
:100FC000945CEDB2955CF48C965CABE1975CDAB81E
:100FD000985CADE1995CAEE19A5CB0E19B5CBAB51E
:100FE0009C5CB1E19D5CF58C9E5CF68C9F5CF78C03
:100FF000A05CF88CA15CF98CA25CB3E1A35CB8E1C5
:10100000A45CFA8CA55CFB8CA65CFC8CA75CFD8CBC
:10101000A85CFE8CA95CD2D1AA5C408DAB5CB6E129
:10102000AC5CB5E1AD5CEBC1AE5C418DAF5C428DBB
:10103000B05C438DB15CB7E1B25C448DB35CC0D4AD
:10104000B45C458DB55CB2E1B65C468DB75CBAE187
:10105000B85CB6B0B95C478DBA5C488DBB5C498D55
:10106000BC5C4A8DBD5CB4E1BE5C4B8DBF5CF9BF1E
:10107000C05C4C8DC15CB9E1C25C4D8DC35C4E8DD2
:10108000C45CBBE1C55C4F8DC65C508DC75C518DA7
:10109000C85C528DC95C538DCA5C548DCB5CBEE17B
:1010A000CC5C558DCD5C568DCE5C578DCF5C588D0C
:1010B000D05C598DD15C5A8DD25CBCE1D35C5B8D28
:1010C000D45C5C8DD55C5D8DD65C5E8DD75C5F8DB0
:1010D000D85C608DD95CC5D6DA5C618DDB5C628DD5
:1010E000DC5C638DDD5C648DDE5C658DDF5C668D54
:1010F000E05C678DE15CBFCFE25C688DE35C698D8D
:10110000E45CBDE1E55CBFE1E65CCDC2E75C6A8D15
:10111000E85CEBB6E95C6B8DEA5CF8D3EB5C6C8D5C
:10112000EC5C6D8DED5CCDC7EE5C6E8DEF5C6F8D14
:10113000F05CE5B7F15C708DF25C718DF35C728DE3
:10114000F45C738DF55C748DF65C758DF75C768D53
:10115000F85C778DF95C788DFA5C798DFB5CFEBE6E
:10116000FC5C7A8DFD5C7B8DFE5C7C8DFF5C7D8DF7
:10117000005D7E8D015D808D025DC0E1035DC1E19A
:10118000045D818D055D828D065DC7E1075DE7B376
:10119000085D838D095D848D0A5D858D0B5D868D6F
:1011A0000C5D878D0D5D888D0E5DE9C60F5D898DA7
:1011B000105D8A8D115D8B8D125D8C8D135D8D8D13
:1011C000145DDEB4155D8E8D165DC2D1175D8F8DF9
:1011D000185D908D195D918D1A5D928D1B5DC8E132
:1011E0001C5D938D1D5D948D1E5DC6E11F5D958D0B
:1011F000205D968D215D978D225D988D235D998D63
:10120000245DC5E1255D9A8D265DC3E1275DC2E1C0
:10121000285D9B8D295DC0B12A5D9C8D2B5D9D8DC8
:101220002C5D9E8D2D5DB8D52E5DC4E12F5D9F8D0B
:10123000305DA08D315DA18D325DA28D335DA38DBA
:10124000345DCBE1355DA48D365DA58D375DA68D12
:10125000385DA78D395DA88D3A5DA98D3B5DAA8D5E
:101260003C5DAB8D3D5DCCE13E5DCAE13F5DAC8D4B
:10127000405DAD8D415DAE8D425DAF8D435DB08D06
:10128000445DB18D455DB28D465DB38D475DFAEF2E
:10129000485DB48D495DB58D4A5DD3E14B5DD2E1CA
:1012A0004C5DB6C74D5DB68D4E5DB78D4F5DB88D4B
:1012B000505DB98D515DBA8D525DBB8D535DBC8D56
:1012C000545DBD8D555DBE8D565DBF8D575DC08D26
:1012D000585DC9E1595DC18D5A5DC28D5B5DCEE13E
:1012E0005C5DC38D5D5DD0E15E5DC48D5F5DC58D70
:1012F000605DC68D615DC78D625DC88D635DC98DA2
:10130000645DCA8D655DCB8D665DCC8D675DCD8D71
:10131000685DCE8D695DD4E16A5DCF8D6B5DD1E195
:101320006C5DCDE16D5DD08D6E5DD18D6F5DCFE17A
:10133000705DD28D715DD38D725DD48D735DD58DF1
:10134000745DD5E1755DD68D765DD78D775DD88D71
:10135000785DD98D795DDA8D7A5DDB8D7B5DDC8D95
:101360007C5DDD8D7D5DDE8D7E5DDF8D7F5DE08D65
:10137000805DE18D815DE28D825DD6E1835DE38DEF
:10138000845DE48D855DE58D865DE68D875DE78D09
:10139000885DE88D895DE98D8A5DEA8D8B5DEB8DD9
:1013A0008C5DEC8D8D5DED8D8E5DEE8D8F5DEF8DA9
:1013B000905DF08D915DF18D925DF28D935DF38D79
:1013C000945DF48D955DF58D965DF68D975DF78D49
:1013D000985DF88D995DD7E19A5DF98D9B5DFA8DE9
:1013E0009C5DFB8D9D5DD8E19E5DFC8D9F5DFD8DBF
:1013F000A05DFE8DA15D408EA25D418EA35D428EFB
:10140000A45D438EA55D448EA65D458EA75D468E88
:10141000A85D478EA95D488EAA5D498EAB5D4A8E58
:10142000AC5D4B8EAD5D4C8EAE5D4D8EAF5D4E8E28
:10143000B05D4F8EB15D508EB25D518EB35D528EF8
:10144000B45D538EB55D548EB65D558EB75DDAE1F1
:10145000B85D568EB95D578EBA5D588EBB5D598E9C
:10146000BC5D5A8EBD5D5B8EBE5D5C8EBF5D5D8E6C
:10147000C05D5E8EC15D5F8EC25D608EC35D618E3C
:10148000C45D628EC55DDBE1C65D638EC75D648E43
:10149000C85D658EC95D668ECA5D678ECB5D688EE0
:1014A000CC5D698ECD5DA1CECE5D6A8ECF5D6B8E3B
:1014B000D05D6C8ED15D6D8ED25D6E8ED35D6F8E84
:1014C000D45D708ED55D718ED65D728ED75D738E54
:1014D000D85D748ED95D758EDA5D768EDB5DDDE765
:1014E000DC5D778EDD5DA8B4DE5DDDD6DF5D788EF8
:1014F000E05D798EE15DB2D1E25DB2B3E35D7A8EFB
:10150000E45D7B8EE55DA4B9E65DF3D7E75DC9C711
:10151000E85DDEBEE95DAEB9EA5D7C8EEB5DD7CEFF
:10152000EC5D7D8EED5D7E8EEE5DEEB2EF5DCFDB30
:10153000F05D808EF15DBABCF25DD1D2F35DC8CBB7
:10154000F45DCDB0F55D818EF65D828EF75DEFCFF7
:10155000F85D838EF95D848EFA5D858EFB5D868EE7
:10156000FC5D878EFD5DE3D9FE5DEDBDFF5D888E80
:10157000005E898E015ED2B1025ED0CA035EBCB24B
:10158000045E8A8E055EA7CB065EABB7075E8B8EC8
:10159000085EA6CA095E8C8E0A5E8D8E0B5E8E8EEC
:1015A0000C5EA3CF0D5E8F8E0E5E908E0F5EF8E008
:1015B000105ECAD5115EFBE0125E918E135E928EB4
:1015C000145EFAE0155EC1C5165EFBCC175E938E05
:1015D000185EB1C1195EF9E01A5EE3D61B5EAFB2C8
:1015E0001C5EC4D61D5EDBB51E5E948E1F5E958E9E
:1015F000205E968E215E978E225E988E235E998E57
:10160000245E9A8E255E9B8E265EF8B4275EA1D658
:10161000285E9C8E295E9D8E2A5E9E8E2B5E9F8EFE
:101620002C5EA08E2D5EAFCF2E5EEFB02F5EA18E12
:10163000305EA28E315EFCE0325EA38E335EA48EFD
:10164000345EA58E355EA68E365EA78E375EA1E12E
:10165000385EA3B3395EA88E3A5EA98E3B5EFDE08C
:101660003C5EFEE03D5EB1C33E5EAA8E3F5EAB8E49
:10167000405EAC8E415EAD8E425EDDC3435EAE8E9B
:10168000445EA2E1455EF9B7465EAF8E475EB08E1E
:10169000485EB18E495EB28E4A5EB38E4B5EB48EAA
:1016A0004C5ECFBB4D5EB58E4E5EB68E4F5EB78E36
:1016B000505EB88E515EB98E525EBA8E535EBB8E4E
:1016C000545EA3E1555EBBC4565EBC8E575EBD8EB4
:1016D000585EBE8E595EBF8E5A5EC08E5B5EA4E1C0
:1016E0005C5EC18E5D5EC28E5E5EA5E15F5EC38E96
:1016F000605EC48E615EA6E1625EB1B4635EC58E5B
:10170000645EC68E655EC78E665EC88E675EC98E75
:10171000685ECA8E695ECB8E6A5ECC8E6B5ECD8E45
:101720006C5ECE8E6D5ECF8E6E5ED08E6F5ED18E15
:10173000705ED28E715ED38E725EC9B8735EBDC6A6
:10174000745EEAC4755ED48E765EA2B2775ED58E84
:10175000785ED2D0795ED68E7A5EDBE77B5EC3BBE5
:101760007C5ED7D37D5EC4D37E5ED78E7F5EE3B9C9
:10177000805ECFE2815ED88E825ED98E835EDA8E05
:10178000845EAFD7855EDB8E865EECC7875ED3B1A5
:10179000885EDC8E895EDD8E8A5EB2B48B5ED1E2BD
:1017A0008C5EDE8E8D5EDF8E8E5EE08E8F5EF2D082
:1017B000905EAEC2915ED0E2925EE18E935EE2BF39
:1017C000945EA6D3955ED7B5965ED2E2975EEAB5F3
:1017D000985EE28E995EEDC39A5EFDB89B5EE38EE5
:1017E0009C5EAEB89D5EE48E9E5ED3C59F5ECFB715
:1017F000A05ED4E2A15EE58EA25EE68EA35EE78ED9
:10180000A45EE88EA55ED3E2A65EC8B6A75EF9D751
:10181000A85EE98EA95EEA8EAA5EEB8EAB5EEC8EC8
:10182000AC5EED8EAD5EA5CDAE5EEE8EAF5EEF8EA4
:10183000B05EF08EB15EF18EB25EF28EB35ED8E233
:10184000B45EF38EB55ED6E2B65EFCCAB75EB5BFD7
:10185000B85EB9D3B95ED5E2BA5EF48EBB5EF58EE2
:10186000BC5EF68EBD5EF78EBE5ED7E2BF5EF88EC2
:10187000C05EF98EC15EFA8EC25EFB8EC35EFC8EC8
:10188000C45EFD8EC55EFE8EC65E408FC75E418F14
:10189000C85E428FC95EAEC1CA5EC8C0CB5E438F10
:1018A000CC5E448FCD5E458FCE5E468FCF5E478F38
:1018B000D05E488FD15EDBE2D25EDAE2D35EAAC0B0
:1018C000D45E498FD55E4A8FD65ECEC1D75E4B8F30
:1018D000D85E4C8FD95E4D8FDA5E4E8FDB5EDCE2D8
:1018E000DC5E4F8FDD5E508FDE5E518FDF5E528F8C
:1018F000E05E538FE15E548FE25E558FE35E568F5C
:10190000E45E578FE55E588FE65E598FE75E5A8F2B
:10191000E85EDDE2E95E5B8FEA5EDEE2EB5E5C8F55
:10192000EC5E5D8FED5E5E8FEE5E5F8FEF5E608FD3
:10193000F05E618FF15E628FF25E638FF35E648FA3
:10194000F45EC8DBF55E658FF65ED3D1F75EA2CD9F
:10195000F85E668FF95E678FFA5EA8BDFB5E688FE2
:10196000FC5E698FFD5E6A8FFE5EC3DEFF5EA5D8FA
:10197000005FAABF015FCDDB025FECD2035FFAC656
:10198000045FAAC5055F6B8F065F6C8F075F6D8F65
:10199000085FC4DE095F6E8F0A5FD7B10B5FAEDFF1
:1019A0000C5F6F8F0D5F708F0E5F718F0F5FBDCA01
:1019B000105F728F115FB1DF125F738F135FADB96C
:1019C000145F748F155FFDD2165F758F175FA5B812
:1019D000185FEBBA195F768F1A5F778F1B5FDAB3E8
:1019E0001C5F788F1D5F798F1E5F7A8F1F5FDCB55C
:1019F000205FC5D5215F7B8F225F7C8F235F7D8F2A
:101A0000245F7E8F255FD6C3265FD2CF275FA1BB21
:101A1000285F808F295FF3E52A5FF2E52B5F818FD6
:101A20002C5F828F2D5FF4E52E5F838F2F5FE4CDD7
:101A3000305F848F315FF5C8325F858F335F868F6B
:101A4000345F878F355F888F365F898F375F8A8FE6
:101A5000385F8B8F395FAFB53A5FBFC73B5F8C8F05
:101A60003C5FF6E53D5F8D8F3E5F8E8F3F5F8F8FD2
:101A7000405FB0EC415F908F425F918F435F928FE8
:101A8000445F938F455F948F465F958F475F968F36
:101A9000485F978F495F988F4A5F998F4B5F9A8F06
:101AA0004C5F9B8F4D5F9C8F4E5F9D8F4F5F9E8FD6
:101AB000505FE6E5515F9F8F525FE9B9535FB1B563
:101AC000545FA08F555FBCC2565FE8E5575FE7E5FE
:101AD000585FE9E5595FA18F5A5FA28F5B5FA38FC3
:101AE0005C5FA48F5D5FCDD25E5FA58F5F5FA68FC9
:101AF000605FA78F615FEAE1625FCED0635FA88F0E
:101B0000645FAECD655FA98F665FE5D1675FAA8F21
:101B1000685FAB8F695FCAB26A5FEBB16B5FAC8F16
:101B20006C5FF2B16D5FEDC56E5FAD8F6F5FAE8FB5
:101B3000705FC3D5715FB0D3725FAF8F735FDCE14D
:101B4000745FB08F755FB18F765FB28F775FDDE1C5
:101B5000785FB38F795FDBD27A5FB48F7B5FB9B385
:101B60007C5FCBB17D5FB58F7E5FB68F7F5FB78FB8
:101B7000805FF9CD815FF7D5825FDEE1835FB88F4B
:101B8000845FB6BE855FFDB4865FB98F875FDFE196
:101B9000885FDCBA895FE0E18A5FB2BB8B5FC9C254
:101BA0008C5FE1E18D5FBA8F8E5FBB8F8F5FBC8FE3
:101BB000905FECD0915FBD8F925FBDCD935FBE8F84
:101BC000945FBF8F955FE2E1965FC08F975FC3B56B
:101BD000985FC7C5995FE3E19A5FC18F9B5FC28F32
:101BE0009C5FE4E19D5FC38F9E5FC48F9F5FC58F45
:101BF000A05FC68FA15FF9D3A25FC78FA35FC88F15
:101C0000A45FC98FA55FCA8FA65FCB8FA75FCC8F5C
:101C1000A85FE5E1A95FCD8FAA5FADD1AB5FCE8FA5
:101C2000AC5FCF8FAD5FE6E1AE5FA2CEAF5FD08F8E
:101C3000B05FD18FB15FD28FB25FD38FB35FD48FDC
:101C4000B45FD58FB55FE7E1B65FD68FB75FC2B53A
:101C5000B85FD78FB95FD88FBA5FD98FBB5FDA8F84
:101C6000BC5FE8E1BD5FD5BBBE5FDB8FBF5FDC8FD4
:101C7000C05FDD8FC15FDE8FC25FDF8FC35FC4D007
:101C8000C45FE0E2C55FD8B1C65FE4D2C75FE08F52
:101C9000C85FE18FC95FE1E2CA5FE28FCB5FE38F8C
:101CA000CC5FC9BCCD5FCCC8CE5FE48FCF5FE3E231
:101CB000D05FFEECD15FFDECD25FAFDFD35FE58F8D
:101CC000D45FE68FD55FE78FD65FE2E2D75FBED6FF
:101CD000D85FFCCDD95FA6C3DA5FE88FDB5FE98F01
:101CE000DC5FEA8FDD5FC3E3DE5FEB8FDF5FEC8FEE
:101CF000E05FD2D6E15FE7E2E25FED8FE35FEE8F78
:101D0000E45FE8E2E55FEF8FE65FF08FE75FC7D360
:101D1000E85FF18FE95FF28FEA5FECE2EB5FECBF27
:101D2000EC5FF38FED5FEDE2EE5FE5E2EF5FF48FE6
:101D3000F05FF58FF15FC0B3F25FF68FF35FF78F5F
:101D4000F45FF88FF55FEEC4F65FF98FF75FFA8FF7
:101D5000F85FEEE2F95FFB8FFA5FFC8FFB5FC3D0A9
:101D6000FC5FFD8FFD5FF6BAFE5FE9E2FF5FDEB765
:101D70000060B3BB0160ACCC0260CBCB0360E4E29B
:101D80000460E6E20560EAE20660EBE20760FE8FCF
:101D900008604090096041900A60F7E20B60429051
:101DA0000C6043900D60F4E20E60F5D40F60F3E236
:101DB00010604490116045901260ADC5136046906C
:101DC0001460FAD51560C2C51660C0B2176047909E
:101DD000186048901960EFE21A6049901B60F2E2C7
:101DE0001C60AFC11D60BCCB1E604A901F604B9051
:101DF0002060A1B52160F9E222604C9023604D90F3
:101E000024604E902560B1BC2660F1E22760D4D0FA
:101E10002860B9D42960F5E22A60D6B92B60F6E2D1
:101E20002C604F902D6050902E6051902F60D3C742
:101E300030605290316053903260549033605590CE
:101E4000346056903560F0E23660579037605890B5
:101E50003860599039605A903A605B903B60DCD7AB
:101E60003C60A1ED3D605C903E605D903F60F8E2BB
:101E700040605E904160A5ED4260FEE24360D1CAE1
:101E800044605F90456060904660619047606290FA
:101E900048606390496064904A6065904B60B5C14A
:101EA0004C6066904D60D0BB4E6067904F6068900C
:101EB0005060D6BF516069905260E3BA53606A9037
:101EC00054606B905560A1CB56606C9057606D90DC
:101ED00058606E905960A6ED5A60A3ED5B606F90FC
:101EE0005C6070905D60A2ED5E6071905F6072906A
:101EF00060607390616074906260D6BB6360A7EDB0
:101F00006460F4D065607590666076906760A4ED5B
:101F10006860DEBA6960F7B66A60A1E36B60B2B66A
:101F20006C60F1CC6D60A7B96E6077906F60A2CFE6
:101F30007060A1C771607890726079907360D2BF51
:101F400074607A9075607B907660F1B677607C9073
:101F50007860FAE27960FBE27A60FDE27B60FCE2A5
:101F60007C60D5C47D60A2E37E607D907F60C1D33C
:101F700080607E9081608090826081908360A7E322
:101F80008460C4C7856082908660839087608490F7
:101F9000886085908960A4CF8A6086908B608790E6
:101FA0008C60A9E38D60B7BA8E6088908F6089904D
:101FB00090608A9091608B909260A8E393608C907F
:101FC0009460DABB95608D909660A3E397608E90E5
:101FD00098608F90996090909A60A4E39B60AAE3C8
:101FE0009C6091909D60A6E39E6092909F60F2CE6F
:101FF000A060C6D3A1609390A2609490A360BCBB84
:10200000A4609590A5609690A660C3D4A7609790B1
:10201000A860FAC4A9609890AA609990AB60A8EDF6
:10202000AC60FCD0AD60A5E3AE609A90AF60F5C344
:10203000B0609B90B160ADE3B260AFB1B3609C9013
:10204000B460B2E3B5609D90B6609E90B7609F901B
:10205000B860C2BCB960A090BA60A190BB60ACE3AC
:10206000BC60BFB5BD60A290BE60A390BF60A490ED
:10207000C060A590C160A690C260A790C360A89000
:10208000C460A990C560E9C7C660B0E3C760AA9004
:10209000C860AB90C960AC90CA60AABECB60EFCDFF
:1020A000CC60AD90CD60AE90CE60AF90CF60B09080
:1020B000D060B190D160F3BBD260B290D360B390E6
:1020C000D460B490D560E8CCD660B590D760B690B7
:1020D000D860AFE3D960B790DA60B1E3DB60B89065
:1020E000DC60A7CFDD60AEE3DE60B990DF60A9CE33
:1020F000E060DDBBE160BA90E260BB90E360BC9061
:10210000E460BD90E560BE90E660EBB5E760E5BEDB
:10211000E860D2B2E960CDB3EA60BF90EB60B9B1DC
:10212000EC60ABE3ED60D1B2EE60ACB5EF60DFB96F
:10213000F060E8B6F160C090F260C190F360EBCF60
:10214000F460B7E3F560C290F660CCBBF760C39073
:10215000F860C490F960C7C8FA60CAD0FB60C59047
:10216000FC60C690FD60C790FE60C890FF60C9909B
:102170000061B8E30161EEB30261CA900361CB90E4
:102180000461CC900561CD900661A9ED0761CE9008
:102190000861FAD30961E4D30A61CF900B61D09052
:1021A0000C61D1900D61AAED0E61B9E30F61E2D22D
:1021B0001061D2901161D3901261D4901361D590C7
:1021C0001461D6901561B5E31661D7901761D89068
:1021D0001861D9901961DA901A61DED31B61DB9026
:1021E0001C61DC901D61DD901E61DE901F61D0B826
:1021F0002061B3E32161DF902261E0902361B6E3C7
:102200002461DFB72561E1902661B4E32761A2C0B4
:102210002861E2902961E3902A61E4902B61BAE39E
:102220002C61E5902D61E6902E61E7902F61E8909A
:102230003061E9903161EA903261EB903361EC906A
:102240003461ED903561EE903661EF903761F0903A
:102250003861F1903961F2903A61F3903B61F4900A
:102260003C61F5903D61F6903E61F7903F61B8D4D6
:102270004061F8904161F9904261FA904361FB90AE
:102280004461FC904561FD904661FE90476140913C
:102290004861C8B4496141914A61BBE34B614291D5
:1022A0004C61C5BB4D6143914E61F7C94F6144918B
:1022B000506145915161E5C9526146915361479121
:1022C000546148915561BDC45661499157614A9125
:1022D00058614B9159614C915A614D915B614E919E
:1022E0005C614F915D61ABED5E6150915F615191B9
:1022F00060615291616153916261FDC26361549169
:102300006461559165615691666157916761DBBB68
:102310006861AEBF696158916A6159916B615A9168
:102320006C615B916D615C916E615D916F615E91BD
:102330007061BFCE71615F917261609173616191F3
:10234000746162917561BCE3766163917761B6BF38
:1023500078616491796165917A6166917B61679139
:102360007C6168917D6169917E616A917F616B9109
:1023700080616C9181616D9182616E9183616F91D9
:1023800084617091856171918661729187617391A9
:1023900088617491896175918A6176918B61EFB1E1
:1023A0008C6177918D6178918E61F7D48F6179918D
:1023B00090617A9191617B9192617C9193617D9121
:1023C0009461BEE395617E91966180919761819160
:1023D00098618291996183919A6184919B618591C1
:1023E0009C6186919D61ADED9E6187919F61889111
:1023F000A0618991A1618A91A2618B91A3618C9165
:10240000A4618D91A5618E91A6618F91A761BFE3B3
:10241000A861A9BAA961ACEDAA619091AB61919153
:10242000AC61BDE3AD619291AE619391AF61949166
:10243000B0619591B1619691B2619791B3619891B4
:10244000B4619991B5619A91B6619B91B761C0E30E
:10245000B8619C91B9619D91BA619E91BB619F9158
:10246000BC61A091BD61A191BE61B6BABF61A291EC
:10247000C061A391C161A491C261AEB6C361A591CF
:10248000C461A691C561A791C661A891C761A991D0
:10249000C861B8D0C961AA91CA61C3B0CB61AEEDC1
:1024A000CC61AB91CD61AC91CE61AD91CF61AE917C
:1024B000D061AF91D161AFEDD261C1C0D361B091B4
:1024C000D461C1E3D561B191D661B291D761B391C5
:1024D000D861B491D961B591DA61B691DB61B791F8
:1024E000DC61B891DD61B991DE61BA91DF61BB91C8
:1024F000E061BC91E161BD91E261BE91E361BF9198
:10250000E461C091E561C191E661B3C5E761C29143
:10251000E861C391E961C491EA61C591EB61C6913B
:10252000EC61C791ED61C891EE61C991EF61CA910B
:10253000F061CB91F161CC91F261CD91F361CE91DB
:10254000F461CF91F561C2E3F661D091F761D19169
:10255000F861D291F961D391FA61D491FB61D5917F
:10256000FC61D691FD61D791FE61D891FF61B2DC2B
:102570000062D9910162DA910262DB910362DC911F
:102580000462DD910562DE910662B0ED0762DF91C3
:102590000862EAB80962E0910A62ECCE0B62A7EA2F
:1025A0000C62E7D00D62F9CA0E62D6C80F62B7CFCF
:1025B0001062C9B31162D2CE1262E4BD1362E1911E
:1025C0001462E2911562DEE31662F2BB1762A8EABA
:1025D0001862BDD51962E3911A62DDC61B62A9EAD1
:1025E0001C62E4911D62E5911E62E6911F62AAEAF7
:1025F0002062E7912162ACEA2262ABEA2362E891B1
:102600002462AEEA2562ADEA2662E9912762EA9188
:102610002862EB912962EC912A62D8BD2B62ED9180
:102620002C62AFEA2D62EE912E62BEC22F62EF9154
:102630003062F0913162F1913262F2913362C1B451
:102640003462F7B43562F3913662F4913762A7BB16
:102650003862F5913962F6913A62F7913B62F891EE
:102660003C62F9913D62E6EC3E62E5EC3F62BFB749
:102670004062F9CB4162E2B14262FA914362E7EC17
:102680004462FB914562FC914662FD914762C8C974
:102690004862E8EC4962E9EC4A62FE914B62D6CAB4
:1026A0004C62D0DE4D62C5B24E62FAD44F624092A7
:1026B000506241925162CBC65262C7B05362F2B4CB
:1026C0005462D3C855624292566243925762449212
:1026D0005862D0CD596245925A6246925B62B8BF49
:1026E0005C6247925D6248925E6249925F624A9282
:1026F00060624B9261624C9262624D926362DBBF98
:1027000064624E9265624F926662A4C76762B4D6F5
:10271000686250926962A9C06A62D1DE6B62A8C920
:102720006C62EFD16D62A4C56E62E7B06F62B6B342
:102730007062C5C871625192726252927362E2B065
:1027400074625392756254927662F6B777625592CC
:10275000786256927962FAC57A6257927B62589291
:102760007C62F3B67D6259927E62D2D57F62D0B32D
:102770008062BCBC81625A9282625B9283625C928C
:102780008462ADB385625D9286625E9287625F927B
:10279000886260928962F1BE8A62D1B08B62619276
:1027A0008C6262928D6263928E6264928F62659295
:1027B000906266929162D6D29262E3CA9362A5D782
:1027C000946267929562B6CD9662B6B69762B9BFCB
:1027D0009862DBD5996268929A62A7B89B62D7C566
:1027E0009C6269929D626A929E626B929F62D2DE47
:1027F000A062D9BFA162D5C2A262C0C7A3626C9217
:10280000A462A4BBA562A8B1A6626D92A7626E92F3
:10281000A862EAC5A9626F92AA627092AB62FBC518
:10282000AC62A7CCAD627192AE627292AF627392EB
:10283000B0627492B162A7B1B2627592B3627692DD
:10284000B4627792B562D6B5B6627892B762799281
:10285000B8627A92B962A8C4BA627B92BB62D3DED4
:10286000BC62BAD1BD62E9B3BE627C92BF62F2C300
:10287000C0627D92C1627E92C262F7B7C3628092EB
:10288000C462F4D6C562A3B5C662F0B2C762B4C46E
:10289000C862E9C4C962ADC0CA62D4DECB628192AB
:1028A000CC62E8B0CD62C4C5CE62E0C1CF62829294
:1028B000D062D5B9D1628392D262DCBED362D8CD68
:1028C000D462CEB0D5628492D662CFCDD762D6DE46
:1028D000D862D0BED962BED7DA62D5DEDB62D0D58F
:1028E000DC62DDB0DD628592DE628692DF62E2C488
:1028F000E0628792E1628892E262A3C2E362F0BC86
:10290000E4628992E562B5D3E662B9C0E762A1C527
:10291000E862A6B2E962F1D4EA628A92EB628B9233
:10292000EC62A8C0ED62C3CAEE62D7DEEF62FCD5EE
:10293000F0628C92F162B0B9F2628D92F362ADC82E
:10294000F462A9CBF5628E92F662D9DEF762BDBF62
:10295000F8628F92F9629092FA629192FB6292927F
:10296000FC62B4C6FD62A7D7FE62B0CAFF62C3C4F0
:10297000006393920163D6B30263D2B90363949266
:102980000463959205639692066397920763B8D69F
:102990000863FCEA0963B4B00A6398920B639992E6
:1029A0000C639A920D639B920E63E6BF0F639C9239
:1029B00010639D921163F4CC12639E9213639F92F5
:1029C0001463A0921563A1921663DACD1763A292E5
:1029D0001863A3921963A4921A63BFD61B63CEC275
:1029E0001C63A5921D63CECE1E63A2CC1F63AED026
:1029F0002063D3C42163B2B52263D8DE2363F5D547
:102A00002463B7BC2563D3BB2663A6922763A79232
:102A10002863A4B02963A8922A63B2C52B63ECB4DF
:102A20002C63A9922D63AA922E63AB922F63F1D5EA
:102A30003063AC923163AD923263FDEA3363AE92A0
:102A40003463AF923563B0923663B1923763B2921A
:102A50003863B3923963DADE3A63A6CD3B63B4924E
:102A60003C63B5923D63ECCD3E63B6923F63B79253
:102A70004063B8924163B9924263E6CE4363DCDEC1
:102A80004463BA924563B1CD4663A6C04763BB9227
:102A90004863BC924963BDD74A63BD924B63DBDE9A
:102AA0004C63C6B04D63B4BA4E63D3C94F63F3C42D
:102AB0005063E8BE5163BE925263BF925363C092AB
:102AC0005463C1925563B6B25663C2925763C392C0
:102AD0005863C4925963C5925A63C6925B63C792A6
:102AE0005C63C8925D63C9925E63CCC05F63F0CBE8
:102AF0006063CA926163F1BC6263BBBB6363B7B5D9
:102B00006463CB926563CC926663CD926763F5C5CF
:102B10006863CE926963E6DE6A63CF926B63D0929C
:102B20006C63D1926D63E3DE6E63DDBE6F63D29240
:102B30007063D3927163DFDE7263D4927363D59254
:102B40007463D6927563D7927663B7B47763DDBD4D
:102B50007863D8927963D9927A63E0DE7B63EDC4BF
:102B60007C63DA927D63DB927E63DC927F63DD922D
:102B70008063C6CF8163DE928263E0B58363DF92B8
:102B80008463E0928563E1928663E2928763DEB6B6
:102B90008863DACA8963F4B58A63E5DE8B63E392FE
:102BA0008C63C6D58D63E4928E63E1DE8F63CDCCFA
:102BB0009063FEC69163E5929263C5C59363E69206
:102BC0009463E7929563E8929663B4D29763E9922F
:102BD0009863F2BE9963EA929A63EB929B63EC92DC
:102BE0009C63ED929D63EE929E63EF929F63F092E1
:102BF000A063D3C2A163F192A263BDCCA363B8B3B7
:102C0000A463F292A563D3BDA663F392A763D8BF72
:102C1000A863C6CDA963DAD1AA63EBB4AB63F4921F
:102C2000AC63E4DEAD63DDDEAE63E7DEAF63F59299
:102C3000B063FEEAB163F692B263F792B363B0C2D7
:102C4000B463E2DEB563F892B663F992B763C0D6B7
:102C5000B863A7B5B963FA92BA63F4B2BB63FB92E7
:102C6000BC63E8DEBD63FC92BE63F2DEBF63FD922F
:102C7000C063FE92C1634093C2634193C3634293B6
:102C8000C463EDDEC5634393C663F1DEC76344935B
:102C9000C8634593C963E0C8CA634693CB6347934F
:102CA000CC634893CD63E1D7CE63EFDECF63E8C357
:102CB000D063E1CCD1634993D263E5B2D3634A9345
:102CC000D4634B93D5634C93D663BED2D7634D93F5
:102CD000D8634E93D9634F93DA635093DB63519378
:102CE000DC635293DD635393DE63EEDEDF63549364
:102CF000E063EBDEE163D5CEE2635593E363A7B413
:102D0000E4635693E5635793E6635893E7635993F7
:102D1000E8635A93E963ABBFEA63BEBEEB635B93C0
:102D2000EC635C93ED63D2BDEE635D93EF635E9302
:102D3000F0635F93F1636093F263E9DEF3636193A1
:102D4000F463AED4F5636293F663DEDEF7636393F8
:102D5000F863EADEF9636493FA636593FB63669351
:102D6000FC636793FD63BFC0FE636893FF63ECDEA3
:102D70000064F3B20164E9B80264A7C20364699312
:102D800004646A930564C1BD06646B9307646C9325
:102D900008646D9309646E930A646F930B64F5DEA7
:102DA0000C64F8DE0D6470930E6471930F64ABB223
:102DB0001064A4B411647293126473931364EAB43C
:102DC0001464A6C915647493166475931764769396
:102DD00018647793196478931A6479931B64F6DE08
:102DE0001C64D1CB1D647A931E64E3B81F647B938B
:102DF0002064F7DE2164FADE22647C9323647D93F1
:102E000024647E93256480932664F9DE276481938D
:102E100028648293296483932A64C2CC2B648493AC
:102E20002C64E1B02D64EEB42E6485932F648693F8
:102E300030648793316488933264899333648A93CE
:102E40003464BAE535648B9336648C9337648D9320
:102E500038648E9339648F933A64AFD03B64909317
:102E60003C6491933D64EBB23E6492933F64A1EB6A
:102E7000406493934164F4DE426494934364959375
:102E80004464E3C94564F3DE4664DAB04764A1D222
:102E90004864F7B1496496934A64AFCC4B64979306
:102EA0004C6498934D6499934E649A934F649B93AA
:102EB00050649C9351649D935264F0DE53649E93DE
:102EC0005464A4CB55649F935664A0935764A19314
:102ED0005864AAD55964A2935A64A3935B64A493DB
:102EE0005C64A5935D64A6935E64FBDE5F64A79358
:102EF0006064A8936164A9936264AA936364AB93CA
:102F00006464AC936564AD936664AE936764DDB44A
:102F10006864AF936964A6C46A64B0936B64B19348
:102F20006C64B2936D64FDDE6E64B3936F64B493AE
:102F30007064B5937164B6937264B7937364B89315
:102F40007464B9937564BA937664BB937764BC93E5
:102F50007864FEC37964A1C47A64A1DF7B64BD9305
:102F60007C64BE937D64BF937E64C0937F64C19391
:102F70008064C2938164C3938264CCC18364C4932C
:102F80008464FCDE8564EFBE8664C5938764B2C644
:102F90008864C6938964C7938A64C8938B64C99311
:102FA0008C64CA938D64CB938E64CC938F64CD93E1
:102FB0009064CE939164C5B39264F6C89364CF9342
:102FC0009464D0939564BACB9664FEDE9764D193F3
:102FD0009864D2939964A4DF9A64D3939B64D49346
:102FE0009C64D5939D64D6939E64B2D79F64D79317
:102FF000A064D893A164D993A264DA93A364DB9309
:10300000A464B7B3A564DC93A664DD93A764DE93E0
:10301000A864DF93A964C3C1AA64E093AB64E1939D
:10302000AC64CBC7AD64A5B2AE64E9B4AF64E2935F
:10303000B064ABD7B164E393B264E493B364E59353
:10304000B464E693B564ECC4B664E793B764A2DFF6
:10305000B864A3DFB964E893BA64A5DFBB64E993FD
:10306000BC64B3BABD64EA93BE64EB93BF64EC93F3
:10307000C064A6DFC164ED93C264DEC0C364EE9396
:10308000C464EF93C564C3C9C664F093C764F19385
:10309000C864F293C964F393CA64F493CB64F59360
:1030A000CC64F693CD64D9B2CE64E6C7CF64F7930F
:1030B000D064A7DFD164F893D264DCC7D364F993FA
:1030C000D464FA93D564FB93D664FC93D764A8DFE9
:1030D000D864A2EBD964FD93DA64FE93DB64409478
:1030E000DC644194DD644294DE64D3CBDF644394BA
:1030F000E0644494E1644594E264AADFE3644694A6
:10310000E464A9DFE5644794E664C1B2E7644894E7
:10311000E8644994E9644A94EA644B94EB644C94FF
:10312000EC644D94ED644E94EE644F94EF645094CF
:10313000F0645194F1645294F2645394F36454949F
:10314000F4645594F5645694F6645794F76458946F
:10315000F8645994F9645A94FA645B94FB645C943F
:10316000FC645D94FD645E94FE645F94FF6460940F
:103170000065CAC501656194026562940365639444
:1031800004656494056565940665669407656794AF
:10319000086568940965ABDF0A6569940B656A94F4
:1031A0000C656B940D656C940E656D940F656E9453
:1031B00010656F94116570941265DCD41365719479
:1031C00014657294156573941665749417657594F7
:1031D0001865C1C8196576941A6577941B6578944B
:1031E0001C6579941D657A941E657B941F657C949B
:1031F00020657D9421657E94226580942365819469
:10320000246582942565ACDF2665839427658494C4
:1032100028658594296586942A6587942B65F0BE78
:103220002C6588942D6589942E65ADDF2F65A7D612
:1032300030658A9431658B9432658C9433658D94B6
:103240003465B7EA3565B6EB3665D5CA37658E9411
:103250003865FCD83965C4B83A658F943B65A5B923
:103260003C6590943D6591943E65C5B73F65FED53C
:103270004065929441659394426594944365959416
:10328000446596944565CAB9466597944765989490
:103290004865A7D04965CDF44A6599944B659A94E1
:1032A0004C65D0B54D659B944E659C944F65F4C3B9
:1032B00050659D945165C8BE52659E9453659F9418
:1032C0005465A0945565B7EB5665BDB05765A1949C
:1032D0005865A2945965CCBD5A65A3945B65B2C18B
:1032E0005C65A4945D65D6B15E65A8B35F65A59481
:1032F0006065A6946165A7946265D2B86365A2C94A
:103300006465A8946565A9946665D8B66765AA944E
:103310006865AB946965AC946A65AD946B65B8EB10
:103320006C65B4BE6D65AE946E65AF946F65B09418
:103330007065FDCA7165B1947265C3C77365B29457
:103340007465FBD57565B3947665B4947765F3B70A
:103350007865B5947965B6947A65B7947B65B894C9
:103360007C65B9947D65BA947E65BB947F65BC9499
:103370008065BD948165BE948265BF948365C09469
:103380008465C1948565C2948665C3948765C4CEFF
:103390008865C4948965C5948A65C6948B65ABD5E8
:1033A0008C65F3B18D65C7948E65C8948F65C9949B
:1033B0009065B3EC9165DFB09265CA949365B5EC06
:1033C0009465CB949565CC949665CD949765B7B686
:1033D0009865CE949965CFC19A65CF949B65FAF5AF
:1033E0009C65B1D09D65D0949E65D1949F65E5D5CF
:1033F000A065D294A165D3CEA265D394A365D494DD
:10340000A465EFBDA565E2B3A665D594A765ABB885
:10341000A865D694A965B6D5AA65D794AB65BDED68
:10342000AC65D894AD65CFB6AE65D994AF65B9CB70
:10343000B065C2D0B165DA94B265DB94B365DC9453
:10344000B465DD94B565DE94B665DF94B765E09448
:10345000B865E194B965BDB7BA65E294BB65E3941C
:10346000BC65B6ECBD65A9CABE65E494BF65E594CC
:10347000C065E694C165D4C5C265E794C365B9EC7F
:10348000C465B8ECC565C3C2C665B7ECC765E8944A
:10349000C865E994C965EA94CA65EB94CB65FDD02B
:1034A000CC65BAECCD65EC94CE65BBECCF65E5D7C9
:1034B000D065ED94D165EE94D265BCECD365EF9404
:1034C000D465F094D565F194D665BDECD765ECC6AE
:1034D000D865F294D965F394DA65F494DB65F594D4
:1034E000DC65F694DD65F794DE65F894DF65F994A4
:1034F000E065DECEE165FA94E265C8BCE365FB9465
:10350000E465FC94E565D5C8E665A9B5E765C9BE7F
:10351000E865BCD6E965E7D4EA65FD94EB65FE9401
:10352000EC65AED1ED65F1D0EE65B8EAEF65B9EACC
:10353000F065BAEAF165B5BAF2654095F365419573
:10354000F4654295F5654395F665B1CAF765F5BF33
:10355000F8654495F9654595FA65FACDFB6546959C
:10356000FC654795FD654895FE654995FF654A955B
:103570000066C0EA01664B950266BAB00366BEEA11
:1035800004664C9505664D950666A5C007664E9582
:1035900008664F95096650950A66BBEA0B66519519
:1035A0000C66FDB20D6652950E66F7C30F66E8BB5A
:1035B0001066539511665495126655951366D7D2C9
:1035C0001466F4CE1566BFEA1666569517665795CB
:1035D000186658951966BCEA1A6659951B665A957D
:1035E0001C665B951D66C3EA1E665C951F66C7D0A8
:1035F0002066B3D321665D9522665E9523665F954E
:10360000246660952566BAB4266661952766C1C3AF
:103610002866F2D7296662952A6663952B666495BB
:103620002C6665952D66D1D52E6666952F66C7CA20
:10363000306667953166C5EA326668953366699586
:103640003466C4EA3566C7EA3666C6EA37666A95FE
:1036500038666B9539666C953A666D953B666E95E6
:103660003C66E7D63D666F953E66D4CF3F66709563
:10367000406671954166CBEA426672954366CEBB61
:103680004466739545667495466675954766769566
:1036900048667795496678954A6679954B66FABD8E
:1036A0004C66CEC94D667A954E667B954F66CCEAE0
:1036B00050667C9551667D955266B9C95366FECFBA
:1036C0005466CAEA5566CED45666CDEA5766CFEA46
:1036D00058667E95596680955A66EDCD5B668195F4
:1036E0005C6682955D6683955E6684955F66C9EAD1
:1036F000606685956166CEEA6266869563668795A3
:103700006466EECE656688956666DEBB67668995FB
:103710006866BFB369668A956A668B956B668C9599
:103720006C668D956D668E956E66D5C66F66B0BEFD
:103730007066FACE71668F957266909573669195F4
:103740007466E7C7756692957666A7BE7766D0EA17
:1037500078669395796694957A66C7D67B669595D3
:103760007C6696957D6697957E66C0C17F669895C6
:103770008066999581669A958266DDD483669B956D
:103780008466D1EA85669C9586669D958766BECFE0
:1037900088669E9589669F958A66A0958B66A19599
:1037A0008C66D2EA8D66A2958E66A3958F66A495E7
:1037B0009066A5959166EECA9266A6959366A795C2
:1037C0009466A8959566A9959666AFC59766B5B0B7
:1037D0009866AA959966AB959A66AC959B66AD95E9
:1037E0009C66AE959D66D4EA9E66AF959F66B09541
:1037F000A066B195A166B295A266B395A366B4958D
:10380000A466B595A566B695A666B795A766D3EAEC
:10381000A866DFF4A966B895AA66B995AB66BA95AD
:10382000AC66BB95AD66BC95AE66BAC4AF66BD95D9
:10383000B066BE95B166BF95B266C095B366C195D8
:10384000B466A9B1B566C295B666C395B766C495A8
:10385000B866C595B966DFE5BA66C695BB66C79515
:10386000BC66C895BD66C995BE66D5EABF66CA95F1
:10387000C066CB95C166CC95C266CD95C366CE9524
:10388000C466CF95C566D095C666D195C766D295F4
:10389000C866D395C966D495CA66D595CB66D695C4
:1038A000CC66D795CD66D895CE66D995CF66DA9594
:1038B000D066DB95D166DC95D266DD95D366DE9564
:1038C000D466DF95D566E095D666E195D766E29534
:1038D000D866E395D966EFCADA66E495DB66D6EA80
:1038E000DC66D7EADD66D8C6DE66E595DF66E69576
:1038F000E066E795E166E895E266E995E366EA95B4
:10390000E466EB95E566EC95E666D8EAE766ED9544
:10391000E866EE95E966D9EAEA66EF95EB66F0951A
:10392000EC66F195ED66F295EE66F395EF66F4952B
:10393000F066BBD4F166F595F266FAC7F366B7D2C6
:10394000F466FCB8F566F695F666F795F766C2EA92
:10395000F866F895F966DCB2FA66F995FB66FA95B1
:10396000FC66FCC2FD66FB95FE66F8D4FF66E6CCFD
:103970000067EED70167FC950267FD950367FE952A
:103980000467409605674196066742960767439627
:103990000867C2D40967D0D30A67C3EB0B67F3C5C6
:1039A0000C6744960D67FEB70E6745960F674696FF
:1039B0001067D4EB116747961267489613674996CC
:1039C0001467B7CB1567DEEB16674A961767CAC050
:1039D00018674B9619674C961A674D961B67FBCD77
:1039E0001C674E961D67AFB31E674F961F67DAC6FA
:1039F0002067509621675196226752962367539607
:103A000024675496256755962667FCEB27675696DC
:103A10002867BEC4296757962A67B4CE2B67A9C406
:103A20002C67BEB12D67FDD42E6758962F67F5CA57
:103A3000306759963167ECD632675A9633675B9692
:103A40003467D3C63567E4B636675C9637675D96EC
:103A500038675E9639675F963A67FABB3B67609650
:103A60003C6761963D67E0D03E6762963F6763962C
:103A70004067B1C9416764964267D3D44367A8C819
:103A800044676596456766964667CBB8476767960D
:103A90004867BEE84967BCC94A6768964B6769963C
:103AA0004C67BBE84D676A964E67EEC04F67D3D050
:103AB0005067C4B25167E5B452676B965367BCE870
:103AC00054676C9655676D965667C8D557676E965E
:103AD00058676F96596770965A6771965B677296CA
:103AE0005C67C5B65D6773965E67BDE85F67F8CAD9
:103AF0006067DCB86167F5CC62677496636775963A
:103B0000646776966567B4C06667779667677896E8
:103B10006867EED16967BFE86A67C2E86B67799644
:103B20006C677A966D67BCBA6E677B966F67ADB14E
:103B30007067DCBD71677C967267BDEA7367C3E826
:103B400074677D967567C6E876677E967767CBE87B
:103B500078678096796781967A6782967B67839685
:103B60007C67CCE87D6784967E67C9CB7F67E5B0CC
:103B7000806785968167ABBC8267869683678796E8
:103B80008467B9B985678896866789968767C1E82B
:103B900088678A968967F7CD8A678B968B67CAE8AC
:103BA0008C678C968D678D968E678E968F678F96B5
:103BB0009067F6CE916790969267919693679296EA
:103BC000946793969567EDD5966794969767D6C157
:103BD0009867C4E8996795969A67B6C39B67969667
:103BE0009C67FBB99D67A6D69E67C8E89F679796B6
:103BF000A0679896A1679996A267E0CAA367E6D4E2
:103C0000A4679A96A567C0E8A6679B96A767C5E8CC
:103C1000A867C7E8A9679C96AA67B9C7AB67E3B767
:103C2000AC679D96AD67C9E8AE679E96AF67DDBF8E
:103C3000B067D2E8B1679F96B267A096B367D7E83E
:103C4000B467A196B567D5E8B667DCBCB767CFBCEB
:103C5000B867DBE8B967A296BA67A396BB67A49674
:103C6000BC67A596BD67A696BE67A796BF67A896D0
:103C7000C067A996C167DEE8C267AA96C367DAE89B
:103C8000C467FAB1C567AB96C667AC96C767AD9611
:103C9000C867AE96C967AF96CA67B096CB67B1964C
:103CA000CC67B296CD67B396CE67B496CF67D8B0DF
:103CB000D067B3C4D167CCB8D267E2C6D367BEC8F9
:103CC000D467E1C8D567B596D667B696D767B79675
:103CD000D867CFE8D967D4E8DA67D6E8DB67B89663
:103CE000DC67F1B9DD67D8E8DE67F5D7DF67B9963D
:103CF000E067FBC4E167BA96E267DCE8E367BB967E
:103D0000E467BC96E567E9B2E667BD96E767BE96ED
:103D1000E867BF96E967D1E8EA67C096EB67C196A6
:103D2000EC67EDBCED67C296EE67C396EF67C2BF66
:103D3000F067CDE8F167F9D6F267C496F367F8C18A
:103D4000F467F1B2F567C596F667C696F767C7964A
:103D5000F867C896F967C996FA67CA96FB67CB9663
:103D6000FC67CC96FD67DFE8FE67CD96FF67C1CAAA
:103D70000068D9E80168CE960268CF960368D096AD
:103D80000468D1960568A4D50668D2960768EAB19A
:103D90000868BBD50968CEE80A68D0E80B68B0B6F9
:103DA0000C68D3E80D68D3960E68DDE80F68B8C0DC
:103DB0001068D4961168F7CA1268D5961368A8CB14
:103DC0001468D6961568D7961668DCC61768F5C0CD
:103DD0001868D8961968D9961A68DA961B68DB961F
:103DE0001C68DC961D68E9E81E68DD961F68DE9693
:103DF0002068DF962168A3D02268E0962368E196C8
:103E00002468E2962568E3962668E4962768E59696
:103E10002868E6962968F2E82A68EAD62B68E796C9
:103E20002C68E8962D68E9962E68EA962F68EB963E
:103E30003068EC963168ED963268E0E83368E1E886
:103E40003468EE963568EF963668F0963768F9D1A3
:103E50003868CBBA3968F9B83A68F1963B68F29697
:103E60003C68F1B83D68D4D43E68EFE83F68F3960B
:103E70004068EEE84168ECE84268F0B94368D2CCAB
:103E80004468E6E84568A6CE4668F2BF4768F496FF
:103E90004868B8B04968F1E84A68F0E84B68F596B8
:103EA0004C68C0D74D68F6964E68E4E84F68F796C0
:103EB0005068A9CD5168A3C95268F8965368B8BB39
:103EC0005468DBBD5568EAE85668F9965768FA9673
:103ED0005868FB965968FC965A68FD965B68FE9692
:103EE0005C6840975D6841975E6842975F6843975A
:103EF0006068E2E86168E3E86268E5E86368B5B5D0
:103F00006468E7E86568C5C76668EBE86768EDE878
:103F10006868B0BD6968AED76A6844976B68F8E8AE
:103F20006C6845976D6846976E6847976F684897C5
:103F30007068499771684A9772684B9773684C9795
:103F40007468F5E875684D977668B0CD7768F6E8DF
:103F500078684E9779684F977A6850977B68519741
:103F60007C6852977D6853977E6854977F68559711
:103F7000806856978168BAC1826857978368E8E875
:103F8000846858978568B7C38668F0B08768599782
:103F900088685A9789685B978A685C978B685D9791
:103FA0008C685E978D685F978E6860978F68F4E87D
:103FB0009068619791686297926863979368F7E851
:103FC0009468649795686597966866979768A3B9AB
:103FD00098686797996868979A6869979B686A97DD
:103FE0009C686B979D686C979E686D979F686E97AD
:103FF000A0686F97A1687097A268D2C9A3687197EB
:10400000A4687297A5687397A668CEC3A768E0CE28
:10401000A868E6C0A9687497AA687597AB68769790
:10402000AC687797AD68F3CBAE687897AF68DDCCB6
:10403000B068B5D0B1687997B2687A97B368E1CAC9
:10404000B4687B97B568F3E8B6687C97B7687D97E6
:10405000B8687E97B9688097BA688197BB6882977D
:10406000BC688397BD688497BE688597BF6886974C
:10407000C068ECBCC1688797C268F9E8C3688897D4
:10408000C4688997C5688A97C6688B97C7688C97F4
:10409000C8688D97C968DEC3CA688E97CB68E5C6C5
:1040A000CC688F97CD68F7B9CE689097CF68919715
:1040B000D0689297D1689397D268F4B0D3689497F8
:1040C000D4689597D568D8D7D6689697D7689797C4
:1040D000D868ACBCD9689897DA68EFC5DB6899975F
:1040E000DC689A97DD689B97DE689C97DF689D97F0
:1040F000E068C4CCE1689E97E2689F97E368A6E910
:10410000E468A097E568A197E668A297E768A39797
:10411000E868A497E968A597EA68A697EB68A79767
:10412000EC68A897ED68A997EE68ADC9EF68AA9703
:10413000F068A2E9F168E2C0F268AB97F368AC9767
:10414000F468AD97F568C3BFF668AE97F768AF97A8
:10415000F868B097F968FEE8FA68D7B9FB68B197D4
:10416000FC68FBE8FD68B297FE68B397FF68B497F8
:104170000069B5970169A4E90269B6970369B79721
:104180000469B8970569CED20669B9970769BA97E5
:104190000869BB970969BC970A69BD970B69A3E9D0
:1041A0000C69BE970D69B2D60E69B5D70F69BF9776
:1041B0001069A7E91169C0971269B7BD1369C19762
:1041C0001469C2971569C3971669C4971769C5978B
:1041D0001869C6971969C7971A69C8971B69C9975B
:1041E0001C69CA971D69CB971E69CC971F69FCE8AB
:1041F0002069FDE82169CD972269CE972369CF9781
:104200002469A1E92569D0972669D1972769D297B2
:104210002869D3972969D4972A69D5972B69D697A6
:104220002C69D7972D69D6CD2E69D8972F69D99744
:104230003069ACD23169DA973269DB973369DC9740
:104240003469B2E93569DD973669DE973769DF97FA
:104250003869E0973969A9E93A69E1973B69E297DA
:104260003C69E3973D69AAB43E69E4973F69BBB4F2
:104270004069E5974169E6974269ABE94369E79789
:104280004469E8974569E9974669EA974769EB9772
:104290004869EC974969ED974A69EE974B69EF9742
:1042A0004C69F0974D69F1974E69F2974F69F39712
:1042B0005069F4975169F5975269F6975369F797E2
:1042C0005469A8D05569F8975669F9975769A5E9CF
:1042D0005869FA975969FB975A69FEB35B69FC976D
:1042E0005C69FD975D69ACE95E69E3C05F69FE9753
:1042F0006069AAE961694098626941986369B9E9AE
:1043000064694298656943986669B8E96769449841
:1043100068694598696946986A6947986B69AEE922
:104320006C6948986D6949986E69FAE86F694A98AE
:1043300070694B987169A8E972694C9873694D98D6
:1043400074694E9875694F98766950987769ACBFD3
:104350007869B1E97969BAE97A6951987B695298C3
:104360007C69A5C27D6953987E6954987F69559888
:104370008069AFE9816956988269C5B883695798A1
:104380008469ADE9856958988669DCD38769B4E9A1
:104390008869B5E98969B7E98A6959988B695A9832
:1043A0008C695B988D69C7E98E695C988F695D98A7
:1043B00090695E9891695F98926960989369619835
:1043C0009469C6C09569C5E99669629897696398CA
:1043D0009869B0E9996964989A6965989B69BBE99D
:1043E0009C69F1B09D6966989E6967989F69689815
:1043F000A0696998A1696A98A2696B98A3696C9889
:10440000A4696D98A5696E98A6696F98A769BCE9BB
:10441000A869A5D5A9697098AA697198AB69BEE920
:10442000AC697298AD69BFE9AE697398AF69749869
:10443000B0697598B169C1E9B2697698B36977983E
:10444000B469F1C1B5697898B6697998B769B6C8A1
:10445000B8697A98B9697B98BA697C98BB69BDE9F3
:10446000BC697D98BD697E98BE698098BF69819856
:10447000C0698298C169C2E9C2698398C369849896
:10448000C4698598C5698698C6698798C7698898F8
:10449000C8698998C9698A98CA69C3E9CB698B9840
:1044A000CC69B3E9CD698C98CE69B6E9CF698D98AE
:1044B000D069B1BBD1698E98D2698F98D369909831
:1044C000D469C0E9D5699198D6699298D7699398CB
:1044D000D8699498D9699598DA699698DB69F7BC98
:1044E000DC699798DD699898DE699998DF69C4E975
:1044F000E069C6E9E1699A98E2699B98E3699C984A
:10450000E4699D98E5699E98E6699F98E769A09897
:10451000E869A198E969A298EA69A398EB69A49867
:10452000EC69A598ED69CAE9EE69A698EF69A798C4
:10453000F069A898F169A998F269CEE9F369AA9897
:10454000F469AB98F569AC98F669AD98F769AE98DF
:10455000F869AF98F969B098FA69B198FB69B298AF
:10456000FC69B398FD69DBB2FE69B498FF69C8E9DC
:10457000006AB598016AB698026AB798036AB89853
:10458000046AB998056ABA98066ABB98076ABC9823
:10459000086ABD98096ABE980A6AAEB70B6ABF98E6
:1045A0000C6AC0980D6AC1980E6AC2980F6AC398C7
:1045B000106AC498116AC598126AC698136AC79897
:1045C000146AC898156AC998166ACA98176ACBE916
:1045D000186ACCE9196ACB981A6ACC981B6ACD98EC
:1045E0001C6ACE981D6ACF981E6AD0981F6AC1D5E2
:1045F000206AD198216AA3C4226AD298236AD398E8
:10460000246AD498256AD598266AD698276AD798B6
:10461000286AD8E9296AD8982A6AE1BA2B6AD9980F
:104620002C6ADA982D6ADB982E6ADC982F6AC9E921
:10463000306ADD98316AA3D3326ADE98336ADF9834
:10464000346AE098356AD4E9366AE198376AE298C4
:10465000386AE398396AE4983A6AE5983B6AE698DA
:104660003C6AE7983D6AD7E93E6AD0E93F6AE89834
:10467000406AE998416AEA98426AEB98436AEC9882
:10468000446ACFE9456AED98466AEE98476AC1C721
:10469000486AEF98496AF0984A6AF1984B6AF2982A
:1046A0004C6AF3984D6AF4984E6AF5984F6AF698FA
:1046B000506AD2E9516AF798526AF898536AF998A1
:1046C000546AFA98556AFB98566AFC98576AFD989E
:1046D000586AD9E9596AC8B35A6AFE985B6AD3E93D
:1046E0005C6A40995D6A41995E6A42995F6A439942
:1046F000606A4499616AF0CF626A4599636A469933
:10470000646A4799656ACDE9666A4899676A499912
:10471000686A4A99696A4B996A6A4C996B6A4D99B9
:104720006C6A4E996D6A4F996E6A50996F6A519989
:10473000706A5299716AF7B3726A5399736A54999D
:10474000746A5599756A5699766A5799776A58992D
:10475000786A5999796AD6E97A6A5A997B6A5B9933
:104760007C6ADAE97D6A5C997E6A5D997F6A5E9906
:10477000806AB4CC816A5F99826A6099836A619920
:10478000846AADCF856A6299866A6399876A6499FB
:10479000886A6599896A66998A6A67998B6A68994D
:1047A0008C6A69998D6A6A998E6AD5E98F6A6B9964
:1047B000906ADCE9916ADBE9926A6C99936A6D9977
:1047C000946A6E99956A6F99966A7099976ADEE90C
:1047D000986A7199996A72999A6A73999B6A74999D
:1047E0009C6A75999D6A76999E6A77999F6A78996D
:1047F000A06AD1E9A16A7999A26A7A99A36A7B9998
:10480000A46A7C99A56A7D99A66A7E99A76A80990F
:10481000A86A8199A96ADDE9AA6A8299AB6ADFE987
:10482000AC6ACAC3AD6A8399AE6A8499AF6A859946
:10483000B06A8699B16A8799B26A8899B36A899988
:10484000B46A8A99B56A8B99B66A8C99B76A8D9958
:10485000B86A8E99B96A8F99BA6A9099BB6A919928
:10486000BC6A9299BD6A9399BE6A9499BF6A9599F8
:10487000C06A9699C16A9799C26A9899C36A9999C8
:10488000C46A9A99C56A9B99C66A9C99C76A9D9998
:10489000C86A9E99C96A9F99CA6AA099CB6AA19968
:1048A000CC6AA299CD6AA399CE6AA499CF6AA59938
:1048B000D06AA699D16AA799D26AA899D36AA99908
:1048C000D46AAA99D56AAB99D66AAC99D76AAD99D8
:1048D000D86AAE99D96AAF99DA6AB099DB6AB199A8
:1048E000DC6AB299DD6AB399DE6AB499DF6AB59978
:1048F000E06AB699E16AB799E26AB899E36AB99948
:10490000E46ABA99E56ABB99E66ABC99E76ABD9917
:10491000E86ABE99E96ABF99EA6AC099EB6AC199E7
:10492000EC6AC299ED6AC399EE6AC499EF6AC599B7
:10493000F06AC699F16AC799F26AC899F36AC99987
:10494000F46ACA99F56ACB99F66ACC99F76ACD9957
:10495000F86ACE99F96ACF99FA6AD099FB6AD19927
:10496000FC6AD299FD6AD399FE6AD499FF6AD599F7
:10497000006BD699016BD799026BD899036BD999C3
:10498000046BDA99056BDB99066BDC99076BDD9993
:10499000086BDE99096BDF990A6BE0990B6BE19963
:1049A0000C6BE2990D6BE3990E6BE4990F6BE59933
:1049B000106BE699116BE799126BE899136BE99903
:1049C000146BEA99156BEB99166BEC99176BED99D3
:1049D000186BEE99196BEF991A6BF0991B6BF199A3
:1049E0001C6BF2991D6BF3991E6BF4991F6BF59973
:1049F000206BB7C7216BCEB4226BB6BB236BC0D084
:104A0000246BA3EC256BF699266BF799276BB7C53A
:104A1000286BF899296BF9992A6BFA992B6BFB99FA
:104A20002C6BFC992D6BFD992E6BFE992F6B409A88
:104A3000306B419A316B429A326BFBD3336B439AA2
:104A4000346B449A356B459A366B469A376BA4ECB7
:104A5000386B479A396BA5EC3A6BDBC63B6B489ACF
:104A60003C6B499A3D6B4A9A3E6BEEBF3F6B4B9A4B
:104A7000406B4C9A416B4D9A426B4E9A436BA6EC3D
:104A8000446B4F9A456B509A466BA7EC476BAAD084
:104A9000486B519A496BB8C74A6B529A4B6B539A01
:104AA0004C6BE8B84D6B549A4E6B559A4F6B569AB7
:104AB000506B579A516B589A526B599A536B5A9A3A
:104AC000546B5B9A556B5C9A566B5D9A576B5E9A0A
:104AD000586B5F9A596BA8EC5A6B609A5B6B619A42
:104AE0005C6B629A5D6B639A5E6B649A5F6B659AAE
:104AF000606B669A616B679A626BB9D6636BFDD522
:104B0000646BCBB4656BBDB2666BE4CE676BE7C616
:104B1000686B689A696B699A6A6BE1CD6B6B6A9A8C
:104B20006C6B6B9A6D6B6C9A6E6B6D9A6F6B6E9A09
:104B3000706B6F9A716B709A726B719A736B729AD9
:104B4000746B739A756B749A766B759A776B769AA9
:104B5000786B779A796BF5B47A6B789A7B6BC0CB6C
:104B60007C6BDFBC7D6B799A7E6B7A9A7F6B7B9ACC
:104B7000806B7C9A816BE2E9826BE3E9836BEAD11B
:104B8000846BE5E9856B7D9A866BF9B4876BE4E904
:104B9000886B7E9A896BB3D18A6BE2CA8B6BD0B279
:104BA0008C6B809A8D6BE8E98E6B819A8F6B829A01
:104BB000906B839A916B849A926BE6E9936BE7E929
:104BC000946B859A956B869A966BB3D6976B879AFA
:104BD000986B889A996B899A9A6BE9E99B6BEAE9D9
:104BE0009C6B8A9A9D6B8B9A9E6B8C9A9F6B8D9A0D
:104BF000A06B8E9AA16BEBE9A26B8F9AA36B909A34
:104C0000A46B919AA56B929AA66B939AA76B949AB0
:104C1000A86B959AA96B969AAA6BECE9AB6B979ADD
:104C2000AC6B989AAD6B999AAE6B9A9AAF6B9B9A54
:104C3000B06B9C9AB16B9D9AB26B9E9AB36BAFECC2
:104C4000B46BB9C5B56BCEB6B66B9F9AB76BF3D2E2
:104C5000B86BA09AB96BA19ABA6BA29ABB6BA39AD4
:104C6000BC6BA49ABD6BA59ABE6BA69ABF6BEEB542
:104C7000C06BA79AC16BD9BBC26BB1ECC36BA89ACE
:104C8000C46BA99AC56BE3D2C66BAA9AC76BAB9AE1
:104C9000C86BAC9AC96BAD9ACA6BAE9ACB6BE3CEBC
:104CA000CC6BAF9ACD6BB8C4CE6BB09ACF6BBFC391
:104CB000D06BB19AD16BB29AD26BBEB6D36BB9D866
:104CC000D46BC8B1D56BCFB1D66BD1B1D76BFEC5A4
:104CD000D86BB39AD96BD0B1DA6BB49ADB6BABC338
:104CE000DC6BB59ADD6BB69ADE6BB79ADF6BB89A60
:104CF000E06BB99AE16BB1D5E26BBA9AE36BBB9A00
:104D0000E46BBC9AE56BBD9AE66BBE9AE76BBF9A03
:104D1000E86BC09AE96BC19AEA6BA4EBEB6BC1BA82
:104D2000EC6BC29AED6BC39AEE6BC49AEF6BBACC84
:104D3000F06BC59AF16BC69AF26BC79AF36BA5EB51
:104D4000F46BC89AF56BA7EBF66BC99AF76BCA9A26
:104D5000F86BCB9AF96BA8EBFA6BCC9AFB6BCD9AFC
:104D6000FC6BCE9AFD6BA6EBFE6BCF9AFF6BD09AD5
:104D7000006CD19A016CD29A026CD39A036CD49ACB
:104D8000046CD59A056CA9EB066CABEB076CAAEB2F
:104D9000086CD69A096CD79A0A6CD89A0B6CD99A77
:104DA0000C6CDA9A0D6CACEB0E6CDB9A0F6CCFCA04
:104DB000106CB5D8116CF1C3126CDC9A136CA5C3DE
:104DC000146CF8C6156CADEB166CCAC4176CDD9A82
:104DD000186CAEEB196CAFEB1A6CB0EB1B6CD5B763
:104DE0001C6CDE9A1D6CDF9A1E6CE09A1F6CFAB781
:104DF000206CE19A216CB1EB226CE2C7236CE29A41
:104E0000246CB3EB256CE39A266CA4BA276CF5D11D
:104E1000286CB1B0296CB2EB2A6CB4EB2B6CE49A21
:104E20002C6CE59A2D6CE69A2E6CAAB52F6CC8C234
:104E3000306CE8C7316CE79A326CB5EB336CE89AAA
:104E4000346CAECB356CDFE3366CE99A376CEA9A9A
:104E5000386CC0D3396CEB9A3A6CEC9A3B6CED9A97
:104E60003C6CEE9A3D6CDBD93E6CEF9A3F6CF09A4D
:104E7000406CA1CD416CADD6426CF3C7436CF19A46
:104E8000446CF29A456CF39A466CE0D9476CE3BBEC
:104E9000486CF49A496CBABA4A6CE2E34B6CF59AE6
:104EA0004C6CF69A4D6CF79A4E6CF89A4F6CF99AD6
:104EB000506CABCF516CFA9A526CFB9A536CFC9AC3
:104EC000546CE0E3556CC7C9566CFD9A576CB9BA7F
:104ED000586CFE9A596C409B5A6C419B5B6CB4D1E8
:104EE0005C6CE1E35D6CEAC85E6CAFB95F6CADBD54
:104EF000606CD8B3616CDBCE626C429B636C439B8D
:104F0000646CC0CC656C449B666C459B676C469B2F
:104F1000686CE8E3696CE9E36A6CF4CD6B6C479B01
:104F20006C6C489B6D6C499B6E6C4A9B6F6C4B9B89
:104F3000706CADCC716C4C9B726CB3BC736C4D9B44
:104F4000746CEAE3756C4E9B766CEBE3776C4F9B6D
:104F5000786C509B796CDAD07A6C519B7B6C529B4D
:104F60007C6C539B7D6CFBC67E6CDAB77F6C549B6C
:104F7000806C559B816CDFC7826CCAD2836CD6CEA5
:104F8000846C569B856CE4E3866CECE3876C579BE2
:104F9000886CF2C9896CC1B38A6C589B8B6C599B25
:104FA0008C6CE7E38D6C5A9B8E6C5B9B8F6CE3C6BD
:104FB000906CE5E3916C5C9B926C5D9B936CB3EDA4
:104FC000946CE6E3956C5E9B966C5F9B976C609B24
:104FD000986C619B996CB3C99A6C629B9B6CE6C59B
:104FE0009C6C639B9D6C649B9E6C659B9F6CB5B930
:104FF000A06C669BA16CBBC3A26C679BA36CE3E334
:10500000A46CBDC5A56CA4C1A66CD9C2A76CD7B24F
:10501000A86C689BA96CEDE3AA6CA6BBAB6CADC495
:10502000AC6C699BAD6CF0E3AE6CDABEAF6C6A9BA6
:10503000B06C6B9BB16CFBE3B26CF5E3B36CD3BAB1
:10504000B46C6C9BB56C6D9BB66C6E9BB76C6F9BB8
:10505000B86CD0B7B96CCDD3BA6C709BBB6CCED6E4
:10506000BC6CD3D5BD6CC1B9BE6CB4D5BF6CD8D146
:10507000C06C719BC16C729BC26C739BC36C749B44
:10508000C46CB9D0C56CF6C7C66C759BC76C769BF3
:10509000C86C779BC96CAAC8CA6CB4B2CB6C789B3D
:1050A000CC6CDAC3CD6C799BCE6C7A9BCF6C7B9B3E
:1050B000D06CEEE3D16C7C9BD26C7D9BD36CFCE31B
:1050C000D46CEFE3D56CA8B7D66CF7E3D76CF4E3F8
:1050D000D86C7E9BD96C809BDA6C819BDB6CBAB7F9
:1050E000DC6C829BDD6C839BDE6CA2C5DF6C849BD9
:1050F000E06CF6E3E16CDDC5E26CA8B2E36CFCC6E3
:10510000E46C859BE56CE0C4E66C869BE76C879B52
:10511000E86CA2D7E96C889BEA6CE1C0EB6CF9E320
:10512000EC6C899BED6C8A9BEE6CFAE3EF6CFDE313
:10513000F06CA9CCF16CF3E3F26C8B9BF36CBED3F7
:10514000F46C8C9BF56CC3B1F66CB4EDF76CF1E3C9
:10515000F86CF2E3F96C8D9BFA6CF8E3FB6CBAD057
:10516000FC6CC3C6FD6CF3D4FE6CFEE3FF6C8E9B3F
:10517000006D8F9B016DE0BD026D909B036D919B57
:10518000046DA7E4056D929B066D939B076DA6E4E5
:10519000086D949B096D959B0A6D969B0B6DF3D1E1
:1051A0000C6DA3E40D6D979B0E6DA9E40F6D989B9C
:1051B000106D999B116D9A9B126DF7C8136D9B9B97
:1051C000146D9C9B156D9D9B166D9E9B176DB4CFAA
:1051D000186D9F9B196DA8E41A6DAEE41B6DE5C2B6
:1051E0001C6DA09B1D6DA19B1E6DB4B61F6DA29B77
:1051F000206DA39B216DA49B226DA59B236DA69B77
:10520000246DA79B256DF2BD266DA89B276DA2E49A
:10521000286DA99B296DAA9B2A6DE9BA2B6DAAE47A
:105220002C6DAB9B2D6DAC9B2E6DACE42F6DAD9BAF
:10523000306DAE9B316DFDB6326DDED6336DB2E4AE
:10524000346DAF9B356DADE4366DB09B376DB19B62
:10525000386DB29B396DA1E43A6DB39B3B6DEEBBEB
:105260003C6DDDCD3D6DA2C73E6DC9C53F6DB49BA4
:10527000406DB59B416DF7C1426DB69B436DA4E493
:10528000446DB79B456DB3C7466DACBD476DBDBDA5
:10529000486DA5E4496DB89B4A6DC7D74B6DE2B226
:1052A0004C6DB99B4D6DABE44E6DC3BC4F6DAFE41F
:1052B000506DBA9B516DEBBB526DB0E4536DA8C5F8
:1052C000546DB1E4556DBB9B566DBC9B576DBD9B3A
:1052D000586DBE9B596DE3D55A6DA3BF5B6DBF9BE7
:1052E0005C6DBAE45D6DC09B5E6DB7E45F6DC19BA4
:1052F000606DBBE4616DC29B626DC39B636DBDE479
:10530000646DC49B656DC59B666DD6C6676DC69B97
:10531000686DC79B696DC6BA6A6DCBC06B6DC89B63
:105320006C6DC99B6D6DCA9B6E6DA1B86F6DB4E459
:10533000706DCB9B716DCC9B726DCD9B736DCE9B55
:10534000746DA1D4756DCF9B766DD09B776DA3BA2C
:10535000786DFEBD796DD19B7A6DD29B7B6DD39BB1
:105360007C6DBCE47D6DD49B7E6DD59B7F6DD69BA3
:10537000806DD79B816DD89B826DBFCD836DD99B8E
:10538000846DDA9B856DF9C4866DDB9B876DDC9B34
:10539000886DFBCF896DE6C98A6DDD9B8B6DDE9BC9
:1053A0008C6DBFD38D6DDF9B8E6DD1CF8F6DE09BEC
:1053B000906DE19B916DB3E4926DE29B936DB8E4C7
:1053C000946DB9E4956DE9CC966DE39B976DE49B84
:1053D000986DE59B996DE69B9A6DE79B9B6DCECC96
:1053E0009C6DE89B9D6DD4C09E6DB5E49F6DB0C172
:1053F000A06DB6E4A16DD0CEA26DE99BA36DC1BB3B
:10540000A46DD3B5A56DEA9BA66DF3C8A76DA7BD26
:10541000A86DC7D5A96DACC9AA6DA2B8AB6DCAE419
:10542000AC6DEB9BAD6DEC9BAE6DCCE4AF6DC4D1C0
:10543000B06DED9BB16DEE9BB26DBAD2B36DEF9BCB
:10544000B46DF09BB56DADBAB66DF19BB76DF29BC7
:10545000B86DD4BAB96DF39BBA6DF49BBB6DF59B77
:10546000BC6DF69BBD6DF79BBE6DF89BBF6DC3E435
:10547000C06DEDB5C16DF99BC26DFA9BC36DFB9B11
:10548000C46DCDD7C56DC0E4C66DFDCFC76DBFE49B
:10549000C86DFC9BC96DFD9BCA6DFE9BCB6DDCC1CD
:1054A000CC6DCACCCD6D409CCE6D419CCF6D429CE5
:1054B000D06D439CD16DE7CAD26D449CD36D459CA1
:1054C000D46D469CD56D479CD66DD7C4D76D489C8E
:1054D000D86DD4CCD96DC8E4DA6D499CDB6D4A9C9B
:1054E000DC6D4B9CDD6DC7E4DE6DC1E4DF6D4C9C73
:1054F000E06DC4E4E16DADB5E26D4D9CE36D4E9C95
:10550000E46DD9D3E56D4F9CE66DC6E4E76D509C24
:10551000E86D519CE96D529CEA6D539CEB6DF9D29C
:10552000EC6DE3B4ED6D549CEE6DB4BBEF6D559C2A
:10553000F06D569CF16DEEC9F26D579CF36DBEB4E3
:10554000F46D589CF56D599CF66D5A9CF76DECBB4B
:10555000F86D5B9CF96DCDD1FA6D5C9CFB6DEDCC6B
:10556000FC6DB5EDFD6D5D9CFE6D5E9CFF6D5F9C01
:10557000006E609C016E619C026E629C036E639C77
:10558000046E649C056EE5C7066E659C076E669C9E
:10559000086E679C096E689C0A6EA8D40B6E699CA5
:1055A0000C6ECBE40D6ED5D70E6EC2E40F6E6A9C06
:1055B000106EA5BD116EC5E4126E6B9C136E6C9CD3
:1055C000146EE6D3156E6D9C166EC9E4176EF8C99D
:1055D000186E6E9C196E6F9C1A6EBEE41B6E709CEA
:1055E0001C6E719C1D6EE5D31E6E729C1F6E739CAB
:1055F000206EFEC7216EC9B6226E749C236EFCD449
:10560000246EB3B2256ED7E4266E759C276E769C09
:10561000286E779C296EC2CE2A6E789C2B6ECDE4C4
:105620002C6E799C2D6EBCCE2E6E7A9C2F6EDBB8C4
:10563000306E7B9C316E7C9C326ED6E4336E7D9CEA
:10564000346ECABF356E7E9C366E809C376E819CF0
:10565000386ECED3396E829C3A6EECC33B6E839C1F
:105660003C6E849C3D6E859C3E6E869C3F6E879C06
:10567000406E889C416E899C426E8A9C436EC8C570
:10568000446ED8E4456E8B9C466E8C9C476E8D9C18
:10569000486E8E9C496E8F9C4A6E909C4B6E919C7E
:1056A0004C6E929C4D6EC4CD4E6ECFE44F6E939C6B
:1056B000506E949C516E959C526E969C536ED4E4A1
:1056C000546ED5E4556E979C566EFEBA576E989CF4
:1056D000586EE6CF596E999C5A6E9A9C5B6EBFD5F8
:1056E0005C6E9B9C5D6E9C9C5E6E9D9C5F6ED2E42E
:1056F000606E9E9C616E9F9C626EA09C636EA19C7E
:10570000646EA29C656EA39C666EA49C676EA59C4D
:10571000686EA69C696EA79C6A6EA89C6B6ED0E4AE
:105720006C6EA99C6D6EAA9C6E6ECEE46F6EAB9C87
:10573000706EAC9C716EAD9C726EAE9C736EAF9CC5
:10574000746EB09C756EB19C766EB29C776EB39C95
:10575000786EB49C796EB59C7A6EB69C7B6EB79C65
:105760007C6EB89C7D6EB99C7E6EE5CD7F6EAACABC
:10577000806EBA9C816EBB9C826EBC9C836EA3C003
:10578000846EBD9C856EA6BD866ED3E4876EBE9C7E
:10579000886EBF9C896EC8B88A6EC09C8B6EC19C97
:1057A0008C6EC29C8D6EC39C8E6EC49C8F6EE7E423
:1057B000906EB4D4916EC59C926EC69C936EC79C3D
:1057C000946EC89C956EC99C966ECA9C976ECB9C35
:1057D000986EDBE4996ECC9C9A6ECD9C9B6ECE9CB1
:1057E0009C6EEFC19D6ECF9C9E6ED09C9F6EE9E437
:1057F000A06ED19CA16ED29CA26EE7D2A36ED39C68
:10580000A46ED49CA56EDFE4A66ED59CA76EE0E4E2
:10581000A86ED69CA96ED79CAA6EAACFAB6ED89C58
:10582000AC6ED99CAD6EDA9CAE6EDB9CAF6EDDCB00
:10583000B06EDC9CB16EDAE4B26ED1E4B36EDD9C86
:10584000B46EE5E4B56EDE9CB66EDCC8B76EE3E41C
:10585000B86EDF9CB96EE09CBA6EE7C4BB6EE2E442
:10586000BC6EE19CBD6EE1E4BE6EE29CBF6EE39C4B
:10587000C06EE49CC16EFCB3C26EE8E4C36EE59CEE
:10588000C46EE69CC56EE79CC66EE89CC76EE1B52B
:10589000C86EE99CC96EEA9CCA6EEB9CCB6ECCD7F5
:1058A000CC6EEC9CCD6EED9CCE6EEE9CCF6EE6E4A5
:1058B000D06EEF9CD16EACBBD26EF09CD36ED2D7C3
:1058C000D46ECFCCD56EF8EBD66EF19CD76EE4E4F7
:1058D000D86EF29CD96EF39CDA6EF6B9DB6EF49C4E
:1058E000DC6EF59CDD6EF69CDE6ECDD6DF6ED9E407
:1058F000E06EDCE4E16EFAC2E26EDEE4E36EF79C99
:10590000E46ECBC2E56EC4C0E66ED0C2E76EF89C12
:10591000E86EF5B1E96EB2CCEA6EF99CEB6EFA9CDA
:10592000EC6EFB9CED6EFC9CEE6EFD9CEF6EFE9CA7
:10593000F06E409DF16E419DF26E429DF36E439D6F
:10594000F46ECEB5F56E449DF66E459DF76E469DA0
:10595000F86E479DF96EEFE4FA6E489DFB6E499D27
:10596000FC6E4A9DFD6E4B9DFE6E4C9DFF6E4D9DE7
:10597000006F4E9D016F4F9D026FAFC6036F509D2C
:10598000046F519D056F529D066FE1C6076F539DD1
:10599000086F549D096FF5E40A6F559D0B6F569D76
:1059A0000C6F579D0D6F589D0E6F599D0F6FA9C2BB
:1059B000106F5A9D116F5B9D126F5C9D136FECC051
:1059C000146FDDD1156FEEE4166F5D9D176F5E9D50
:1059D000186F5F9D196F609D1A6F619D1B6F629DAF
:1059E0001C6F639D1D6F649D1E6F659D1F6F669D7F
:1059F000206FAEC4216F679D226F689D236F699DE4
:105A0000246FEDE4256F6A9D266F6B9D276F6C9D5B
:105A1000286F6D9D296FF6E42A6FF4E42B6FFEC2A8
:105A20002C6F6E9D2D6FDDE42E6F6F9D2F6FF0E458
:105A3000306F709D316FFECA326F719D336FC4D568
:105A4000346F729D356F739D366FF1E4376F749DBF
:105A5000386F759D396F769D3A6F779D3B6F789D56
:105A60003C6F799D3D6F7A9D3E6FFAD13F6F7B9D74
:105A7000406F7C9D416F7D9D426F7E9D436F809DF9
:105A8000446F819D456F829D466FEBE4476FECE468
:105A9000486F839D496F849D4A6F859D4B6FF2E4EB
:105AA0004C6F869D4D6FABCE4E6F879D4F6F889D1F
:105AB000506F899D516F8A9D526F8B9D536F8C9D46
:105AC000546F8D9D556F8E9D566F8F9D576F909D16
:105AD000586FCBC5596F919D5A6F929D5B6F939D87
:105AE0005C6FB1C75D6F949D5E6FBAC25F6F959D2D
:105AF000606F969D616F979D626FEAE4636F989DFA
:105B0000646F999D656F9A9D666FCAC1676F9B9D13
:105B1000686F9C9D696F9D9D6A6F9E9D6B6F9F9D39
:105B20006C6FA09D6D6FB6CC6E6FB1B36F6FA19DA2
:105B3000706FA29D716FA39D726FFBE4736FA49D44
:105B4000746FF3E4756FA59D766FA69D776FA79D23
:105B5000786FFAE4796FA89D7A6FFDE47B6FA99D59
:105B60007C6FFCE47D6FAA9D7E6FAB9D7F6FAC9DCB
:105B7000806FAD9D816FAE9D826FAF9D836FB09D35
:105B8000846FCEB3856FB19D866FB29D876FB39DD5
:105B9000886FBAB3896FF7E48A6FB49D8B6FB59D38
:105BA0008C6FF9E48D6FF8E48E6FECC58F6FB69D46
:105BB000906FB79D916FB89D926FB99D936FBA9D8D
:105BC000946FBB9D956FBC9D966FBD9D976FBE9D5D
:105BD000986FBF9D996FC09D9A6FC19D9B6FC29D2D
:105BE0009C6FBDC09D6FC39D9E6FC49D9F6FC59DE3
:105BF000A06FC69DA16FE8D4A26FC79DA36FC89D7B
:105C0000A46FC99DA56FCA9DA66FCB9DA76FA2E586
:105C1000A86FCC9DA96FCD9DAA6FCE9DAB6FCF9D78
:105C2000AC6FD09DAD6FD19DAE6FD29DAF6FD39D48
:105C3000B06FD49DB16FD59DB26FD69DB36FC4B018
:105C4000B46FD79DB56FD89DB66FA4E5B76FD99DDA
:105C5000B86FDA9DB96FA3E5BA6FDB9DBB6FDC9DB2
:105C6000BC6FDD9DBD6FDE9DBE6FDF9DBF6FE09D94
:105C7000C06FA4BCC16FE19DC26FA5E5C36FE29D7B
:105C8000C46FE39DC56FE49DC66FE59DC76FE69D3C
:105C9000C86FE79DC96FA1E5CA6FE89DCB6FE99D0D
:105CA000CC6FEA9DCD6FEB9DCE6FEC9DCF6FED9DE0
:105CB000D06FEE9DD16FFEE4D26FF4B1D36FEF9D44
:105CC000D46FF09DD56FF19DD66FF29DD76FF39D88
:105CD000D86FF49DD96FF59DDA6FF69DDB6FF79D58
:105CE000DC6FF89DDD6FF99DDE6FA8E5DF6FFA9D33
:105CF000E06FA9E5E16FA6E5E26FFB9DE36FFC9D18
:105D0000E46FFD9DE56FFE9DE66F409EE76F419E4F
:105D1000E86F429EE96F439EEA6F449EEB6F459E9B
:105D2000EC6F469EED6F479EEE6FA7E5EF6FAAE51D
:105D3000F06F489EF16F499EF26F4A9EF36F4B9E43
:105D4000F46F4C9EF56F4D9EF66F4E9EF76F4F9E13
:105D5000F86F509EF96F519EFA6F529EFB6F539EE3
:105D6000FC6F549EFD6F559EFE6F569EFF6F579EB3
:105D70000070589E0170599E02705A9E03705B9E7F
:105D800004705C9E05705D9E06705E9E07705F9E4F
:105D90000870609E0970619E0A70629E0B70639E1F
:105DA0000C70649E0D70659E0E70669E0F70679EEF
:105DB0001070689E1170D9C61270699E13706A9E29
:105DC00014706B9E15706C9E16706D9E17706E9E93
:105DD00018706F9E1970709E1A70ABE51B70ADE560
:105DE0001C70719E1D70729E1E70739E1F70749E3B
:105DF0002070759E2170769E2270779E2370ACE590
:105E00002470789E2570799E26707A9E27707B9EDE
:105E100028707C9E29707D9E2A707E9E2B70809EAD
:105E20002C70819E2D70829E2E70839E2F70849E7A
:105E30003070859E3170869E3270879E3370889E4A
:105E40003470899E3570AFE536708A9E37708B9EB0
:105E500038708C9E3970AEE53A708D9E3B708E9E88
:105E60003C708F9E3D70909E3E70919E3F70929EC2
:105E70004070939E4170949E4270959E4370969E92
:105E80004470979E4570989E4670999E47709A9E62
:105E900048709B9E49709C9E4A709D9E4B709E9E32
:105EA0004C70E0B94D709F9E4E70A09E4F70B0E553
:105EB0005070A19E5170A29E5270A39E5370A49EDA
:105EC0005470A59E5570A69E5670A79E5770A89EAA
:105ED0005870A99E5970AA9E5A70AB9E5B70AC9E7A
:105EE0005C70AD9E5D70AE9E5E70B1E55F70AF9E02
:105EF0006070B09E6170B19E6270B29E6370B39E1E
:105F00006470B49E6570B59E6670B69E6770B79EED
:105F10006870B89E6970B99E6A70BA9E6B70F0BB6B
:105F20006C70E1EC6D70F0C36E70BB9E6F70C6B5A7
:105F30007070D2BB7170BC9E7270BD9E7370BE9E3D
:105F40007470BF9E7570E9C17670EED47770C09E94
:105F50007870C4BE7970C19E7A70C29E7B70C39EF9
:105F60007C70C6D77D70C49E7E70D6D47F70D3B24D
:105F70008070BEEC8170C59E8270C69E8370C79E85
:105F80008470C89E8570C1EA8670C99E8770CA9E5B
:105F90008870CB9E8970AFC28A70B6B48B70CC9E6D
:105FA0008C70CD9E8D70CE9E8E70D7D18F70CF9E0F
:105FB0009070D09E9170D19E9270B4B39370D29E27
:105FC0009470B2C89570BBBF9670C0EC9770D39EAA
:105FD0009870D49E9970CBD69A70D59E9B70D69EA1
:105FE0009C70BFEC9D70C1EC9E70D79E9F70D89E38
:105FF000A070D99EA170DA9EA270DB9EA370DC9E79
:10600000A470DD9EA570DE9EA670DF9EA770E09E48
:10601000A870E19EA970E29EAA70E39EAB70C5ECE9
:10602000AC70E6BEAD70BFCCAE70DAC5AF70BCBEB2
:10603000B070E49EB170C6ECB270E59EB370FEB174
:10604000B470E69EB570E79EB670E89EB770C4EC7B
:10605000B870A8D5B970E3B5BA70E99EBB70C2EC50
:10606000BC70B6C1BD70E3B3BE70EA9EBF70EB9E5C
:10607000C070C3ECC170B8CBC270C3C0C370FECCDB
:10608000C470EC9EC570ED9EC670EE9EC770EF9E0C
:10609000C870D2C1C970F09ECA70C8ECCB70F19EB6
:1060A000CC70F29ECD70F39ECE70F49ECF70F59EB4
:1060B000D070F69ED170F79ED270F89ED370F99E84
:1060C000D470FA9ED570FB9ED670FC9ED770FD9E54
:1060D000D870E6BAD970D3C0DA70FE9EDB70F2D603
:1060E000DC70409FDD70419FDE70429FDF70CCD13D
:1060F000E070439FE170449FE270459FE370469FCC
:10610000E470BEBFE570479FE670B3B7E770D5C9CE
:10611000E870C7ECE970E2BBEA70489FEB70CCCC4A
:10612000EC70FDBDED70C8C8EE70499FEF70A9CF4F
:10613000F0704A9FF1704B9FF2704C9FF3704D9F2F
:10614000F4704E9FF5704F9FF670509FF770E9CD39
:10615000F870519FF970EBC5FA70529FFB70539F16
:10616000FC70549FFD70E9B7FE70559FFF70569FFD
:106170000071579F0171589F0271599F03715A9F77
:1061800004715B9F05715C9F06715D9F07715E9F47
:1061900008715F9F0971C9D10A71B8BA0B71609F0C
:1061A0000C71619F0D71629F0E71639F0F71649FEF
:1061B0001071C9EC1171659F1271669F1371CAEC61
:1061C0001471679F1571C0BB1671CBEC1771689F76
:1061D0001871E2EC1971BAB11A71D9B71B71699FC4
:1061E0001C716A9F1D716B9F1E716C9F1F716D9F4B
:1061F00020716E9F21716F9F2271709F2371719F1B
:106200002471729F2571739F2671B9BD2771749F88
:106210002871759F2971769F2A71779F2B71789FBE
:106220002C71799F2D717A9F2E717B9F2F71CCECF1
:106230003071E6D13171CDEC32717C9F33717D9F2D
:1062400034717E9F3571809F3671BBC83771819FD5
:106250003871829F3971839F3A71849F3B71859F0A
:106260003C71869F3D71879F3E71889F3F71899FDA
:1062700040718A9F41718B9F42718C9F43718D9FAA
:1062800044718E9F4571D1EC46718F9F4771909FED
:106290004871919F4971929F4A71D3EC4B71939FC2
:1062A0004C71CDBB4D71949F4E71E5BC4F71959F64
:1062B0005071969F5171979F5271989F5371999FFA
:1062C00054719A9F55719B9F56719C9F57719D9FCA
:1062D00058719E9F59719F9F5A71A09F5B71A19F9A
:1062E0005C71CFEC5D71A29F5E71B7C95F71A39FB6
:1062F0006071A49F6171A59F6271A69F6371A79F42
:106300006471BAC36571A89F6671E3EC6771D5D5F6
:106310006871D0EC6971A99F6A71AA9F6B71AB9F7C
:106320006C71AC9F6D71AD9F6E71F3D66F71AE9F46
:106330007071AF9F7171B09F7271D2EC7371CEECBE
:106340007471B19F7571B29F7671B39F7771B49F6D
:106350007871D4EC7971B59F7A71D5EC7B71B69F69
:106360007C71B79F7D71BFC97E71B89F7F71B99FE6
:106370008071BA9F8171BB9F8271BC9F8371BD9FE9
:106380008471A8CF8571BE9F8671BF9F8771C09FA2
:106390008871C19F8971C29F8A71DCD08B71C39F44
:1063A0008C71C49F8D71C59F8E71C69F8F71ACD14A
:1063B0009071C79F9171C89F9271C99F9371CA9F35
:1063C0009471DBC89571CB9F9671CC9F9771CD9FCF
:1063D0009871D6EC9971F5CE9A71CE9F9B71CF9F33
:1063E0009C71D09F9D71D19F9E71D29F9F71ECCA6D
:1063F000A071DAECA171D39FA271D49FA371D59F34
:10640000A471D69FA571D79FA671D89FA771D99F58
:10641000A871D9ECA971DA9FAA71DB9FAB71DC9FDF
:10642000AC71BEB0AD71DD9FAE71DE9FAF71DF9F0D
:10643000B071E09FB171E19FB271E29FB371D7EC8F
:10644000B471E39FB571D8ECB671E49FB771E59F65
:10645000B871E69FB971E4ECBA71E79FBB71E89F30
:10646000BC71E99FBD71EA9FBE71EB9FBF71EC9F4C
:10647000C071ED9FC171EE9FC271EF9FC371BCC827
:10648000C471F09FC571F19FC671F29FC771F39FF0
:10649000C871F49FC971F59FCA71F69FCB71F79FC0
:1064A000CC71F89FCD71F99FCE71C7C1CF71FA9FA2
:1064B000D071FB9FD171FC9FD271FD9FD371FE9F64
:1064C000D471DCECD571E0D1D67140A0D77141A078
:1064D000D87142A0D97143A0DA7144A0DB7145A004
:1064E000DC7146A0DD7147A0DE7148A0DF7149A0D4
:1064F000E071DBECE1714AA0E2714BA0E3714CA0CA
:10650000E4714DA0E571EFD4E6714EA0E771DDECCA
:10651000E8714FA0E97150A0EA7151A0EB7152A04F
:10652000EC7153A0ED7154A0EE71C6DBEF7155A074
:10653000F07156A0F17157A0F27158A0F37159A0F3
:10654000F4715AA0F5715BA0F6715CA0F7715DA0C3
:10655000F8715EA0F971DEECFA715FA0FB7160A0CA
:10656000FC7161A0FD7162A0FE7163A0FF7164A067
:10657000007265A0017266A0027267A0037268A033
:10658000047269A005726AA00672ACB107726BA0B2
:1065900008726CA009726DA00A726EA00B726FA0D7
:1065A0000C7270A00D7271A00E7272A00F7273A0A7
:1065B000107274A0117275A0127276A0137277A077
:1065C000147278A0157279A016727AA017727BA047
:1065D00018727CA019727DA01A727EA01B7280A016
:1065E0001C7281A01D72DFEC1E7282A01F7283A03C
:1065F000207284A0217285A0227286A0237287A0B7
:10660000247288A0257289A026728AA027728BA086
:106610002872E0EC29728CA02A72A6D72B728DA06A
:106620002C72C0C52D728EA02E728FA02F7290A0DA
:106630003072BCEB3172AEB0327291A0337292A064
:10664000347293A03572F4BE3672B8B83772AFD2D6
:106650003872D6B03972F9B53A7294A03B72B3D899
:106660003C7295A03D72ACCB3E7296A03F72DDE3CA
:10667000407297A0417298A0427299A043729AA06A
:1066800044729BA045729CA046729DA04772ACC606
:106690004872E6B049729EA04A729FA04B72A0A0B9
:1066A0004C72C6C54D72B9EB4E72A1A04F72A2A03A
:1066B0005072A3A05172A4A05272BAEB5372A5A05B
:1066C0005472A6A05572A7A05672BBEB5772A8A031
:1066D0005872A9A05972C0D15A72AAA05B72A3C500
:1066E0005C72ABA05D72F2EA5E72ACA05F72B2C483
:1066F0006072ADA06172B5C46272CEC06372AEA0AA
:106700006472AFA06572B0A06672F3EA6772C1C42A
:106710006872B1A06972EFCE6A72B2A06B72B3A058
:106720006C72B4A06D72B5A06E72F0EA6F72F4EA8A
:106730007072B6A07172B7A07272FCC97372B8A001
:106740007472B9A07572A3C77672BAA07772BBA033
:106750007872BCA07972D8CC7A72FECE7B72BDA062
:106760007C72BEA07D72BFA07E72F5EA7F72F6EAEF
:106770008072ACCF8172E7C08272C0A08372C1A068
:106780008472F7EA8572C2A08672C3A08772C4A021
:106790008872C5A08972C6A08A72BFB68B72F8EAE9
:1067A0008C72C7A08D72F9EA8E72C8A08F72FAEA55
:1067B0009072C9A09172CAA09272FBEA9372CBA0A8
:1067C0009472CCA09572CDA09672CEA09772CFA0F5
:1067D0009872D0A09972D1A09A72D2A09B72D3A0C5
:1067E0009C72D4A09D72D5A09E72D6A09F72F1EA31
:1067F000A072D7A0A172D8A0A272D9A0A372DAA069
:10680000A472DBA0A572DCA0A672DDA0A772DEA038
:10681000A872DFA0A972E0A0AA72E1A0AB72E2A008
:10682000AC72AEC8AD72EBE1AE72E3A0AF72B8B7B6
:10683000B072ECE1B172E4A0B272E5A0B372E6A06E
:10684000B472EDE1B572E7A0B672B4D7B772EEE1FB
:10685000B872EFE1B972CCD3BA72E8A0BB72E9A00A
:10686000BC72EAA0BD72EBA0BE72ECA0BF72EDA03C
:10687000C072EEA0C172F1E1C272F1BFC372F0E169
:10688000C472D2B5C572EFA0C672F0A0C772F1A0F3
:10689000C872B7B1C972F2A0CA72F3A0CB72F4A0E9
:1068A000CC72F5A0CD72F3E1CE72F2E1CF72F6A018
:1068B000D072FCBAD172F7A0D272F4E1D372F8A010
:1068C000D472F9A0D572FAA0D672FBA0D772B7B96C
:1068D000D872FCA0D972D1BEDA72FDA0DB72FEA024
:1068E000DC7240AADD7241AADE72FCC4DF7242AAE9
:1068F000E072DDBAE172C6BDE27243AAE37244AA55
:10690000E47245AAE57246AAE67247AAE77248AA67
:10691000E872F5E1E972F7E1EA7249AAEB724AAA74
:10692000EC72C0B6ED72C1CFEE72A8CAEF72F6E19A
:10693000F072F8D5F172FCD3F272F8E1F372FCE177
:10694000F472F9E1F5724BAAF6724CAAF772FAE109
:10695000F872EAC0F9724DAAFA72FEE1FB72A1E286
:10696000FC72C7C0FD724EAAFE724FAAFF7250AAF7
:10697000007351AA0173FBE1027352AA0373FDE194
:10698000047353AA057354AA067355AA077356AA2B
:10699000087357AA097358AA0A73A5E20B7359AA78
:1069A0000C735AAA0D735BAA0E73D4C10F735CAA41
:1069B00010735DAA11735EAA12735FAA1373A3E228
:1069C000147360AA1573A8E21673FEB21773A2E2DD
:1069D000187361AA197362AA1A7363AA1B73CDC3D1
:1069E0001C73C2B21D73A7E21E73A6E21F7364AAD2
:1069F000207365AA2173A4E22273A9E2237366AA15
:106A0000247367AA2573ABE2267368AA277369AA61
:106A100028736AAA2973C9D02A73EDD62B73A8C329
:106A20002C73ACE22D736BAA2E73D7CF2F736CAA85
:106A300030736DAA3173AEE232736EAA33736FAAEC
:106A40003473EFBA357370AA367371AA3773E0E9FD
:106A50003873ADE23973AAE23A7372AA3B7373AA30
:106A60003C7374AA3D7375AA3E73ABBB3F73B3D43A
:106A7000407376AA417377AA427378AA437379AABE
:106A800044737AAA45737BAA46737CAA47737DAA8E
:106A900048737EAA497380AA4A7381AA4B7382AA5B
:106AA0004C7383AA4D73B0E24E7384AA4F7385AAC8
:106AB0005073AFE2517386AA5273E1E9537387AA08
:106AC000547388AA557389AA56738AAA5773B1E278
:106AD00058738BAA59738CAA5A738DAA5B738EAAAA
:106AE0005C738FAA5D7390AA5E7391AA5F7392AA7A
:106AF0006073B2E2617393AA627394AA637395AAF6
:106B0000647396AA657397AA667398AA677399AA1D
:106B100068739AAA69739BAA6A739CAA6B739DAAED
:106B20006C73B3E26D73A1CC6E739EAA6F73B4E203
:106B300070739FAA7173A0AA727340AB737341AB59
:106B4000747342AB757343AB767344AB777345ABE9
:106B5000787346AB797347AB7A7348AB7B7349ABB9
:106B60007C734AAB7D734BAB7E73B5E27F734CABEA
:106B700080734DAB81734EAB82734FAB837350AB5D
:106B80008473FED0857351AB867352AB8773CAC2D0
:106B9000887353AB8973F1D38A7354AB8B73F5CD80
:106BA0008C7355AB8D7356AB8E73E0E78F7357AB19
:106BB000907358AB9173E1E7927359AB93735AABEF
:106BC00094735BAB95735CAB9673C1BE97735DAB0F
:106BD00098735EAB99735FAB9A7360AB9B73EAC2B9
:106BE0009C7361AB9D7362AB9E7363AB9F73E4E771
:106BF000A07364ABA17365ABA273E3E7A37366AB49
:106C0000A47367ABA57368ABA67369ABA7736AABD4
:106C1000A8736BABA973E6CDAA736CABAB73B5C3AA
:106C2000AC736DABAD736EABAE73E2E7AF73B7BB76
:106C3000B073D6CFB1736FABB273E1C1B373E9E791
:106C4000B47370ABB57371ABB67372ABB773E8E77F
:106C5000B87373ABB97374ABBA73F4E7BB73A3B215
:106C6000BC7375ABBD7376ABBE7377ABBF7378ABDC
:106C7000C073EAE7C17379ABC273E6E7C3737AAB5B
:106C8000C4737BABC5737CABC6737DABC7737EAB84
:106C9000C873ECE7C973EBE7CA73BAC9CB7380ABAF
:106CA000CC7381ABCD73E4D5CE7382ABCF73E5E704
:106CB000D073A9B7D173E7E7D27383ABD37384AB37
:106CC000D47385ABD57386ABD67387ABD77388ABDC
:106CD000D87389ABD973EEE7DA738AABDB738BAB0E
:106CE000DC738CABDD738DABDE73F3E7DF738EABE0
:106CF000E073E9D6E1738FABE27390ABE37391ABD2
:106D0000E47392ABE573EDE7E67393ABE773F2E7F9
:106D1000E87394ABE973F1E7EA7395ABEB7396AB69
:106D2000EC7397ABED73E0B0EE7398ABEF7399AB88
:106D3000F0739AABF1739BABF273F5E7F3739CAB13
:106D4000F4739DABF5739EABF6739FABF773A0AB7B
:106D5000F87340ACF97341ACFA7342ACFB7343ACCB
:106D6000FC7344ACFD7345ACFE7346ACFF7347AC9B
:106D7000007448AC017449AC02744AAC0374F2C7A5
:106D800004744BAC0574C5C00674EDC007744CACFC
:106D900008744DAC0974F0C10A74F0E70B744EAC82
:106DA0000C744FAC0D7450AC0E7451AC0F74F6E70C
:106DB0001074F6CB117452AC127453AC137454ACFF
:106DC000147455AC157456AC167457AC177458AC93
:106DD000187459AC19745AAC1A74A2E81B74A1E85F
:106DE0001C745BAC1D745CAC1E745DAC1F745EAC3B
:106DF00020745FAC217460AC2274C1D7237461AC81
:106E0000247462AC2574FAE72674F9E7277463AC3E
:106E10002874FBE7297464AC2A74F7E72B7465AC1B
:106E20002C74FEE72D7466AC2E74FDE72F7467ACEE
:106E30003074FCE7317468AC327469AC3374D5C11A
:106E40003474D9C73574FDC53674C3C537746AAC9C
:106E500038746BAC39746CAC3A746DAC3B746EAC1A
:106E60003C74EDC73D746FAC3E7470AC3F7471AC54
:106E7000407472AC4174A3E8427473AC437474AC54
:106E8000447475AC457476AC467477AC477478AC92
:106E9000487479AC49747AAC4A747BAC4B747CAC62
:106EA0004C747DAC4D747EAC4E7480AC4F7481AC30
:106EB000507482AC517483AC527484AC537485ACFE
:106EC000547486AC5574A6E8567487AC5774A5E81C
:106ED000587488AC5974A7E85A74F7BA5B74F8E729
:106EE0005C74A4E85D7489AC5E74F0C85F74AAC970
:106EF00060748AAC61748BAC62748CAC63748DAC5E
:106F000064748EAC65748FAC667490AC677491AC2D
:106F1000687492AC697493AC6A7494AC6B7495ACFD
:106F20006C7496AC6D74A9E86E7497AC6F7498AC81
:106F30007074E5B9717499AC72749AAC73749BAC4B
:106F400074749CAC75749DAC7674FED17774A8E8AB
:106F500078749EAC79749FAC7A74A0AC7B7440ADAD
:106F60007C7441AD7D7442AD7E74AAE87F7443ADFC
:106F70008074ADE88174AEE8827444AD8374A7C1B7
:106F8000847445AD857446AD867447AD8774AFE8AB
:106F9000887448AD897449AD8A744AAD8B74B0E881
:106FA0008C744BAD8D744CAD8E74ACE88F744DAD5C
:106FB0009074B4E891744EAD92744FAD937450AD2B
:106FC000947451AD957452AD967453AD977454AD9D
:106FD000987455AD997456AD9A7457AD9B7458AD6D
:106FE0009C74ABE89D7459AD9E74B1E89F745AAD22
:106FF000A0745BADA1745CADA2745DADA3745EAD15
:10700000A4745FADA57460ADA67461ADA774B5E856
:10701000A874B2E8A974B3E8AA7462ADAB7463ADA6
:10702000AC7464ADAD7465ADAE7466ADAF7467AD90
:10703000B07468ADB17469ADB2746AADB3746BAD60
:10704000B4746CADB5746DADB6746EADB7746FAD30
:10705000B87470ADB97471ADBA74B7E8BB7472AD81
:10706000BC7473ADBD7474ADBE7475ADBF7476ADD4
:10707000C07477ADC17478ADC27479ADC3747AADA4
:10708000C4747BADC5747CADC6747DADC7747EAD74
:10709000C87480ADC97481ADCA7482ADCB7483AD40
:1070A000CC7484ADCD7485ADCE7486ADCF7487AD10
:1070B000D07488ADD17489ADD274B6E8D3748AAD7A
:1070C000D4748BADD5748CADD6748DADD7748EADB4
:1070D000D8748FADD97490ADDA7491ADDB7492AD84
:1070E000DC74CFB9DD7493ADDE74ACF0DF7494ADB5
:1070F000E074ADF0E17495ADE274B0C6E374EAB04B
:10710000E474BFC8E57496ADE674DFCDE77497AD5F
:10711000E87498ADE97499ADEA749AADEB749BADDF
:10712000EC749CADED749DADEE74CDCEEF74B1EA10
:10713000F0749EADF1749FADF274A0ADF37440AEE7
:10714000F474B2EAF57441AEF674BFC6F774C9B40C
:10715000F87442AEF97443AEFA7444AEFB7445AEB3
:10716000FC7446AEFD7447AEFE7448AEFF74B3EADD
:10717000007549AE01754AAE02754BAE03754CAE53
:107180000475E7D505754DAE06754EAE07754FAE65
:10719000087550AE097551AE0A7552AE0B7553AEF7
:1071A0000C7554AE0D75F9DD0E7555AE0F75B4EA5C
:1071B000107556AE1175B5EA127557AE1375B6EA6D
:1071C000147558AE157559AE16755AAE17755BAE77
:1071D0001875CAB81975B0DF1A75F5C91B755CAE9C
:1071E0001C75F0CC1D755DAE1E755EAE1F75FAC9BF
:1071F00020755FAE217560AE227561AE237562AEFB
:10720000247563AE2575FBC9267564AE277565AE1A
:107210002875C3D32975A6CB2A7566AE2B75A6B87B
:107220002C75AEF02D75C2B12E7567AE2F75B8E511
:107230003075EFCC3175C9D33275D7BC3375EAC917
:10724000347568AE3575E7B5367569AE3775D0C437
:107250003875E9B539756AAE3A75AEEE3B75ADBBBA
:107260003C756BAE3D756CAE3E75DEE73F756DAE41
:107270004075AFEE41756EAE42756FAE437570AE40
:10728000447571AE4575A9B3467572AE477573AE58
:107290004875B2EE497574AE4A7575AE4B75B1EE70
:1072A0004C75E7BD4D7576AE4E75B0EE4F75B7CEE9
:1072B000507577AE517578AE527579AE53757AAE1A
:1072C0005475CFC555757BAE56757CAE57757DAE82
:1072D00058757EAE5975F4C15A75CEDB5B75B3EE49
:1072E0005C75F3D05D7580AE5E7581AE5F7582AE04
:1072F000607583AE617584AE627585AE637586AE6A
:10730000647587AE6575D4C26675E8C6677588AE64
:10731000687589AE69758AAE6A75ACB76B758BAEE8
:107320006C758CAE6D758DAE6E758EAE6F758FAEE5
:10733000707590AE717591AE7275B4EE737592AE54
:107340007475EBB3757593AE767594AE777595AE2F
:107350007875FBBB7975B5EE7A7596AE7B7597AE91
:107360007C7598AE7D7599AE7E759AAE7F75DCE7BB
:1073700080759BAE81759CAE82759DAE8375B6EEB1
:1073800084759EAE85759FAE8675AEBD8775A0AEC1
:10739000887540AF897541AF8A7542AF8B75E2F150
:1073A0008C7543AF8D7544AF8E7545AF8F75E8CA48
:1073B000907546AF9175C9D29275DAF0937547AF63
:1073C0009475DBF0957548AF9675DCF09775C6C17E
:1073D000987549AF9975EDB89A75CEBE9B754AAF51
:1073E0009C754BAF9D75DEF09E754CAF9F75B1C51A
:1073F000A075DDF0A175F1D1A2754DAFA375E0F0D8
:10740000A475CCB0A575EABDA6754EAFA7754FAFF4
:10741000A87550AFA97551AFAA7552AFAB75DFD241
:10742000AC75DFF0AD7553AFAE75AFB4AF75E8B7FF
:10743000B075E6F0B175E5F0B275A3C6B375E1F0CD
:10744000B475E2F0B575C3B4B67554AFB77555AF42
:10745000B875E3F0B975EED5BA7556AFBB7557AFD1
:10746000BC75DBCCBD75D2BEBE75B2BCBF7558AFA6
:10747000C07559AFC1755AAFC275E8F0C375E7F072
:10748000C475E4F0C575A1B2C6755BAFC775A2D669
:10749000C875B8D3C975B7BECA75ACC8CB755CAF73
:1074A000CC755DAFCD75EAF0CE755EAFCF755FAFD1
:1074B000D07560AFD17561AFD275F7D1D37562AFBA
:1074C000D475CCD6D575DBBAD675E9F0D77563AF70
:1074D000D875BBB6D97564AFDA7565AFDB75B4CD59
:1074E000DC7566AFDD7567AFDE75A6C6DF7568AFA4
:1074F000E07569AFE1756AAFE275A1C1E375EBF0C4
:10750000E475EEF0E5756BAFE675EDF0E775F0F05C
:10751000E875ECF0E9756CAFEA75BEBBEB75EFF0A2
:10752000EC756DAFED756EAFEE756FAFEF7570AF5B
:10753000F075B5CCF175F2F0F27571AFF37572AF0D
:10754000F475D5B3F57573AFF67574AFF77575AFA0
:10755000F87576AFF975D4B1FA7577AFFB7578AF7A
:10756000FC75F3F0FD7579AFFE757AAFFF75F4F039
:107570000076F6F00176E1B402767BAF0376F1F0A7
:1075800004767CAF0576F7F006767DAF07767EAFA2
:10759000087680AF097681AF0A76FAF00B7682AF73
:1075A0000C76F8F00D7683AF0E7684AF0F7685AF4C
:1075B0001076F5F0117686AF127687AF137688AF26
:1075C000147689AF1576FDF016768AAF1776F9F046
:1075D0001876FCF01976FEF01A768BAF1B76A1F1C7
:1075E0001C768CAF1D768DAF1E768EAF1F76C1CE0A
:1075F0002076A4F121768FAF2276A3F1237690AF87
:107600002476F6C12576FBF02676DDCA277691AF83
:10761000287692AF2976F1B42A76F1B12B76B1CCE7
:107620002C7693AF2D76A6F12E7694AF2F7695AF6C
:107630003076A7F1317696AF327697AF3376ACF1EC
:107640003476CED53576A9F1367698AF377699AFC0
:107650003876B3C839769AAF3A769BAF3B769CAF13
:107660003C76A2F13D769DAF3E76ABF13F76A8F138
:107670004076A5F141769EAF42769FAF4376AAF160
:107680004476A0AF457640B0467641B0477642B0EA
:10769000487643B0497644B04A7645B04B7646B01A
:1076A0004C76A9B04D76ADF14E7647B04F7648B0E6
:1076B000507649B051764AB052764BB053764CB0C2
:1076C0005476AFF155764DB05676B1F157764EB04F
:1076D00058764FB0597650B05A7651B05B7652B06A
:1076E0005C76B0F15D7653B05E76AEF15F7654B005
:1076F000607655B0617656B0627657B06376A2D1A7
:10770000647658B0657659B066765AB067765BB0E5
:1077100068765CB069765DB06A765EB06B76B2F121
:107720006C765FB06D7660B06E7661B06F76B3F1F7
:10773000707662B0717663B0727664B0737665B05D
:10774000747666B0757667B0767668B0777669B02D
:107750007876EFB979766AB07A766BB07B76C7B512
:107760007C766CB07D76D7B07E76D9B07F766DB002
:1077700080766EB081766FB08276EDD4837670B00D
:107780008476C4B5857671B08676D4BD8776CABB5B
:107790008876A7F0897672B08A7673B08B76DEB879
:1077A0008C7674B08D7675B08E76A8F08F7676B0C4
:1077B000907677B09176A8B0927678B09376A9F06B
:1077C000947679B095767AB09676EECD97767BB052
:1077D00098767CB09976AAF09A767DB09B767EB04A
:1077E0009C7680B09D7681B09E7682B09F7683B085
:1077F000A07684B0A17685B0A27686B0A37687B055
:10780000A476ABF0A57688B0A67689B0A7768AB0C4
:10781000A8768BB0A9768CB0AA768DB0AB768EB0F8
:10782000AC768FB0AD7690B0AE76A4C6AF7691B0A0
:10783000B07692B0B176E5D6B276E4F1B37693B095
:10784000B476E5F1B57694B0B67695B0B77696B0E5
:10785000B87697B0B97698B0BA7699B0BB769AB048
:10786000BC769BB0BD769CB0BE769DB0BF76F3C3B0
:10787000C0769EB0C1769FB0C276DBD3C376A0B08F
:10788000C47640B1C576D1D6C676E8C5C77641B1D3
:10789000C876AFD3C97642B1CA76E6D2CB7643B1C9
:1078A000CC7644B1CD76C1EECE76BBB0CF76B5D531
:1078B000D076CED1D176E0BCD276D0BAD37645B1EF
:1078C000D476F8BFD57646B1D676C7B8D776C1B5E7
:1078D000D876CCC5D97647B1DA7648B1DB76A2CA7C
:1078E000DC7649B1DD764AB1DE764BB1DF76CBC3CB
:1078F000E0764CB1E1764DB1E2764EB1E3764FB130
:10790000E47650B1E576C2EEE67651B1E77652B153
:10791000E87653B1E97654B1EA7655B1EB7656B1D3
:10792000EC7657B1ED7658B1EE76BFC4EF76A2B6DD
:10793000F07659B1F176ECEDF276A4C3F3765AB154
:10794000F476B1D6F5765BB1F6765CB1F7765DB1DB
:10795000F876E0CFF976EFEDFA765EB1FB765FB1BF
:10796000FC76CEC5FD7660B1FE76DCB6FF7661B101
:10797000007762B10177A1CA027763B1037764B17E
:107980000477EDED057765B1067766B10777F0ED21
:107990000877F1ED0977BCC30A7767B10B77B4BFFD
:1079A0000C7768B10D77EEED0E7769B10F776AB19C
:1079B00010776BB111776CB112776DB113776EB12F
:1079C00014776FB1157770B1167771B1177772B1FF
:1079D000187773B11977F4ED1A77F2ED1B7774B15C
:1079E0001C7775B11D7776B11E7777B11F77E6D515
:1079F0002077DFC3217778B12277F3ED237779B150
:107A000024777AB125777BB12677F6ED27777CB19D
:107A10002877A3D52977A3D12A777DB12B777EB19B
:107A20002C7780B12D77F5ED2E7781B12F77D0C3EC
:107A3000307782B1317783B1327784B1337785B1D2
:107A4000347786B13577F7ED3677F4BF3777ECBE0C
:107A50003877F8ED397787B13A77F7CC3B7788B14B
:107A60003C77DBD13D7789B13E778AB13F778BB1E7
:107A70004077C5D74177F6D542778CB14377FCED97
:107A800044778DB145778EB146778FB14777FBED5F
:107A9000487790B1497791B14A7792B14B7793B1DA
:107AA0004C7794B14D7795B14E7796B14F7797B1AA
:107AB0005077F9ED5177FAED527798B1537799B144
:107AC00054779AB155779BB156779CB157779DB152
:107AD00058779EB159779FB15A77FDED5B77A6BE77
:107AE0005C77A0B15D7740B25E7741B25F7742B21A
:107AF000607743B26177AFCB6277A1EE6377BDB6B3
:107B0000647744B26577A2EE6677C0C4677745B202
:107B10006877FEED697746B26A7747B26B77DEBD6C
:107B20006C77C7B26D7748B26E7749B26F774AB259
:107B300070774BB271774CB272774DB273774EB2A9
:107B400074774FB2757750B2767751B2777752B279
:107B5000787753B27977C3B67A7754B27B7755B2D8
:107B60007C7756B27D77A5EE7E77BAD87F77A3EE85
:107B70008077A6EE817757B2827758B2837759B271
:107B80008477E9C38577F2B386775AB287775BB299
:107B900088775CB289775DB28A775EB28B775FB2A5
:107BA0008C77A7EE8D77A4EE8E77B9CF8F7760B202
:107BB000907761B29177A8EE9277F7C2937762B22D
:107BC000947763B2957764B2967765B2977766B229
:107BD000987767B2997768B29A7769B29B776AB2F9
:107BE0009C776BB29D776CB29E776DB29F77A9EE52
:107BF000A077AAEEA1776EB2A277ABDEA3776FB2C1
:107C0000A47770B2A577B3C6A67771B2A777C6C7B7
:107C1000A87772B2A977F5D6AA77C9B5AB7773B250
:107C2000AC77B2CBAD7774B2AE7775B2AF7776B2D0
:107C3000B077ABEEB17777B2B27778B2B377ABCD3E
:107C4000B47779B2B577ACEEB6777AB2B7777BB264
:107C5000B8777CB2B9777DB2BA777EB2BB77B0D550
:107C6000BC7780B2BD77ADEEBE7781B2BF77C4F688
:107C7000C07782B2C17783B2C27784B2C37785B24C
:107C8000C47786B2C57787B2C67788B2C77789B21C
:107C9000C8778AB2C9778BB2CA778CB2CB778DB2EC
:107CA000CC778EB2CD77C7DBCE778FB2CF7790B25D
:107CB000D07791B2D17792B2D27793B2D37794B290
:107CC000D47795B2D57796B2D67797B2D777A3B453
:107CD000D87798B2D97799B2DA779AB2DB77ACC312
:107CE000DC77E6F1DD779BB2DE779CB2DF779DB281
:107CF000E0779EB2E1779FB2E277B8CAE377D3D25A
:107D0000E477A0B2E577AAD6E67740B3E777F2EF5B
:107D1000E87741B3E977D8BEEA7742B3EB77C3BDE2
:107D2000EC77F3EFED77CCB6EE77ABB0EF7743B30C
:107D3000F07744B3F17745B3F27746B3F377AFCA40
:107D4000F47747B3F57748B3F677B6EDF77749B3ED
:107D5000F877B7EDF9774AB3FA774BB3FB774CB3C3
:107D6000FC774DB3FD77F9CEFE77AFB7FF77F3BF62
:107D70000078B8ED0178EBC20278B0C903784EB351
:107D800004784FB3057850B3067851B3077852B3EF
:107D9000087853B30978B9ED0A7854B30B7855B322
:107DA0000C78F6C60D78B3BF0E7856B30F7857B37C
:107DB000107858B31178BCED1278F8C5137859B320
:107DC0001478D0D115785AB31678A9D71778BAEDA8
:107DD0001878BBED19785BB31A78E2D11B785CB3E5
:107DE0001C78BFED1D78C0ED1E785DB31F78C4ED23
:107DF00020785EB321785FB3227860B32378C8ED32
:107E0000247861B32578C6ED2678CEED2778E8D5BD
:107E1000287862B32978C9ED2A7863B32B7864B3E4
:107E20002C78C7ED2D78BEED2E7865B32F7866B32C
:107E30003078E9C5317867B3327868B3337869B39D
:107E40003478C6C635786AB336786BB33778E9C903
:107E50003878D2D43978C1ED3A78C2ED3B78C3EDA9
:107E60003C78C5ED3D786CB33E78F9C03F786DB392
:107E70004078A1B441786EB342786FB3437870B361
:107E8000447871B34578E8B9467872B34778D0ED55
:107E9000487873B3497874B34A7875B34B7876B33E
:107EA0004C78D1ED4D7877B34E78CAED4F7878B3F2
:107EB0005078CFED517879B35278F8CE53787AB3C1
:107EC00054787BB35578B6CB5678CCED5778CDED5A
:107ED00058787CB359787DB35A787EB35B7880B399
:107EE0005C7881B35D78F5CF5E7882B35F7883B3D9
:107EF000607884B3617885B3627886B3637887B33A
:107F0000647888B3657889B366788AB367788BB309
:107F100068788CB369788DB36A78D2ED6B78F2C1EA
:107F20006C78B2D36D78CBED6E78B7C86F788EB3BE
:107F300070788FB3717890B3727891B3737892B38D
:107F4000747893B3757894B3767895B37778EFBCFB
:107F5000787896B3797897B37A7898B37B7899B331
:107F60007C78F0C57D789AB37E789BB37F789CB39C
:107F700080789DB381789EB382789FB38378A0B3D5
:107F8000847840B4857841B4867842B48778D6ED59
:107F9000887843B48978EFB58A7844B48B7845B44F
:107FA0008C78B5C28D78ADB08E78E9CB8F7846B439
:107FB000907847B49178AEB1927848B49378D4ED84
:107FC000947849B495784AB496784BB49778EBCDC9
:107FD0009878E2B599784CB49A78D5ED9B78D3ED42
:107FE0009C78D7ED9D784DB49E784EB49F78FAB5C5
:107FF000A0784FB4A178D8EDA27850B4A378D9ED89
:10800000A47851B4A578DCEDA67852B4A778CCB1A9
:10801000A87853B4A97854B4AA7855B4AB7856B4B8
:10802000AC7857B4AD7858B4AE7859B4AF785AB488
:10803000B078F6C5B178EEBCB278DAEDB378BCCCE6
:10804000B478EAB2B5785BB4B6785CB4B7785DB4AE
:10805000B8785EB4B978DBEDBA785FB4BB7860B459
:10806000BC7861B4BD7862B4BE78EBC4BF7863B449
:10807000C07864B4C178C5B4C27865B4C37866B456
:10808000C47867B4C578F5B0C67868B4C77869B401
:10809000C8786AB4C978DFEDCA78DAC0CB78E8B4BA
:1080A000CC786BB4CD786CB4CE786DB4CF786EB438
:1080B000D078CDC5D1786FB4D27870B4D37871B49C
:1080C000D478DDEDD578C4BFD67872B4D77873B4E0
:1080D000D87874B4D978DEEDDA7875B4DB7876B414
:1080E000DC7877B4DD7878B4DE7879B4DF787AB488
:1080F000E0787BB4E1787CB4E2787DB4E3787EB458
:10810000E47880B4E57881B4E67882B4E77883B423
:10811000E878A5C4E97884B4EA7885B4EB7886B4C5
:10812000EC78E0EDED7887B4EE7888B4EF7889B438
:10813000F0788AB4F1788BB4F278E1EDF3788CB40E
:10814000F478E3EDF5788DB4F6788EB4F778D7C18E
:10815000F8788FB4F97890B4FA78C7BBFB7891B40B
:10816000FC7892B4FD7893B4FE7894B4FF7895B41B
:10817000007996B40179B8BD027997B4037998B4BF
:10818000047999B40579E2ED06799AB407799BB43C
:1081900008799CB409799DB40A799EB40B799FB48F
:1081A0000C79A0B40D7940B50E7941B50F7942B57F
:1081B000107943B5117944B5127945B51379E4EDD9
:1081C000147946B5157947B5167948B5177949B583
:1081D00018794AB519794BB51A794CB51B794DB553
:1081E0001C794EB51D794FB51E79E6ED1F7950B556
:1081F000207951B5217952B5227953B5237954B5F7
:108200002479E5ED257955B5267956B5277957B501
:10821000287958B5297959B52A795AB52B795BB59A
:108220002C795CB52D795DB52E795EB52F795FB56A
:10823000307960B5317961B5327962B5337963B53A
:108240003479E7ED357964B5367965B5377966B552
:10825000387967B5397968B53A79BECA3B79EAECBD
:108260003C79F1C03D7969B53E79E7C93F796AB596
:108270004079EBEC4179EEC642796BB543796CB548
:1082800044796DB545796EB54679ECEC47796FB5B3
:108290004879EDC64979EDEC4A7970B54B7971B5FD
:1082A0004C7972B54D7973B54E7974B54F7975B512
:1082B000507976B5517977B5527978B55379F0EC34
:1082C000547979B555797AB55679E6D75779F3EC7B
:1082D00058797BB559797CB55A79F1EC5B79EEEC3C
:1082E0005C79EFEC5D79A3D75E79F1C95F79EECB6C
:1082F0006079F4EC61797DB56279F2EC63797EB5F1
:10830000647980B56579E9CF667981B56779F6ECEE
:108310006879B1C6697982B56A7983B56B7984B5B4
:108320006C7985B56D79C0BC6E7986B56F79F5ECE1
:10833000707987B5717988B5727989B573798AB59D
:1083400074798BB575798CB576798DB57779BBB540
:108350007879F6BB79798EB57A79F7EC7B798FB538
:108360007C7990B57D7991B57E7992B57F7993B519
:108370008079F7D98179FBBD827994B5837995B5F8
:108380008479BBC28579F8EC867996B5877997B5FB
:10839000887998B5897999B58A79F9EC8B799AB504
:1083A0008C799BB58D799CB58E799DB58F79A3B865
:1083B00090799EB591799FB59279A0B5937940B6A1
:1083C000947941B6957942B6967943B6977944B691
:1083D000987945B6997946B69A79FAEC9B7947B679
:1083E0009C7948B69D7949B69E794AB69F794BB635
:1083F000A0794CB6A1794DB6A2794EB6A3794FB605
:10840000A47950B6A57951B6A67952B6A779FBECF6
:10841000A87953B6A97954B6AA7955B6AB7956B6A8
:10842000AC7957B6AD7958B6AE7959B6AF795AB678
:10843000B0795BB6B1795CB6B2795DB6B379FCEC74
:10844000B4795EB6B5795FB6B67960B6B77961B61C
:10845000B87962B6B979EDD3BA79AED8BB79EBC049
:10846000BC7963B6BD79DDC7BE79CCBABF7964B6D5
:10847000C079E3D0C179BDCBC27965B6C379BACD35
:10848000C47966B6C57967B6C679D1B8C77968B612
:10849000C87969B6C979FCB1CA796AB6CB79EFC730
:1084A000CC796BB6CD79D6D6CE796CB6CF796DB6A0
:1084B000D0796EB6D179C6BFD279EBC3D3796FB616
:1084C000D47970B6D579F5EFD67971B6D77972B619
:1084D000D879D8C3D97973B6DA7974B6DB7975B639
:1084E000DC7976B6DD7977B6DE7978B6DF79E2D7F2
:1084F000E07979B6E1797AB6E2797BB6E379F7EF9C
:10850000E479D3B3E5797CB6E679D8C7E779EDD1DC
:10851000E8797DB6E979C8D6EA797EB6EB79F8EFE5
:10852000EC7980B6ED79F6EFEE7981B6EF79FDBBA7
:10853000F079C6B3F17982B6F27983B6F37984B66D
:10854000F47985B6F57986B6F67987B6F77988B67F
:10855000F879D5BDF97989B6FA798AB6FB79C6D2A8
:10856000FC798BB6FD79E0BBFE798CB6FF798DB6D0
:10857000007AA1CF017A8EB6027AFCEF037AFBEF84
:10858000047A8FB6057A90B6067AF9EF077A91B633
:10859000087A92B6097A93B60A7A94B60B7ACCB373
:1085A0000C7A95B60D7AD4C90E7AB0CB0F7A96B6FE
:1085B000107A97B6117A98B6127A99B6137A9AB653
:1085C000147AFEEF157A9BB6167A9CB6177ADEB04F
:1085D000187A9DB6197A9EB61A7AC9D61B7A9FB6B2
:1085E0001C7AA0B61D7A40B71E7AFDEF1F7A41B7FC
:1085F000207AEDB3217A42B7227A43B7237AD5F6AF
:10860000247A44B7257A45B7267A46B7277A47B7FA
:10861000287A48B7297A49B72A7A4AB72B7A4BB7CA
:108620002C7A4CB72D7A4DB72E7A4EB72F7A4FB79A
:10863000307A50B7317A51B7327A52B7337AC8CEDE
:10864000347A53B7357A54B7367A55B7377AA2F0B9
:10865000387A56B7397AA1F03A7A57B73B7ABEB52D
:108660003C7ADABC3D7AFCBB3E7A58B73F7AE5B833
:10867000407A59B7417A5AB7427A5BB7437A5CB7C6
:10868000447A5DB7457A5EB7467AC2C4477A5FB727
:10869000487A60B7497A61B74A7A62B74B7A63B76A
:1086A0004C7A64B74D7A65B74E7A66B74F7A67B73A
:1086B000507A68B7517AA3F0527A69B7537A6AB799
:1086C000547A6BB7557A6CB7567A6DB7577AEBCB4D
:1086D000587A6EB7597A6FB75A7A70B75B7A71B7B2
:1086E0005C7A72B75D7A73B75E7A74B75F7A75B782
:1086F000607A76B7617A77B7627A78B7637A79B752
:10870000647A7AB7657A7BB7667A7CB7677A7DB721
:10871000687A7EB7697A80B76A7A81B76B7A82B7EE
:108720006C7A83B76D7A84B76E7A85B76F7A86B7BD
:10873000707AA6F0717A87B7727A88B7737A89B738
:10874000747AA8D1757A8AB7767ABFBE777AEEC77F
:10875000787AB6F1797AB7F17A7AD5BF7B7A8BB726
:108760007C7A8CB77D7A8DB77E7A8EB77F7AA9B402
:10877000807AB8F1817ABBCD827A8FB7837AD4C7F9
:10878000847AADD5857A90B7867AB9F1877A91B730
:10879000887ABAF1897A92B78A7A93B78B7A94B742
:1087A0008C7A95B78D7ACFC78E7A96B78F7A97B72E
:1087B000907A98B7917AA4D2927ACFD6937A99B7D1
:1087C000947A9AB7957ABBF1967AD1BD977AB0B47C
:1087D000987ABDBE997A9BB79A7A9CB79B7A9DB7D7
:1087E0009C7ADCB49D7AD1CE9E7A9EB79F7ADFBF09
:1087F000A07ABDF1A17A9FB7A27AA0B7A37A40B8B8
:10880000A47A41B8A57AFABFA67ABCF1A77A42B891
:10881000A87ABFF1A97A43B8AA7A44B8AB7A45B826
:10882000AC7ABEF1AD7AC0F1AE7A46B8AF7A47B84D
:10883000B07A48B8B17A49B8B27A4AB8B37AC1F1D5
:10884000B47A4BB8B57A4CB8B67A4DB8B77A4EB858
:10885000B87A4FB8B97A50B8BA7A51B8BB7A52B828
:10886000BC7A53B8BD7A54B8BE7A55B8BF7AFEC147
:10887000C07A56B8C17A57B8C27A58B8C37A59B8CC
:10888000C47A5AB8C57A5BB8C67A5CB8C77A5DB89C
:10889000C87A5EB8C97A5FB8CA7A60B8CB7AA2C122
:1088A000CC7A61B8CD7A62B8CE7A63B8CF7A64B840
:1088B000D07A65B8D17A66B8D27A67B8D37A68B810
:1088C000D47A69B8D57A6AB8D67AFACAD77A6BB840
:1088D000D87A6CB8D97ABED5DA7A6DB8DB7A6EB848
:1088E000DC7A6FB8DD7A70B8DE7ABABEDF7AB9BEEC
:1088F000E07AC2D5E17A71B8E27A72B8E37AA2BFBF
:10890000E47A73B8E57AAFCDE67AB5F1E77A74B870
:10891000E87A75B8E97A76B8EA7A77B8EB7A78B80F
:10892000EC7A79B8ED7ADFBDEE7A7AB8EF7ACBB629
:10893000F07A7BB8F17A7CB8F27A7DB8F37A7EB8B7
:10894000F47A80B8F57A81B8F67A82B8F77A83B883
:10895000F87A84B8F97AF1D6FA7AC3F3FB7A85B853
:10896000FC7A86B8FD7AC4F3FE7A87B8FF7ACDB870
:10897000007B88B8017B89B8027B8AB8037BC6F389
:10898000047BC7F3057B8BB8067BCAB0077B8CB82A
:10899000087BC5F3097B8DB80A7BC9F30B7BF1CB50
:1089A0000C7B8EB80D7B8FB80E7B90B80F7BCBF312
:1089B000107B91B8117BA6D0127B92B8137B93B831
:1089C000147BCAB1157BC8F3167B94B8177B95B896
:1089D000187B96B8197BCFF31A7B97B81B7BD1B560
:1089E0001C7B98B81D7B99B81E7BD7F31F7B9AB868
:1089F000207BD2F3217B9BB8227B9CB8237B9DB844
:108A0000247BD4F3257BD3F3267BFBB7277B9EB84F
:108A1000287BBFB1297B9FB82A7BCEF32B7BCAF37F
:108A20002C7BDAB52D7BA0B82E7BD0F32F7B40B901
:108A3000307B41B9317BD1F3327B42B9337BD5F303
:108A4000347B43B9357B44B9367B45B9377B46B96E
:108A5000387BCDF3397B47B93A7BE3BC3B7B48B9E4
:108A60003C7BFDC13D7B49B93E7BD6F33F7B4AB998
:108A7000407B4BB9417B4CB9427B4DB9437B4EB9EE
:108A8000447B4FB9457BDAF3467B50B9477BCCF347
:108A9000487B51B9497BC8B54A7B52B94B7BEEBD87
:108AA0004C7BDCF34D7B53B94E7B54B94F7BA4B761
:108AB000507BF0BF517BFED6527BB2CD537B55B974
:108AC000547BF0B4557B56B9567BDFB2577B57B910
:108AD000587BD8F3597B58B95A7BD9F35B7BB8C91B
:108AE0005C7B59B95D7BDDF35E7B5AB95F7B5BB91B
:108AF000607BDEF3617B5CB9627BE1F3637B5DB934
:108B0000647B5EB9657B5FB9667B60B9677B61B981
:108B1000687B62B9697B63B96A7B64B96B7B65B951
:108B20006C7B66B96D7B67B96E7BDFF36F7B68B971
:108B3000707B69B9717BE3F3727BE2F3737B6AB993
:108B4000747B6BB9757BDBF3767B6CB9777BEABFA3
:108B5000787B6DB9797BEFB37A7B6EB97B7BE0F381
:108B60007C7B6FB97D7B70B97E7BA9C77F7B71B938
:108B7000807BF2BC817B72B9827B73B9837B74B9D1
:108B8000847B75B9857BEBF3867B76B9877B77B978
:108B9000887B78B9897B79B98A7B7AB98B7B7BB9F9
:108BA0008C7B7CB98D7BBFB98E7B7DB98F7B7EB989
:108BB000907BE4F3917B80B9927B81B9937B82B9FE
:108BC000947BADB2957BFEBB967B83B9977BE3CB61
:108BD000987B84B9997B85B99A7B86B99B7B87B949
:108BE0009C7BEDF39D7BE9F39E7B88B99F7B89B9E4
:108BF000A07B8AB9A17BDCB9A27BEEF3A37B8BB906
:108C0000A47B8CB9A57B8DB9A67BE5F3A77BE6F3A6
:108C1000A87BEAF3A97BE1C2AA7BECF3AB7BEFF381
:108C2000AC7BE8F3AD7BFDBCAE7B8EB9AF7B8FB97F
:108C3000B07B90B9B17BE4CFB27B91B9B37B92B9F1
:108C4000B47BF0F3B57B93B9B67B94B9B77B95B998
:108C5000B87BE7F3B97B96B9BA7B97B9BB7B98B978
:108C6000BC7B99B9BD7B9AB9BE7B9BB9BF7B9CB9D4
:108C7000C07B9DB9C17BF2F3C27B9EB9C37B9FB918
:108C8000C47BA0B9C57B40BAC67BADD7C77BAAC69B
:108C9000C87B41BAC97B42BACA7B43BACB7B44BAD0
:108CA000CC7BF3F3CD7B45BACE7B46BACF7B47BABC
:108CB000D07B48BAD17BF1F3D27B49BAD37BA8C22F
:108CC000D47B4ABAD57B4BBAD67B4CBAD77B4DBA4C
:108CD000D87B4EBAD97BDDB8DA7BF5F3DB7B4FBAB4
:108CE000DC7B50BADD7BF4F3DE7B51BADF7B52BA1A
:108CF000E07B53BAE17BDBB4E27B54BAE37B55BA49
:108D0000E47B56BAE57BF6F3E67BF7F3E77B57BAED
:108D1000E87B58BAE97B59BAEA7BF8F3EB7B5ABA9D
:108D2000EC7B5BBAED7B5CBAEE7BBAC0EF7B5DBAE5
:108D3000F07B5EBAF17BE9C0F27B5FBAF37B60BA8D
:108D4000F47B61BAF57B62BAF67B63BAF77BF1C557
:108D5000F87B64BAF97B65BAFA7B66BAFB7B67BAC3
:108D6000FC7BFBF3FD7B68BAFE7BFAF3FF7B69BA01
:108D7000007C6ABA017C6BBA027C6CBA037C6DBA67
:108D8000047C6EBA057C6FBA067C70BA077CD8B4D6
:108D9000087C71BA097C72BA0A7C73BA0B7CFEF348
:108DA0000C7CF9F30D7C74BA0E7C75BA0F7CFCF365
:108DB000107C76BA117C77BA127C78BA137C79BAB7
:108DC000147C7ABA157C7BBA167CFDF3177C7CBACE
:108DD000187C7DBA197C7EBA1A7C80BA1B7C81BA59
:108DE0001C7C82BA1D7C83BA1E7C84BA1F7CA1F4D1
:108DF000207C85BA217C86BA227C87BA237C88BAFB
:108E0000247C89BA257C8ABA267CA3F4277CC9BB3A
:108E1000287C8BBA297C8CBA2A7CA2F42B7C8DBA54
:108E20002C7C8EBA2D7C8FBA2E7C90BA2F7C91BA76
:108E3000307C92BA317C93BA327C94BA337C95BA46
:108E4000347C96BA357C97BA367C98BA377C99BA16
:108E5000387CA4F4397C9ABA3A7C9BBA3B7C9CBAA5
:108E60003C7C9DBA3D7C9EBA3E7C9FBA3F7CBEB2A4
:108E7000407CA6F4417CA5F4427CA0BA437C40BB74
:108E8000447C41BB457C42BB467C43BB477C44BBE6
:108E9000487C45BB497C46BB4A7C47BB4B7C48BBB6
:108EA0004C7C49BB4D7CAEBC4E7C4ABB4F7C4BBB23
:108EB000507C4CBB517C4DBB527C4EBB537C4FBB5A
:108EC000547C50BB557C51BB567C52BB577C53BB2A
:108ED000587C54BB597C55BB5A7C56BB5B7C57BBFA
:108EE0005C7C58BB5D7C59BB5E7C5ABB5F7C5BBBCA
:108EF000607C5CBB617C5DBB627C5EBB637C5FBB9A
:108F0000647C60BB657C61BB667C62BB677C63BB69
:108F1000687C64BB697C65BB6A7C66BB6B7C67BB39
:108F20006C7C68BB6D7C69BB6E7C6ABB6F7C6BBB09
:108F3000707C6CBB717C6DBB727C6EBB737CD7C369
:108F4000747CE1D9757C6FBB767C70BB777C71BB20
:108F5000787C72BB797C73BB7A7C74BB7B7CE0C011
:108F60007C7CCCF47D7CD1D77E7C75BB7F7C76BB52
:108F7000807C77BB817C78BB827C79BB837C7ABB2D
:108F8000847C7BBB857C7CBB867C7DBB877C7EBBFD
:108F9000887C80BB897CDBB78A7C81BB8B7C82BB75
:108FA0008C7C83BB8D7C84BB8E7C85BB8F7C86BB9D
:108FB000907C87BB917CCEF4927CA3C1937C88BBD0
:108FC000947C89BB957CC9C6967C8ABB977CD6B4B9
:108FD000987CB3D5997C8BBB9A7C8CBB9B7C8DBBDE
:108FE0009C7CD0F49D7CCFF49E7CD1F49F7CDACB2A
:108FF000A07C8EBBA17C8FBBA27CD2F4A37C90BB57
:10900000A47CC1D4A57CE0D6A67C91BBA77C92BBF6
:10901000A87C93BBA97C94BBAA7CE0B7AB7C95BB36
:10902000AC7C96BBAD7C97BBAE7CB8C1AF7C98BB2B
:10903000B07C99BBB17CBBC1B27CD3F4B37CACBE79
:10904000B47C9ABBB57C9BBBB67C9CBBB77C9DBB00
:10905000B87C9EBBB97CE2B4BA7C9FBBBB7CA0BB96
:10906000BC7CD4F4BD7CD5F4BE7CABBEBF7C40BC24
:10907000C07C41BCC17CD6F4C27C42BCC37C43BC36
:10908000C47C44BCC57CDBF4C67C45BCC77CD7F43F
:10909000C87CDAF4C97C46BCCA7CFDBACB7C47BC30
:1090A000CC7CD8F4CD7CD9F4CE7C48BCCF7C49BCF8
:1090B000D07C4ABCD17C4BBCD27C4CBCD37C4DBC5C
:1090C000D47C4EBCD57CE2B8D67CC7CCD77CDCF453
:1090D000D87C4FBCD97CDAB2DA7C50BCDB7C51BC8A
:1090E000DC7CD3C3DD7C52BCDE7C53BCDF7CE3D4B0
:1090F000E07CB7BFE17C54BCE27C55BCE37C56BC51
:10910000E47C57BCE57C58BCE67C59BCE77C5ABC87
:10911000E87CDDF4E97C5BBCEA7C5CBCEB7C5DBCA0
:10912000EC7C5EBCED7C5FBCEE7C60BCEF7CB4C5CF
:10913000F07C61BCF17C62BCF27C63BCF37C64BCFF
:10914000F47C65BCF57C66BCF67C67BCF77C68BCCF
:10915000F87CE9F4F97C69BCFA7C6ABCFB7CB5CF8D
:10916000FC7C6BBCFD7C6CBCFE7C6DBCFF7C6EBC77
:10917000007D6FBC017D70BC027D71BC037D72BC43
:10918000047D73BC057D74BC067D75BC077D76BC13
:10919000087D77BC097D78BC0A7DC9CE0B7D79BC82
:1091A0000C7D7ABC0D7D7BBC0E7D7CBC0F7D7DBCB7
:1091B000107D7EBC117D80BC127D81BC137D82BC84
:1091C000147D83BC157D84BC167D85BC177D86BC53
:1091D000187D87BC197D88BC1A7D89BC1B7D8ABC23
:1091E0001C7D8BBC1D7D8CBC1E7D8DBC1F7D8EBCF3
:1091F000207DD8CB217D8FBC227DF7CB237D90BCF9
:10920000247D91BC257D92BC267D93BC277DF4BD39
:10921000287D94BC297D95BC2A7D96BC2B7DCFD71B
:109220002C7D97BC2D7D98BC2E7D99BC2F7DDBC0FD
:10923000307D9ABC317D9BBC327D9CBC337D9DBC16
:10924000347D9EBC357D9FBC367DA0BC377D40BD46
:10925000387D41BD397D42BD3A7D43BD3B7D44BD36
:109260003C7D45BD3D7D46BD3E7D47BD3F7D48BD06
:10927000407D49BD417D4ABD427D4BBD437D4CBDD6
:10928000447D4DBD457D4EBD467D4FBD477D50BDA6
:10929000487D51BD497D52BD4A7D53BD4B7D54BD76
:1092A0004C7D55BD4D7D56BD4E7D57BD4F7D58BD46
:1092B000507D59BD517D5ABD527D5BBD537D5CBD16
:1092C000547D5DBD557D5EBD567D5FBD577D60BDE6
:1092D000587D61BD597D62BD5A7D63BD5B7D64BDB6
:1092E0005C7D65BD5D7D66BD5E7D67BD5F7D68BD86
:1092F000607D69BD617D6ABD627D6BBD637D6CBD56
:10930000647D6DBD657D6EBD667D6FBD677D70BD25
:10931000687D71BD697D72BD6A7D73BD6B7D74BDF5
:109320006C7D75BD6D7D76BD6E7DF5D06F7D77BD35
:10933000707D78BD717D79BD727D7ABD737D7BBD99
:10934000747D7CBD757D7DBD767D7EBD777DEAF4C7
:10935000787D80BD797D81BD7A7D82BD7B7D83BD39
:109360007C7D84BD7D7D85BD7E7D86BD7F7D87BD09
:10937000807D88BD817D89BD827D8ABD837D8BBDD9
:10938000847D8CBD857D8DBD867D8EBD877D8FBDA9
:10939000887D90BD897D91BD8A7D92BD8B7D93BD79
:1093A0008C7D94BD8D7D95BD8E7D96BD8F7D97BD49
:1093B000907D98BD917D99BD927D9ABD937D9BBD19
:1093C000947D9CBD957D9DBD967D9EBD977D9FBDE9
:1093D000987DA0BD997D40BE9A7D41BE9B7D42BED9
:1093E0009C7D43BE9D7D44BE9E7D45BE9F7D46BE09
:1093F000A07D47BEA17D48BEA27D49BEA37D4ABED9
:10940000A47D4BBEA57D4CBEA67DEBF4A77D4DBED5
:10941000A87D4EBEA97D4FBEAA7D50BEAB7D51BE7C
:10942000AC7D52BEAD7D53BEAE7DECF4AF7D54BE7F
:10943000B07D55BEB17D56BEB27D57BEB37D58BE20
:10944000B47D59BEB57D5ABEB67D5BBEB77D5CBEF0
:10945000B87D5DBEB97D5EBEBA7D5FBEBB7D60BEC0
:10946000BC7D61BEBD7D62BEBE7D63BEBF7D64BE90
:10947000C07D65BEC17D66BEC27D67BEC37D68BE60
:10948000C47D69BEC57D6ABEC67D6BBEC77D6CBE30
:10949000C87D6DBEC97D6EBECA7D6FBECB7D70BE00
:1094A000CC7D71BECD7D72BECE7D73BECF7D74BED0
:1094B000D07D75BED17D76BED27D77BED37D78BEA0
:1094C000D47D79BED57D7ABED67D7BBED77D7CBE70
:1094D000D87D7DBED97D7EBEDA7D80BEDB7D81BE3E
:1094E000DC7D82BEDD7D83BEDE7D84BEDF7D85BE0C
:1094F000E07D86BEE17D87BEE27D88BEE37D89BEDC
:10950000E47D8ABEE57D8BBEE67D8CBEE77D8DBEAB
:10951000E87D8EBEE97D8FBEEA7D90BEEB7D91BE7B
:10952000EC7D92BEED7D93BEEE7D94BEEF7D95BE4B
:10953000F07D96BEF17D97BEF27D98BEF37D99BE1B
:10954000F47D9ABEF57D9BBEF67D9CBEF77D9DBEEB
:10955000F87D9EBEF97D9FBEFA7DA0BEFB7D40BF1B
:10956000FC7D41BFFD7D42BFFE7D43BFFF7D44BF0B
:10957000007E45BF017E46BF027E47BF037E48BFD7
:10958000047E49BF057E4ABF067E4BBF077E4CBFA7
:10959000087E4DBF097E4EBF0A7E4FBF0B7E50BF77
:1095A0000C7E51BF0D7E52BF0E7E53BF0F7E54BF47
:1095B000107E55BF117E56BF127E57BF137E58BF17
:1095C000147E59BF157E5ABF167E5BBF177E5CBFE7
:1095D000187E5DBF197E5EBF1A7E5FBF1B7E60BFB7
:1095E0001C7E61BF1D7E62BF1E7E63BF1F7E64BF87
:1095F000207E65BF217E66BF227E67BF237E68BF57
:10960000247E69BF257E6ABF267E6BBF277E6CBF26
:10961000287E6DBF297E6EBF2A7E6FBF2B7E70BFF6
:109620002C7E71BF2D7E72BF2E7E73BF2F7E74BFC6
:10963000307E75BF317E76BF327E77BF337E78BF96
:10964000347E79BF357E7ABF367E7BBF377E7CBF66
:10965000387E7DBF397E7EBF3A7E80BF3B7EE3F79A
:109660003C7E81BF3D7E82BF3E7E83BF3F7E84BF06
:10967000407E85BF417EB1B7427E86BF437E87BFB5
:10968000447E88BF457E89BF467E8ABF477EEDF413
:10969000487E8BBF497E8CBF4A7E8DBF4B7E8EBF7E
:1096A0004C7E8FBF4D7E90BF4E7E91BF4F7E92BF4E
:1096B000507E93BF517E94BF527E95BF537E96BF1E
:1096C000547E97BF557E98BF567E99BF577E9ABFEE
:1096D000587E9BBF597E9CBF5A7E9DBF5B7E9EBFBE
:1096E0005C7E9FBF5D7EA0BF5E7E40C05F7E41C04E
:1096F000607E42C0617E43C0627E44C0637E45C0DE
:10970000647E46C0657E47C0667E48C0677E49C0AD
:10971000687E4AC0697E4BC06A7E4CC06B7E4DC07D
:109720006C7E4EC06D7E4FC06E7E50C06F7E51C04D
:10973000707E52C0717E53C0727E54C0737E55C01D
:10974000747E56C0757E57C0767E58C0777E59C0ED
:10975000787E5AC0797E5BC07A7E5CC07B7E5DC0BD
:109760007C7E5EC07D7E5FC07E7E60C07F7E61C08D
:10977000807E62C0817E63C0827EEBD7837E64C0C0
:10978000847E65C0857E66C0867E67C0877E68C031
:10979000887E69C0897E6AC08A7E6BC08B7E6CC001
:1097A0008C7E6DC08D7E6EC08E7E6FC08F7E70C0D1
:1097B000907E71C0917E72C0927E73C0937E74C0A1
:1097C000947E75C0957E76C0967E77C0977E78C071
:1097D000987E79C0997E7AC09A7E7BC09B7EEEF49B
:1097E0009C7E7CC09D7E7DC09E7E7EC09F7EF9E675
:1097F000A07EC0BEA17EFAE6A27EECBAA37EFBE606
:10980000A47ECBCFA57EFCE6A67EBCD4A77EB6BC4C
:10981000A87EFDE6A97EFEE6AA7ECDBCAB7ED2C8C0
:10982000AC7EB3CEAD7EA1E7AE7E80C0AF7EBFB4CE
:10983000B07EA2E7B17EB4C9B27ED9B8B37EC9C446
:10984000B47E81C0B57EDDD7B67EDAC2B77ED7B72B
:10985000B87EBDD6B97EC6CEBA7EC4B7BB7E82C046
:10986000BC7E83C0BD7EA6C5BE7EA3E7BF7EDFCF24
:10987000C07EA4E7C17EA5E7C27EA6E7C37EB7C1CE
:10988000C47EE9D7C57EF0C9C67EB8CFC77EAFD645
:10989000C87ED5D6C97EA7E7CA7EEDB0CB7EA8E745
:1098A000CC7EA9E7CD7EDCC9CE7EEFD2CF7EADBE29
:1098B000D07EAAE7D17EF3B0D27EDEC8D37EE1BDF2
:1098C000D47EABE7D57EC6C8D67E84C0D77EACE753
:1098D000D87EE6BBD97EF8B8DA7EA4D1DB7EADE7D0
:1098E000DC7EE7C2DD7EF8BEDE7ECABDDF7EB3CDA4
:1098F000E07EAEE7E17EAFE7E27EEEBEE37EE5D05E
:10990000E47E85C0E57EE7CBE67ED0CCE77ECCBCAE
:10991000E87EB0E7E97EA8BCEA7EF7D0EB7EB1E74F
:10992000EC7E86C0ED7EF8D0EE7EB2E7EF7EB3E748
:10993000F07EC2B4F17EB4E7F27EB5E7F37EFEC9F5
:10994000F47EACCEF57EE0C3F67EB7E7F77EC1B11C
:10995000F87EF1B3F97E87C0FA7EB8E7FB7EB9E7FF
:10996000FC7EDBD7FD7EC0D5FE7EBAE7FF7ECCC293
:10997000007FBAD7017FBBE7027FBCE7037FBDE76B
:10998000047FEABC057FE5C3067FC2C0077FBEE750
:10999000087FBFE7097FA9BC0A7F88C00B7FC0E7AB
:1099A0000C7FC1E70D7FB6E70E7FD0B60F7FC2E711
:1099B000107F89C0117FC3E7127FC4E7137FBABB52
:1099C000147FDEB5157FC6C2167FE0B1177FC5E7ED
:1099D000187FB5D4197FC6E71A7FBFB81B7FC8E7C9
:1099E0001C7FC7E71D7FECB71E7F8AC01F7FC9E7BA
:1099F000207FF8B2217FCAE7227FCBE7237FCCE725
:109A0000247FCDE7257FCEE7267FCFE7277FD0E7EE
:109A1000287FA7D3297FF5CB2A7FD1E72B7FD2E7F9
:109A20002C7FD3E72D7FD4E72E7FC9C92F7FD5E7C1
:109A3000307FD6E7317FD7E7327FD8E7337FD9E76A
:109A4000347FC9BD357FDAE7367FBEF3377F8BC001
:109A5000387FD7B8397F8CC03A7FB1C83B7F8DC083
:109A60003C7F8EC03D7F8FC03E7F90C03F7F91C0C6
:109A7000407F92C0417F93C0427FBFF3437F94C039
:109A8000447FC0F3457FC1F3467F95C0477F96C0B2
:109A9000487F97C0497F98C04A7F99C04B7F9AC042
:109AA0004C7F9BC04D7F9CC04E7F9DC04F7F9EC012
:109AB000507FDEB9517FF8CD527F9FC0537FA0C049
:109AC000547FE8D8557FB1BA567F40C1577FDEC278
:109AD000587FB7EE597F41C15A7FA3B75B7F42C120
:109AE0005C7F43C15D7F44C15E7F45C15F7FB9EE4E
:109AF000607F46C1617FB8EE627FD5B0637F47C1AA
:109B0000647F48C1657F49C1667F4AC1677F4BC199
:109B1000687FBBEE697FD6D56A7FEFD76B7F4CC17C
:109B20006C7F4DC16D7F4EC16E7FC3D66F7F4FC1BD
:109B3000707F50C1717FBDEE727FF0CA737F51C1DB
:109B4000747FBCEE757F52C1767F53C1777F54C15D
:109B5000787F55C1797FBEEE7A7F56C17B7F57C132
:109B60007C7F58C17D7F59C17E7FC0EE7F7F5AC107
:109B7000807F5BC1817FBFEE827F5CC1837F5DC1DF
:109B8000847F5EC1857F5FC1867F60C1877F61C141
:109B9000887F62C1897F63C18A7FF2D18B7F64C174
:109BA0008C7FBCC78D7F65C18E7FC0C38F7F66C130
:109BB000907F67C1917F68C1927F69C1937F6AC1BD
:109BC000947FE1B8957F6BC1967F6CC1977F6DC123
:109BD000987F6EC1997F6FC19A7FE7C19B7F70C1EB
:109BE0009C7F71C19D7FC6F49E7FDFD09F7FC7F4AD
:109BF000A07F72C1A17FDBCFA27F73C1A37F74C19D
:109C0000A47FBAC8A57F75C1A67F76C1A77FC8F417
:109C1000A87F77C1A97F78C1AA7F79C1AB7F7AC1BC
:109C2000AC7F7BC1AD7F7CC1AE7F7DC1AF7FC9F40E
:109C3000B07FCAF4B17F7EC1B27FCBF4B37F80C165
:109C4000B47F81C1B57F82C1B67F83C1B77F84C134
:109C5000B87FFAD9B97FFEB8BA7F85C1BB7F86C10C
:109C6000BC7FF1E5BD7FF0D3BE7F87C1BF7FE0F44D
:109C7000C07F88C1C17FCCCEC27F89C1C37F8AC16A
:109C8000C47F8BC1C57FE1B3C67F8CC1C77F8DC147
:109C9000C87F8EC1C97F8FC1CA7FB4F1CB7F90C10D
:109CA000CC7FEED2CD7F91C1CE7FE1F4CF7F92C148
:109CB000D07F93C1D17F94C1D27F95C1D37F96C10C
:109CC000D47FE8CFD57FE2F4D67F97C1D77F98C104
:109CD000D87FCCC7D97F99C1DA7F9AC1DB7F9BC17E
:109CE000DC7F9CC1DD7F9DC1DE7F9EC1DF7FD4B55F
:109CF000E07FE4B4E17FE4F4E27F9FC1E37FA0C1B1
:109D0000E47F40C2E57FE3F4E67FE5F4E77F41C20C
:109D1000E87F42C2E97FE6F4EA7F43C2EB7F44C2B8
:109D2000EC7F45C2ED7F46C2EE7FE7F4EF7F47C28E
:109D3000F07FB2BAF17FBFB0F27F48C2F37FE8F4A0
:109D4000F47F49C2F57F4AC2F67F4BC2F77F4CC20F
:109D5000F87F4DC2F97F4EC2FA7F4FC2FB7FADB78D
:109D6000FC7FEDD2FD7F50C2FE7F51C2FF7F52C209
:109D70000080ABD20180CFC0028053C20380BCBF41
:109D80000480A3EB0580DFD50680C8EA078054C2B3
:109D9000088055C2098056C20A8057C20B80F3F171
:109DA0000C80F8B60D80A3CB0E8058C20F8059C22C
:109DB0001080CDC411805AC21280E7F113805BC2BB
:109DC0001480E8F11580FBB81680E9F11780C4BA59
:109DD0001880C5D41980D2B01A805CC21B805DC2C5
:109DE0001C80EAF11D805EC21E805FC21F8060C2BF
:109DF0002080EBF1218061C22280ECF1238062C2DD
:109E0000248063C22580EDF12680EEF12780EFF1FA
:109E10002880F1F12980F0F12A80D5C52B8064C219
:109E20002C8065C22D8066C22E8067C22F8068C2DA
:109E3000308069C23180F2F132806AC23380FAB672
:109E400034806BC23580F4F13680AED23780C7DE05
:109E50003880CACB39806CC23A806DC23B80DCB39B
:109E60003C806EC23D80A2B53E806FC23F80A2B9E9
:109E7000408070C2418071C24280F4C44380F5F1D9
:109E8000448072C2458073C24680F6F1478074C236
:109E9000488075C2498076C24A80C4C14B80FBC1EC
:109EA0004C80B0D64D80F7F14E8077C24F8078C29B
:109EB000508079C251807AC25280F8F153807BC2BF
:109EC0005480AAC155807CC256807DC257807EC214
:109ED0005880B8C6598080C25A80DBBE5B8081C280
:109EE0005C8082C25D8083C25E8084C25F8085C2E6
:109EF000608086C2618087C2628088C2638089C2B6
:109F000064808AC265808BC266808CC267808DC285
:109F100068808EC26980F9F16A80CFB46B808FC28D
:109F20006C8090C26D8091C26E8092C26F8093C22D
:109F3000708094C27180FAF1728095C2738096C26B
:109F4000748097C2758098C2768099C277809AC2D1
:109F500078809BC279809CC27A809DC27B809EC2A1
:109F60007C809FC27D80A0C27E8040C37F80B2ED96
:109F70008080B1ED818041C3828042C38380E0CB89
:109F80008480DED2858043C38680C1CB8780D8D5CC
:109F9000888044C38980E2C88A8045C38B80DFC043
:109FA0008C80A1BC8D8046C38E8047C38F8048C300
:109FB000908049C391804AC392804BC39380C1EB88
:109FC00094804CC395804DC39680A4D097804EC397
:109FD0009880E2D699804FC39A80C7B69B80D8B844
:109FE0009C80C0EB9D80CEB89E8050C39F80BFEB0D
:109FF000A080A6B3A180C9B9A280ABD6A38051C36B
:10A00000A480F4B7A580CAB7A68052C3A78053C363
:10A01000A88054C3A980E7BCAA80BEB7AB80C6EBBA
:10A02000AC8055C3AD80C7EBAE80B9B0AF80CFBFB9
:10A03000B08056C3B180C5EBB280FDD3B38057C3A7
:10A04000B480C8EBB58058C3B68059C3B780C9EB9C
:10A05000B8805AC3B9805BC3BA80CEB7BB805CC33B
:10A06000BC80C2EBBD80C4EBBE80F6C9BF80D7D632
:10A07000C080CDD5C180B2D0C280CFEBC380B8CE76
:10A08000C480D0EBC5805DC3C680A8B5C7805EC361
:10A09000C8805FC3C98060C3CA8061C3CB8062C30C
:10A0A000CC80B3B1CD80D2EBCE80A5CCCF8063C3C2
:10A0B000D08064C3D18065C3D28066C3D38067C3B8
:10A0C000D48068C3D58069C3D680D6C5D780D3EB8A
:10A0D000D8806AC3D980D1EBDA80DFC5DB80CEEBD4
:10A0E000DC80A4CADD80D5EBDE80FBB0DF806BC3F3
:10A0F000E0806CC3E180FABAE2806DC3E3806EC396
:10A10000E480B7D8E580E3F1E6806FC3E780CAEB6F
:10A11000E880CBEBE980CCEBEA80CDEBEB80D6EBB3
:10A12000EC80C0E6ED80D9EBEE8070C3EF80E8BF35
:10A13000F080C8D2F180D7EBF280DCEBF380ECB892
:10A14000F480D8EBF58071C3F680BABDF78072C396
:10A15000F880D8D0F98073C3FA80B7B0FB8074C39D
:10A16000FC80DDEBFD80DCC4FE8075C3FF8076C320
:10A17000008177C3018178C30281ACD6038179C3A2
:10A1800004817AC305817BC30681E0B407817CC367
:10A1900008817DC30981F6C20A81B9BC0B817EC3E7
:10A1A0000C8180C30D81DAEB0E81DBEB0F81E0D4F3
:10A1B0001081EAC61181D4C41281DFEB1381A7C5D7
:10A1C0001481F5D9158181C31681B1B2178182C37B
:10A1D0001881E4EB198183C31A81C5BD1B8184C337
:10A1E0001C8185C31D8186C31E81E2EB1F8187C34D
:10A1F000208188C3218189C322818AC323818BC3A3
:10A2000024818CC325818DC326818EC327818FC372
:10A21000288190C3298191C32A8192C32B8193C342
:10A220002C81E3EB2D8194C32E8195C32F81ACB893
:10A23000308196C33181D1CD3281E5EB338197C333
:10A24000348198C3358199C33681E1EB37819AC354
:10A250003881B3C139819BC33A819CC33B819DC383
:10A260003C819EC33D819FC33E81A2C63F81A0C366
:10A27000408140C4418141C4428142C4438143C4BE
:10A28000448144C4458145C44681F3CC478146C4DA
:10A290004881E6EB498147C44A81B0C04B81B8D2BE
:10A2A0004C81E7EB4D8148C44E8149C44F814AC47B
:10A2B0005081AFB85181ADB852814BC45381E8EBA6
:10A2C0005481BBC75581F3CD56814CC457814DC4D1
:10A2D00058814EC45981EAEB5A81EBEB5B814FC444
:10A2E0005C8150C45D8151C45E8152C45F8153C49E
:10A2F0006081EDEB618154C4628155C4638156C4B1
:10A30000648157C46581C8D0668158C46781F2EB07
:10A31000688159C46981EEEB6A815AC46B815BC460
:10A320006C815CC46D81F1EB6E81F9C86F815DC495
:10A330007081FCD17181ECEB72815EC473815FC46A
:10A340007481E9EB758160C4768161C4778162C4F0
:10A35000788163C47981B9B87A81D9CF7B81E5C42A
:10A360007C81EFEB7D81F0EB7E81DACC7F81C8CD03
:10A370008081F2B0818164C48281F6EB838165C4FF
:10A38000848166C4858167C4868168C4878169C405
:10A390008881F5EB89816AC48A81B2B28B816BC4F2
:10A3A0008C816CC48D816DC48E816EC48F81E0B848
:10A3B00090816FC49181F7EB928170C4938171C4D5
:10A3C000948172C4958173C4968174C4978175C455
:10A3D0009881ECB1998176C49A8177C49B81C5CC70
:10A3E0009C81A4C49D81A5CF9E8178C49F8179C49E
:10A3F000A0817AC4A1817BC4A2817CC4A381F9EB32
:10A40000A4817DC4A5817EC4A681A2ECA78180C45D
:10A41000A881F2C5A98181C4AA81FAEBAB8182C46B
:10A42000AC8183C4AD8184C4AE8185C4AF8186C450
:10A43000B08187C4B18188C4B28189C4B381C5C9E0
:10A44000B4818AC4B5818BC4B6818CC4B7818DC4F4
:10A45000B8818EC4B9818FC4BA81DFE2BB81FEEBC3
:10A46000BC8190C4BD8191C4BE8192C4BF8193C49C
:10A47000C081CECDC181A1ECC281DBB1C381B7D394
:10A48000C48194C4C58195C4C681DCD2C78196C4F9
:10A49000C88197C4C98198C4CA81FDEBCB8199C496
:10A4A000CC81FBEBCD819AC4CE819BC4CF819CC46F
:10A4B000D0819DC4D1819EC4D2819FC4D381A0C4C8
:10A4C000D48140C5D58141C5D68142C5D78143C518
:10A4D000D88144C5D98145C5DA8146C5DB8147C5E8
:10A4E000DC8148C5DD8149C5DE814AC5DF814BC5B8
:10A4F000E0814CC5E1814DC5E2814EC5E381BCB32D
:10A50000E4814FC5E58150C5E68151C5E781B0EAD8
:10A51000E88152C5E98153C5EA81D4D7EB8154C59E
:10A52000EC81ABF4ED81F4B3EE8155C5EF8156C5F6
:10A53000F08157C5F18158C5F28159C5F381C1D663
:10A54000F481C2D6F5815AC5F6815BC5F7815CC539
:10A55000F8815DC5F9815EC5FA815FC5FB81E9D5EA
:10A56000FC81CABEFD8160C5FE81A7F4FF8161C583
:10A570000082A8D20182A8F40282A9F4038262C5F3
:10A580000482AAF40582CBBE0682DFD3078263C5AC
:10A59000088264C5098265C50A8266C50B8267C5E3
:10A5A0000C82E0C90D82E1C90E8268C50F8269C5BF
:10A5B0001082C2F311826AC51282E6CA13826BC589
:10A5C0001482F2CC15826CC516826DC517826EC5D9
:10A5D00018826FC5198270C51A8271C51B82B6E2D6
:10A5E0001C82B4CB1D8272C51E82E8CE1F82DBD6D0
:10A5F000208273C52182ADF42282AEF42382AFF4AF
:10A60000248274C5258275C5268276C5278277C5C2
:10A610002882B2F4298278C52A82BDBA2B82B3F48B
:10A620002C82E3B02D82B0F42E8279C52F82B1F452
:10A630003082A2BD3182D5B232827AC53382B6F47D
:10A640003482B7F43582E6B63682B0B23782CFCFE5
:10A650003882B4F43982ACB43A827BC53B82B5F41B
:10A660003C827CC53D827DC53E82B8F43F827EC57A
:10A67000408280C5418281C5428282C5438283C5B2
:10A680004482B9F4458284C5468285C54782A7CDF8
:10A69000488286C54982BAF44A8287C54B82BBF498
:10A6A0004C8288C54D8289C54E828AC54F82BCF4D2
:10A6B00050828BC551828CC552828DC553828EC506
:10A6C00054828FC5558290C5568291C5578292C5D6
:10A6D0005882D2CB598293C55A82BDF45B8294C50D
:10A6E0005C8295C55D8296C55E8297C55F82BEF429
:10A6F000608298C5618299C562829AC563829BC552
:10A7000064829CC565829DC566829EC567829FC521
:10A710006882BFF46982A0C56A8240C66B8241C666
:10A720006C8242C66D8243C66E82DEF46F82BCC10B
:10A730007082E8BC718244C67282ABC97382DED17A
:10A740007482F5E5758245C6768246C6778247C62D
:10A75000788248C67982B3DC7A82D5D27B8249C6B8
:10A760007C824AC67D82B4DC7E82ACB07F82B5DC5E
:10A7700080824BC681824CC68282DABD83824DC6FE
:10A780008482B9DC85824EC686824FC6878250C6D7
:10A790008882C2D8898251C68A82B7DC8B82F3D381
:10A7A0008C8252C68D82D6C98E82BADC8F82B6DC8C
:10A7B000908253C69182BBDC9282A2C3938254C61C
:10A7C000948255C6958256C6968257C69782BCDC3F
:10A7D0009882C5DC9982BDDC9A8258C69B8259C694
:10A7E0009C82DFCE9D82A5D69E825AC69F82CFDCF8
:10A7F000A0825BC6A182CDDCA2825CC6A3825DC6BC
:10A80000A482D2DCA582E6BDA682ABC2A7825EC6C8
:10A81000A882B8DCA982CBDCAA82CEDCAB82BEDC0B
:10A82000AC82D2B7AD82C5B0AE82C7DCAF82BED03B
:10A83000B082C1DCB182A8BBB2825FC6B382BCB7B2
:10A84000B482CCDCB58260C6B68261C6B782C6DC93
:10A85000B882BFDCB982DBC7BA8262C6BB8263C67C
:10A86000BC8264C6BD82BFD1BE82C0DCBF8265C669
:10A87000C08266C6C182CADCC28267C6C38268C69D
:10A88000C482D0DCC58269C6C6826AC6C782ADCE24
:10A89000C882C2DCC9826BC6CA82C3DCCB82C8DC78
:10A8A000CC82C9DCCD82D4B2CE82D1DCCF82D5CBF2
:10A8B000D0826CC6D182B7D4D282DBDCD382DFDC1B
:10A8C000D482A6CCD582E6DCD6826DC6D782E7C319
:10A8D000D882DCDCD9826EC6DA826FC6DB82C1BF69
:10A8E000DC82D9DCDD8270C6DE82FAB0DF82B6B9E6
:10A8F000E082E5DCE182D3DCE28271C6E382C4DC83
:10A90000E482D6DCE582F4C8E682E0BFE78272C664
:10A91000E88273C6E98274C6EA8275C6EB82BBC957
:10A92000EC8276C6ED8277C6EE8278C6EF82BDB144
:10A93000F08279C6F182A2D3F2827AC6F3827BC614
:10A94000F482DADCF5827CC6F6827DC6F782D5DC3D
:10A95000F8827EC6F982BBC6FA8280C6FB82DEDC44
:10A96000FC8281C6FD8282C6FE8283C6FF8284C6C7
:10A97000008385C60183C2D70283AFC30383B6B702
:10A980000483D1C70583A9C30683E2DC0783D8DC2F
:10A990000883EBDC0983D4DC0A8386C60B8387C675
:10A9A0000C83DDDC0D8388C60E83A5BE0F83D7DC48
:10A9B000108389C61183E0DC12838AC613838BC699
:10A9C0001483E3DC1583E4DC16838CC61783F8DC80
:10A9D00018838DC619838EC61A83E1DC1B83A2DD22
:10A9E0001C83E7DC1D838FC61E8390C61F8391C620
:10A9F000208392C6218393C6228394C6238395C65F
:10AA0000248396C6258397C6268398C62783EBBCE6
:10AA10002883C4B4298399C62A839AC62B83A3C3E7
:10AA20002C83E7B22D83FADC2E839BC62F83F2DCC6
:10AA300030839CC63183EFDC32839DC63383FCDCDC
:10AA40003483EEDC3583F0D23683E8B237839EC69A
:10AA50003883D7C83983E3C83A83FBDC3B839FC67E
:10AA60003C83EDDC3D83A0C63E8340C73F8341C7A6
:10AA70004083F7DC418342C7428343C74383F5DC0D
:10AA8000448344C7458345C74683A3BE4783F4DC5C
:10AA9000488346C74983DDB24A8347C74B8348C7CB
:10AAA0004C8349C74D834AC74E834BC74F83F3DC62
:10AAB0005083F6BC5183E8DC5283C4BB53834CC73C
:10AAC0005483F3C055834DC756834EC757834FC732
:10AAD000588350C7598351C75A83D4BC5B83E9DC80
:10AAE0005C83EADC5D8352C75E83F1DC5F83F6DC66
:10AAF0006083F9DC6183B4B5628353C76383D9C8CB
:10AB00006483E7BB6583FEDC6683FDDC6783ABD3D0
:10AB10006883A1DD6983A3DD6A83A5DD6B83F1D240
:10AB20006C83A4DD6D83A6DD6E83A7DD6F83A9D260
:10AB3000708354C7718355C7728356C7738357C7D1
:10AB4000748358C7758359C776835AC77783C9BA40
:10AB50007883A9DD79835BC77A835CC77B83B6DDA5
:10AB60007C83B1DD7D83B4DD7E835DC77F835EC77B
:10AB700080835FC7818360C7828361C7838362C725
:10AB8000848363C78583B0DD8683CEC6878364C72D
:10AB9000888365C78983F2C08A8366C78B8367C74A
:10ABA0008C8368C78D8369C78E83AFC98F836AC75B
:10ABB00090836BC791836CC79283ECDC9383AEDD8B
:10ABC00094836DC795836EC796836FC7978370C74D
:10ABD0009883B7DD998371C79A8372C79B83F0DC32
:10ABE0009C83AFDD9D8373C79E83B8DD9F8374C74D
:10ABF000A083ACDDA18375C7A28376C7A38377C783
:10AC0000A48378C7A58379C7A6837AC7A7837BC7A0
:10AC1000A883B9DDA983B3DDAA83ADDDAB83AAC464
:10AC2000AC837CC7AD837DC7AE837EC7AF8380C74F
:10AC3000B083A8DDB183B3C0B283ABC1B383AADD57
:10AC4000B483ABDDB58381C7B683B2DDB783F1BB17
:10AC5000B883B5DDB983A8D3BA83BADDBB8382C715
:10AC6000BC83BBDDBD83A7C3BE8383C7BF8384C74B
:10AC7000C083D2DDC183BCDDC28385C7C38386C7E1
:10AC8000C48387C7C583D1DDC68388C7C783BDB9E1
:10AC9000C88389C7C9838AC7CA83D5BECB838BC7FC
:10ACA000CC83FABECD838CC7CE838DC7CF83CABA7F
:10ACB000D0838EC7D1838FC7D28390C7D38391C7E8
:10ACC000D483CADDD58392C7D683C5DDD78393C726
:10ACD000D883BFDDD98394C7DA8395C7DB8396C752
:10ACE000DC83CBB2DD83C3DDDE8397C7DF83CBDDBF
:10ACF000E083A4B2E183D5DDE28398C7E38399C7FB
:10AD0000E4839AC7E583BEDDE6839BC7E7839CC7E0
:10AD1000E8839DC7E983D0C6EA83D0DDEB839EC775
:10AD2000EC839FC7ED83A0C7EE8340C8EF8341C883
:10AD3000F083D4DDF183E2C1F283C6B7F38342C866
:10AD4000F48343C8F58344C8F68345C8F78346C8EF
:10AD5000F883CEDDF983CFDDFA8347C8FB8348C88B
:10AD6000FC8349C8FD83C4DDFE834AC8FF834BC80A
:10AD700000844CC80184BDDD02844DC80384CDDD50
:10AD80000484D1CC05844EC80684C9DD07844FC82D
:10AD9000088450C8098451C80A8452C80B84C2DD93
:10ADA0000C84C8C30D84BCC60E84AECE0F84CCDD2B
:10ADB000108453C81184C8DD128454C8138455C844
:10ADC000148456C8158457C8168458C8178459C89F
:10ADD0001884C1DD19845AC81A845BC81B845CC8F6
:10ADE0001C84C6DD1D84DCC21E845DC81F845EC851
:10ADF00020845FC8218460C8228461C8238462C81B
:10AE00002484A9D32584AAD32684D3DD2784F4CF30
:10AE10002884F8C8298463C82A8464C82B8465C838
:10AE20002C8466C82D8467C82E8468C82F8469C89E
:10AE300030846AC83184E6DD32846BC833846CC8E0
:10AE400034846DC835846EC836846FC8378470C842
:10AE50003884C7DD398471C83A8472C83B8473C8AA
:10AE60003C84E0DD3D84E4C23E8474C83F8475C800
:10AE7000408476C8418477C8428478C8438479C8BE
:10AE800044847AC845847BC84684E1DD47847CC815
:10AE900048847DC849847EC84A8480C84B8481C860
:10AEA0004C8482C84D8483C84E8484C84F8485C82E
:10AEB000508486C85184D7DD528487C8538488C89B
:10AEC000548489C855848AC856848BC85784F8D658
:10AED00058848CC85984D9DD5A84D8DD5B84F0B895
:10AEE0005C84D6DD5D848DC85E848EC85F848FC827
:10AEF000608490C86184CFC6628491C86384ADB613
:10AF0000648492C8658493C8668494C8678495C82D
:10AF1000688496C86984E2DD6A8497C86B84F9BA4C
:10AF20006C84E1D46D84E7DD6E8498C86F8499C821
:10AF300070849AC87184D0B472849BC87384DADD3B
:10AF400074849CC87584FBBF7684E3DD77849DC8D8
:10AF50007884DFDD79849EC87A84DDDD7B849FC8B8
:10AF60007C84A0C87D8440C97E8441C97F8442C955
:10AF7000808443C9818444C98284D9B5838445C906
:10AF8000848446C9858447C9868448C98784DBDDB3
:10AF90008884DCDD8984DEDD8A8449C98B84AFBD89
:10AFA0008C84E4DD8D844AC98E84E5DD8F844BC9B1
:10AFB00090844CC991844DC992844EC993844FC9E1
:10AFC000948450C9958451C9968452C99784F5DDFB
:10AFD000988453C99984C9C39A8454C99B8455C918
:10AFE0009C84E2CB9D8456C99E8457C99F8458C9CE
:10AFF000A08459C9A184F2DDA2845AC9A3845BC983
:10B00000A4845CC9A5845DC9A6845EC9A7845FC900
:10B01000A88460C9A98461C9AA8462C9AB8463C9D0
:10B02000AC8464C9AD8465C9AE8466C9AF84E1D817
:10B03000B08467C9B18468C9B284D1C6B38469C910
:10B04000B484F4DDB5846AC9B6846BC9B7846CC9AD
:10B05000B884F4D5B984F3DDBA84F0DDBB846DC95E
:10B06000BC846EC9BD84ECDDBE846FC9BF84EFDDD6
:10B07000C08470C9C184E8DDC28471C9C38472C947
:10B08000C484EED0C58473C9C68474C9C78475C925
:10B09000C88476C9C984D8C8CA84EEDDCB8477C990
:10B0A000CC8478C9CD84E9DDCE8479C9CF847AC9CE
:10B0B000D084EADDD184F2CBD2847BC9D384EDDDA8
:10B0C000D4847CC9D5847DC9D684CDB1D7847EC9CA
:10B0D000D88480C9D98481C9DA8482C9DB8483C9D0
:10B0E000DC8484C9DD84B6C0DE8485C9DF84BBBC52
:10B0F000E084F1DDE18486C9E28487C9E384F7DD79
:10B10000E48488C9E584F6DDE684EBDDE78489C95B
:10B11000E8848AC9E9848BC9EA848CC9EB848DC927
:10B12000EC84EEC5ED848EC9EE848FC9EF8490C99E
:10B13000F084FBDDF18491C9F28492C9F38493C950
:10B14000F48494C9F58495C9F68496C9F78497C99F
:10B15000F88498C9F98499C9FA849AC9FB849BC96F
:10B16000FC84A4DEFD849CC9FE849DC9FF84A3DE0B
:10B1700000859EC901859FC90285A0C9038540CA73
:10B18000048541CA058542CA068543CA078544CA63
:10B19000088545CA098546CA0A8547CA0B8548CA33
:10B1A0000C85F8DD0D8549CA0E854ACA0F854BCA44
:10B1B00010854CCA1185EFC312854DCA1385FBC299
:10B1C00014854ECA15854FCA168550CA1785E1D514
:10B1D000188551CA198552CA1A85B5CE1B8553CA1E
:10B1E0001C8554CA1D8555CA1E8556CA1F85FDDD9E
:10B1F000208557CA2185CCB2228558CA238559CAD1
:10B2000024855ACA25855BCA26855CCA27855DCAFE
:10B2100028855ECA29855FCA2A8560CA2B85E8C44D
:10B220002C85DFCA2D8561CA2E8562CA2F8563CA27
:10B23000308564CA318565CA328566CA338567CA76
:10B24000348568CA358569CA36856ACA3785BEC7F6
:10B250003885FADD3985FCDD3A85FEDD3B85A2DEE9
:10B260003C85AAB03D85CEB13E856BCA3F856CCA90
:10B2700040856DCA41856ECA42856FCA4385ACDE82
:10B28000448570CA458571CA468572CA478573CAA6
:10B290004885A6DE4985B6BD4A85EFC84B8574CA88
:10B2A0004C8575CA4D8576CA4E8577CA4F8578CA52
:10B2B000508579CA51857ACA52857BCA53857CCA22
:10B2C00054857DCA55857ECA5685A1DE578580CABC
:10B2D000588581CA5985A5DE5A8582CA5B8583CA8D
:10B2E0005C8584CA5D8585CA5E85A9DE5F8586CA60
:10B2F000608587CA618588CA628589CA63858ACA6A
:10B300006485A8DE65858BCA66858CCA67858DCA0B
:10B310006885A7DE69858ECA6A858FCA6B8590CAE3
:10B320006C8591CA6D8592CA6E8593CA6F8594CAE1
:10B33000708595CA718596CA7285ADDE738597CA88
:10B340007485CCD4758598CA768599CA77859ACA4A
:10B3500078859BCA7985B3DE7A85AADE7B85AEDEE9
:10B360007C859CCA7D859DCA7E85D9C07F859ECA05
:10B3700080859FCA8185A0CA828540CB838541CBC9
:10B380008485A1B18585B6DE868542CB8785B1DE11
:10B39000888543CB898544CB8A8545CB8B8546CB35
:10B3A0008C8547CB8D8548CB8E8549CB8F85B2DE8A
:10B3B00090854ACB91854BCB92854CCB93854DCBD9
:10B3C00094854ECB95854FCB968550CB978551CBA9
:10B3D000988552CB998553CB9A8554CB9B85A6D122
:10B3E0009C85B5DE9D8555CB9E8556CB9F8557CBDD
:10B3F000A08558CBA18559CBA2855ACBA3855BCB21
:10B40000A485AFDEA5855CCBA6855DCBA7855ECB8D
:10B41000A885B0DEA9855FCBAA85BDD0AB8560CB02
:10B42000AC8561CBAD8562CBAE85B4DEAF85EDCAB0
:10B43000B085B9DEB18563CBB28564CBB38565CB0E
:10B44000B48566CBB58567CBB68568CBB785B8DEE6
:10B45000B88569CBB985B7DEBA856ACBBB856BCBBE
:10B46000BC856CCBBD856DCBBE856ECBBF856FCBF0
:10B47000C08570CBC185BBDEC28571CBC38572CB65
:10B48000C48573CBC58574CBC68575CBC78576CB94
:10B49000C88577CBC985E5BDCA8578CBCB8579CB07
:10B4A000CC857ACBCD857BCBCE857CCBCF85D8B2F6
:10B4B000D085EAC3D1857DCBD2857ECBD385BADE5C
:10B4C000D48580CBD585BAC5D68581CBD78582CBAF
:10B4D000D88583CBD98584CBDA8585CBDB8586CBB4
:10B4E000DC85BCDEDD8587CBDE8588CBDF8589CB3F
:10B4F000E0858ACBE1858BCBE2858CCBE3858DCB58
:10B50000E485D9CCE5858ECBE6858FCBE78590CBDE
:10B51000E88591CBE985AAB7EA8592CBEB8593CBF9
:10B52000EC8594CBED8595CBEE8596CBEF8597CBCF
:10B53000F08598CBF18599CBF2859ACBF3859BCB9F
:10B54000F4859CCBF5859DCBF6859ECBF7859FCB6F
:10B55000F885A0CBF98540CCFA8541CCFB85E5D4B4
:10B56000FC8542CCFD8543CCFE8544CCFF85BDDE09
:10B57000008645CC018646CC028647CC038648CC63
:10B58000048649CC0586BFDE06864ACC07864BCCAE
:10B5900008864CCC09864DCC0A864ECC0B864FCC07
:10B5A0000C8650CC0D8651CC0E8652CC0F8653CCD7
:10B5B000108654CC1186A2C4128655CC138656CC64
:10B5C000148657CC158658CC1686C1DE178659CC02
:10B5D00018865ACC19865BCC1A865CCC1B865DCC4F
:10B5E0001C865ECC1D865FCC1E8660CC1F8661CC1F
:10B5F000208662CC218663CC228664CC238665CCEF
:10B60000248666CC258667CC268668CC2786BEDE57
:10B61000288669CC2986C0DE2A866ACC2B866BCC2C
:10B620002C866CCC2D866DCC2E866ECC2F866FCC66
:10B63000308670CC318671CC328672CC338673CC36
:10B64000348674CC358675CC368676CC378677CC06
:10B650003886BAD5398678CC3A8679CC3B867ACC8E
:10B660003C86C2DE3D867BCC3E867CCC3F867DCC54
:10B6700040867ECC418680CC428681CC438682CC7B
:10B68000448683CC458684CC468685CC478686CC4A
:10B69000488687CC498688CC4A8689CC4B868ACC1A
:10B6A0004C868BCC4D86AEF24E86A2BB4F86B2C284
:10B6B0005086B0C55186C7C252868CCC53868DCC7D
:10B6C0005486AFF255868ECC56868FCC578690CC5A
:10B6D000588691CC598692CC5A86E9D05B8693CC19
:10B6E0005C8694CC5D8695CC5E86DDD35F8696CCF9
:10B6F000608697CC618698CC6286BDEB638699CCD8
:10B7000064869ACC65869BCC66869CCC67869DCCED
:10B7100068869ECC69869FCC6A86A0CC6B86E6B391
:10B720006C86B0F26D8640CD6E86B1F26F8641CDEB
:10B73000708642CD7186ADCA728643CD738644CD84
:10B74000748645CD758646CD768647CD778648CDBD
:10B75000788649CD7986E7BA7A86B3F27B86B5F2E8
:10B760007C86B4F27D86E4CB7E86BACF7F86B2F249
:10B770008086B4CA8186CFD28286ECC283864ACDC7
:10B7800084864BCD85864CCD86864DCD87864ECD25
:10B7900088864FCD898650CD8A86C3CE8B86B8F2F7
:10B7A0008C86F6B08D86B7F28E8651CD8F8652CDBF
:10B7B000908653CD918654CD928655CD9386BEF218
:10B7C000948656CD9586CFB2968657CD978658CD1E
:10B7D000988659CD99865ACD9A865BCD9B865CCD4D
:10B7E0009C86C1D19D86BAF29E865DCD9F865ECD38
:10B7F000A0865FCDA18660CDA28661CDA386BCF276
:10B80000A486E9D4A58662CDA68663CDA786BBF2C1
:10B81000A886B6F2A986BFF2AA86BDF2AB8664CD31
:10B82000AC86B9F2AD8665CDAE8666CDAF86C7F281
:10B83000B086C4F2B186C6F2B28667CDB38668CD53
:10B84000B486CAF2B586C2F2B686C0F2B78669CDB2
:10B85000B8866ACDB9866BCDBA86C5F2BB866CCD8B
:10B86000BC866DCDBD866ECDBE866FCDBF8670CDDC
:10B87000C086FBD6C18671CDC28672CDC38673CD1C
:10B88000C486C1F2C58674CDC686F9C7C786DFC92E
:10B89000C88675CDC986C8F2CA86C6B9CB86B0B58A
:10B8A000CC8676CDCD8677CDCE86C3F2CF86C9F253
:10B8B000D086D0F2D186D6F2D28678CDD38679CD15
:10B8C000D486D7BBD5867ACDD6867BCDD7867CCDA0
:10B8D000D886D5F2D986DCCDDA867DCDDB86EBD66F
:10B8E000DC867ECDDD8680CDDE86D2F2DF86D4F2A8
:10B8F000E08681CDE18682CDE28683CDE38684CD6C
:10B90000E486F2B8E58685CDE68686CDE78687CDE6
:10B91000E88688CDE986CBF2EA8689CDEB868ACDAA
:10B92000EC868BCDED86CEF2EE86F9C2EF868CCD1D
:10B93000F086DDD5F186CCF2F286CDF2F386CFF239
:10B94000F486D3F2F5868DCDF6868ECDF7868FCD33
:10B95000F886D9F2F986BCD3FA8690CDFB8691CDD4
:10B96000FC8692CDFD8693CDFE86EAB6FF8694CD09
:10B970000087F1CA018795CD0287E4B70387D7F224
:10B98000048796CD058797CD068798CD0787D8F28F
:10B990000887DAF20987DDF20A87DBF20B8799CD97
:10B9A0000C879ACD0D87DCF20E879BCD0F879CCD3F
:10B9B00010879DCD11879ECD1287D1D11387D1F2EB
:10B9C00014879FCD1587C9CD1687A0CD1787CFCEF9
:10B9D0001887A9D6198740CE1A87E3F21B8741CE74
:10B9E0001C87DBC31D8742CE1E87E0F21F8743CE34
:10B9F000208744CE2187AFC02287ECF22387DEF276
:10BA0000248745CE2587E1F2268746CE278747CE75
:10BA1000288748CE2987E8F22A8749CE2B874ACE45
:10BA20002C874BCE2D874CCE2E87E2F22F874DCE22
:10BA300030874ECE3187E7F232874FCE338750CEF4
:10BA40003487E6F2358751CE368752CE3787E9F212
:10BA5000388753CE398754CE3A8755CE3B87DFF2AD
:10BA60003C8756CE3D8757CE3E87E4F23F87EAF2C9
:10BA7000408758CE418759CE42875ACE43875BCE06
:10BA800044875CCE45875DCE46875ECE4787ACD384
:10BA90004887E5F24987F5B24A875FCE4B8760CE8B
:10BAA0004C87F2F24D8761CE4E87ABD04F8762CE86
:10BAB000508763CE518764CE528765CE5387F5F2A7
:10BAC000548766CE558767CE568768CE5787C8BBE2
:10BAD000588769CE5987F9F25A876ACE5B876BCE51
:10BAE0005C876CCE5D876DCE5E876ECE5F876FCED6
:10BAF0006087F0F2618770CE628771CE6387F6F25D
:10BB00006487F8F26587FAF2668772CE678773CE2C
:10BB1000688774CE698775CE6A8776CE6B8777CE55
:10BB20006C8778CE6D8779CE6E87F3F26F877ACE89
:10BB30007087F1F271877BCE72877CCE73877DCE62
:10BB40007487FBBA75877ECE7687FBB5778780CE04
:10BB5000788781CE798782CE7A8783CE7B87EFF212
:10BB60007C87F7F27D87EDF27E87EEF27F8784CEC9
:10BB7000808785CE818786CE8287EBF28387A6F386
:10BB8000848787CE8587A3F3868788CE878789CEEB
:10BB90008887A2F389878ACE8A878BCE8B87F4F237
:10BBA0008C878CCE8D87DAC88E878DCE8F878ECE90
:10BBB00090878FCE918790CE928791CE9387FBF21C
:10BBC000948792CE958793CE968794CE9787A5F348
:10BBD000988795CE998796CE9A8797CE9B8798CE51
:10BBE0009C8799CE9D879ACE9E879BCE9F87F8C3D0
:10BBF000A0879CCEA1879DCEA2879ECEA3879FCEF5
:10BC0000A487A0CEA58740CFA68741CFA78742CFE4
:10BC1000A887FDF2A98743CFAA8744CFAB87A7F3B4
:10BC2000AC87A9F3AD87A4F3AE8745CFAF87FCF20D
:10BC3000B08746CFB18747CFB28748CFB387ABF342
:10BC4000B48749CFB587AAF3B6874ACFB7874BCF1A
:10BC5000B8874CCFB9874DCFBA87DDC2BB874ECFEF
:10BC6000BC874FCFBD87AEF3BE8750CFBF8751CFC4
:10BC7000C087B0F3C18752CFC28753CFC38754CF99
:10BC8000C48755CFC58756CFC687A1F3C78757CF7F
:10BC9000C88758CFC98759CFCA87B1F3CB87ACF3D0
:10BCA000CC875ACFCD875BCFCE875CCFCF875DCF98
:10BCB000D0875ECFD187AFF3D287FEF2D387ADF3C3
:10BCC000D4875FCFD58760CFD68761CFD78762CF44
:10BCD000D88763CFD98764CFDA8765CFDB87B2F3A4
:10BCE000DC8766CFDD8767CFDE8768CFDF8769CFE8
:10BCF000E087B4F3E1876ACFE2876BCFE3876CCF4D
:10BD0000E4876DCFE587A8F3E6876ECFE7876FCF2F
:10BD1000E88770CFE98771CFEA87B3F3EB8772CFFB
:10BD2000EC8773CFED8774CFEE87B5F3EF8775CFD0
:10BD3000F08776CFF18777CFF28778CFF38779CF07
:10BD4000F4877ACFF5877BCFF6877CCFF7877DCFD7
:10BD5000F8877ECFF987B7D0FA8780CFFB8781CF6E
:10BD6000FC8782CFFD8783CFFE87B8F3FF8784CF20
:10BD7000008885CF018886CF028887CF0388F9D9CC
:10BD8000048888CF058889CF06888ACF07888BCF1B
:10BD900008888CCF09888DCF0A88B9F30B888ECF9D
:10BDA0000C888FCF0D8890CF0E8891CF0F8892CFBF
:10BDB000108893CF118894CF128895CF1388B7F34A
:10BDC000148896CF1588E4C81688B6F3178897CFDD
:10BDD000188898CF198899CF1A889ACF1B88BAF3F8
:10BDE0001C889BCF1D889CCF1E889DCF1F889ECF0F
:10BDF00020889FCF2188BBF32288C0B42388A0CF9E
:10BE0000248840D0258841D0268842D0278843D036
:10BE1000288844D0298845D02A8846D02B8847D006
:10BE20002C8848D02D8849D02E884AD02F884BD0D6
:10BE300030884CD031884DD03288C3EE33884ED014
:10BE400034884FD0358850D0368851D0378852D07A
:10BE5000388853D03988BCF33A8854D03B8855D0C1
:10BE60003C88BDF33D8856D03E8857D03F8858D097
:10BE70004088AAD1418859D042885AD043885BD0A3
:10BE80004488ACF44588C6D046885CD047885DD0ED
:10BE900048885ED049885FD04A8860D04B8861D09E
:10BEA0004C88D0D04D88DCD14E8862D04F8863D08A
:10BEB000508864D0518865D0528866D0538867D046
:10BEC0005488CECF558868D0568869D05788D6BD5B
:10BED00058886AD05988C3D15A886BD05B886CD097
:10BEE0005C886DD05D886ED05E886FD05F8870D0C2
:10BEF000608871D06188E2BA6288E9E16388C2D261
:10BF00006488C2F16588B9B2668872D0678873D0D8
:10BF10006888EDB16988C3F16A8874D06B88C0C93C
:10BF20006C88C4B36D8875D06E88F2D96F8876D06E
:10BF30007088A5CB718877D07288C4F1738878D067
:10BF4000748879D075887AD076887BD07788D4D673
:10BF500078887CD079887DD07A887ED07B8880D0A4
:10BF60007C8881D07D88C5F17E88C0F47F88C6F149
:10BF7000808882D08188ACD48288C7F1838883D0BE
:10BF80008488C0B08588C1F4868884D0878885D0AD
:10BF90008888C2F4898886D08A8887D08B88FCB448
:10BFA0008C8888D08D88DBC58E8889D08F888AD090
:10BFB00090888BD091888CD09288BBCC93888DD080
:10BFC00094888ED095888FD09688E4D0978890D02A
:10BFD000988891D0998892D09A8893D09B8894D051
:10BFE0009C88E0CD9D8895D09E8896D09F8897D0DC
:10BFF000A08898D0A18899D0A288C8F1A3889AD0A7
:10C00000A488F3D9A5889BD0A6889CD0A7889DD06A
:10C01000A8889ED0A9889FD0AA88A0D0AB88BBB1A1
:10C02000AC8840D1AD88AECFAE8841D1AF8842D187
:10C03000B08843D1B188A4B8B28844D1B38845D17F
:10C04000B48846D1B58847D1B68848D1B788CAF1F7
:10C05000B88849D1B9884AD1BA884BD1BB884CD16C
:10C06000BC88CBF1BD884DD1BE884ED1BF884FD1A1
:10C07000C08850D1C188C3B2C288D1C1C38851D150
:10C08000C48852D1C588B0D7C688C9F1C78853D1F2
:10C09000C88854D1C988CCF1CA8855D1CB8856D12B
:10C0A000CC8857D1CD8858D1CE88CEF1CF8859D100
:10C0B000D0885AD1D1885BD1D288F6D9D3885CD1C7
:10C0C000D488E1D2D588A3D4D6885DD1D7885ED173
:10C0D000D888C3F4D988B9C8DA885FD1DB8860D141
:10C0E000DC8861D1DD8862D1DE8863D1DF88C4F469
:10C0F000E08864D1E18865D1E288CDF1E388CFF1B1
:10C10000E488E3BFE588D0F1E68866D1E78867D1A7
:10C11000E888D4F1E98868D1EA8869D1EB886AD1E6
:10C12000EC886BD1ED886CD1EE886DD1EF886ED143
:10C13000F088D6F1F188D1F1F2886FD1F388D1C9B6
:10C14000F488E1C5F58870D1F68871D1F78872D18D
:10C15000F888E3C2F988FCB9FA8873D1FB8874D1F6
:10C16000FC88D3F1FD8875D1FE88D5F1FF8876D1A2
:10C17000008977D1018978D10289D3B9038979D12E
:10C1800004897AD105897BD106897CD107897DD143
:10C1900008897ED1098980D10A89DBF10B8981D197
:10C1A0000C8982D10D8983D10E8984D10F8985D1E3
:10C1B0001089D6BA118986D11289FDB01389D9F1B7
:10C1C000148987D1158988D1168989D117898AD18F
:10C1D00018898BD11989D8F11A89D2F11B89DAF122
:10C1E0001C898CD11D898DD11E898ED11F898FD13B
:10C1F000208990D12189D7F1228991D1238992D1A7
:10C20000248993D12589ECC8268994D1278995D191
:10C21000288996D1298997D12A89CACD2B89DDF120
:10C220002C8998D12D8999D12E899AD12F899BD18A
:10C230003089BDE531899CD132899DD133899ED128
:10C240003489DCF135899FD13689DEF13789A0D177
:10C25000388940D2398941D23A8942D23B8943D286
:10C260003C8944D23D8945D23E8946D23F8947D256
:10C27000408948D24189DFF1428949D243894AD273
:10C280004489E5CF45894BD246894CD247894DD266
:10C2900048894ED249894FD24A8950D24B8951D2CE
:10C2A0004C8952D24D8953D24E8954D24F8955D29E
:10C2B000508956D2518957D2528958D2538959D26E
:10C2C00054895AD255895BD256895CD257895DD23E
:10C2D00058895ED259895FD25A8960D25B8961D20E
:10C2E0005C8962D25D8963D25E89C5F45F89F3BDE2
:10C2F000608964D2618965D2628966D2638967D2B6
:10C30000648968D2658969D26689E0F167896AD2F1
:10C3100068896BD269896CD26A896DD26B896ED259
:10C320006C896FD26D8970D26E8971D26F8972D229
:10C33000708973D2718974D2728975D2738976D2F9
:10C34000748977D2758978D2768979D277897AD2C9
:10C3500078897BD279897CD27A897DD27B89E1F117
:10C360007C897ED27D8980D27E8981D27F89F7CEF9
:10C37000808982D28189AAD2828983D28389FBF182
:10C38000848984D2858985D28689B2B8878986D204
:10C39000888987D2898988D28A8989D28B898AD2E9
:10C3A0008C898BD28D898CD28E898DD28F898ED2B9
:10C3B00090898FD2918990D2928991D2938992D289
:10C3C000948993D2958994D2968995D2978996D259
:10C3D000988997D2998998D29A8999D29B899AD229
:10C3E0009C899BD29D899CD29E899DD29F899ED2F9
:10C3F000A0899FD2A189A0D2A28940D3A38941D389
:10C40000A48942D3A58943D3A68944D3A78945D318
:10C41000A88946D3A98947D3AA8948D3AB8949D3E8
:10C42000AC894AD3AD894BD3AE894CD3AF894DD3B8
:10C43000B0894ED3B1894FD3B28950D3B38951D388
:10C44000B48952D3B58953D3B68954D3B78955D358
:10C45000B88956D3B98957D3BA8958D3BB8959D328
:10C46000BC895AD3BD895BD3BE895CD3BF895DD3F8
:10C47000C0895ED3C189FBBCC289DBB9C3895FD3E4
:10C48000C489E6B9C589D9C3C689D3CAC789E8EAC8
:10C49000C889C0C0C989F5BECA89E9EACB89EAEA78
:10C4A000CC89EBEACD8960D3CE89ECEACF89EDEA7D
:10C4B000D089EEEAD189EFEAD289C7BDD38961D3A9
:10C4C000D48962D3D58963D3D689FBF5D78964D360
:10C4D000D88965D3D98966D3DA89FDF5DB8967D335
:10C4E000DC89FEF5DD8968D3DE89FCF5DF8969D357
:10C4F000E0896AD3E1896BD3E2896CD3E389E2BD39
:10C50000E4896DD3E589A1F6E689A5B4E7896ED300
:10C51000E8896FD3E98970D3EA8971D3EB89A2F6F0
:10C52000EC8972D3ED8973D3EE8974D3EF89A3F6C6
:10C53000F08975D3F18976D3F28977D3F389B2EC98
:10C54000F48978D3F58979D3F6897AD3F7897BD3BF
:10C55000F8897CD3F9897DD3FA897ED3FB8980D38E
:10C56000FC8981D3FD8982D3FE8983D3FF8984D35B
:10C57000008AD4D1018A85D3028A86D3038A87D3DD
:10C58000048A88D3058A89D3068A8AD3078AEAD996
:10C59000088A8BD3098A8CD30A8A8DD30B8A8ED3CF
:10C5A0000C8A8FD30D8A90D30E8A91D30F8A92D39F
:10C5B000108A93D3118A94D3128A95D3138A96D36F
:10C5C000148A97D3158A98D3168A99D3178A9AD33F
:10C5D000188A9BD3198A9CD31A8A9DD31B8A9ED30F
:10C5E0001C8A9FD31D8AA0D31E8A40D41F8A41D49F
:10C5F000208A42D4218A43D4228A44D4238A45D42F
:10C60000248A46D4258A47D4268A48D4278A49D4FE
:10C61000288A4AD4298A4BD42A8A4CD42B8A4DD4CE
:10C620002C8A4ED42D8A4FD42E8A50D42F8A51D49E
:10C63000308A52D4318A53D4328A54D4338A55D46E
:10C64000348A56D4358A57D4368A58D4378A59D43E
:10C65000388A5AD4398A5BD43A8A5CD43B8A5DD40E
:10C660003C8A5ED43D8A5FD43E8AA4F63F8A60D479
:10C67000408A61D4418A62D4428A63D4438A64D4B2
:10C68000448A65D4458A66D4468A67D4478A68D482
:10C69000488ABAEE498A69D44A8A6AD44B8A6BD4EA
:10C6A0004C8A6CD44D8A6DD44E8A6ED44F8A6FD426
:10C6B000508A70D4518A71D4528A72D4538A73D4F6
:10C6C000548A74D4558A75D4568A76D4578A77D4C6
:10C6D000588A78D4598A79D45A8A7AD45B8A7BD496
:10C6E0005C8A7CD45D8A7DD45E8A7ED45F8A80D465
:10C6F000608A81D4618A82D4628A83D4638A84D432
:10C70000648A85D4658A86D4668A87D4678A88D401
:10C71000688A89D4698A8AD46A8A8BD46B8A8CD4D1
:10C720006C8A8DD46D8A8ED46E8A8FD46F8A90D4A1
:10C73000708A91D4718A92D4728A93D4738A94D471
:10C74000748A95D4758A96D4768A97D4778A98D441
:10C75000788A99D4798AB2D57A8A9AD47B8A9BD4FA
:10C760007C8A9CD47D8A9DD47E8A9ED47F8A9FD4E5
:10C77000808AA0D4818A40D5828A41D5838A42D5D5
:10C78000848A43D5858A44D5868A45D5878A46D505
:10C79000888A47D5898AFED38A8ADCCC8B8A48D599
:10C7A0008C8A49D58D8A4AD58E8A4BD58F8A4CD5AD
:10C7B000908A4DD5918A4ED5928A4FD5938AC4CA14
:10C7C000948A50D5958A51D5968A52D5978A53D551
:10C7D000988A54D5998A55D59A8A56D59B8A57D521
:10C7E0009C8A58D59D8A59D59E8A5AD59F8A5BD5F1
:10C7F000A08A5CD5A18A5DD5A28A5ED5A38A5FD5C1
:10C80000A48A60D5A58A61D5A68A62D5A78A63D590
:10C81000A88A64D5A98A65D5AA8A66D5AB8A67D560
:10C82000AC8A68D5AD8A69D5AE8A6AD5AF8A6BD530
:10C83000B08A6CD5B18A6DD5B28A6ED5B38A6FD500
:10C84000B48A70D5B58A71D5B68A72D5B78A73D5D0
:10C85000B88A74D5B98A75D5BA8A76D5BB8A77D5A0
:10C86000BC8A78D5BD8A79D5BE8A7AD5BF8A7BD570
:10C87000C08A7CD5C18A7DD5C28A7ED5C38A80D53F
:10C88000C48A81D5C58A82D5C68A83D5C78A84D50C
:10C89000C88A85D5C98A86D5CA8A87D5CB8A88D5DC
:10C8A000CC8A89D5CD8A8AD5CE8A8BD5CF8A8CD5AC
:10C8B000D08A8DD5D18A8ED5D28A8FD5D38A90D57C
:10C8C000D48A91D5D58A92D5D68A93D5D78A94D54C
:10C8D000D88A95D5D98A96D5DA8A97D5DB8A98D51C
:10C8E000DC8A99D5DD8A9AD5DE8A9BD5DF8A9CD5EC
:10C8F000E08A9DD5E18A9ED5E28A9FD5E38AA0D5BC
:10C90000E48A40D6E58A41D6E68A42D6E78A43D60B
:10C91000E88A44D6E98A45D6EA8A46D6EB8A47D6DB
:10C92000EC8A48D6ED8A49D6EE8A4AD6EF8A4BD6AB
:10C93000F08A4CD6F18A4DD6F28A4ED6F38A4FD67B
:10C94000F48A50D6F58A51D6F68A52D6F78A53D64B
:10C95000F88A54D6F98A55D6FA8A56D6FB8A57D61B
:10C96000FC8A58D6FD8A59D6FE8A5AD6FF8A5BD6EB
:10C97000008B5CD6018B5DD6028B5ED6038B5FD6B7
:10C98000048B60D6058B61D6068B62D6078BC0E51B
:10C99000088B63D6098B64D60A8B65D60B8B66D65B
:10C9A0000C8B67D60D8B68D60E8B69D60F8B6AD62B
:10C9B000108B6BD6118B6CD6128B6DD6138B6ED6FB
:10C9C000148B6FD6158B70D6168B71D6178B72D6CB
:10C9D000188B73D6198B74D61A8B75D61B8B76D69B
:10C9E0001C8B77D61D8B78D61E8B79D61F8B7AD66B
:10C9F000208B7BD6218B7CD6228B7DD6238B7ED63B
:10CA0000248B80D6258B81D6268BA5F6278B82D6C4
:10CA1000288B83D6298B84D62A8B85D62B8B86D6DA
:10CA20002C8B87D62D8B88D62E8B89D62F8B8AD6AA
:10CA3000308B8BD6318B8CD6328B8DD6338B8ED67A
:10CA4000348B8FD6358B90D6368B91D6378B92D64A
:10CA5000388B93D6398B94D63A8B95D63B8B96D61A
:10CA60003C8B97D63D8B98D63E8B99D63F8B9AD6EA
:10CA7000408B9BD6418B9CD6428B9DD6438B9ED6BA
:10CA8000448B9FD6458BA0D6468B40D7478B41D74A
:10CA9000488B42D7498B43D74A8B44D74B8B45D7DA
:10CAA0004C8B46D74D8B47D74E8B48D74F8B49D7AA
:10CAB000508B4AD7518B4BD7528B4CD7538B4DD77A
:10CAC000548B4ED7558B4FD7568B50D7578B51D74A
:10CAD000588B52D7598B53D75A8B54D75B8B55D71A
:10CAE0005C8B56D75D8B57D75E8B58D75F8B59D7EA
:10CAF000608B5AD7618B5BD7628B5CD7638B5DD7BA
:10CB0000648B5ED7658B5FD7668BAFBE678B60D754
:10CB1000688B61D7698B62D76A8B63D76B8B64D75D
:10CB20006C8BA9C66D8B65D76E8B66D76F8B67D7FD
:10CB3000708B68D7718B69D7728B6AD7738B6BD701
:10CB4000748B6CD7758B6DD7768B6ED7778B6FD7D1
:10CB5000788B70D7798B71D77A8B72D77B8B73D7A1
:10CB60007C8B74D77D8B75D77E8B76D77F8B77D771
:10CB7000808B78D7818B79D7828B7AD7838B7BD741
:10CB8000848B7CD7858B7DD7868B7ED7878B80D710
:10CB9000888B81D7898B82D78A8B83D78B8B84D7DD
:10CBA0008C8B85D78D8B86D78E8B87D78F8B88D7AD
:10CBB000908B89D7918B8AD7928B8BD7938B8CD77D
:10CBC000948B8DD7958B8ED7968B8FD7978B90D74D
:10CBD000988B91D7998B92D79A8B93D79B8B94D71D
:10CBE0009C8B95D79D8B96D79E8B97D79F8B98D7ED
:10CBF000A08BA5DAA18BC6BCA28BA9B6A38BBCB8AF
:10CC0000A48BCFC8A58BA5BCA68BA6DAA78BA7DA69
:10CC1000A88BD6CCA98BC3C8AA8BA8DAAB8BFDC6D0
:10CC2000AC8B99D7AD8BB5D1AE8BE9D2AF8BB6D1EA
:10CC3000B08BC7BCB18B9AD7B28BB2BDB38BE4BB00
:10CC4000B48BA9DAB58BAADAB68BC8D1B78BABDABD
:10CC5000B88BEDD0B98BEFB6BA8BDBC2BB8B9BD751
:10CC6000BC8BCFCBBD8BEDB7BE8BE8C9BF8BC3B739
:10CC7000C08BF7BEC18BA4D6C28BACDAC38BADDA46
:10CC8000C48BC0C6C58BE7D7C68BB6CAC78B9CD72B
:10CC9000C88BA9D5C98BDFCBCA8BEFD5CB8BAEDACE
:10CCA000CC8BDFD6CD8BCAB4CE8BB0DACF8BAFDADC
:10CCB000D08B9DD7D18BEBD2D28BB1DAD38BB2DABA
:10CCC000D48BB3DAD58BD4CAD68BB4DAD78BABCAB4
:10CCD000D88BB5DAD98BB6DADA8BCFB3DB8BEFD65C
:10CCE000DC8BB7DADD8BB0BBDE8BAEB5DF8BB8DAB1
:10CCF000E08BB9DAE18BEEB9E28BAFD1E38BE8D20E
:10CD0000E48BBADAE58BC3B8E68BEACFE78BEFB2F8
:10CD1000E88BBBDAE98BBCDAEA8B9ED7EB8BEBBDF9
:10CD2000EC8BDCCEED8BEFD3EE8BBDDAEF8BF3CE5D
:10CD3000F08BBEDAF18BD5D3F28BE5BBF38BBFDA88
:10CD4000F48BB5CBF58BD0CBF68BC0DAF78BEBC77A
:10CD5000F88BEED6F98BC1DAFA8BB5C5FB8BC1B671
:10CD6000FC8BC2DAFD8BCCB7FE8BCEBFFF8BC3DA58
:10CD7000008CC4DA018CADCB028CC5DA038CF7B51C
:10CD8000048CC6DA058CC2C1068CBBD7078CC7DA07
:10CD9000088CB8CC098C9FD70A8CEAD20B8CB1C412
:10CDA0000C8CC8DA0D8CFDB50E8CD1BB0F8CC9DA9A
:10CDB000108CB3D0118CCADA128CCBDA138CBDCEA6
:10CDC000148CCCDA158CCDDA168CCEDA178CF7B23F
:10CDD000188CD1DA198CCFDA1A8CE8D11B8CD0DA06
:10CDE0001C8CD5C31D8CD2DA1E8CA0D71F8CD3DA35
:10CDF000208CD4DA218CD5DA228CBBD0238CA5D21E
:10CE0000248CF9B0258CD6DA268CABC7278CD7DAE0
:10CE1000288CF7BD298CA1C32A8CD8DA2B8CD9DABF
:10CE20002C8CFDC32D8CB7CC2E8CDADA2F8CDBDA70
:10CE3000308CBEC0318CD7C6328CDCDA338CDDDA74
:10CE4000348CB4C7358CDEDA368CDFDA378CC8B96F
:10CE5000388C40D8398C41D83A8C42D83B8C43D856
:10CE60003C8C44D83D8C45D83E8C46D83F8C47D826
:10CE7000408C48D8418CEDBB428C49D8438C4AD871
:10CE8000448C4BD8458C4CD8468CB9B6478CF8F4BA
:10CE9000488C4DD8498CF9F44A8C4ED84B8C4FD8DD
:10CEA0004C8CE3CD4D8C50D84E8C51D84F8C52D8F1
:10CEB000508C53D8518C54D8528C55D8538C56D84A
:10CEC000548C57D8558CB9F5568C58D8578C59D89E
:10CED000588C5AD8598C5BD85A8CE0EB5B8C5CD858
:10CEE0005C8C5DD85D8C5ED85E8C5FD85F8C60D8C2
:10CEF000608C61D8618CF3CF628CBFBB638C62D8CD
:10CF0000648C63D8658C64D8668C65D8678C66D869
:10CF1000688C67D8698C68D86A8CC0BA6B8CA5D4C9
:10CF20006C8C69D86D8C6AD86E8C6BD86F8C6CD811
:10CF3000708C6DD8718C6ED8728C6FD8738CD9E16F
:10CF4000748C70D8758C71D8768C72D8778C73D8B5
:10CF5000788CF4F5798CAAB17A8CF2B27B8C74D887
:10CF60007C8C75D87D8C76D87E8C77D87F8C78D861
:10CF7000808C79D8818C7AD8828CF5F5838C7BD89B
:10CF8000848C7CD8858CF7F5868C7DD8878C7ED870
:10CF9000888C80D8898CD1BA8A8CF6F58B8C81D814
:10CFA0008C8CB2C38D8C82D88E8C83D88F8C84D895
:10CFB000908C85D8918C86D8928C87D8938C88D881
:10CFC000948CF9F5958C89D8968C8AD8978C8BD8C7
:10CFD000988CF8F5998C8CD89A8C8DD89B8C8ED89F
:10CFE0009C8C8FD89D8C90D89E8C91D89F8C92D8F9
:10CFF000A08C93D8A18C94D8A28C95D8A38C96D8C9
:10D00000A48C97D8A58C98D8A68C99D8A78C9AD898
:10D01000A88C9BD8A98C9CD8AA8C9DD8AB8C9ED868
:10D02000AC8C9FD8AD8CA0D8AE8C40D9AF8C41D9F8
:10D03000B08C42D9B18C43D9B28C44D9B38C45D988
:10D04000B48C46D9B58C47D9B68C48D9B78C49D958
:10D05000B88C4AD9B98C4BD9BA8C4CD9BB8C4DD928
:10D06000BC8C4ED9BD8C4FD9BE8C50D9BF8C51D9F8
:10D07000C08C52D9C18C53D9C28C54D9C38C55D9C8
:10D08000C48C56D9C58C57D9C68C58D9C78C59D998
:10D09000C88C5AD9C98C5BD9CA8C5CD9CB8C5DD968
:10D0A000CC8C5ED9CD8C5FD9CE8C60D9CF8C61D938
:10D0B000D08C62D9D18C63D9D28C64D9D38C65D908
:10D0C000D48C66D9D58C67D9D68C68D9D78C69D9D8
:10D0D000D88C6AD9D98C6BD9DA8C6CD9DB8C6DD9A8
:10D0E000DC8C6ED9DD8C6FD9DE8C70D9DF8C71D978
:10D0F000E08C72D9E18C73D9E28C74D9E38C75D948
:10D10000E48C76D9E58C77D9E68C78D9E78C79D917
:10D11000E88C7AD9E98C7BD9EA8C7CD9EB8C7DD9E7
:10D12000EC8C7ED9ED8C80D9EE8C81D9EF8C82D9B4
:10D13000F08C83D9F18C84D9F28C85D9F38C86D983
:10D14000F48C87D9F58C88D9F68C89D9F78C8AD953
:10D15000F88C8BD9F98C8CD9FA8C8DD9FB8C8ED923
:10D16000FC8C8FD9FD8C90D9FE8C91D9FF8C92D9F3
:10D17000008D93D9018D94D9028D95D9038D96D9BF
:10D18000048D97D9058D98D9068D99D9078D9AD98F
:10D19000088D9BD9098D9CD90A8D9DD90B8D9ED95F
:10D1A0000C8D9FD90D8DA0D90E8D40DA0F8D41DAEF
:10D1B000108D42DA118D43DA128D44DA138D45DA7F
:10D1C000148D46DA158D47DA168D48DA178D49DA4F
:10D1D000188D4ADA198D4BDA1A8D4CDA1B8D4DDA1F
:10D1E0001C8D4EDA1D8DB4B11E8DEAD51F8DBAB8D7
:10D1F000208D4FDA218DB1B9228DC6B2238DF0D4A6
:10D20000248DCDCF258DDCB0268DCBD5278DF5BBDC
:10D21000288DCAD6298DB7B72A8DB0CC2B8DB6C62E
:10D220002C8DE1B12D8DBAB92E8DFCD62F8DE1B9A3
:10D23000308DA1B7318DFABC328DDAEA338DDBEA5D
:10D24000348DF9CC358DF3B9368DDCEA378DFBB4EE
:10D25000388DB3C3398DD1B73A8DD8BA3B8DDDEA5D
:10D260003C8DF4D43D8DDEEA3E8DD6BC3F8DDFBBD8
:10D27000408DDFEA418DDEC1428DB8C2438DDFD4DF
:10D28000448DCAD7458DE0EA468DE1EA478DE4EA50
:10D29000488DE2EA498DE3EA4A8DDEC94B8DB3B889
:10D2A0004C8DC4B64D8DE5EA4E8DEACA4F8DCDC981
:10D2B000508DCDB4518D50DA528D51DA538DD9E263
:10D2C000548DE2C5558DE6EA568DB5C0578D52DABC
:10D2D000588DB8D7598DE7EA5A8DACD75B8DFCC80D
:10D2E0005C8DD3D85D8DCDD85E8DDED45F8D53DA65
:10D2F000608DF9D4618DC4C9628DAED3638DD3B80E
:10D30000648DE0B3658D54DA668DE2C9678DF6F4FD
:10D31000688D55DA698D56DA6A8D57DA6B8DD5BA14
:10D320006C8D58DA6D8DF7F46E8D59DA6F8D5ADA8F
:10D33000708DDFD7718D5BDA728D5CDA738DF1F4ED
:10D34000748DB0B8758DD4D5768DCFB8778DF0C685
:10D35000788D5DDA798D5EDA7A8D5FDA7B8D60DAD1
:10D360007C8D61DA7D8D62DA7E8D63DA7F8D64DAA1
:10D37000808D65DA818DC3B3828D66DA838D67DA3D
:10D38000848DF2F4858DACB3868D68DA878D69DA89
:10D39000888D6ADA898D6BDA8A8DBDD48B8DF7C75B
:10D3A0008C8D6CDA8D8D6DDA8E8D6EDA8F8D6FDAF5
:10D3B000908D70DA918DF4F4928D71DA938D72DA2A
:10D3C000948DF3F4958D73DA968D74DA978D75DA02
:10D3D000988D76DA998D77DA9A8D78DA9B8D79DA6D
:10D3E0009C8D7ADA9D8D7BDA9E8D7CDA9F8DCBCCFD
:10D3F000A08D7DDAA18D7EDAA28D80DAA38DA4C8FE
:10D40000A48D81DAA58D82DAA68D83DAA78D84DAE0
:10D41000A88D85DAA98D86DAAA8D87DAAB8D88DAB0
:10D42000AC8D89DAAD8D8ADAAE8D8BDAAF8D8CDA80
:10D43000B08D8DDAB18DF5F4B28D8EDAB38DE3D780
:10D44000B48DBFC5B58DC0F5B68D8FDAB78D90DAC6
:10D45000B88DBBF5B98D91DABA8DC3F5BB8D92DA73
:10D46000BC8DC2F5BD8D93DABE8DBAD6BF8DC1F528
:10D47000C08D94DAC18D95DAC28D96DAC38DBED493
:10D48000C48DC4F5C58D97DAC68DCCF5C78D98DAF5
:10D49000C88D99DAC98D9ADACA8D9BDACB8DCFB057
:10D4A000CC8DF8B5CD8D9CDACE8DC9F5CF8DCAF572
:10D4B000D08D9DDAD18DDCC5D28D9EDAD38D9FDAE9
:10D4C000D48DA0DAD58D40DBD68DC5F5D78DC6F5C8
:10D4D000D88D41DBD98D42DBDA8DC7F5DB8DCBF5FD
:10D4E000DC8D43DBDD8DE0BEDE8DC8F5DF8DFAB867
:10D4F000E08D44DBE18D45DBE28D46DBE38DD0F54D
:10D50000E48DD3F5E58D47DBE68D48DBE78D49DB20
:10D51000E88DE7BFE98D4ADBEA8DF2B9EB8DBCF50A
:10D52000EC8DCDF5ED8D4BDBEE8D4CDBEF8DB7C289
:10D53000F08D4DDBF18D4EDBF28D4FDBF38DF8CCB2
:10D54000F48D50DBF58DF9BCF68D51DBF78DCEF502
:10D55000F88DCFF5F98DD1F5FA8DE5B6FB8DD2F5C5
:10D56000FC8D52DBFD8DD5F5FE8D53DBFF8D54DB3D
:10D57000008E55DB018E56DB028E57DB038E58DBA7
:10D58000048E59DB058EBDF5068E5ADB078E5BDBFC
:10D59000088E5CDB098ED4F50A8EBBD30B8E5DDB67
:10D5A0000C8EECB30D8E5EDB0E8E5FDB0F8EA4CC8B
:10D5B000108E60DB118E61DB128E62DB138E63DBFB
:10D5C000148ED6F5158E64DB168E65DB178E66DB42
:10D5D000188E67DB198E68DB1A8E69DB1B8E6ADB9F
:10D5E0001C8E6BDB1D8ED7F51E8EE1BE1F8ED8F50F
:10D5F000208E6CDB218E6DDB228EDFCC238EDBF563
:10D60000248E6EDB258E6FDB268E70DB278E71DB22
:10D61000288E72DB298EC8B22A8ED9D72B8E73DB67
:10D620002C8ED9F52D8E74DB2E8EDAF52F8EDCF54F
:10D63000308E75DB318EE2F5328E76DB338E77DB22
:10D64000348E78DB358EE0F5368E79DB378E7ADBFB
:10D65000388E7BDB398EDFF53A8EDDF53B8E7CDB59
:10D660003C8E7DDB3D8EE1F53E8E7EDB3F8E80DBAA
:10D67000408EDEF5418EE4F5428EE5F5438E81DB8A
:10D68000448EE3CC458E82DB468E83DB478EBFE53E
:10D69000488EB8B5498EE3F54A8EE8F54B8EA3CC9B
:10D6A0004C8E84DB4D8E85DB4E8E86DB4F8E87DB8A
:10D6B000508E88DB518EE6F5528EE7F5538E89DB6E
:10D6C000548E8ADB558E8BDB568E8CDB578E8DDB32
:10D6D000588E8EDB598EBEF55A8E8FDB5B8E90DBBB
:10D6E0005C8E91DB5D8E92DB5E8E93DB5F8E94DBD6
:10D6F000608E95DB618E96DB628E97DB638E98DBA6
:10D70000648E99DB658E9ADB668EC4B1678E9BDB77
:10D71000688E9CDB698EBFF56A8E9DDB6B8E9EDB0F
:10D720006C8EC5B56D8EE4B26E8E9FDB6F8EECF5A0
:10D73000708EE9F5718EA0DB728ED7B6738E40DCE9
:10D74000748EEDF5758E41DC768EEAF5778E42DCCF
:10D75000788E43DC798E44DC7A8E45DC7B8E46DC29
:10D760007C8EEBF57D8E47DC7E8E48DC7F8EDAB4D6
:10D77000808E49DC818EEAD4828E4ADC838E4BDC3B
:10D78000848E4CDC858EEEF5868E4DDC878EF9B36B
:10D79000888E4EDC898E4FDC8A8E50DC8B8E51DC7D
:10D7A0008C8E52DC8D8E53DC8E8E54DC8F8EEFF59A
:10D7B000908EF1F5918E55DC928E56DC938E57DC6F
:10D7C000948EF0F5958E58DC968E59DC978E5ADC47
:10D7D000988E5BDC998E5CDC9A8E5DDC9B8E5EDCC9
:10D7E0009C8EF2F59D8E5FDC9E8EF3F59F8E60DC45
:10D7F000A08E61DCA18E62DCA28E63DCA38E64DC71
:10D80000A48E65DCA58E66DCA68E67DCA78E68DC40
:10D81000A88E69DCA98E6ADCAA8E6BDCAB8EEDC9A2
:10D82000AC8EAAB9AD8E6CDCAE8E6DDCAF8EFBC754
:10D83000B08E6EDCB18E6FDCB28EE3B6B38E70DC70
:10D84000B48E71DCB58E72DCB68E73DCB78E74DC90
:10D85000B88E75DCB98E76DCBA8EC9CCBB8E77DC1F
:10D86000BC8E78DCBD8E79DCBE8E7ADCBF8E7BDC34
:10D87000C08E7CDCC18E7DDCC28E7EDCC38E80DC03
:10D88000C48E81DCC58E82DCC68E83DCC78E84DCD0
:10D89000C88E85DCC98E86DCCA8E87DCCB8E88DCA0
:10D8A000CC8E89DCCD8E8ADCCE8EA6EACF8E8BDC48
:10D8B000D08E8CDCD18E8DDCD28E8EDCD38E8FDC44
:10D8C000D48E90DCD58E91DCD68E92DCD78E93DC14
:10D8D000D88E94DCD98E95DCDA8E96DCDB8E97DCE4
:10D8E000DC8E98DCDD8E99DCDE8E9ADCDF8E9BDCB4
:10D8F000E08E9CDCE18E9DDCE28E9EDCE38E9FDC84
:10D90000E48EA0DCE58E40DDE68E41DDE78E42DD73
:10D91000E88E43DDE98E44DDEA8E45DDEB8E46DDA3
:10D92000EC8E47DDED8E48DDEE8E49DDEF8E4ADD73
:10D93000F08E4BDDF18E4CDDF28E4DDDF38E4EDD43
:10D94000F48E4FDDF58E50DDF68E51DDF78E52DD13
:10D95000F88E53DDF98E54DDFA8E55DDFB8E56DDE3
:10D96000FC8E57DDFD8E58DDFE8E59DDFF8E5ADDB3
:10D97000008F5BDD018F5CDD028F5DDD038F5EDD7F
:10D98000048F5FDD058F60DD068F61DD078F62DD4F
:10D99000088F63DD098F64DD0A8F65DD0B8F66DD1F
:10D9A0000C8F67DD0D8F68DD0E8F69DD0F8F6ADDEF
:10D9B000108F6BDD118F6CDD128F6DDD138F6EDDBF
:10D9C000148F6FDD158F70DD168F71DD178F72DD8F
:10D9D000188F73DD198F74DD1A8F75DD1B8F76DD5F
:10D9E0001C8F77DD1D8F78DD1E8F79DD1F8F7ADD2F
:10D9F000208F7BDD218F7CDD228F7DDD238F7EDDFF
:10DA0000248F80DD258F81DD268F82DD278F83DDCA
:10DA1000288F84DD298F85DD2A8F86DD2B8F87DD9A
:10DA20002C8F88DD2D8F89DD2E8F8ADD2F8F8BDD6A
:10DA3000308F8CDD318F8DDD328F8EDD338F8FDD3A
:10DA4000348F90DD358F91DD368F92DD378F93DD0A
:10DA5000388F94DD398F95DD3A8F96DD3B8F97DDDA
:10DA60003C8F98DD3D8F99DD3E8F9ADD3F8F9BDDAA
:10DA7000408F9CDD418F9DDD428F9EDD438F9FDD7A
:10DA8000448FA0DD458F40DE468F41DE478F42DE6A
:10DA9000488F43DE498F44DE4A8F45DE4B8F46DE9A
:10DAA0004C8F47DE4D8F48DE4E8F49DE4F8F4ADE6A
:10DAB000508F4BDE518F4CDE528F4DDE538F4EDE3A
:10DAC000548F4FDE558F50DE568F51DE578F52DE0A
:10DAD000588F53DE598F54DE5A8F55DE5B8F56DEDA
:10DAE0005C8F57DE5D8F58DE5E8F59DE5F8F5ADEAA
:10DAF000608F5BDE618F5CDE628F5DDE638F5EDE7A
:10DB0000648F5FDE658F60DE668FB5B3678FFED48E
:10DB1000688FECB9698FF9D06A8F61DE6B8FEDE9A0
:10DB20006C8FAAD76D8FEEE96E8FD6C26F8FEDC85E
:10DB3000708FE4BA718FEFE9728FF0E9738FF1E9BA
:10DB4000748FE1D6758FF2E9768FF3E9778FF5E977
:10DB5000788FF4E9798FF6E97A8FF7E97B8FE1C75F
:10DB60007C8FF8E97D8FD8D47E8FF9E97F8FCEBD89
:10DB7000808F62DE818FFAE9828FFBE9838FCFBDD0
:10DB8000848FFCE9858FA8B8868FBEC1878FFDE999
:10DB9000888FB2B1898FD4BB8A8FF5B98B8FFEE99C
:10DBA0008C8F63DE8D8FA1EA8E8FA2EA8F8FA3EA1E
:10DBB000908FF8B7918FADBC928F64DE938FE4CADB
:10DBC000948FCEE0958FAFD4968FBDCF978FB7D57A
:10DBD000988FA4EA998FDED59A8FA5EA9B8FC1D042
:10DBE0009C8FBCB99D8F65DE9E8FC7B49F8FD9B1C6
:10DBF000A08F66DEA18F67DEA28F68DEA38FB1C023
:10DC0000A48F69DEA58F6ADEA68F6BDEA78F6CDE20
:10DC1000A88FE6B1A98FE7B1AA8F6DDEAB8FE8B10F
:10DC2000AC8F6EDEAD8F6FDEAE8F70DEAF8F71DECC
:10DC3000B08FBDB3B18FE8C8B28F72DEB38F73DE21
:10DC4000B48F74DEB58F75DEB68FC1E5B78F76DE23
:10DC5000B88F77DEB98FDFB1BA8F78DEBB8F79DE10
:10DC6000BC8F7ADEBD8FC9C1BE8FEFB4BF8F7BDEA4
:10DC7000C08F7CDEC18FA8C7C28FD8D3C38F7DDE93
:10DC8000C48FF9C6C58FB8D1C68F7EDEC78FFDB9E8
:10DC9000C88FF5C2C98F80DECA8F81DECB8F82DE4E
:10DCA000CC8F83DECD8F84DECE8FADD3CF8F85DE5C
:10DCB000D08FCBD4D18FFCBDD28F86DED38FC2E57F
:10DCC000D48FB5B7D58FC3E5D68F87DED78F88DEE3
:10DCD000D88FB9BBD98FE2D5DA8F89DEDB8FF8BD5B
:10DCE000DC8FB6D4DD8FA5CEDE8FACC1DF8FD9B38C
:10DCF000E08F8ADEE18F8BDEE28FF6CCE38F8CDE65
:10DD0000E48FC6E5E58FC4E5E68FC8E5E78F8DDED5
:10DD1000E88FCAE5E98FC7E5EA8FCFB5EB8FC8C6B4
:10DD2000EC8F8EDEED8FFCB5EE8FC5E5EF8F8FDECD
:10DD3000F08FF6CAF18F90DEF28F91DEF38FC9E596
:10DD4000F48F92DEF58F93DEF68F94DEF78FD4C3D7
:10DD5000F88FC5B1F98FA3BCFA8F95DEFB8F96DEE5
:10DD6000FC8F97DEFD8FB7D7FE8F98DEFF8F99DE91
:10DD70000090CBCD0190CDCB0290CACA0390D3CCFA
:10DD80000490CCE50590CBE50690E6C407909ADEBA
:10DD900008909BDE0990A1D10A90B7D10B90CDE5F8
:10DDA0000C909CDE0D90D0E50E909DDE0F90B8CDCE
:10DDB0001090F0D61190CFE51290DDB513909EDE55
:10DDC0001490BECD15909FDE1690D1E51790BAB68F
:10DDD0001890A0DE199040DF1A90A8CD1B90E4B9EE
:10DDE0001C9041DF1D90C5CA1E90D1B31F90D9CBA6
:10DDF0002090ECD42190D2E52290EAB7239042DF24
:10DE0000249043DF259044DF2690CEE5279045DF20
:10DE1000289046DF299047DF2A9048DF2B9049DF82
:10DE20002C904ADF2D90D5E52E90FEB42F90D6E5AC
:10DE300030904BDF31904CDF32904DDF33904EDF2E
:10DE400034904FDF3590D3E53690D4E5379050DFEE
:10DE50003890DDD2399051DF3A9052DF3B90DFC2EB
:10DE60003C90C6B13D9053DF3E90E2D33F9054DFEB
:10DE7000409055DF4190DDB64290ECCB439056DFA9
:10DE80004490D7E5459057DF469058DF4790F6D34A
:10DE9000489059DF49905ADF4A905BDF4B905CDF36
:10DEA0004C905DDF4D90E9B14E905EDF4F90F4B63F
:10DEB0005090DAE55190D8E55290D9E55390C0B52D
:10DEC00054905FDF559060DF569061DF5790C5D268
:10DED0005890DCE5599062DF5A9063DF5B90DEE595
:10DEE0005C9064DF5D9065DF5E9066DF5F9067DF6A
:10DEF000609068DF619069DF6290DDE56390B2C792
:10DF000064906ADF6590A3D266906BDF67906CDFE8
:10DF10006890DBE569906DDF6A906EDF6B906FDF74
:10DF20006C9070DF6D90E2D46E90DAD56F9071DFF7
:10DF3000709072DF719073DF729074DF739075DF91
:10DF40007490E0E57590F1D7769076DF779077DF83
:10DF5000789078DF799079DF7A907ADF7B907BDF39
:10DF60007C907CDF7D90E1E57E907DDF7F90DCB171
:10DF70008090FBD181907EDF8290E2E58390E4E5A2
:10DF8000849080DF859081DF869082DF879083DFB9
:10DF90008890E3E5899084DF8A9085DF8B90E5E5C2
:10DFA0008C9086DF8D9087DF8E9088DF8F9089DF61
:10DFB00090908ADF9190D8D292908BDF9390CBB5DE
:10DFC00094908CDF9590DFE796908DDF9790F5DA4F
:10DFD00098908EDF9990F8DA9A908FDF9B90F6DA1E
:10DFE0009C9090DF9D90F7DA9E9091DF9F9092DF5A
:10DFF000A09093DFA190FADAA290CFD0A390C7C4EB
:10E00000A49094DFA59095DFA690EEB0A79096DF40
:10E01000A89097DFA99098DFAA90B0D0AB9099DF35
:10E02000AC90F9DAAD909ADFAE90CAD3AF90AABAAD
:10E03000B090A2DBB190F1C7B2909BDFB390FCDA55
:10E04000B490FBDAB590DBC9B690FDDAB7909CDFEF
:10E05000B890A1DBB990DED7BA90FEDABB90DAC1F6
:10E06000BC909DDFBD909EDFBE90A5DBBF909FDF83
:10E07000C090A0DFC190F4D3C29040E0C39041E0D3
:10E08000C490A7DBC590A4DBC69042E0C790A8DB94
:10E09000C89043E0C99044E0CA90BCBDCB9045E035
:10E0A000CC9046E0CD9047E0CE90C9C0CF90A3DBA6
:10E0B000D090A6DBD190A3D6D29048E0D390A9DB34
:10E0C000D49049E0D5904AE0D6904BE0D790ADDBB4
:10E0D000D8904CE0D9904DE0DA904EE0DB90AEDB8A
:10E0E000DC90ACDBDD90C2BADE904FE0DF9050E018
:10E0F000E09051E0E190A4BFE290ABDBE39052E00E
:10E10000E49053E0E59054E0E690AADBE790C7D4B2
:10E11000E890BFB2E99055E0EA9056E0EB90AFDBB3
:10E12000EC9057E0ED90F9B9EE9058E0EF90B0DB4D
:10E13000F09059E0F1905AE0F2905BE0F3905CE0EF
:10E14000F490BBB3F5905DE0F6905EE0F7905FE091
:10E15000F890A6B5F99060E0FA9061E0FB9062E07B
:10E16000FC9063E0FD90BCB6FE90B1DBFF9064E0F4
:10E17000009165E0019166E00291F5B6039167E0D8
:10E180000491B2DB059168E0069169E007916AE0CD
:10E1900008916BE009916CE00A916DE00B916EE0E3
:10E1A0000C916FE00D9170E00E9171E00F9172E0B3
:10E1B000109173E0119174E0129175E0139176E083
:10E1C000149177E0159178E0169179E017917AE053
:10E1D00018917BE01991C9B11A917CE01B917DE007
:10E1E0001C917EE01D9180E01E91B4DB1F9181E0C7
:10E1F000209182E0219183E02291B3DB2391B5DB72
:10E20000249184E0259185E0269186E0279187E09E
:10E21000289188E0299189E02A918AE02B918BE06E
:10E220002C918CE02D918DE02E918EE02F91B7DB1B
:10E2300030918FE03191B6DB329190E0339191E0F3
:10E24000349192E0359193E0369194E0379195E0E6
:10E25000389196E03991B8DB3A9197E03B9198E09C
:10E260003C9199E03D919AE03E919BE03F919CE08A
:10E2700040919DE041919EE042919FE04391B9DB46
:10E280004491A0E0459140E14691BADB479141E1DC
:10E29000489142E14991CFD34A91FAF44B91F5C7A5
:10E2A0004C91C3D74D91E4C54E91FCF44F91FDF4D0
:10E2B0005091FBF4519143E15291C6BE539144E118
:10E2C000549145E1559146E1569147E15791EFD080
:10E2D000589148E1599149E15A91D3B75B914AE18C
:10E2E0005C914BE15D91CDD45E91AACC5F914CE104
:10E2F00060914DE16191A2F56291A1F56391A8BA97
:10E300006491FEF46591D6CB66914EE167914FE141
:10E31000689150E16991A4F56A91D2C06B9151E185
:10E320006C91EAB36D9152E16E91AACD6F91A5F512
:10E330007091A3F57191B4BD7291A8F5739153E1F9
:10E340007491A9F57591CDBD7691B8C37791E1BF70
:10E350007891E1CB7991AAF57A9154E17B9155E1DD
:10E360007C9156E17D91A6F57E91A7F57F91F0C451
:10E37000809157E1819158E1829159E183915AE16D
:10E3800084915BE18591ACF586915CE18791BCB4A9
:10E3900088915DE18991EDD78A915EE18B91D7B447
:10E3A0008C91ABF58D91AEF58E915FE18F9160E12F
:10E3B0009091ADF59191AFF59291D1D0939161E1AA
:10E3C000949162E1959163E1969164E1979165E1A1
:10E3D000989166E1999167E19A91D1C39B91A9C8FF
:10E3E0009C9168E19D9169E19E916AE19F916BE149
:10E3F000A0916CE1A1916DE1A291B0F5A391B1F56D
:10E40000A4916EE1A5916FE1A69170E1A79171E1F0
:10E41000A89172E1A99173E1AA91B2F5AB9174E16F
:10E42000AC9175E1AD91B3F5AE91B4F5AF91B5F5A1
:10E43000B09176E1B19177E1B29178E1B39179E170
:10E44000B491B7F5B591B6F5B6917AE1B7917BE1A4
:10E45000B8917CE1B9917DE1BA91B8F5BB917EE1CB
:10E46000BC9180E1BD9181E1BE9182E1BF9183E1E8
:10E47000C09184E1C19185E1C29186E1C39187E1B8
:10E48000C49188E1C59189E1C6918AE1C791C9B279
:10E49000C8918BE1C991D4D3CA91CDCACB918CE1FB
:10E4A000CC91EFC0CD91D8D6CE91B0D2CF91BFC193
:10E4B000D0918DE1D191F0BDD2918EE1D3918FE1D8
:10E4C000D49190E1D59191E1D69192E1D79193E1E8
:10E4D000D89194E1D99195E1DA9196E1DB9197E1B8
:10E4E000DC91AAB8DD9198E1DE9199E1DF919AE1A2
:10E4F000E0919BE1E1919CE1E2919DE1E3919EE15C
:10E50000E4919FE1E591A0E1E69140E2E79141E2EB
:10E51000E89142E2E99143E2EA9144E2EB9145E27B
:10E52000EC9146E2ED9147E2EE9148E2EF9149E24B
:10E53000F0914AE2F1914BE2F2914CE2F3914DE21B
:10E54000F4914EE2F5914FE2F69150E2F79151E2EB
:10E55000F89152E2F99153E2FA9154E2FB9155E2BB
:10E56000FC9156E2FD9157E2FE9158E2FF9159E28B
:10E5700000925AE201925BE202925CE203925DE257
:10E5800004925EE205925FE2069260E2079261E227
:10E59000089262E2099263E20A9264E20B9265E2F7
:10E5A0000C9266E20D9267E20E9268E20F9269E2C7
:10E5B00010926AE211926BE212926CE213926DE297
:10E5C00014926EE215926FE2169270E2179271E267
:10E5D000189272E2199273E21A9274E21B9275E237
:10E5E0001C9276E21D9277E21E9278E21F9279E207
:10E5F00020927AE221927BE222927CE223927DE2D7
:10E6000024927EE2259280E2269281E2279282E2A3
:10E61000289283E2299284E22A9285E22B9286E272
:10E620002C9287E22D9288E22E9289E22F928AE242
:10E6300030928BE231928CE232928DE233928EE212
:10E6400034928FE2359290E2369291E2379292E2E2
:10E65000389293E2399294E23A9295E23B9296E2B2
:10E660003C9297E23D9298E23E9299E23F929AE282
:10E6700040929BE241929CE242929DE243929EE252
:10E6800044929FE24592A0E2469240E3479241E3E2
:10E69000489242E3499243E34A9244E34B9245E372
:10E6A0004C9246E34D9247E34E9248E34F9249E342
:10E6B00050924AE351924BE352924CE353924DE312
:10E6C00054924EE355924FE3569250E3579251E3E2
:10E6D000589252E3599253E35A9254E35B9255E3B2
:10E6E0005C9256E35D9257E35E9258E35F9259E382
:10E6F00060925AE361925BE362925CE363925DE352
:10E7000064925EE365925FE3669260E3679261E321
:10E71000689262E3699263E36A9264E36B9265E3F1
:10E720006C9266E36D9267E36E9268E36F9269E3C1
:10E7300070926AE371926BE372926CE373926DE391
:10E740007492F8BC75926EE376926FE3779270E301
:10E75000789271E3799272E37A9273E37B9274E335
:10E760007C9275E37D9276E37E9277E37F9278E305
:10E77000809279E381927AE382927BE383927CE3D5
:10E7800084927DE385927EE3869280E3879281E3A3
:10E79000889282E3899283E38A9284E38B9285E371
:10E7A0008C9286E38D9287E38E92C6F68F9288E3F1
:10E7B000909289E391928AE392928BE393928CE315
:10E7C00094928DE395928EE396928FE3979290E3E5
:10E7D000989291E3999292E39A9293E39B9294E3B5
:10E7E0009C9295E39D9296E39E9297E39F9298E385
:10E7F000A09299E3A1929AE3A2929BE3A3929CE355
:10E80000A4929DE3A5929EE3A6929FE3A792A0E324
:10E81000A89240E4A99241E4AA9242E4AB9243E474
:10E82000AC9244E4AD9245E4AE92C7F6AF9246E4B2
:10E83000B09247E4B19248E4B29249E4B3924AE418
:10E84000B4924BE4B5924CE4B6924DE4B7924EE4E8
:10E85000B8924FE4B99250E4BA9251E4BB9252E4B8
:10E86000BC9253E4BD9254E4BE9255E4BF9256E488
:10E87000C09257E4C19258E4C29259E4C3925AE458
:10E88000C4925BE4C5925CE4C6925DE4C7925EE428
:10E89000C892C8F6C9925FE4CA9260E4CB9261E480
:10E8A000CC9262E4CD9263E4CE9264E4CF9265E4CC
:10E8B000D09266E4D19267E4D29268E4D39269E49C
:10E8C000D4926AE4D5926BE4D6926CE4D7926DE46C
:10E8D000D8926EE4D9926FE4DA9270E4DB9271E43C
:10E8E000DC9272E4DD9273E4DE9274E4DF9275E40C
:10E8F000E09276E4E19277E4E29278E4E39279E4DC
:10E90000E4927AE4E5927BE4E6927CE4E7927DE4AB
:10E91000E8927EE4E99280E4EA9281E4EB9282E478
:10E92000EC9283E4ED9284E4EE9285E4EF9286E447
:10E93000F09287E4F19288E4F29289E4F3928AE417
:10E94000F4928BE4F5928CE4F6928DE4F7928EE4E7
:10E95000F8928FE4F99290E4FA9291E4FB9292E4B7
:10E96000FC9293E4FD9294E4FE9295E4FF9296E487
:10E97000009397E4019398E4029399E403939AE453
:10E9800004939BE405939CE406939DE407939EE423
:10E9900008939FE40993A0E40A9340E50B9341E5B3
:10E9A0000C9342E50D9343E50E9344E50F9345E543
:10E9B000109346E5119347E5129348E5139349E513
:10E9C00014934AE515934BE516934CE517934DE5E3
:10E9D00018934EE519934FE51A9350E51B9351E5B3
:10E9E0001C9352E51D9353E51E9354E51F9355E583
:10E9F000209356E5219357E5229358E5239359E553
:10EA000024935AE525935BE526935CE527935DE522
:10EA100028935EE529935FE52A9360E52B9361E5F2
:10EA20002C9362E52D9363E52E9364E52F9365E5C2
:10EA3000309366E5319367E5329368E5339369E592
:10EA400034936AE535936BE536936CE537936DE562
:10EA500038936EE539936FE53A9370E53B9371E532
:10EA60003C9372E53D9373E53E93C9F63F9374E59D
:10EA7000409375E5419376E5429377E5439378E5D6
:10EA8000449379E545937AE546937BE547937CE5A6
:10EA900048937DE549937EE54A9380E54B9381E574
:10EAA0004C9382E54D9383E54E9384E54F9385E542
:10EAB000509386E5519387E5529388E5539389E512
:10EAC00054938AE555938BE556938CE557938DE5E2
:10EAD00058938EE559938FE55A9390E55B9391E5B2
:10EAE0005C9392E55D9393E55E9394E55F9395E582
:10EAF000609396E5619397E5629398E5639399E552
:10EB000064939AE565939BE566939CE567939DE521
:10EB100068939EE569939FE56A93CAF66B93A0E5B7
:10EB20006C9340E66D9341E66E9342E66F9343E645
:10EB3000709344E6719345E6729346E6739347E615
:10EB4000749348E6759349E676934AE677934BE6E5
:10EB500078934CE679934DE67A934EE67B934FE6B5
:10EB60007C9350E67D9351E67E9352E67F9353E685
:10EB7000809354E6819355E6829356E6839357E655
:10EB8000849358E6859359E686935AE687935BE625
:10EB900088935CE689935DE68A935EE68B935FE6F5
:10EBA0008C9360E68D9361E68E9362E68F93CCF64C
:10EBB000909363E6919364E6929365E6939366E699
:10EBC000949367E6959368E6969369E697936AE669
:10EBD00098936BE699936CE69A936DE69B936EE639
:10EBE0009C936FE69D9370E69E9371E69F9372E609
:10EBF000A09373E6A19374E6A29375E6A39376E6D9
:10EC0000A49377E6A59378E6A69379E6A7937AE6A8
:10EC1000A8937BE6A9937CE6AA937DE6AB937EE678
:10EC2000AC9380E6AD9381E6AE9382E6AF9383E644
:10EC3000B09384E6B19385E6B29386E6B39387E614
:10EC4000B49388E6B59389E6B6938AE6B7938BE6E4
:10EC5000B8938CE6B9938DE6BA938EE6BB938FE6B4
:10EC6000BC9390E6BD9391E6BE9392E6BF9393E684
:10EC7000C09394E6C19395E6C29396E6C39397E654
:10EC8000C49398E6C59399E6C6939AE6C7939BE624
:10EC9000C8939CE6C9939DE6CA93CBF6CB939EE6B8
:10ECA000CC939FE6CD93A0E6CE9340E7CF9341E788
:10ECB000D09342E7D19343E7D29344E7D39345E718
:10ECC000D49346E7D59347E7D693E9F7D79348E738
:10ECD000D89349E7D9934AE7DA934BE7DB934CE7BC
:10ECE000DC934DE7DD934EE7DE934FE7DF9350E78C
:10ECF000E09351E7E19352E7E29353E7E39354E75C
:10ED0000E49355E7E59356E7E69357E7E79358E72B
:10ED1000E89359E7E9935AE7EA935BE7EB935CE7FB
:10ED2000EC935DE7ED935EE7EE935FE7EF9360E7CB
:10ED3000F09361E7F19362E7F29363E7F39364E79B
:10ED4000F49365E7F59366E7F69367E7F79368E76B
:10ED5000F89369E7F9936AE7FA936BE7FB936CE73B
:10ED6000FC936DE7FD936EE7FE936FE7FF9370E70B
:10ED7000009471E7019472E7029473E7039474E7D7
:10ED8000049475E7059476E7069477E7079478E7A7
:10ED9000089479E709947AE70A947BE70B947CE777
:10EDA0000C947DE70D947EE70E9480E70F9481E745
:10EDB000109482E7119483E7129484E7139485E713
:10EDC000149486E7159487E7169488E7179489E7E3
:10EDD00018948AE719948BE71A948CE71B948DE7B3
:10EDE0001C948EE71D948FE71E9490E71F9491E783
:10EDF000209492E7219493E7229494E7239495E753
:10EE0000249496E7259497E7269498E7279499E722
:10EE100028949AE729949BE72A949CE72B949DE7F2
:10EE20002C949EE72D949FE72E94A0E72F9440E822
:10EE3000309441E8319442E8329443E8339444E812
:10EE4000349445E8359446E8369447E8379448E8E2
:10EE5000389449E839944AE83A944BE83B944CE8B2
:10EE60003C944DE83D944EE83E94CDF63F944FE8F7
:10EE7000409450E8419451E8429452E8439453E856
:10EE8000449454E8459455E8469456E8479457E826
:10EE9000489458E8499459E84A945AE84B945BE8F6
:10EEA0004C945CE84D945DE84E945EE84F945FE8C6
:10EEB000509460E8519461E8529462E8539463E896
:10EEC000549464E8559465E8569466E8579467E866
:10EED000589468E8599469E85A946AE85B946BE836
:10EEE0005C946CE85D946DE85E946EE85F946FE806
:10EEF000609470E8619471E8629472E8639473E8D6
:10EF0000649474E8659475E8669476E8679477E8A5
:10EF1000689478E8699479E86A947AE86B94CEF614
:10EF20006C947BE86D947CE86E947DE86F947EE849
:10EF3000709480E8719481E8729482E8739483E815
:10EF4000749484E8759485E8769486E8779487E8E5
:10EF5000789488E8799489E87A948AE87B948BE8B5
:10EF60007C948CE87D948DE87E948EE87F948FE885
:10EF7000809490E8819491E8829492E8839493E855
:10EF8000849494E88594C4EE8694C5EE8794C6EE86
:10EF90008894EBD58994A4B68A94C8EE8B94C7EE76
:10EFA0008C94C9EE8D94CAEE8E94A5C78F94CBEE47
:10EFB0009094CCEE919495E89294B0B79394F6B572
:10EFC0009494CDEE9594CFEE969496E89794CEEEE9
:10EFD000989497E89994C6B89A94D0EE9B94D1EE01
:10EFE0009C94D2EE9D94DBB69E94AEB39F94D3D600
:10EFF000A094C6C4A194B5B1A294D6B8A394D3EEFC
:10F00000A494D4EEA594BFD4A694D5C7A794FBBE70
:10F01000A894D9CEA994B3B9AA94D6EEAB94D5EE60
:10F02000AC94D8EEAD94D7EEAE94A5C5AF94D9EE1E
:10F03000B094DAEEB194AEC7B294DBEEB394AFC73E
:10F04000B494DCEEB594A7B2B694DDEEB794DEEEE0
:10F05000B894DFEEB994E0EEBA94E1EEBB94EAD74F
:10F06000BC94E2EEBD94E3EEBE94D8BCBF94E4EE53
:10F07000C094CBD3C194FACCC294ACB2C394E5C1D2
:10F08000C494E5EEC594A6C7C694ADC3C79498E8EA
:10F09000C894E6EEC994E7EECA94E8EECB94E9EEA4
:10F0A000CC94EAEECD94EBEECE94ECEECF9499E8CE
:10F0B000D094EDEED194EEEED294EFEED3949AE8A4
:10F0C000D4949BE8D594F0EED694F1EED794F2EE7A
:10F0D000D894F4EED994F3EEDA949CE8DB94F5EE50
:10F0E000DC94ADCDDD94C1C2DE94F6EEDF94F7EE94
:10F0F000E094F8EEE194A1D5E294F9EEE394B3CF75
:10F10000E494FAEEE594FBEEE6949DE8E794FCEED9
:10F11000E894FDEEE994A1EFEA94FEEEEB94A2EF01
:10F12000EC94F5B8ED94FAC3EE94A3EFEF94A4EF4A
:10F13000F094C2BDF194BFD2F294F9B2F394A5EF6A
:10F14000F494A6EFF594A7EFF694F8D2F794A8EF0D
:10F15000F894FDD6F994A9EFFA94CCC6FB949EE8F6
:10F16000FC94AAEFFD94ABEFFE94B4C1FF94ACEF16
:10F170000095FACF0195F8CB0295AEEF0395ADEF70
:10F180000495FAB30595F8B90695AFEF0795B0EF7A
:10F190000895E2D00995B1EF0A95B2EF0B95E6B765
:10F1A0000C95BFD00D95B3EF0E95B4EF0F95B5EF5D
:10F1B0001095F1C81195E0CC1295B6EF1395B7EF05
:10F1C0001495B8EF1595B9EF1695BAEF1795E0D5E8
:10F1D0001895BBEF1995EDB41A95AAC31B95BCEF12
:10F1E0001C959FE81D95BDEF1E95BEEF1F95BFEFC7
:10F1F0002095A0E82195FDCE2295C0EF2395E0C291
:10F200002495B8B42595B6D72695F5BD279540E940
:10F210002895C7CF2995C3EF2A95C1EF2B95C2EF4B
:10F220002C95C4EF2D95A7B62E95FCBC2F95E2BE6C
:10F230003095CCC33195C5EF3295C6EF339541E992
:10F240003495C7EF3595CFEF3695C8EF3795C9EFB1
:10F250003895CAEF3995C2C73A95F1EF3B95CDB6CF
:10F260003C95CBEF3D9542E93E95CCEF3F95CDEFF8
:10F270004095C6B64195BEC34295CEEF439543E94E
:10F280004495D0EF4595D1EF4695D2EF4795F2D50D
:10F29000489544E94995D3EF4A95F7C44B9545E91C
:10F2A0004C95D4EF4D95F8C44E95D5EF4F95D6EFCC
:10F2B0005095E4B85195F7B05295D7EF5395D8EFE4
:10F2C0005495D9EF559546E95695DAEF5795DBEF0A
:10F2D0005895DCEF5995DDEF5A9547E95B95DEEFE0
:10F2E0005C95B5BE5D95E1EF5E95DFEF5F95E0EF74
:10F2F000609548E96195E2EF6295E3EF6395CDC1D2
:10F300006495E4EF6595E5EF6695E6EF6795E7EFC1
:10F310006895E8EF6995E9EF6A95EAEF6B95EBEF91
:10F320006C95ECEF6D95D8C06E9549E96F95EDEF52
:10F330007095ADC17195EEEF7295EFEF7395F0EFAB
:10F3400074954AE975954BE97695E2CF77954CE946
:10F3500078954DE979954EE97A954FE97B9550E995
:10F360007C9551E97D9552E97E9553E97F95A4B34B
:10F37000809554E9819555E9829556E9839557E939
:10F38000849558E9859559E986955AE987955BE909
:10F3900088955CE989955DE98A955EE98B955FE9D9
:10F3A0008C9560E98D9561E98E9562E98F9563E9A9
:10F3B000909564E9919565E9929566E9939567E979
:10F3C000949568E9959569E996956AE997956BE949
:10F3D00098956CE999956DE99A956EE99B956FE919
:10F3E0009C9570E99D9571E99E9572E99F9573E9E9
:10F3F000A09574E9A19575E9A29576E9A39577E9B9
:10F40000A49578E9A59579E9A6957AE9A7957BE988
:10F41000A8957CE9A9957DE9AA957EE9AB9580E957
:10F42000AC9581E9AD9582E9AE9583E9AF9584E924
:10F43000B09585E9B19586E9B29587E9B39588E9F4
:10F44000B49589E9B5958AE9B6958BE9B7958CE9C4
:10F45000B8958DE9B9958EE9BA958FE9BB9590E994
:10F46000BC9591E9BD9592E9BE9593E9BF9594E964
:10F47000C09595E9C19596E9C29597E9C39598E934
:10F48000C49599E9C5959AE9C6959BE9C7959CE904
:10F49000C8959DE9C9959EE9CA959FE9CB95A0E9D4
:10F4A000CC9540EACD9541EACE9542EACF9543EA24
:10F4B000D09544EAD19545EAD29546EAD39547EAF4
:10F4C000D49548EAD59549EAD6954AEAD7954BEAC4
:10F4D000D8954CEAD9954DEADA954EEADB954FEA94
:10F4E000DC9550EADD9551EADE9552EADF9553EA64
:10F4F000E09554EAE19555EAE29556EAE39557EA34
:10F50000E49558EAE59559EAE6955AEAE7955BEA03
:10F51000E895C5C3E995C5E3EA95C1C9EB95C6E38E
:10F52000EC955CEAED95D5B1EE95CACEEF95B3B406
:10F53000F095F2C8F195C7E3F295D0CFF395C8E303
:10F54000F495E4BCF595C9E3F695CAE3F795C6C30F
:10F55000F895A2D5F995D6C4FA95EBB9FB95C5CE29
:10F56000FC95CBE3FD95F6C3FE95CCE3FF955DEAF4
:10F570000096A7B70196F3B80296D2BA0396CDE3E8
:10F580000496CEE30596C4D40696CFE307965EEACA
:10F590000896D0E30996CBD10A96D1E30B96D2E335
:10F5A0000C96D3E30D96D4E30E96D6D10F96D5E301
:10F5B0001096FBB21196BBC01296D6E313965FEA83
:10F5C0001496ABC01596D7E31696D8E31796D9E3F1
:10F5D000189660EA1996DAE31A96DBE31B9661EA5D
:10F5E0001C96B7B81D96E2DA1E9662EA1F96D3B64D
:10F5F000209663EA2196E4DA2296E3DA239664EA17
:10F60000249665EA259666EA269667EA279668EACA
:10F61000289669EA29966AEA2A96E6DA2B966BEA30
:10F620002C966CEA2D966DEA2E96EEC82F966EEA11
:10F6300030966FEA3196E5DA3296C0B73396F4D158
:10F640003496F5D23596F3D53696D7BD379670EA0F
:10F65000389671EA399672EA3A9673EA3B96E8D799
:10F660003C96E8DA3D96E7DA3E9674EA3F96A2B019
:10F670004096D3CD419675EA4296E9DA439676EA0A
:10F680004496BDB84596CABC4696BDC24796A4C22C
:10F690004896C2B34996EADA4A9677EA4B96AAC2E6
:10F6A0004C96B0C44D96B5BD4E9678EA4F9679EA21
:10F6B0005096DECF51967AEA52967BEA53967CEAD0
:10F6C0005496EBDA5596C2C956967DEA57967EEA6D
:10F6D000589680EA599681EA5A9682EA5B96DDB19D
:10F6E0005C9683EA5D9684EA5E9685EA5F96ECDA3C
:10F6F000609686EA6196B8B66296BAD4639687EA4F
:10F700006496FDB3659688EA669689EA6796EDDAAF
:10F710006896C9D46996D5CF6A96E3C56B968AEA8E
:10F720006C96EEDA6D968BEA6E968CEA6F968DEAA1
:10F7300070968EEA71968FEA7296EFDA739690EA77
:10F740007496F0DA7596EAC17696D5CC7796DDCFC9
:10F75000789691EA799692EA7A9693EA7B9694EA79
:10F760007C9695EA7D9696EA7E9697EA7F9698EA49
:10F77000809699EA81969AEA82969BEA83969CEA19
:10F7800084969DEA8596E7D38696A1C287969EEADF
:10F790008896F1DA89969FEA8A96A0EA8B96E5CB5D
:10F7A0008C9640EB8D96F2DA8E9641EB8F96E6CBF7
:10F7B0009096FED2919642EB929643EB939644EB51
:10F7C0009496F4B8959645EB969646EB9796F3DAB1
:10F7D0009896AFB09996B6CF9A9647EB9B9648EB22
:10F7E0009C96CFD59D9649EB9E964AEB9F964BEB08
:10F7F000A0964CEBA1964DEBA2964EEBA3964FEB49
:10F80000A49650EBA59651EBA69652EBA796EDCB9E
:10F81000A89653EBA99654EBAA9655EBAB9656EBEC
:10F82000AC9657EBAD9658EBAE9659EBAF965AEBBC
:10F83000B096F4DAB1965BEBB2965CEBB396C4E3A8
:10F84000B4965DEBB5965EEBB696A5C1B7965FEB49
:10F85000B89660EBB996BFF6BA9661EBBB9662EBD1
:10F86000BC96C0F6BD96C1F6BE96D1C4BF9663EBFA
:10F87000C096B8C8C196E3D1C29664EBC39665EB57
:10F88000C496DBD0C596C5D1C696AFBCC796CDB9D8
:10F89000C89666EBC996F4EFCA9667EBCB9668EB11
:10F8A000CC96C6B4CD96BAD3CE96C2F6CF96FBB35D
:10F8B000D09669EBD1966AEBD296C3F6D3966BEBF2
:10F8C000D4966CEBD596F1B5D6966DEBD7966EEBDC
:10F8D000D8966FEBD99670EBDA9671EBDB9672EBFC
:10F8E000DC9673EBDD9674EBDE9675EBDF9676EBCC
:10F8F000E096C5F6E19677EBE29678EBE39679EB46
:10F90000E4967AEBE5967BEBE6967CEBE7967DEB6F
:10F91000E896EAD3E996A7F6EA96A9D1EB967EEBAC
:10F92000EC9680EBED9681EBEE9682EBEF96A9F6E6
:10F93000F09683EBF19684EBF29685EBF396A8F6BE
:10F94000F49686EBF59687EBF696E3C1F796D7C06B
:10F95000F89688EBF996A2B1FA9689EBFB968AEBBA
:10F96000FC968BEBFD968CEBFE96EDCEFF968DEB29
:10F970000097E8D00197ABF602978EEB03978FEBD9
:10F980000497F6CF059790EB0697AAF60797F0D560
:10F990000897ACF60997B9C30A9791EB0B9792EBCE
:10F9A0000C9793EB0D97F4BB0E97AEF60F97ADF651
:10F9B000109794EB119795EB129796EB1397DEC483
:10F9C000149797EB159798EB1697D8C1179799EB63
:10F9D00018979AEB19979BEB1A979CEB1B979DEB4B
:10F9E0001C97AACB1D979EEB1E97BCCF1F979FEB32
:10F9F0002097A0EB219740EC229741EC239742EC13
:10FA0000249743EC259744EC269745EC279746EC42
:10FA1000289747EC299748EC2A97AFF62B9749ECA3
:10FA20002C974AEC2D97B0F62E974BEC2F974CEC79
:10FA30003097B1F631974DEC3297B6C233974EEC12
:10FA400034974FEC359750EC369751EC379752EC92
:10FA50003897D4B03997F9C53A9753EC3B9754ECA3
:10FA60003C9755EC3D9756EC3E97B2F63F9757ECD6
:10FA7000409758EC419759EC42975AEC43975BEC0E
:10FA800044975CEC45975DEC46975EEC47975FECDE
:10FA9000489760EC499761EC4A9762EC4B9763ECAE
:10FAA0004C9764EC4D9765EC4E9766EC4F9767EC7E
:10FAB000509768EC519769EC5297E0C75397A6F6B8
:10FAC00054976AEC55976BEC5697B8BE57976CEC09
:10FAD00058976DEC5997B2BE5A976EEC5B97E5B5A7
:10FAE0005C976FEC5D9770EC5E97C7B75F9771ECB2
:10FAF0006097BFBF6197D2C36297E6C3639772EC0A
:10FB0000649773EC6597CCD8669774EC679775EC3F
:10FB1000689776EC6997EFB86A9777EC6B9778EC13
:10FB20006C9779EC6D977AEC6E977BEC6F977CEC29
:10FB300070977DEC71977EEC729780EC7397F9BDAE
:10FB40007497A5D1759781EC7697D0B0779782ECB2
:10FB5000789783EC799784EC7A9785EC7B9786ECA1
:10FB60007C97B0F77D9787EC7E9788EC7F9789EC40
:10FB700080978AEC81978BEC82978CEC83978DEC45
:10FB800084978EEC8597B1F786978FEC879790ECEA
:10FB9000889791EC899792EC8A9793EC8B97ACD0ED
:10FBA0008C9794EC8D97B0B08E9795EC8F9796ECE0
:10FBB000909797EC9197B2F79297B3F7939798EC49
:10FBC0009497B4F7959799EC96979AEC97979BEC46
:10FBD0009897CAC799979CEC9A979DEC9B979EEC37
:10FBE0009C979FEC9D97A0EC9E9740ED9F9741EDD1
:10FBF000A097CFBEA19742EDA29743EDA397B7F789
:10FC0000A49744EDA59745EDA69746EDA79747ED38
:10FC1000A89748EDA99749EDAA974AEDAB97B6F793
:10FC2000AC974BEDAD97DEB1AE974CEDAF97B5F716
:10FC3000B0974DEDB1974EEDB297B8F7B3974FED42
:10FC4000B497B9F7B59750EDB69751EDB79752ED18
:10FC5000B89753EDB99754EDBA9755EDBB9756ED5C
:10FC6000BC9757EDBD9758EDBE9759EDBF975AED2C
:10FC7000C0975BEDC1975CEDC2975DEDC3975EEDFC
:10FC8000C4975FEDC59760EDC69761EDC79762EDCC
:10FC9000C89763EDC99764EDCA9765EDCB9766ED9C
:10FCA000CC9767EDCD9768EDCE9769EDCF976AED6C
:10FCB000D0976BEDD1976CEDD2976DEDD3976EED3C
:10FCC000D4976FEDD59770EDD69771EDD79772ED0C
:10FCD000D89773EDD99774EDDA9775EDDB9776EDDC
:10FCE000DC9777EDDD9778EDDE9779EDDF977AEDAC
:10FCF000E0977BEDE1977CEDE2977DEDE3977EED7C
:10FD0000E49780EDE59781EDE697A4CEE797CDC81F
:10FD1000E89782EDE997ABBAEA97B8E8EB97B9E8CC
:10FD2000EC97BAE8ED97C2BEEE9783EDEF9784EDBE
:10FD3000F09785EDF19786EDF29787EDF397F4D282
:10FD4000F49788EDF597CFD4F697D8C9F79789ED52
:10FD5000F8978AEDF9978BEDFA978CEDFB978DED7F
:10FD6000FC978EEDFD978FEDFE9790EDFF9791ED4F
:10FD7000009892ED019893ED029894ED039895ED1B
:10FD8000049896ED059897ED069898ED079899EDEB
:10FD900008989AED09989BED0A989CED0B989DEDBB
:10FDA0000C989EED0D989FED0E98A0ED0F9840EEEB
:10FDB000109841EE119842EE129843EE139844EEDB
:10FDC000149845EE159846EE169847EE179848EEAB
:10FDD000189849EE19984AEE1A984BEE1B984CEE7B
:10FDE0001C984DEE1D984EEE1E984FEE1F9850EE4B
:10FDF000209851EE219852EE229853EE239854EE1B
:10FE0000249855EE259856EE269857EE279858EEEA
:10FE1000289859EE29985AEE2A985BEE2B985CEEBA
:10FE20002C985DEE2D985EEE2E985FEE2F9860EE8A
:10FE3000309861EE319862EE329863EE339864EE5A
:10FE4000349865EE359866EE369867EE379868EE2A
:10FE5000389869EE39986AEE3A986BEE3B986CEEFA
:10FE60003C986DEE3D986EEE3E986FEE3F9870EECA
:10FE7000409871EE419872EE429873EE439874EE9A
:10FE8000449875EE459876EE469877EE479878EE6A
:10FE9000489879EE49987AEE4A987BEE4B987CEE3A
:10FEA0004C987DEE4D987EEE4E9880EE4F9881EE08
:10FEB000509882EE519883EE529884EE539885EED6
:10FEC000549886EE559887EE569888EE579889EEA6
:10FED00058988AEE59988BEE5A988CEE5B988DEE76
:10FEE0005C988EEE5D988FEE5E9890EE5F9891EE46
:10FEF000609892EE619893EE629894EE639895EE16
:10FF0000649896EE659897EE669898EE679899EEE5
:10FF100068989AEE69989BEE6A989CEE6B989DEEB5
:10FF20006C989EEE6D989FEE6E98A0EE6F9840EFE5
:10FF3000709841EF719842EF729843EF739844EFD5
:10FF4000749845EF7598B3D27698A5B67798EAC7B6
:10FF50007898FCF17998EECF7A98B3CB7B98EBD078
:10FF60007C98EFE77D98E7CD7E98CBB97F98D9B69E
:10FF70008098FDF18198E4B08298CCCB8398FEF113
:10FF80008498A4D48598ADC28698ECC18798C4C6DD
:10FF90008898B1BE8998A1F28A98D5BC8B9846EF13
:10FFA0008C98A2F28D98A3F28E9847EF8F98A4F2C6
:10FFB0009098C3D29198B5C6929848EF9398C7CDC0
:10FFC0009498A5F2959849EF9698B1D39798C5BFA4
:10FFD0009898E2CC99984AEF9A98A6F29B98A7F243
:10FFE0009C98D5D19D98EEB69E98A8F29F98A9F2BC
:10FFF000A098DFB5A198AAF2A298ABF2A3984BEF14
:020000040804EE
:10000000A498FCB2A598ACF2A698ADF2A798A7C8A0
:10001000A8984CEFA9984DEFAA984EEFAB984FEFE8
:10002000AC9850EFAD9851EFAE9852EFAF9853EFB8
:10003000B09854EFB19855EFB29856EFB39857EF88
:10004000B49858EFB59859EFB6985AEFB7985BEF58
:10005000B8985CEFB9985DEFBA985EEFBB985FEF28
:10006000BC9860EFBD9861EFBE9862EFBF9863EFF8
:10007000C09864EFC19865EFC29866EFC39867EFC8
:10008000C49868EFC59869EFC6986AEFC7986BEF98
:10009000C8986CEFC9986DEFCA986EEFCB986FEF68
:1000A000CC9870EFCD9871EFCE98E7B7CF9872EFFC
:1000B000D09873EFD198A9ECD298AAECD398ABEC76
:1000C000D49874EFD598ACECD69875EFD79876EFB6
:1000D000D898AEC6D998ADECDA98AEECDB9877EF4D
:1000E000DC9878EFDD9879EFDE98C9B7DF98B3CA6E
:1000F000E0987AEFE1987BEFE2987CEFE3987DEF70
:10010000E4987EEFE59880EFE69881EFE798B8E213
:10011000E898CFF7E99882EFEA9883EFEB9884EFBD
:10012000EC9885EFED9886EFEE9887EFEF9888EFE3
:10013000F09889EFF1988AEFF2988BEFF3988CEFB3
:10014000F4988DEFF5988EEFF6988FEFF79890EF83
:10015000F89891EFF99892EFFA9893EFFB9894EF53
:10016000FC9895EFFD9896EFFE9897EFFF9898EF23
:10017000009999EF01999AEF02999BEF03999CEFEF
:1001800004999DEF05999EEF06999FEF0799A0EFBF
:10019000089940F0099941F00A9942F00B9943F00F
:1001A0000C9944F00D99D0F70E9945F00F9946F04F
:1001B0001099CDB2119947F0129948F0139949F06E
:1001C00014994AF015994BF016994CF017994DF087
:1001D00018994EF019994FF01A9950F01B9951F057
:1001E0001C9952F01D9953F01E9954F01F9955F027
:1001F000209956F0219957F0229958F0239959F0F7
:1002000024995AF025995BF026995CF027995DF0C6
:1002100028995EF029995FF02A9960F02B9961F096
:100220002C9962F02D9963F02E99D1F72F9964F0F3
:10023000309965F0319966F0329967F0339968F03A
:10024000349969F035996AF036996BF037996CF00A
:1002500038996DF039996EF03A996FF03B9970F0DA
:100260003C9971F03D9972F03E9973F03F9974F0AA
:10027000409975F0419976F0429977F0439978F07A
:10028000449979F045997AF046997BF047997CF04A
:1002900048997DF049997EF04A9980F04B9981F018
:1002A0004C9982F04D9983F04E9984F04F9985F0E6
:1002B000509986F0519987F0529988F0539989F0B6
:1002C0005499D3F75599D2F756998AF057998BF0EC
:1002D00058998CF059998DF05A998EF05B998FF05E
:1002E0005C9990F05D9991F05E9992F05F9993F02E
:1002F000609994F0619995F0629996F06399BBE2E8
:10030000649997F06599A2BC669998F06799BCE2E8
:100310006899BDE26999BEE26A99BFE26B99C0E251
:100320006C99C1E26D99B9B76E99FBD26F99A4BD72
:100330007099CECA7199A5B17299C7CB739999F08A
:100340007499C2E27599FCB67699C4C87799C3E2EC
:1003500078999AF079999BF07A99C8BD7B999CF02D
:100360007C99FDB17D99C4E27E999DF07F99F6B6A6
:100370008099C5E28199D9C482999EF083999FF0B2
:100380008499C6E28599DACF8699DDB98799C7E263
:100390008899A1C08999A0F08A99C8E28B99F6B290
:1003A0008C9940F18D99C9E28E9941F18F99F3C1F1
:1003B0009099CAE29199CBE29299F8C29399CCE2D2
:1003C0009499CDE29599CEE29699D7CA9799B8D8E3
:1003D0009899E5D99999E3CF9A9942F19B9943F17C
:1003E0009C9944F19D9945F19E9946F19F9947F159
:1003F000A09948F1A19949F1A2994AF1A3994BF129
:10040000A4994CF1A599A5F0A6994DF1A7994EF1A3
:10041000A899B0DCA9994FF1AA9950F1AB9951F183
:10042000AC9952F1AD9953F1AE9954F1AF9955F1A0
:10043000B09956F1B19957F1B29958F1B39959F170
:10044000B4995AF1B5995BF1B6995CF1B7995DF140
:10045000B8995EF1B9995FF1BA9960F1BB9961F110
:10046000BC9962F1BD9963F1BE9964F1BF9965F1E0
:10047000C09966F1C19967F1C29968F1C39969F1B0
:10048000C4996AF1C5996BF1C6996CF1C7996DF180
:10049000C8996EF1C9996FF1CA9970F1CB9971F150
:1004A000CC9972F1CD9973F1CE9974F1CF9975F120
:1004B000D09976F1D19977F1D29978F1D39979F1F0
:1004C000D4997AF1D5997BF1D6997CF1D7997DF1C0
:1004D000D8997EF1D99980F1DA9981F1DB9982F18D
:1004E000DC9983F1DD9984F1DE9985F1DF9986F15C
:1004F000E09987F1E19988F1E29989F1E3998AF12C
:10050000E4998BF1E5998CF1E6998DF1E7998EF1FB
:10051000E8998FF1E99990F1EA9991F1EB9992F1CB
:10052000EC9993F1ED9994F1EE9995F1EF9996F19B
:10053000F09997F1F19998F1F29999F1F3999AF16B
:10054000F4999BF1F5999CF1F6999DF1F7999EF13B
:10055000F8999FF1F999A0F1FA9940F2FB9941F2CB
:10056000FC9942F2FD9943F2FE9944F2FF9945F25B
:10057000009A46F2019A47F2029A48F2039A49F227
:10058000049A4AF2059A4BF2069A4CF2079A4DF2F7
:10059000089A4EF2099A4FF20A9A50F20B9A51F2C7
:1005A0000C9A52F20D9A53F20E9A54F20F9A55F297
:1005B000109A56F2119A57F2129A58F2139A59F267
:1005C000149A5AF2159A5BF2169A5CF2179A5DF237
:1005D000189A5EF2199A5FF21A9A60F21B9A61F207
:1005E0001C9A62F21D9A63F21E9A64F21F9A65F2D7
:1005F000209A66F2219A67F2229A68F2239A69F2A7
:10060000249A6AF2259A6BF2269A6CF2279A6DF276
:10061000289A6EF2299A6FF22A9A70F22B9A71F246
:100620002C9A72F22D9A73F22E9A74F22F9A75F216
:10063000309A76F2319A77F2329A78F2339A79F2E6
:10064000349A7AF2359A7BF2369A7CF2379A7DF2B6
:10065000389A7EF2399A80F23A9A81F23B9A82F283
:100660003C9A83F23D9A84F23E9A85F23F9A86F252
:10067000409A87F2419A88F2429A89F2439A8AF222
:10068000449A8BF2459A8CF2469A8DF2479A8EF2F2
:10069000489A8FF2499A90F24A9A91F24B9A92F2C2
:1006A0004C9A93F24D9A94F24E9A95F24F9A96F292
:1006B000509A97F2519A98F2529A99F2539A9AF262
:1006C000549A9BF2559A9CF2569A9DF2579A9EF232
:1006D000589A9FF2599AA0F25A9A40F35B9A41F3C2
:1006E0005C9A42F35D9A43F35E9A44F35F9A45F352
:1006F000609A46F3619A47F3629A48F3639A49F322
:10070000649A4AF3659A4BF3669A4CF3679A4DF3F1
:10071000689A4EF3699A4FF36A9A50F36B9A51F3C1
:100720006C9AEDC26D9AA6D46E9AD4CD6F9AB1D15F
:10073000709ADBB3719AFDC7729A52F3739AB5B28D
:10074000749ABFC2759AE0E6769ABBCA779AE1E6D8
:10075000789AE2E6799AD4BE7A9AE3E67B9AA4D7AD
:100760007C9AD5CD7D9AE5E67E9ADDBC7F9AE4E65B
:10077000809AE6E6819AE7E6829AEEC2839A53F37C
:10078000849ABEBD859AE8E6869AE6C2879AA7BA99
:10079000889AE9E6899A54F38A9AEAE68B9AD2B360
:1007A0008C9AE9D18D9A55F38E9A56F38F9AA5BFFC
:1007B000909AEBE6919AEFC6929AECE6939AEDE660
:1007C000949A57F3959A58F3969AEEE6979AADC68F
:1007D000989AEFE6999A59F39A9AA7C99B9AF0E6E4
:1007E0009C9AF1E69D9AF2E69E9AB9E59F9AF3E605
:1007F000A09AF4E6A19AE2C2A29AF5E6A39AF6E6D6
:10080000A49AE8D6A59AF7E6A69A5AF3A79AF8E624
:10081000A89AC7B9A99A5BF3AA9A5CF3AB9A5DF35D
:10082000AC9A5EF3AD9A5FF3AE9A60F3AF9A61F360
:10083000B09ABBF7B19ABAF7B29A62F3B39A63F37C
:10084000B49A64F3B59A65F3B69ABEF7B79ABCF753
:10085000B89AA1BAB99A66F3BA9ABFF7BB9A67F386
:10086000BC9AC0F7BD9A68F3BE9A69F3BF9A6AF35F
:10087000C09AC2F7C19AC1F7C29AC4F7C39A6BF380
:10088000C49A6CF3C59AC3F7C69A6DF3C79A6EF310
:10089000C89A6FF3C99A70F3CA9A71F3CB9AC5F7E5
:1008A000CC9AC6F7CD9A72F3CE9A73F3CF9A74F3BB
:1008B000D09A75F3D19AC7F7D29A76F3D39AE8CB48
:1008C000D49A77F3D59A78F3D69A79F3D79A7AF3BC
:1008D000D89ADFB8D99A7BF3DA9A7CF3DB9A7DF366
:1008E000DC9A7EF3DD9A80F3DE9A81F3DF9AD4F707
:1008F000E09A82F3E19AD5F7E29A83F3E39A84F3DC
:10090000E49A85F3E59A86F3E69AD6F7E79A87F3B1
:10091000E89A88F3E99A89F3EA9A8AF3EB9AD8F786
:10092000EC9A8BF3ED9ADAF7EE9A8CF3EF9AD7F70D
:10093000F09A8DF3F19A8EF3F29A8FF3F39A90F383
:10094000F49A91F3F59A92F3F69A93F3F79A94F353
:10095000F89A95F3F99ADBF7FA9A96F3FB9AD9F796
:10096000FC9A97F3FD9A98F3FE9A99F3FF9A9AF3FB
:10097000009B9BF3019B9CF3029B9DF3039BD7D7AA
:10098000049B9EF3059B9FF3069BA0F3079B40F4FB
:10099000089BDCF7099B41F40A9B42F40B9B43F450
:1009A0000C9B44F40D9B45F40E9B46F40F9BDDF726
:1009B000109B47F4119B48F4129B49F4139BDEF7FC
:1009C000149B4AF4159B4BF4169B4CF4179B4DF467
:1009D000189B4EF4199B4FF41A9B50F41B9B51F437
:1009E0001C9B52F41D9B53F41E9B54F41F9BDFF77A
:1009F000209B55F4219B56F4229B57F4239BE0F750
:100A0000249B58F4259B59F4269B5AF4279B5BF4AE
:100A1000289B5CF4299B5DF42A9B5EF42B9B5FF47E
:100A20002C9B60F42D9B61F42E9B62F42F9BCBDBFF
:100A3000309B63F4319B64F4329BAAD8339B65F4FA
:100A4000349B66F4359B67F4369B68F4379B69F4F6
:100A5000389B6AF4399B6BF43A9B6CF43B9BF7E54B
:100A60003C9BEDB93D9B6DF43E9B6EF43F9B6FF458
:100A7000409B70F4419BFDBF429BEABB439BC9F77F
:100A8000449BC7C6459BC8F7469B71F4479BCAF772
:100A9000489BCCF7499BCBF74A9B72F44B9B73F472
:100AA0004C9B74F44D9BCDF74E9B75F44F9BBACE87
:100AB000509B76F4519BCEF7529B77F4539B78F47E
:100AC000549BA7C4559B79F4569B7AF4579B7BF4AF
:100AD000589B7CF4599B7DF45A9B7EF45B9B80F47D
:100AE0005C9B81F45D9B82F45E9B83F45F9B84F44A
:100AF000609B85F4619B86F4629B87F4639B88F41A
:100B0000649B89F4659B8AF4669B8BF4679B8CF4E9
:100B1000689B8DF4699B8EF46A9B8FF46B9B90F4B9
:100B20006C9B91F46D9B92F46E9B93F46F9B94F489
:100B3000709B95F4719B96F4729B97F4739B98F459
:100B4000749B99F4759B9AF4769B9BF4779B9CF429
:100B5000789B9DF4799B9EF47A9B9FF47B9BA0F4F9
:100B60007C9B40F57D9B41F57E9B42F57F9B43F549
:100B7000809B44F5819B45F5829B46F5839B47F519
:100B8000849B48F5859B49F5869B4AF5879B4BF5E9
:100B9000889B4CF5899B4DF58A9B4EF58B9B4FF5B9
:100BA0008C9B50F58D9B51F58E9B52F58F9B53F589
:100BB000909B54F5919B55F5929B56F5939B57F559
:100BC000949B58F5959B59F5969B5AF5979B5BF529
:100BD000989B5CF5999B5DF59A9B5EF59B9B5FF5F9
:100BE0009C9B60F59D9B61F59E9B62F59F9B63F5C9
:100BF000A09B64F5A19B65F5A29B66F5A39B67F599
:100C0000A49B68F5A59B69F5A69B6AF5A79B6BF568
:100C1000A89B6CF5A99B6DF5AA9B6EF5AB9B6FF538
:100C2000AC9B70F5AD9B71F5AE9B72F5AF9B73F508
:100C3000B09B74F5B19B75F5B29B76F5B39B77F5D8
:100C4000B49B78F5B59B79F5B69B7AF5B79B7BF5A8
:100C5000B89B7CF5B99B7DF5BA9B7EF5BB9B80F577
:100C6000BC9B81F5BD9B82F5BE9B83F5BF9B84F544
:100C7000C09B85F5C19B86F5C29B87F5C39B88F514
:100C8000C49B89F5C59B8AF5C69B8BF5C79B8CF5E4
:100C9000C89B8DF5C99B8EF5CA9B8FF5CB9B90F5B4
:100CA000CC9B91F5CD9B92F5CE9B93F5CF9B94F584
:100CB000D09B95F5D19B96F5D29B97F5D39B98F554
:100CC000D49B99F5D59B9AF5D69B9BF5D79B9CF524
:100CD000D89B9DF5D99B9EF5DA9B9FF5DB9BA0F5F4
:100CE000DC9B40F6DD9B41F6DE9B42F6DF9B43F644
:100CF000E09B44F6E19B45F6E29B46F6E39B47F614
:100D0000E49B48F6E59B49F6E69B4AF6E79B4BF6E3
:100D1000E89B4CF6E99B4DF6EA9B4EF6EB9B4FF6B3
:100D2000EC9B50F6ED9B51F6EE9B52F6EF9B53F683
:100D3000F09B54F6F19B55F6F29B56F6F39B57F653
:100D4000F49B58F6F59B59F6F69B5AF6F79B5BF623
:100D5000F89B5CF6F99B5DF6FA9B5EF6FB9B5FF6F3
:100D6000FC9B60F6FD9B61F6FE9B62F6FF9B63F6C3
:100D7000009C64F6019C65F6029C66F6039C67F68F
:100D8000049C68F6059C69F6069C6AF6079C6BF65F
:100D9000089C6CF6099C6DF60A9C6EF60B9C6FF62F
:100DA0000C9C70F60D9C71F60E9C72F60F9C73F6FF
:100DB000109C74F6119C75F6129C76F6139C77F6CF
:100DC000149C78F6159C79F6169C7AF6179C7BF69F
:100DD000189C7CF6199C7DF61A9C7EF61B9C80F66E
:100DE0001C9C81F61D9C82F61E9C83F61F9C84F63B
:100DF000209C85F6219C86F6229C87F6239C88F60B
:100E0000249C89F6259C8AF6269C8BF6279C8CF6DA
:100E1000289C8DF6299C8EF62A9C8FF62B9C90F6AA
:100E20002C9C91F62D9C92F62E9C93F62F9C94F67A
:100E3000309C95F6319C96F6329C97F6339C98F64A
:100E4000349C99F6359C9AF6369C9BF6379C9CF61A
:100E5000389C9DF6399C9EF63A9C9FF63B9CA0F6EA
:100E60003C9C40F73D9C41F73E9C42F73F9C43F73A
:100E7000409C44F7419C45F7429C46F7439C47F70A
:100E8000449C48F7459C49F7469C4AF7479C4BF7DA
:100E9000489C4CF7499C4DF74A9C4EF74B9C4FF7AA
:100EA0004C9C50F74D9C51F74E9C52F74F9C53F77A
:100EB000509C54F7519C55F7529C56F7539C57F74A
:100EC000549C58F7559C59F7569C5AF7579C5BF71A
:100ED000589C5CF7599C5DF75A9C5EF75B9C5FF7EA
:100EE0005C9C60F75D9C61F75E9C62F75F9C63F7BA
:100EF000609C64F7619C65F7629C66F7639C67F78A
:100F0000649C68F7659C69F7669C6AF7679C6BF759
:100F1000689C6CF7699C6DF76A9C6EF76B9C6FF729
:100F20006C9C70F76D9C71F76E9C72F76F9C73F7F9
:100F3000709C74F7719C75F7729C76F7739C77F7C9
:100F4000749C78F7759C79F7769C7AF7779C7BF799
:100F5000789C7CF7799C7DF77A9C7EF77B9C80F768
:100F60007C9CE3D37D9C81F77E9C82F77F9CCFF6AF
:100F7000809C83F7819CB3C2829CD0F6839C84F7CB
:100F8000849C85F7859CD1F6869CD2F6879CD3F607
:100F9000889CD4F6899C86F78A9C87F78B9CD6F62A
:100FA0008C9C88F78D9CABB18E9CD7F68F9C89F773
:100FB000909CD8F6919CD9F6929CDAF6939C8AF78D
:100FC000949CDBF6959CDCF6969C8BF7979C8CF7B3
:100FD000989C8DF7999C8EF79A9CDDF69B9CDEF68B
:100FE0009C9CCACF9D9C8FF79E9CDFF69F9CE0F651
:100FF000A09CE1F6A19CE2F6A29CE3F6A39CE4F699
:10100000A49CF0C0A59CE5F6A69CE6F6A79CE7F696
:10101000A89CE8F6A99CE9F6AA9C90F7AB9CEAF696
:10102000AC9C91F7AD9CEBF6AE9CECF6AF9C92F7C6
:10103000B09CEDF6B19CEEF6B29CEFF6B39CF0F6E8
:10104000B49CF1F6B59CF2F6B69CF3F6B79CF4F6B8
:10105000B89CA8BEB99C93F7BA9CF5F6BB9CF6F673
:10106000BC9CF7F6BD9CF8F6BE9C94F7BF9C95F728
:10107000C09C96F7C19C97F7C29C98F7C39CFAC88E
:10108000C49CF9F6C59CFAF6C69CFBF6C79CFCF618
:10109000C89C99F7C99C9AF7CA9CFDF6CB9CFEF6B2
:1010A000CC9CA1F7CD9CA2F7CE9CA3F7CF9CA4F734
:1010B000D09CA5F7D19C9BF7D29C9CF7D39CA6F71C
:1010C000D49CA7F7D59CA8F7D69CEEB1D79CA9F7DE
:1010D000D89CAAF7D99CABF7DA9C9DF7DB9C9EF7CE
:1010E000DC9CACF7DD9CADF7DE9CDBC1DF9CAEF792
:1010F000E09C9FF7E19CA0F7E29CAFF7E39C40F8EF
:10110000E49C41F8E59C42F8E69C43F8E79C44F8EF
:10111000E89C45F8E99C46F8EA9C47F8EB9C48F8BF
:10112000EC9C49F8ED9C4AF8EE9C4BF8EF9C4CF88F
:10113000F09C4DF8F19C4EF8F29C4FF8F39C50F85F
:10114000F49C51F8F59C52F8F69C53F8F79C54F82F
:10115000F89C55F8F99C56F8FA9C57F8FB9C58F8FF
:10116000FC9C59F8FD9C5AF8FE9C5BF8FF9C5CF8CF
:10117000009D5DF8019D5EF8029D5FF8039D60F89B
:10118000049D61F8059D62F8069D63F8079D64F86B
:10119000089D65F8099D66F80A9D67F80B9D68F83B
:1011A0000C9D69F80D9D6AF80E9D6BF80F9D6CF80B
:1011B000109D6DF8119D6EF8129D6FF8139D70F8DB
:1011C000149D71F8159D72F8169D73F8179D74F8AB
:1011D000189D75F8199D76F81A9D77F81B9D78F87B
:1011E0001C9D79F81D9D7AF81E9D7BF81F9D7CF84B
:1011F000209D7DF8219D7EF8229D80F8239D81F819
:10120000249D82F8259D83F8269D84F8279D85F8E6
:10121000289D86F8299D87F82A9D88F82B9D89F8B6
:101220002C9D8AF82D9D8BF82E9D8CF82F9D8DF886
:10123000309D8EF8319D8FF8329D90F8339D91F856
:10124000349D92F8359D93F8369D94F8379D95F826
:10125000389D96F8399D97F83A9D98F83B9D99F8F6
:101260003C9D9AF83D9D9BF83E9D9CF83F9D9DF8C6
:10127000409D9EF8419D9FF8429DA0F8439D40F9F6
:10128000449D41F9459D42F9469D43F9479D44F9E6
:10129000489D45F9499D46F94A9D47F94B9D48F9B6
:1012A0004C9D49F94D9D4AF94E9D4BF94F9D4CF986
:1012B000509D4DF9519D4EF9529D4FF9539D50F956
:1012C000549D51F9559D52F9569D53F9579D54F926
:1012D000589D55F9599D56F95A9D57F95B9D58F9F6
:1012E0005C9D59F95D9D5AF95E9D5BF95F9D5CF9C6
:1012F000609D5DF9619D5EF9629D5FF9639D60F996
:10130000649D61F9659D62F9669D63F9679D64F965
:10131000689D65F9699D66F96A9D67F96B9D68F935
:101320006C9D69F96D9D6AF96E9D6BF96F9D6CF905
:10133000709D6DF9719D6EF9729D6FF9739D70F9D5
:10134000749D71F9759D72F9769D73F9779D74F9A5
:10135000789D75F9799D76F97A9D77F97B9D78F975
:101360007C9D79F97D9D7AF97E9D7BF97F9D7CF945
:10137000809D7DF9819D7EF9829D80F9839D81F913
:10138000849D82F9859D83F9869D84F9879D85F9E1
:10139000889D86F9899D87F98A9D88F98B9D89F9B1
:1013A0008C9D8AF98D9D8BF98E9D8CF98F9D8DF981
:1013B000909D8EF9919D8FF9929D90F9939D91F951
:1013C000949D92F9959D93F9969D94F9979D95F921
:1013D000989D96F9999D97F99A9D98F99B9D99F9F1
:1013E0009C9D9AF99D9D9BF99E9D9CF99F9D9DF9C1
:1013F000A09D9EF9A19D9FF9A29DA0F9A39D40FAF1
:10140000A49D41FAA59D42FAA69D43FAA79D44FAE0
:10141000A89D45FAA99D46FAAA9D47FAAB9D48FAB0
:10142000AC9D49FAAD9D4AFAAE9D4BFAAF9D4CFA80
:10143000B09D4DFAB19D4EFAB29D4FFAB39D50FA50
:10144000B49D51FAB59D52FAB69D53FAB79D54FA20
:10145000B89D55FAB99D56FABA9D57FABB9D58FAF0
:10146000BC9D59FABD9D5AFABE9D5BFABF9D5CFAC0
:10147000C09D5DFAC19D5EFAC29D5FFAC39D60FA90
:10148000C49D61FAC59D62FAC69D63FAC79D64FA60
:10149000C89D65FAC99D66FACA9D67FACB9D68FA30
:1014A000CC9D69FACD9D6AFACE9D6BFACF9D6CFA00
:1014B000D09D6DFAD19D6EFAD29D6FFAD39D70FAD0
:1014C000D49D71FAD59D72FAD69D73FAD79D74FAA0
:1014D000D89D75FAD99D76FADA9D77FADB9D78FA70
:1014E000DC9D79FADD9D7AFADE9D7BFADF9D7CFA40
:1014F000E09D7DFAE19D7EFAE29D80FAE39D81FA0E
:10150000E49D82FAE59D83FAE69D84FAE79D85FADB
:10151000E89D86FAE99D87FAEA9D88FAEB9D89FAAB
:10152000EC9D8AFAED9D8BFAEE9D8CFAEF9D8DFA7B
:10153000F09D8EFAF19D8FFAF29D90FAF39D91FA4B
:10154000F49D92FAF59D93FAF69D94FAF79D95FA1B
:10155000F89D96FAF99D97FAFA9D98FAFB9D99FAEB
:10156000FC9D9AFAFD9D9BFAFE9D9CFAFF9D9DFABB
:10157000009E9EFA019E9FFA029EA0FA039E40FBE7
:10158000049E41FB059E42FB069E43FB079E44FBD7
:10159000089E45FB099E46FB0A9E47FB0B9E48FBA7
:1015A0000C9E49FB0D9E4AFB0E9E4BFB0F9E4CFB77
:1015B000109E4DFB119E4EFB129E4FFB139E50FB47
:1015C000149E51FB159E52FB169E53FB179E54FB17
:1015D000189E55FB199E56FB1A9E57FB1B9E58FBE7
:1015E0001C9E59FB1D9E5AFB1E9E5BFB1F9EF1C459
:1015F000209EAFF0219EA6BC229EB0F0239EF9C390
:10160000249E5CFB259EB8C5269EBBD1279E5DFB14
:10161000289EB1F0299EB2F02A9EB3F02B9EB4F022
:101620002C9EB5F02D9EBCD12E9E5EFB2F9EECD144
:10163000309E5FFB319EB7F0329EB6F0339EA7D44A
:10164000349E60FB359ED2CD369EB8F0379EBAF000
:10165000389EB9F0399EBBF03A9EBCF03B9E61FBD0
:101660003C9E62FB3D9EEBB83E9EBDF03F9EE8BABD
:10167000409E63FB419EBEF0429EBFF0439EE9BE8A
:10168000449EC0F0459EECB6469EC1F0479EC2F017
:10169000489EC3F0499EC4F04A9EB5C84B9EC5F013
:1016A0004C9EC6F04D9E64FB4E9EC7F04F9EF4C507
:1016B000509E65FB519EC8F0529E66FB539E67FB91
:1016C000549E68FB559EC9F0569E69FB579ECAF012
:1016D000589EBDF7599E6AFB5A9ECBF05B9ECCF09C
:1016E0005C9ECDF05D9E6BFB5E9ECEF05F9E6CFBC4
:1016F000609E6DFB619E6EFB629E6FFB639ECFF0F2
:10170000649ED7BA659E70FB669ED0F0679ED1F04E
:10171000689ED2F0699ED3F06A9ED4F06B9ED5F09D
:101720006C9ED6F06D9ED8F06E9E71FB6F9E72FB24
:10173000709EA5D3719ED7F0729E73FB739ED9F0F5
:10174000749E74FB759E75FB769E76FB779E77FB89
:10175000789E78FB799E79FB7A9E7AFB7B9E7BFB59
:101760007C9E7CFB7D9E7DFB7E9EBAF57F9EB9C2F2
:10177000809E7EFB819E80FB829EE4F7839E81FBA0
:10178000849E82FB859E83FB869E84FB879EE5F775
:10179000889EE6F7899E85FB8A9E86FB8B9EE7F7EF
:1017A0008C9E87FB8D9E88FB8E9E89FB8F9E8AFB7D
:1017B000909E8BFB919E8CFB929EE8F7939EB4C209
:1017C000949E8DFB959E8EFB969E8FFB979E90FB25
:1017D000989E91FB999E92FB9A9E93FB9B9E94FBF5
:1017E0009C9E95FB9D9EEAF79E9E96FB9F9EEBF727
:1017F000A09E97FBA19E98FBA29E99FBA39E9AFB9D
:10180000A49E9BFBA59E9CFBA69EF3C2A79E9DFB50
:10181000A89E9EFBA99E9FFBAA9EA0FBAB9E40FCA0
:10182000AC9E41FCAD9E42FCAE9E43FCAF9E44FC90
:10183000B09E45FCB19E46FCB29E47FCB39E48FC60
:10184000B49EF0F4B59E49FCB69E4AFCB79E4BFC94
:10185000B89EEFF4B99E4CFCBA9E4DFCBB9EE9C20B
:10186000BC9E4EFCBD9EE1F7BE9EE2F7BF9E4FFCC4
:10187000C09E50FCC19E51FCC29E52FCC39E53FCB4
:10188000C49EC6BBC59E54FCC69E55FCC79E56FC56
:10189000C89E57FCC99EE4D9CA9E58FCCB9E59FCF1
:1018A000CC9E5AFCCD9EF2CACE9EE8C0CF9EA4F03C
:1018B000D09E5BFCD19EDABAD29E5CFCD39E5DFCCE
:1018C000D49EADC7D59E5EFCD69E5FFCD79E60FCC5
:1018D000D89EACC4D99E61FCDA9E62FCDB9EECF71C
:1018E000DC9EEDF7DD9EEEF7DE9E63FCDF9EF0F7FB
:1018F000E09EEFF7E19E64FCE29EF1F7E39E65FC5B
:10190000E49E66FCE59EF4F7E69E67FCE79EF3F72F
:10191000E89E68FCE99EF2F7EA9EF5F7EB9E69FC0B
:10192000EC9E6AFCED9E6BFCEE9E6CFCEF9EF6F767
:10193000F09E6DFCF19E6EFCF29E6FFCF39E70FCBF
:10194000F49E71FCF59E72FCF69E73FCF79E74FC8F
:10195000F89E75FCF99EE9EDFA9E76FCFB9EEAED99
:10196000FC9EEBEDFD9E77FCFE9EBCF6FF9E78FC98
:10197000009F79FC019F7AFC029F7BFC039F7CFC0B
:10198000049F7DFC059F7EFC069F80FC079F81FCD9
:10199000089F82FC099F83FC0A9F84FC0B9FBDF675
:1019A0000C9F85FC0D9FBEF60E9FA6B60F9F86FC72
:1019B000109FBED8119F87FC129F88FC139FC4B94B
:1019C000149F89FC159F8AFC169F8BFC179FBBD820
:1019D000189F8CFC199FB1DC1A9F8DFC1B9F8EFCFD
:1019E0001C9F8FFC1D9F90FC1E9F91FC1F9F92FCD3
:1019F000209FF3CA219F93FC229FF7F7239F94FC1B
:101A0000249F95FC259F96FC269F97FC279F98FC7A
:101A1000289F99FC299F9AFC2A9F9BFC2B9F9CFC4A
:101A20002C9FF8F72D9F9DFC2E9F9EFC2F9FF9F772
:101A3000309F9FFC319FA0FC329F40FD339F41FDB2
:101A4000349F42FD359F43FD369F44FD379FFBF792
:101A5000389F45FD399FFAF73A9F46FD3B9FC7B136
:101A60003C9F47FD3D9FFCF73E9FFDF73F9F48FD94
:101A7000409F49FD419F4AFD429F4BFD439F4CFDC6
:101A8000449FFEF7459F4DFD469F4EFD479F4FFDEE
:101A9000489F50FD499F51FD4A9F52FD4B9F53FD6A
:101AA0004C9F54FD4D9F55FD4E9F56FD4F9F57FD3A
:101AB000509FEBC6519FB4EC529F58FD539F59FD68
:101AC000549F5AFD559F5BFD569F5CFD579F5DFDE2
:101AD000589F5EFD599F5FFD5A9F60FD5B9F61FDB2
:101AE0005C9F62FD5D9F63FD5E9F64FD5F9F65FD82
:101AF000609F66FD619F67FD629F68FD639F69FD52
:101B0000649F6AFD659F6BFD669F6CFD679F6DFD21
:101B1000689F6EFD699F6FFD6A9F70FD6B9F71FDF1
:101B20006C9F72FD6D9F73FD6E9F74FD6F9F75FDC1
:101B3000709F76FD719F77FD729F78FD739F79FD91
:101B4000749F7AFD759F7BFD769F7CFD779F7DFD61
:101B5000789F7EFD799F80FD7A9F81FD7B9F82FD2E
:101B60007C9F83FD7D9F84FD7E9F85FD7F9FDDB3F0
:101B7000809FB3F6819F86FD829F87FD839FB4F689
:101B8000849FE4C1859FB5F6869FB6F6879FB7F61A
:101B9000889FB8F6899FB9F68A9FBAF68B9FA3C82B
:101BA0008C9FBBF68D9F88FD8E9F89FD8F9F8AFD40
:101BB000909F8BFD919F8CFD929F8DFD939F8EFD3D
:101BC000949F8FFD959F90FD969F91FD979F92FD0D
:101BD000989F93FD999FFAC19A9FA8B99B9FE8EDA2
:101BE0009C9F94FD9D9F95FD9E9F96FD9F9FEAB9AA
:101BF000A09FDFD9A19F97FDA29F98FDA39F99FD6C
:101C0000A49F9AFDA59F9BFD2CF99CFD79F99DFD54
:101C100095F99EFDE7F99FFDF1F9A0FD0CFA40FE54
:101C20000DFA41FE0EFA42FE0FFA43FE11FA44FE8F
:101C300013FA45FE14FA46FE18FA47FE1FFA48FE4C
:101C400020FA49FE21FA4AFE23FA4BFE24FA4CFE02
:101C500027FA4DFE28FA4EFE29FA4FFE30FE55A90E
:101C600031FEF2A633FEF4A634FEF5A635FEE0A65C
:101C700036FEE1A637FEF0A638FEF1A639FEE2A652
:101C80003AFEE3A63BFEEEA63CFEEFA63DFEE6A630
:101C90003EFEE7A63FFEE4A640FEE5A641FEE8A61E
:101CA00042FEE9A643FEEAA644FEEBA649FE68A969
:101CB0004AFE69A94BFE6AA94CFE6BA94DFE6CA9B0
:101CC0004EFE6DA94FFE6EA950FE6FA951FE70A980
:101CD00052FE71A954FE72A955FE73A956FE74A94D
:101CE00057FE75A959FE76A95AFE77A95BFE78A919
:101CF0005CFE79A95DFE7AA95EFE7BA95FFE7CA9E8
:101D000060FE7DA961FE7EA962FE80A963FE81A9B5
:101D100064FE82A965FE83A966FE84A968FE85A982
:101D200069FE86A96AFE87A96BFE88A901FFA1A3A7
:101D300002FFA2A303FFA3A304FFE7A105FFA5A33E
:101D400006FFA6A307FFA7A308FFA8A309FFA9A34F
:101D50000AFFAAA30BFFABA30CFFACA30DFFADA31F
:101D60000EFFAEA30FFFAFA310FFB0A311FFB1A3EF
:101D700012FFB2A313FFB3A314FFB4A315FFB5A3BF
:101D800016FFB6A317FFB7A318FFB8A319FFB9A38F
:101D90001AFFBAA31BFFBBA31CFFBCA31DFFBDA35F
:101DA0001EFFBEA31FFFBFA320FFC0A321FFC1A32F
:101DB00022FFC2A323FFC3A324FFC4A325FFC5A3FF
:101DC00026FFC6A327FFC7A328FFC8A329FFC9A3CF
:101DD0002AFFCAA32BFFCBA32CFFCCA32DFFCDA39F
:101DE0002EFFCEA32FFFCFA330FFD0A331FFD1A36F
:101DF00032FFD2A333FFD3A334FFD4A335FFD5A33F
:101E000036FFD6A337FFD7A338FFD8A339FFD9A30E
:101E10003AFFDAA33BFFDBA33CFFDCA33DFFDDA3DE
:101E20003EFFDEA33FFFDFA340FFE0A341FFE1A3AE
:101E300042FFE2A343FFE3A344FFE4A345FFE5A37E
:101E400046FFE6A347FFE7A348FFE8A349FFE9A34E
:101E50004AFFEAA34BFFEBA34CFFECA34DFFEDA31E
:101E60004EFFEEA34FFFEFA350FFF0A351FFF1A3EE
:101E700052FFF2A353FFF3A354FFF4A355FFF5A3BE
:101E800056FFF6A357FFF7A358FFF8A359FFF9A38E
:101E90005AFFFAA35BFFFBA35CFFFCA35DFFFDA35E
:101EA0005EFFABA1E0FFE9A1E1FFEAA1E2FF56A9D5
:101EB000E3FFFEA3E4FF57A9E5FFA4A30000000091
:101EC000E01E040800000020600100002615000844
:101ED000D01F040860010020A8A70100305D0108A0
:101EE000D12F31DB00089DDB0008B9DB0008E1DB06
:101EF0002C0831DC0008E1DA00084DDB76088101AE
:101F0000000672035D02008000800008202020206F
:101F1000014824F400120100023C408E0474570072
:101F200002010203012F0403090431E8000871E6ED
:101F300000089DE99208D939E6000855E600082F07
:101F400085E7000831E70008DDE7000819E73D08EC
:101F500009022000010104C03209043B02080650B6
:101F6000050705810240360705010240450A0600C3
:101F7000024340012FDDC9000879C90008E9C90002
:101F80000819CA2C0825CA000899CA0008D9C90826
:101F90001B08FD6601081A03401BB1080108FD0972
:101FA0000108990901085D0A01080D090108FFFFF0
:101FB000FFFFD007320C02240428D3C9020880EEA8
:101FC000364E0147505A444120310D0A000110009D
:04000005080001AD41
:00000001FF
